label,dim,e2,oracle_cycle,oracle_flat,agree
X1 ,0,2,2,2,True
X1 ,1,2,2,2,True
X2 ,0,8,8,8,True
X3 ,0,4,4,4,True
X3 ,1,4,4,4,True
X3 ,4,4,4,4,True
X3 ,5,4,4,4,True
X4 ,0,4,4,4,True
X4 ,1,4,4,4,True
X4 ,3,8,8,8,True
X4 ,4,8,8,8,True
X4 ,6,12,12,12,True
X4 ,7,12,12,12,True
X4 ,9,8,8,8,True
X4 ,10,8,8,8,True
X5 ,0,4,4,4,True
X5 ,1,24,24,24,True
X5 ,2,4,4,4,True
X6 ,0,4,4,4,True
X6 ,4,24,24,24,True
X6 ,8,4,4,4,True
X7 ,0,8,8,8,True
X7 ,1,48,48,48,True
X7 ,2,8,8,8,True
X7 ,5,48,48,48,True
X7 ,6,288,288,288,True
X7 ,7,48,48,48,True
X7 ,10,8,8,8,True
X7 ,11,48,48,48,True
X7 ,12,8,8,8,True
X8a ,0,4,4,4,True
X8a ,1,24,24,24,True
X8a ,2,4,4,4,True
X8c ,0,8,8,8,True
X8c ,2,96,96,96,True
X8c ,4,304,304,304,True
X8c ,6,96,96,96,True
X8c ,8,8,8,8,True
X9 ,0,4,4,4,True
X9 ,1,4,4,4,True
X9 ,2,10,10,10,True
X9 ,3,8,8,8,True
X9 ,4,16,16,16,True
X9 ,5,12,12,12,True
X9 ,6,22,22,22,True
X9 ,7,16,16,16,True
X9 ,8,18,18,18,True
X9 ,9,10,10,10,True
X9 ,10,5,5,5,True
X8b ,0,64,64,64,True
X8b ,1,1152,1152,1152,True
X8b ,2,7104,7104,7104,True
X8b ,3,16128,16128,16128,True
X8b ,4,7104,7104,7104,True
X8b ,5,1152,1152,1152,True
X8b ,6,64,64,64,True
,0,4,4,4,True
,1,20,20,20,True
,2,60,60,60,True
,3,140,140,140,True
,4,280,280,280,True
,5,500,500,500,True
,6,820,820,820,True
,7,1260,1260,1260,True
,8,1840,1840,1840,True
,9,3804,3804,3804,True
,10,6484,6484,6484,True
,11,9324,9324,9324,True
,12,11880,11880,11880,True
,13,13820,13820,13820,True
,14,13700,13700,13700,True
,15,12100,12100,12100,True
,16,9600,9600,9600,True
,17,6780,6780,6780,True
,18,4200,4200,4200,True
,19,2216,2216,2216,True
,20,912,912,912,True
,21,236,236,236,True
,22,20,20,20,True
,0,32,32,32,True
,1,160,160,160,True
,2,480,480,480,True
,3,1120,1120,1120,True
,4,2240,2240,2240,True
,5,3872,3872,3872,True
,6,5920,5920,5920,True
,7,8160,8160,8160,True
,8,10240,10240,10240,True
,9,11680,11680,11680,True
,10,12192,12192,12192,True
,11,11680,11680,11680,True
,12,10240,10240,10240,True
,13,8160,8160,8160,True
,14,5920,5920,5920,True
,15,3872,3872,3872,True
,16,2240,2240,2240,True
,17,1120,1120,1120,True
,18,480,480,480,True
,19,160,160,160,True
,20,32,32,32,True
,0,32,32,32,True
,1,160,160,160,True
,2,480,480,480,True
,3,1120,1120,1120,True
,4,2240,2240,2240,True
,5,3872,3872,3872,True
,6,5920,5920,5920,True
,7,8160,8160,8160,True
,8,10240,10240,10240,True
,9,11680,11680,11680,True
,10,12192,12192,12192,True
,11,11680,11680,11680,True
,12,10240,10240,10240,True
,13,8160,8160,8160,True
,14,5920,5920,5920,True
,15,3872,3872,3872,True
,16,2240,2240,2240,True
,17,1120,1120,1120,True
,18,480,480,480,True
,19,160,160,160,True
,20,32,32,32,True
,0,4,4,4,True
,1,20,20,20,True
,2,60,60,60,True
,3,140,140,140,True
,4,280,280,280,True
,5,500,500,500,True
,6,820,820,820,True
,7,1260,1260,1260,True
,8,1840,1840,1840,True
,9,3804,3804,3804,True
,10,6484,6484,6484,True
,11,9324,9324,9324,True
,12,11880,11880,11880,True
,13,13820,13820,13820,True
,14,13700,13700,13700,True
,15,12100,12100,12100,True
,16,9600,9600,9600,True
,17,6780,6780,6780,True
,18,4200,4200,4200,True
,19,2216,2216,2216,True
,20,912,912,912,True
,21,236,236,236,True
,22,20,20,20,True
,0,4,4,4,True
,1,20,20,20,True
,2,60,60,60,True
,3,140,140,140,True
,4,280,280,280,True
,5,500,500,500,True
,6,820,820,820,True
,7,1260,1260,1260,True
,8,1840,1840,1840,True
,9,3804,3804,3804,True
,10,6484,6484,6484,True
,11,9324,9324,9324,True
,12,11880,11880,11880,True
,13,13820,13820,13820,True
,14,13700,13700,13700,True
,15,12100,12100,12100,True
,16,9600,9600,9600,True
,17,6780,6780,6780,True
,18,4200,4200,4200,True
,19,2216,2216,2216,True
,20,912,912,912,True
,21,236,236,236,True
,22,20,20,20,True
,0,4,4,4,True
,1,20,20,20,True
,2,60,60,60,True
,3,140,140,140,True
,4,280,280,280,True
,5,500,500,500,True
,6,820,820,820,True
,7,1260,1260,1260,True
,8,1840,1840,1840,True
,9,3804,3804,3804,True
,10,6484,6484,6484,True
,11,9324,9324,9324,True
,12,11880,11880,11880,True
,13,13820,13820,13820,True
,14,13700,13700,13700,True
,15,12100,12100,12100,True
,16,9600,9600,9600,True
,17,6780,6780,6780,True
,18,4200,4200,4200,True
,19,2216,2216,2216,True
,20,912,912,912,True
,21,236,236,236,True
,22,20,20,20,True
,0,16,16,16,True
,11,32,32,32,True
,22,16,16,16,True
,0,16,16,16,True
,11,32,32,32,True
,22,16,16,16,True
,0,16,16,16,True
,11,32,32,32,True
,22,16,16,16,True
,0,16,16,16,True
,11,32,32,32,True
,22,16,16,16,True
,0,16,16,16,True
,11,32,32,32,True
,22,16,16,16,True
,0,4,4,4,True
,23,4,4,4,True
,0,4,4,4,True
,23,4,4,4,True
,0,4,4,4,True
,23,4,4,4,True
,0,4,4,4,True
,23,4,4,4,True
,0,4,4,4,True
,23,4,4,4,True
,0,4,4,4,True
,23,4,4,4,True
,0,4,4,4,True
,23,4,4,4,True
,0,4,4,4,True
,23,4,4,4,True
,0,4,4,4,True
,23,4,4,4,True
,0,4,4,4,True
,23,4,4,4,True
,0,4,4,4,True
,23,4,4,4,True
,0,4,4,4,True
,23,4,4,4,True
,0,8,8,8,True
,3,8,8,8,True
,21,8,8,8,True
,24,8,8,8,True
,0,8,8,8,True
,3,8,8,8,True
,21,8,8,8,True
,24,8,8,8,True
,0,32,32,32,True
,0,32,32,32,True
,0,32,32,32,True
,0,8,8,8,True
,3,8,8,8,True
,21,8,8,8,True
,24,8,8,8,True
,0,8,8,8,True
,3,8,8,8,True
,21,8,8,8,True
,24,8,8,8,True
,0,8,8,8,True
,3,8,8,8,True
,21,8,8,8,True
,24,8,8,8,True
,0,8,8,8,True
,3,8,8,8,True
,21,8,8,8,True
,24,8,8,8,True
,0,32,32,32,True
,0,32,32,32,True
,0,32,32,32,True
,0,32,32,32,True
,1,32,32,32,True
,4,128,128,128,True
,5,128,128,128,True
,8,192,192,192,True
,9,192,192,192,True
,12,128,128,128,True
,13,128,128,128,True
,16,32,32,32,True
,17,32,32,32,True
,0,32,32,32,True
,1,32,32,32,True
,4,128,128,128,True
,5,128,128,128,True
,8,192,192,192,True
,9,192,192,192,True
,12,128,128,128,True
,13,128,128,128,True
,16,32,32,32,True
,17,32,32,32,True
,0,4,4,4,True
,1,4,4,4,True
,4,16,16,16,True
,5,16,16,16,True
,8,40,40,40,True
,9,40,40,40,True
,12,200,200,200,True
,13,200,200,200,True
,16,172,172,172,True
,17,172,172,172,True
,20,72,72,72,True
,21,72,72,72,True
,24,8,8,8,True
,25,8,8,8,True
,0,4,4,4,True
,1,4,4,4,True
,4,16,16,16,True
,5,16,16,16,True
,8,40,40,40,True
,9,40,40,40,True
,12,200,200,200,True
,13,200,200,200,True
,16,172,172,172,True
,17,172,172,172,True
,20,72,72,72,True
,21,72,72,72,True
,24,8,8,8,True
,25,8,8,8,True
,0,4,4,4,True
,1,4,4,4,True
,4,16,16,16,True
,5,16,16,16,True
,8,40,40,40,True
,9,40,40,40,True
,12,200,200,200,True
,13,200,200,200,True
,16,172,172,172,True
,17,172,172,172,True
,20,72,72,72,True
,21,72,72,72,True
,24,8,8,8,True
,25,8,8,8,True
,0,8,8,8,True
,1,8,8,8,True
,4,32,32,32,True
,5,32,32,32,True
,8,80,80,80,True
,9,80,80,80,True
,12,128,128,128,True
,13,128,128,128,True
,16,136,136,136,True
,17,136,136,136,True
,20,96,96,96,True
,21,96,96,96,True
,24,32,32,32,True
,25,32,32,32,True
,0,8,8,8,True
,1,8,8,8,True
,4,32,32,32,True
,5,32,32,32,True
,8,80,80,80,True
,9,80,80,80,True
,12,128,128,128,True
,13,128,128,128,True
,16,136,136,136,True
,17,136,136,136,True
,20,96,96,96,True
,21,96,96,96,True
,24,32,32,32,True
,25,32,32,32,True
,0,8,8,8,True
,1,8,8,8,True
,4,32,32,32,True
,5,32,32,32,True
,8,80,80,80,True
,9,80,80,80,True
,12,128,128,128,True
,13,128,128,128,True
,16,136,136,136,True
,17,136,136,136,True
,20,96,96,96,True
,21,96,96,96,True
,24,32,32,32,True
,25,32,32,32,True
,0,8,8,8,True
,1,8,8,8,True
,4,32,32,32,True
,5,32,32,32,True
,8,80,80,80,True
,9,80,80,80,True
,12,128,128,128,True
,13,128,128,128,True
,16,136,136,136,True
,17,136,136,136,True
,20,96,96,96,True
,21,96,96,96,True
,24,32,32,32,True
,25,32,32,32,True
,0,4,4,4,True
,1,4,4,4,True
,4,16,16,16,True
,5,16,16,16,True
,8,40,40,40,True
,9,40,40,40,True
,12,200,200,200,True
,13,200,200,200,True
,16,172,172,172,True
,17,172,172,172,True
,20,72,72,72,True
,21,72,72,72,True
,24,8,8,8,True
,25,8,8,8,True
,0,4,4,4,True
,1,4,4,4,True
,4,16,16,16,True
,5,16,16,16,True
,8,40,40,40,True
,9,40,40,40,True
,12,200,200,200,True
,13,200,200,200,True
,16,172,172,172,True
,17,172,172,172,True
,20,72,72,72,True
,21,72,72,72,True
,24,8,8,8,True
,25,8,8,8,True
,0,4,4,4,True
,1,4,4,4,True
,4,16,16,16,True
,5,16,16,16,True
,8,40,40,40,True
,9,40,40,40,True
,12,200,200,200,True
,13,200,200,200,True
,16,172,172,172,True
,17,172,172,172,True
,20,72,72,72,True
,21,72,72,72,True
,24,8,8,8,True
,25,8,8,8,True
,0,8,8,8,True
,13,16,16,16,True
,26,8,8,8,True
,0,8,8,8,True
,13,16,16,16,True
,26,8,8,8,True
,0,4,4,4,True
,13,24,24,24,True
,26,4,4,4,True
,0,4,4,4,True
,13,24,24,24,True
,26,4,4,4,True
,0,4,4,4,True
,13,24,24,24,True
,26,4,4,4,True
,0,32,32,32,True
,0,32,32,32,True
,0,32,32,32,True
,0,32,32,32,True
,0,4,4,4,True
,13,24,24,24,True
,26,4,4,4,True
,0,4,4,4,True
,13,24,24,24,True
,26,4,4,4,True
,0,4,4,4,True
,13,24,24,24,True
,26,4,4,4,True
,0,4,4,4,True
,1,8,8,8,True
,2,12,12,12,True
,3,16,16,16,True
,4,20,20,20,True
,5,24,24,24,True
,6,28,28,28,True
,7,32,32,32,True
,8,36,36,36,True
,9,40,40,40,True
,10,44,44,44,True
,11,48,48,48,True
,12,52,52,52,True
,13,56,56,56,True
,14,52,52,52,True
,15,48,48,48,True
,16,44,44,44,True
,17,40,40,40,True
,18,36,36,36,True
,19,32,32,32,True
,20,28,28,28,True
,21,24,24,24,True
,22,20,20,20,True
,23,16,16,16,True
,24,12,12,12,True
,25,8,8,8,True
,26,4,4,4,True
,0,4,4,4,True
,1,8,8,8,True
,2,12,12,12,True
,3,16,16,16,True
,4,20,20,20,True
,5,24,24,24,True
,6,28,28,28,True
,7,32,32,32,True
,8,36,36,36,True
,9,40,40,40,True
,10,44,44,44,True
,11,48,48,48,True
,12,52,52,52,True
,13,56,56,56,True
,14,52,52,52,True
,15,48,48,48,True
,16,44,44,44,True
,17,40,40,40,True
,18,36,36,36,True
,19,32,32,32,True
,20,28,28,28,True
,21,24,24,24,True
,22,20,20,20,True
,23,16,16,16,True
,24,12,12,12,True
,25,8,8,8,True
,26,4,4,4,True
,0,4,4,4,True
,1,8,8,8,True
,2,12,12,12,True
,3,16,16,16,True
,4,20,20,20,True
,5,24,24,24,True
,6,28,28,28,True
,7,32,32,32,True
,8,36,36,36,True
,9,40,40,40,True
,10,44,44,44,True
,11,48,48,48,True
,12,52,52,52,True
,13,56,56,56,True
,14,52,52,52,True
,15,48,48,48,True
,16,44,44,44,True
,17,40,40,40,True
,18,36,36,36,True
,19,32,32,32,True
,20,28,28,28,True
,21,24,24,24,True
,22,20,20,20,True
,23,16,16,16,True
,24,12,12,12,True
,25,8,8,8,True
,26,4,4,4,True
,0,4,4,4,True
,1,8,8,8,True
,2,12,12,12,True
,3,16,16,16,True
,4,20,20,20,True
,5,24,24,24,True
,6,28,28,28,True
,7,32,32,32,True
,8,36,36,36,True
,9,40,40,40,True
,10,44,44,44,True
,11,48,48,48,True
,12,52,52,52,True
,13,56,56,56,True
,14,52,52,52,True
,15,48,48,48,True
,16,44,44,44,True
,17,40,40,40,True
,18,36,36,36,True
,19,32,32,32,True
,20,28,28,28,True
,21,24,24,24,True
,22,20,20,20,True
,23,16,16,16,True
,24,12,12,12,True
,25,8,8,8,True
,26,4,4,4,True
,0,4,4,4,True
,1,8,8,8,True
,2,12,12,12,True
,3,16,16,16,True
,4,20,20,20,True
,5,24,24,24,True
,6,28,28,28,True
,7,32,32,32,True
,8,36,36,36,True
,9,40,40,40,True
,10,44,44,44,True
,11,48,48,48,True
,12,52,52,52,True
,13,56,56,56,True
,14,52,52,52,True
,15,48,48,48,True
,16,44,44,44,True
,17,40,40,40,True
,18,36,36,36,True
,19,32,32,32,True
,20,28,28,28,True
,21,24,24,24,True
,22,20,20,20,True
,23,16,16,16,True
,24,12,12,12,True
,25,8,8,8,True
,26,4,4,4,True
,0,256,256,256,True
,1,512,512,512,True
,2,256,256,256,True
,5,1280,1280,1280,True
,6,2560,2560,2560,True
,7,1280,1280,1280,True
,10,2560,2560,2560,True
,11,5120,5120,5120,True
,12,2560,2560,2560,True
,15,2560,2560,2560,True
,16,5120,5120,5120,True
,17,2560,2560,2560,True
,20,1280,1280,1280,True
,21,2560,2560,2560,True
,22,1280,1280,1280,True
,25,256,256,256,True
,26,512,512,512,True
,27,256,256,256,True
,0,256,256,256,True
,1,512,512,512,True
,2,256,256,256,True
,5,1280,1280,1280,True
,6,2560,2560,2560,True
,7,1280,1280,1280,True
,10,2560,2560,2560,True
,11,5120,5120,5120,True
,12,2560,2560,2560,True
,15,2560,2560,2560,True
,16,5120,5120,5120,True
,17,2560,2560,2560,True
,20,1280,1280,1280,True
,21,2560,2560,2560,True
,22,1280,1280,1280,True
,25,256,256,256,True
,26,512,512,512,True
,27,256,256,256,True
,0,32,32,32,True
,1,192,192,192,True
,2,32,32,32,True
,5,416,416,416,True
,6,2496,2496,2496,True
,7,416,416,416,True
,10,1600,1600,1600,True
,11,9600,9600,9600,True
,12,1600,1600,1600,True
,15,1600,1600,1600,True
,16,9600,9600,9600,True
,17,1600,1600,1600,True
,20,416,416,416,True
,21,2496,2496,2496,True
,22,416,416,416,True
,25,32,32,32,True
,26,192,192,192,True
,27,32,32,32,True
,0,32,32,32,True
,1,192,192,192,True
,2,32,32,32,True
,5,416,416,416,True
,6,2496,2496,2496,True
,7,416,416,416,True
,10,1600,1600,1600,True
,11,9600,9600,9600,True
,12,1600,1600,1600,True
,15,1600,1600,1600,True
,16,9600,9600,9600,True
,17,1600,1600,1600,True
,20,416,416,416,True
,21,2496,2496,2496,True
,22,416,416,416,True
,25,32,32,32,True
,26,192,192,192,True
,27,32,32,32,True
,0,32,32,32,True
,1,192,192,192,True
,2,32,32,32,True
,5,416,416,416,True
,6,2496,2496,2496,True
,7,416,416,416,True
,10,1600,1600,1600,True
,11,9600,9600,9600,True
,12,1600,1600,1600,True
,15,1600,1600,1600,True
,16,9600,9600,9600,True
,17,1600,1600,1600,True
,20,416,416,416,True
,21,2496,2496,2496,True
,22,416,416,416,True
,25,32,32,32,True
,26,192,192,192,True
,27,32,32,32,True
,0,1024,1024,1024,True
,5,5120,5120,5120,True
,10,10240,10240,10240,True
,15,10240,10240,10240,True
,20,5120,5120,5120,True
,25,1024,1024,1024,True
,0,1024,1024,1024,True
,5,5120,5120,5120,True
,10,10240,10240,10240,True
,15,10240,10240,10240,True
,20,5120,5120,5120,True
,25,1024,1024,1024,True
,0,32,32,32,True
,1,192,192,192,True
,2,32,32,32,True
,5,416,416,416,True
,6,2496,2496,2496,True
,7,416,416,416,True
,10,1600,1600,1600,True
,11,9600,9600,9600,True
,12,1600,1600,1600,True
,15,1600,1600,1600,True
,16,9600,9600,9600,True
,17,1600,1600,1600,True
,20,416,416,416,True
,21,2496,2496,2496,True
,22,416,416,416,True
,25,32,32,32,True
,26,192,192,192,True
,27,32,32,32,True
,0,32,32,32,True
,1,192,192,192,True
,2,32,32,32,True
,5,416,416,416,True
,6,2496,2496,2496,True
,7,416,416,416,True
,10,1600,1600,1600,True
,11,9600,9600,9600,True
,12,1600,1600,1600,True
,15,1600,1600,1600,True
,16,9600,9600,9600,True
,17,1600,1600,1600,True
,20,416,416,416,True
,21,2496,2496,2496,True
,22,416,416,416,True
,25,32,32,32,True
,26,192,192,192,True
,27,32,32,32,True
,0,32,32,32,True
,1,192,192,192,True
,2,32,32,32,True
,5,416,416,416,True
,6,2496,2496,2496,True
,7,416,416,416,True
,10,1600,1600,1600,True
,11,9600,9600,9600,True
,12,1600,1600,1600,True
,15,1600,1600,1600,True
,16,9600,9600,9600,True
,17,1600,1600,1600,True
,20,416,416,416,True
,21,2496,2496,2496,True
,22,416,416,416,True
,25,32,32,32,True
,26,192,192,192,True
,27,32,32,32,True
,0,4,4,4,True
,1,4,4,4,True
,9,8,8,8,True
,10,8,8,8,True
,18,12,12,12,True
,19,12,12,12,True
,27,8,8,8,True
,28,8,8,8,True
,0,4,4,4,True
,1,4,4,4,True
,9,8,8,8,True
,10,8,8,8,True
,18,12,12,12,True
,19,12,12,12,True
,27,8,8,8,True
,28,8,8,8,True
,0,8,8,8,True
,1,8,8,8,True
,9,16,16,16,True
,10,16,16,16,True
,18,8,8,8,True
,19,8,8,8,True
,0,8,8,8,True
,1,8,8,8,True
,9,16,16,16,True
,10,16,16,16,True
,18,8,8,8,True
,19,8,8,8,True
,0,8,8,8,True
,1,8,8,8,True
,9,16,16,16,True
,10,16,16,16,True
,18,8,8,8,True
,19,8,8,8,True
,0,4,4,4,True
,1,4,4,4,True
,9,8,8,8,True
,10,8,8,8,True
,18,12,12,12,True
,19,12,12,12,True
,27,8,8,8,True
,28,8,8,8,True
,0,4,4,4,True
,1,4,4,4,True
,9,8,8,8,True
,10,8,8,8,True
,18,12,12,12,True
,19,12,12,12,True
,27,8,8,8,True
,28,8,8,8,True
,0,4,4,4,True
,1,4,4,4,True
,9,8,8,8,True
,10,8,8,8,True
,18,12,12,12,True
,19,12,12,12,True
,27,8,8,8,True
,28,8,8,8,True
,0,4,4,4,True
,1,4,4,4,True
,9,8,8,8,True
,10,8,8,8,True
,18,12,12,12,True
,19,12,12,12,True
,27,8,8,8,True
,28,8,8,8,True
,0,8,8,8,True
,1,8,8,8,True
,9,16,16,16,True
,10,16,16,16,True
,18,8,8,8,True
,19,8,8,8,True
,0,8,8,8,True
,1,8,8,8,True
,9,16,16,16,True
,10,16,16,16,True
,18,8,8,8,True
,19,8,8,8,True
,0,8,8,8,True
,1,8,8,8,True
,9,16,16,16,True
,10,16,16,16,True
,18,8,8,8,True
,19,8,8,8,True
,0,64,64,64,True
,7,256,256,256,True
,14,384,384,384,True
,21,256,256,256,True
,28,64,64,64,True
,0,16,16,16,True
,7,192,192,192,True
,14,608,608,608,True
,21,192,192,192,True
,28,16,16,16,True
,0,1024,1024,1024,True
,0,1024,1024,1024,True
,0,16,16,16,True
,7,192,192,192,True
,14,608,608,608,True
,21,192,192,192,True
,28,16,16,16,True
,0,4,4,4,True
,29,4,4,4,True
,0,4,4,4,True
,29,4,4,4,True
,0,4,4,4,True
,29,4,4,4,True
,0,4,4,4,True
,29,4,4,4,True
,0,4,4,4,True
,29,4,4,4,True
,0,4,4,4,True
,29,4,4,4,True
,0,4,4,4,True
,29,4,4,4,True
,0,4,4,4,True
,29,4,4,4,True
,0,4,4,4,True
,29,4,4,4,True
,0,4,4,4,True
,29,4,4,4,True
,0,4,4,4,True
,29,4,4,4,True
,0,4,4,4,True
,29,4,4,4,True
,0,2,2,2,True
,0,2,2,2,True
,0,2,2,2,True
,0,2,2,2,True
,0,2,2,2,True
,0,2,2,2,True
,0,2,2,2,True
,0,2,2,2,True
,0,4,4,4,True
,0,4,4,4,True
,0,4,4,4,True
,0,4,4,4,True
,1,4,4,4,True
,0,4,4,4,True
,1,4,4,4,True
,0,8,8,8,True
,0,8,8,8,True
,0,8,8,8,True
,0,8,8,8,True
,1,8,8,8,True
,0,16,16,16,True
,0,16,16,16,True
,0,8,8,8,True
,1,16,16,16,True
,2,8,8,8,True
,0,8,8,8,True
,1,16,16,16,True
,2,8,8,8,True
,0,8,8,8,True
,1,16,16,16,True
,2,8,8,8,True
,0,8,8,8,True
,1,16,16,16,True
,2,8,8,8,True
,0,8,8,8,True
,1,16,16,16,True
,2,8,8,8,True
,0,8,8,8,True
,1,16,16,16,True
,2,8,8,8,True
,0,8,8,8,True
,1,16,16,16,True
,2,8,8,8,True
,0,8,8,8,True
,1,16,16,16,True
,2,8,8,8,True
,0,16,16,16,True
,1,32,32,32,True
,2,16,16,16,True
,0,64,64,64,True
,0,4,4,4,True
,3,4,4,4,True
,0,4,4,4,True
,3,4,4,4,True
,0,4,4,4,True
,3,4,4,4,True
,0,4,4,4,True
,3,4,4,4,True
,0,4,4,4,True
,3,4,4,4,True
,0,4,4,4,True
,3,4,4,4,True
,0,4,4,4,True
,3,4,4,4,True
,0,4,4,4,True
,3,4,4,4,True
,0,32,32,32,True
,1,96,96,96,True
,2,96,96,96,True
,3,32,32,32,True
,0,64,64,64,True
,1,128,128,128,True
,2,64,64,64,True
,0,64,64,64,True
,1,128,128,128,True
,2,64,64,64,True
,0,8,8,8,True
,1,8,8,8,True
,3,8,8,8,True
,4,8,8,8,True
,0,8,8,8,True
,1,8,8,8,True
,3,8,8,8,True
,4,8,8,8,True
,0,32,32,32,True
,0,32,32,32,True
,0,32,32,32,True
,0,64,64,64,True
,1,256,256,256,True
,2,384,384,384,True
,3,256,256,256,True
,4,64,64,64,True
,0,64,64,64,True
,1,256,256,256,True
,2,384,384,384,True
,3,256,256,256,True
,4,64,64,64,True
,0,64,64,64,True
,1,256,256,256,True
,2,384,384,384,True
,3,256,256,256,True
,4,64,64,64,True
,0,2,2,2,True
,1,2,2,2,True
,2,2,2,2,True
,3,2,2,2,True
,4,2,2,2,True
,5,2,2,2,True
,0,2,2,2,True
,1,2,2,2,True
,2,2,2,2,True
,3,2,2,2,True
,4,2,2,2,True
,5,2,2,2,True
,0,2,2,2,True
,1,2,2,2,True
,2,2,2,2,True
,3,2,2,2,True
,4,2,2,2,True
,5,2,2,2,True
,0,2,2,2,True
,1,2,2,2,True
,2,2,2,2,True
,3,2,2,2,True
,4,2,2,2,True
,5,2,2,2,True
,0,2,2,2,True
,1,2,2,2,True
,2,2,2,2,True
,3,2,2,2,True
,4,2,2,2,True
,5,2,2,2,True
,0,2,2,2,True
,1,2,2,2,True
,2,2,2,2,True
,3,2,2,2,True
,4,2,2,2,True
,5,2,2,2,True
,0,2,2,2,True
,1,2,2,2,True
,2,2,2,2,True
,3,2,2,2,True
,4,2,2,2,True
,5,2,2,2,True
,0,2,2,2,True
,1,2,2,2,True
,2,2,2,2,True
,3,2,2,2,True
,4,2,2,2,True
,5,2,2,2,True
,0,128,128,128,True
,1,640,640,640,True
,2,1280,1280,1280,True
,3,1280,1280,1280,True
,4,640,640,640,True
,5,128,128,128,True
,0,4096,4096,4096,True
,0,8,8,8,True
,0,8,8,8,True
,0,4,4,4,True
,6,4,4,4,True
,0,4,4,4,True
,6,4,4,4,True
,0,4,4,4,True
,6,4,4,4,True
,0,4,4,4,True
,6,4,4,4,True
,0,4,4,4,True
,6,4,4,4,True
,0,4,4,4,True
,6,4,4,4,True
,0,16,16,16,True
,3,32,32,32,True
,6,16,16,16,True
,0,16,16,16,True
,3,32,32,32,True
,6,16,16,16,True
,0,16,16,16,True
,3,32,32,32,True
,6,16,16,16,True
,0,256,256,256,True
,1,1792,1792,1792,True
,2,5376,5376,5376,True
,3,8960,8960,8960,True
,4,8960,8960,8960,True
,5,5376,5376,5376,True
,6,1792,1792,1792,True
,7,256,256,256,True
,0,256,256,256,True
,1,1792,1792,1792,True
,2,5376,5376,5376,True
,3,8960,8960,8960,True
,4,8960,8960,8960,True
,5,5376,5376,5376,True
,6,1792,1792,1792,True
,7,256,256,256,True
,0,512,512,512,True
,1,3072,3072,3072,True
,2,7680,7680,7680,True
,3,10240,10240,10240,True
,4,7680,7680,7680,True
,5,3072,3072,3072,True
,6,512,512,512,True
,0,512,512,512,True
,1,3072,3072,3072,True
,2,7680,7680,7680,True
,3,10240,10240,10240,True
,4,7680,7680,7680,True
,5,3072,3072,3072,True
,6,512,512,512,True
,0,512,512,512,True
,1,3072,3072,3072,True
,2,7680,7680,7680,True
,3,10240,10240,10240,True
,4,7680,7680,7680,True
,5,3072,3072,3072,True
,6,512,512,512,True
,0,128,128,128,True
,1,384,384,384,True
,2,640,640,640,True
,3,896,896,896,True
,4,896,896,896,True
,5,640,640,640,True
,6,384,384,384,True
,7,128,128,128,True
,0,256,256,256,True
,1,512,512,512,True
,2,768,768,768,True
,3,1024,1024,1024,True
,4,768,768,768,True
,5,512,512,512,True
,6,256,256,256,True
,0,256,256,256,True
,1,512,512,512,True
,2,768,768,768,True
,3,1024,1024,1024,True
,4,768,768,768,True
,5,512,512,512,True
,6,256,256,256,True
,0,8,8,8,True
,0,8,8,8,True
,0,4,4,4,True
,8,4,4,4,True
,0,4,4,4,True
,8,4,4,4,True
,0,4,4,4,True
,8,4,4,4,True
,0,4,4,4,True
,8,4,4,4,True
,0,4,4,4,True
,8,4,4,4,True
,0,4,4,4,True
,8,4,4,4,True
,0,64,64,64,True
,1,128,128,128,True
,2,64,64,64,True
,3,128,128,128,True
,4,256,256,256,True
,5,128,128,128,True
,6,64,64,64,True
,7,128,128,128,True
,8,64,64,64,True
,0,1024,1024,1024,True
,0,16,16,16,True
,3,48,48,48,True
,6,48,48,48,True
,9,16,16,16,True
,0,16,16,16,True
,3,48,48,48,True
,6,48,48,48,True
,9,16,16,16,True
,0,16,16,16,True
,3,48,48,48,True
,6,48,48,48,True
,9,16,16,16,True
,0,16,16,16,True
,3,48,48,48,True
,6,48,48,48,True
,9,16,16,16,True
,0,16,16,16,True
,3,48,48,48,True
,6,48,48,48,True
,9,16,16,16,True
,0,16,16,16,True
,3,48,48,48,True
,6,48,48,48,True
,9,16,16,16,True
,0,16,16,16,True
,3,48,48,48,True
,6,48,48,48,True
,9,16,16,16,True
,0,16,16,16,True
,3,48,48,48,True
,6,48,48,48,True
,9,16,16,16,True
,0,32,32,32,True
,1,32,32,32,True
,3,96,96,96,True
,4,96,96,96,True
,6,96,96,96,True
,7,96,96,96,True
,9,32,32,32,True
,10,32,32,32,True
,0,32,32,32,True
,1,32,32,32,True
,3,96,96,96,True
,4,96,96,96,True
,6,96,96,96,True
,7,96,96,96,True
,9,32,32,32,True
,10,32,32,32,True
,0,64,64,64,True
,3,192,192,192,True
,6,192,192,192,True
,9,64,64,64,True
,0,64,64,64,True
,3,192,192,192,True
,6,192,192,192,True
,9,64,64,64,True
,0,64,64,64,True
,3,192,192,192,True
,6,192,192,192,True
,9,64,64,64,True
,0,4,4,4,True
,1,8,8,8,True
,2,12,12,12,True
,3,16,16,16,True
,4,20,20,20,True
,5,24,24,24,True
,6,20,20,20,True
,7,16,16,16,True
,8,12,12,12,True
,9,8,8,8,True
,10,4,4,4,True
,0,4,4,4,True
,1,8,8,8,True
,2,12,12,12,True
,3,16,16,16,True
,4,20,20,20,True
,5,24,24,24,True
,6,20,20,20,True
,7,16,16,16,True
,8,12,12,12,True
,9,8,8,8,True
,10,4,4,4,True
,0,4,4,4,True
,1,8,8,8,True
,2,12,12,12,True
,3,16,16,16,True
,4,20,20,20,True
,5,24,24,24,True
,6,20,20,20,True
,7,16,16,16,True
,8,12,12,12,True
,9,8,8,8,True
,10,4,4,4,True
,0,4,4,4,True
,11,4,4,4,True
,0,4,4,4,True
,11,4,4,4,True
,0,8,8,8,True
,0,8,8,8,True
,0,8,8,8,True
,0,8,8,8,True
,0,8,8,8,True
,0,8,8,8,True
,0,32,32,32,True
,1,64,64,64,True
,2,32,32,32,True
,5,64,64,64,True
,6,128,128,128,True
,7,64,64,64,True
,10,32,32,32,True
,11,64,64,64,True
,12,32,32,32,True
,0,32,32,32,True
,1,64,64,64,True
,2,32,32,32,True
,5,64,64,64,True
,6,128,128,128,True
,7,64,64,64,True
,10,32,32,32,True
,11,64,64,64,True
,12,32,32,32,True
,0,32,32,32,True
,1,64,64,64,True
,2,32,32,32,True
,5,64,64,64,True
,6,128,128,128,True
,7,64,64,64,True
,10,32,32,32,True
,11,64,64,64,True
,12,32,32,32,True
,0,32,32,32,True
,1,64,64,64,True
,2,32,32,32,True
,5,64,64,64,True
,6,128,128,128,True
,7,64,64,64,True
,10,32,32,32,True
,11,64,64,64,True
,12,32,32,32,True
,0,32,32,32,True
,1,64,64,64,True
,2,32,32,32,True
,5,64,64,64,True
,6,128,128,128,True
,7,64,64,64,True
,10,32,32,32,True
,11,64,64,64,True
,12,32,32,32,True
,0,32,32,32,True
,1,64,64,64,True
,2,32,32,32,True
,5,64,64,64,True
,6,128,128,128,True
,7,64,64,64,True
,10,32,32,32,True
,11,64,64,64,True
,12,32,32,32,True
,0,32,32,32,True
,1,64,64,64,True
,2,32,32,32,True
,5,64,64,64,True
,6,128,128,128,True
,7,64,64,64,True
,10,32,32,32,True
,11,64,64,64,True
,12,32,32,32,True
,0,32,32,32,True
,1,64,64,64,True
,2,32,32,32,True
,5,64,64,64,True
,6,128,128,128,True
,7,64,64,64,True
,10,32,32,32,True
,11,64,64,64,True
,12,32,32,32,True
,0,64,64,64,True
,0,16,16,16,True
,6,32,32,32,True
,12,16,16,16,True
,0,16,16,16,True
,6,32,32,32,True
,12,16,16,16,True
,0,16,16,16,True
,1,16,16,16,True
,3,16,16,16,True
,4,16,16,16,True
,9,16,16,16,True
,10,16,16,16,True
,12,16,16,16,True
,13,16,16,16,True
,0,16,16,16,True
,1,16,16,16,True
,3,16,16,16,True
,4,16,16,16,True
,9,16,16,16,True
,10,16,16,16,True
,12,16,16,16,True
,13,16,16,16,True
,0,128,128,128,True
,0,128,128,128,True
,0,128,128,128,True
,0,128,128,128,True
,1,128,128,128,True
,3,512,512,512,True
,4,512,512,512,True
,6,768,768,768,True
,7,768,768,768,True
,9,512,512,512,True
,10,512,512,512,True
,12,128,128,128,True
,13,128,128,128,True
,0,256,256,256,True
,3,1024,1024,1024,True
,6,1536,1536,1536,True
,9,1024,1024,1024,True
,12,256,256,256,True
,0,256,256,256,True
,3,1024,1024,1024,True
,6,1536,1536,1536,True
,9,1024,1024,1024,True
,12,256,256,256,True
,0,8,8,8,True
,0,8,8,8,True
,0,4,4,4,True
,14,4,4,4,True
,0,4,4,4,True
,14,4,4,4,True
,0,4,4,4,True
,14,4,4,4,True
,0,4,4,4,True
,14,4,4,4,True
,0,4,4,4,True
,14,4,4,4,True
,0,4,4,4,True
,14,4,4,4,True
,0,4,4,4,True
,15,4,4,4,True
,0,4,4,4,True
,15,4,4,4,True
,0,8,8,8,True
,0,8,8,8,True
,0,8,8,8,True
,0,8,8,8,True
,0,8,8,8,True
,0,8,8,8,True
,0,512,512,512,True
,1,1536,1536,1536,True
,2,2560,2560,2560,True
,3,3584,3584,3584,True
,4,4608,4608,4608,True
,5,5632,5632,5632,True
,6,6656,6656,6656,True
,7,7680,7680,7680,True
,8,7680,7680,7680,True
,9,6656,6656,6656,True
,10,5632,5632,5632,True
,11,4608,4608,4608,True
,12,3584,3584,3584,True
,13,2560,2560,2560,True
,14,1536,1536,1536,True
,15,512,512,512,True
,0,1024,1024,1024,True
,1,2048,2048,2048,True
,2,3072,3072,3072,True
,3,4096,4096,4096,True
,4,5120,5120,5120,True
,5,6144,6144,6144,True
,6,7168,7168,7168,True
,7,8192,8192,8192,True
,8,7168,7168,7168,True
,9,6144,6144,6144,True
,10,5120,5120,5120,True
,11,4096,4096,4096,True
,12,3072,3072,3072,True
,13,2048,2048,2048,True
,14,1024,1024,1024,True
,0,1024,1024,1024,True
,1,2048,2048,2048,True
,2,3072,3072,3072,True
,3,4096,4096,4096,True
,4,5120,5120,5120,True
,5,6144,6144,6144,True
,6,7168,7168,7168,True
,7,8192,8192,8192,True
,8,7168,7168,7168,True
,9,6144,6144,6144,True
,10,5120,5120,5120,True
,11,4096,4096,4096,True
,12,3072,3072,3072,True
,13,2048,2048,2048,True
,14,1024,1024,1024,True
,0,4,4,4,True
,1,12,12,12,True
,2,24,24,24,True
,3,40,40,40,True
,4,60,60,60,True
,5,84,84,84,True
,6,108,108,108,True
,7,132,132,132,True
,8,156,156,156,True
,9,180,180,180,True
,10,204,204,204,True
,11,204,204,204,True
,12,176,176,176,True
,13,144,144,144,True
,14,108,108,108,True
,15,68,68,68,True
,16,24,24,24,True
,0,4,4,4,True
,1,12,12,12,True
,2,24,24,24,True
,3,40,40,40,True
,4,60,60,60,True
,5,84,84,84,True
,6,108,108,108,True
,7,132,132,132,True
,8,156,156,156,True
,9,180,180,180,True
,10,204,204,204,True
,11,204,204,204,True
,12,176,176,176,True
,13,144,144,144,True
,14,108,108,108,True
,15,68,68,68,True
,16,24,24,24,True
,0,8,8,8,True
,1,24,24,24,True
,2,48,48,48,True
,3,80,80,80,True
,4,120,120,120,True
,5,168,168,168,True
,6,200,200,200,True
,7,216,216,216,True
,8,216,216,216,True
,9,200,200,200,True
,10,168,168,168,True
,11,120,120,120,True
,12,80,80,80,True
,13,48,48,48,True
,14,24,24,24,True
,15,8,8,8,True
,0,8,8,8,True
,1,24,24,24,True
,2,48,48,48,True
,3,80,80,80,True
,4,120,120,120,True
,5,168,168,168,True
,6,200,200,200,True
,7,216,216,216,True
,8,216,216,216,True
,9,200,200,200,True
,10,168,168,168,True
,11,120,120,120,True
,12,80,80,80,True
,13,48,48,48,True
,14,24,24,24,True
,15,8,8,8,True
,0,8,8,8,True
,1,24,24,24,True
,2,48,48,48,True
,3,80,80,80,True
,4,120,120,120,True
,5,168,168,168,True
,6,200,200,200,True
,7,216,216,216,True
,8,216,216,216,True
,9,200,200,200,True
,10,168,168,168,True
,11,120,120,120,True
,12,80,80,80,True
,13,48,48,48,True
,14,24,24,24,True
,15,8,8,8,True
,0,64,64,64,True
,0,16,16,16,True
,8,32,32,32,True
,16,16,16,16,True
,0,16,16,16,True
,8,32,32,32,True
,16,16,16,16,True
,0,256,256,256,True
,1,512,512,512,True
,2,256,256,256,True
,3,1280,1280,1280,True
,4,2560,2560,2560,True
,5,1280,1280,1280,True
,6,2560,2560,2560,True
,7,5120,5120,5120,True
,8,2560,2560,2560,True
,9,2560,2560,2560,True
,10,5120,5120,5120,True
,11,2560,2560,2560,True
,12,1280,1280,1280,True
,13,2560,2560,2560,True
,14,1280,1280,1280,True
,15,256,256,256,True
,16,512,512,512,True
,17,256,256,256,True
,0,256,256,256,True
,1,512,512,512,True
,2,256,256,256,True
,3,1280,1280,1280,True
,4,2560,2560,2560,True
,5,1280,1280,1280,True
,6,2560,2560,2560,True
,7,5120,5120,5120,True
,8,2560,2560,2560,True
,9,2560,2560,2560,True
,10,5120,5120,5120,True
,11,2560,2560,2560,True
,12,1280,1280,1280,True
,13,2560,2560,2560,True
,14,1280,1280,1280,True
,15,256,256,256,True
,16,512,512,512,True
,17,256,256,256,True
,0,256,256,256,True
,1,512,512,512,True
,2,256,256,256,True
,3,1280,1280,1280,True
,4,2560,2560,2560,True
,5,1280,1280,1280,True
,6,2560,2560,2560,True
,7,5120,5120,5120,True
,8,2560,2560,2560,True
,9,2560,2560,2560,True
,10,5120,5120,5120,True
,11,2560,2560,2560,True
,12,1280,1280,1280,True
,13,2560,2560,2560,True
,14,1280,1280,1280,True
,15,256,256,256,True
,16,512,512,512,True
,17,256,256,256,True
,0,256,256,256,True
,1,512,512,512,True
,2,256,256,256,True
,3,1280,1280,1280,True
,4,2560,2560,2560,True
,5,1280,1280,1280,True
,6,2560,2560,2560,True
,7,5120,5120,5120,True
,8,2560,2560,2560,True
,9,2560,2560,2560,True
,10,5120,5120,5120,True
,11,2560,2560,2560,True
,12,1280,1280,1280,True
,13,2560,2560,2560,True
,14,1280,1280,1280,True
,15,256,256,256,True
,16,512,512,512,True
,17,256,256,256,True
,0,256,256,256,True
,1,512,512,512,True
,2,256,256,256,True
,3,1280,1280,1280,True
,4,2560,2560,2560,True
,5,1280,1280,1280,True
,6,2560,2560,2560,True
,7,5120,5120,5120,True
,8,2560,2560,2560,True
,9,2560,2560,2560,True
,10,5120,5120,5120,True
,11,2560,2560,2560,True
,12,1280,1280,1280,True
,13,2560,2560,2560,True
,14,1280,1280,1280,True
,15,256,256,256,True
,16,512,512,512,True
,17,256,256,256,True
,0,256,256,256,True
,1,512,512,512,True
,2,256,256,256,True
,3,1280,1280,1280,True
,4,2560,2560,2560,True
,5,1280,1280,1280,True
,6,2560,2560,2560,True
,7,5120,5120,5120,True
,8,2560,2560,2560,True
,9,2560,2560,2560,True
,10,5120,5120,5120,True
,11,2560,2560,2560,True
,12,1280,1280,1280,True
,13,2560,2560,2560,True
,14,1280,1280,1280,True
,15,256,256,256,True
,16,512,512,512,True
,17,256,256,256,True
,0,256,256,256,True
,1,512,512,512,True
,2,256,256,256,True
,3,1280,1280,1280,True
,4,2560,2560,2560,True
,5,1280,1280,1280,True
,6,2560,2560,2560,True
,7,5120,5120,5120,True
,8,2560,2560,2560,True
,9,2560,2560,2560,True
,10,5120,5120,5120,True
,11,2560,2560,2560,True
,12,1280,1280,1280,True
,13,2560,2560,2560,True
,14,1280,1280,1280,True
,15,256,256,256,True
,16,512,512,512,True
,17,256,256,256,True
,0,256,256,256,True
,1,512,512,512,True
,2,256,256,256,True
,3,1280,1280,1280,True
,4,2560,2560,2560,True
,5,1280,1280,1280,True
,6,2560,2560,2560,True
,7,5120,5120,5120,True
,8,2560,2560,2560,True
,9,2560,2560,2560,True
,10,5120,5120,5120,True
,11,2560,2560,2560,True
,12,1280,1280,1280,True
,13,2560,2560,2560,True
,14,1280,1280,1280,True
,15,256,256,256,True
,16,512,512,512,True
,17,256,256,256,True
,0,128,128,128,True
,3,768,768,768,True
,6,1920,1920,1920,True
,9,2560,2560,2560,True
,12,1920,1920,1920,True
,15,768,768,768,True
,18,128,128,128,True
,0,128,128,128,True
,3,768,768,768,True
,6,1920,1920,1920,True
,9,2560,2560,2560,True
,12,1920,1920,1920,True
,15,768,768,768,True
,18,128,128,128,True
,0,8192,8192,8192,True
,0,8192,8192,8192,True
,0,8192,8192,8192,True
,0,8192,8192,8192,True
,0,8192,8192,8192,True
,0,8192,8192,8192,True
,0,256,256,256,True
,3,1536,1536,1536,True
,6,3840,3840,3840,True
,9,5120,5120,5120,True
,12,3840,3840,3840,True
,15,1536,1536,1536,True
,18,256,256,256,True
,0,256,256,256,True
,3,1536,1536,1536,True
,6,3840,3840,3840,True
,9,5120,5120,5120,True
,12,3840,3840,3840,True
,15,1536,1536,1536,True
,18,256,256,256,True
,0,256,256,256,True
,3,1536,1536,1536,True
,6,3840,3840,3840,True
,9,5120,5120,5120,True
,12,3840,3840,3840,True
,15,1536,1536,1536,True
,18,256,256,256,True
,0,64,64,64,True
,1,64,64,64,True
,6,128,128,128,True
,7,128,128,128,True
,12,64,64,64,True
,13,64,64,64,True
,0,64,64,64,True
,1,64,64,64,True
,6,128,128,128,True
,7,128,128,128,True
,12,64,64,64,True
,13,64,64,64,True
,0,64,64,64,True
,6,192,192,192,True
,12,192,192,192,True
,18,64,64,64,True
,0,64,64,64,True
,6,192,192,192,True
,12,192,192,192,True
,18,64,64,64,True
,0,64,64,64,True
,6,192,192,192,True
,12,192,192,192,True
,18,64,64,64,True
,0,8,8,8,True
,0,8,8,8,True
,0,4,4,4,True
,20,4,4,4,True
,0,4,4,4,True
,20,4,4,4,True
,0,4,4,4,True
,20,4,4,4,True
,0,4,4,4,True
,20,4,4,4,True
,0,4,4,4,True
,20,4,4,4,True
,0,4,4,4,True
,20,4,4,4,True
,0,16,16,16,True
,7,48,48,48,True
,14,48,48,48,True
,21,16,16,16,True
,0,16,16,16,True
,7,48,48,48,True
,14,48,48,48,True
,21,16,16,16,True
,0,16,16,16,True
,7,48,48,48,True
,14,48,48,48,True
,21,16,16,16,True
,0,16,16,16,True
,7,48,48,48,True
,14,48,48,48,True
,21,16,16,16,True
,0,16,16,16,True
,7,48,48,48,True
,14,48,48,48,True
,21,16,16,16,True
,0,16,16,16,True
,7,48,48,48,True
,14,48,48,48,True
,21,16,16,16,True
,0,16,16,16,True
,7,48,48,48,True
,14,48,48,48,True
,21,16,16,16,True
,0,16,16,16,True
,7,48,48,48,True
,14,48,48,48,True
,21,16,16,16,True
,0,8,8,8,True
,1,32,32,32,True
,2,80,80,80,True
,3,160,160,160,True
,4,280,280,280,True
,5,448,448,448,True
,6,656,656,656,True
,7,896,896,896,True
,8,1160,1160,1160,True
,9,1440,1440,1440,True
,10,1728,1728,1728,True
,11,1968,1968,1968,True
,12,2104,2104,2104,True
,13,2128,2128,2128,True
,14,2032,2032,2032,True
,15,1808,1808,1808,True
,16,1448,1448,1448,True
,17,1040,1040,1040,True
,18,688,688,688,True
,19,400,400,400,True
,20,184,184,184,True
,21,48,48,48,True
,0,16,16,16,True
,1,64,64,64,True
,2,160,160,160,True
,3,320,320,320,True
,4,560,560,560,True
,5,896,896,896,True
,6,1280,1280,1280,True
,7,1664,1664,1664,True
,8,2000,2000,2000,True
,9,2240,2240,2240,True
,10,2336,2336,2336,True
,11,2240,2240,2240,True
,12,2000,2000,2000,True
,13,1664,1664,1664,True
,14,1280,1280,1280,True
,15,896,896,896,True
,16,560,560,560,True
,17,320,320,320,True
,18,160,160,160,True
,19,64,64,64,True
,20,16,16,16,True
,0,16,16,16,True
,1,64,64,64,True
,2,160,160,160,True
,3,320,320,320,True
,4,560,560,560,True
,5,896,896,896,True
,6,1280,1280,1280,True
,7,1664,1664,1664,True
,8,2000,2000,2000,True
,9,2240,2240,2240,True
,10,2336,2336,2336,True
,11,2240,2240,2240,True
,12,2000,2000,2000,True
,13,1664,1664,1664,True
,14,1280,1280,1280,True
,15,896,896,896,True
,16,560,560,560,True
,17,320,320,320,True
,18,160,160,160,True
,19,64,64,64,True
,20,16,16,16,True
,0,16,16,16,True
,11,32,32,32,True
,22,16,16,16,True
,0,64,64,64,True
,0,64,64,64,True
,0,4,4,4,True
,23,4,4,4,True
,0,4,4,4,True
,23,4,4,4,True
,0,8,8,8,True
,0,8,8,8,True
,0,8,8,8,True
,0,8,8,8,True
,0,8,8,8,True
,0,8,8,8,True
,0,8,8,8,True
,3,8,8,8,True
,21,8,8,8,True
,24,8,8,8,True
,0,8,8,8,True
,3,8,8,8,True
,21,8,8,8,True
,24,8,8,8,True
,0,8,8,8,True
,3,8,8,8,True
,21,8,8,8,True
,24,8,8,8,True
,0,8,8,8,True
,3,8,8,8,True
,21,8,8,8,True
,24,8,8,8,True
,0,8,8,8,True
,3,8,8,8,True
,21,8,8,8,True
,24,8,8,8,True
,0,8,8,8,True
,3,8,8,8,True
,21,8,8,8,True
,24,8,8,8,True
,0,8,8,8,True
,3,8,8,8,True
,21,8,8,8,True
,24,8,8,8,True
,0,8,8,8,True
,3,8,8,8,True
,21,8,8,8,True
,24,8,8,8,True
,0,64,64,64,True
,1,64,64,64,True
,8,128,128,128,True
,9,128,128,128,True
,16,64,64,64,True
,17,64,64,64,True
,0,64,64,64,True
,1,64,64,64,True
,8,128,128,128,True
,9,128,128,128,True
,16,64,64,64,True
,17,64,64,64,True
,0,64,64,64,True
,8,192,192,192,True
,16,192,192,192,True
,24,64,64,64,True
,0,64,64,64,True
,8,192,192,192,True
,16,192,192,192,True
,24,64,64,64,True
,0,64,64,64,True
,8,192,192,192,True
,16,192,192,192,True
,24,64,64,64,True
,0,512,512,512,True
,1,512,512,512,True
,6,1024,1024,1024,True
,7,1024,1024,1024,True
,12,512,512,512,True
,13,512,512,512,True
,0,256,256,256,True
,6,1024,1024,1024,True
,12,1536,1536,1536,True
,18,1024,1024,1024,True
,24,256,256,256,True
,0,256,256,256,True
,6,1024,1024,1024,True
,12,1536,1536,1536,True
,18,1024,1024,1024,True
,24,256,256,256,True
,0,8,8,8,True
,13,16,16,16,True
,26,8,8,8,True
,0,8,8,8,True
,13,16,16,16,True
,26,8,8,8,True
,0,32,32,32,True
,0,32,32,32,True
,0,32,32,32,True
,0,32,32,32,True
,0,32,32,32,True
,0,32,32,32,True
,0,256,256,256,True
,1,512,512,512,True
,2,256,256,256,True
,3,512,512,512,True
,4,1024,1024,1024,True
,5,512,512,512,True
,6,256,256,256,True
,7,512,512,512,True
,8,256,256,256,True
,9,512,512,512,True
,10,1024,1024,1024,True
,11,512,512,512,True
,12,1024,1024,1024,True
,13,2048,2048,2048,True
,14,1024,1024,1024,True
,15,512,512,512,True
,16,1024,1024,1024,True
,17,512,512,512,True
,18,256,256,256,True
,19,512,512,512,True
,20,256,256,256,True
,21,512,512,512,True
,22,1024,1024,1024,True
,23,512,512,512,True
,24,256,256,256,True
,25,512,512,512,True
,26,256,256,256,True
,0,16384,16384,16384,True
,0,64,64,64,True
,0,16,16,16,True
,14,32,32,32,True
,28,16,16,16,True
,0,16,16,16,True
,14,32,32,32,True
,28,16,16,16,True
,0,4,4,4,True
,29,4,4,4,True
,0,4,4,4,True
,29,4,4,4,True
,0,8,8,8,True
,0,8,8,8,True
,0,8,8,8,True
,0,8,8,8,True
,0,8,8,8,True
,0,8,8,8,True
,0,2,2,2,True
,0,2,2,2,True
,0,2,2,2,True
,0,2,2,2,True
,0,2,2,2,True
,0,2,2,2,True
,0,4,4,4,True
,0,4,4,4,True
,0,4,4,4,True
,0,4,4,4,True
,0,4,4,4,True
,0,4,4,4,True
,0,4,4,4,True
,0,4,4,4,True
,0,4,4,4,True
,0,8,8,8,True
,1,8,8,8,True
,0,8,8,8,True
,1,8,8,8,True
,0,8,8,8,True
,1,8,8,8,True
,0,2,2,2,True
,1,2,2,2,True
,2,2,2,2,True
,0,2,2,2,True
,1,2,2,2,True
,2,2,2,2,True
,0,2,2,2,True
,1,2,2,2,True
,2,2,2,2,True
,0,2,2,2,True
,1,2,2,2,True
,2,2,2,2,True
,0,2,2,2,True
,1,2,2,2,True
,2,2,2,2,True
,0,2,2,2,True
,1,2,2,2,True
,2,2,2,2,True
,0,16,16,16,True
,0,16,16,16,True
,0,16,16,16,True
,0,16,16,16,True
,0,16,16,16,True
,0,4,4,4,True
,2,12,12,12,True
,0,4,4,4,True
,2,12,12,12,True
,0,4,4,4,True
,2,12,12,12,True
,0,4,4,4,True
,2,12,12,12,True
,0,16,16,16,True
,1,16,16,16,True
,2,16,16,16,True
,3,16,16,16,True
,0,16,16,16,True
,1,16,16,16,True
,2,16,16,16,True
,3,16,16,16,True
,0,16,16,16,True
,1,16,16,16,True
,2,16,16,16,True
,3,16,16,16,True
,0,32,32,32,True
,0,32,32,32,True
,0,8,8,8,True
,2,24,24,24,True
,0,8,8,8,True
,2,24,24,24,True
,0,8,8,8,True
,2,24,24,24,True
,0,8,8,8,True
,2,24,24,24,True
,0,4,4,4,True
,1,8,8,8,True
,2,12,12,12,True
,3,8,8,8,True
,4,4,4,4,True
,0,4,4,4,True
,1,8,8,8,True
,2,12,12,12,True
,3,8,8,8,True
,4,4,4,4,True
,0,4,4,4,True
,1,8,8,8,True
,2,12,12,12,True
,3,8,8,8,True
,4,4,4,4,True
,0,4,4,4,True
,5,4,4,4,True
,0,4,4,4,True
,5,4,4,4,True
,0,4,4,4,True
,5,4,4,4,True
,0,4,4,4,True
,5,4,4,4,True
,0,4,4,4,True
,5,4,4,4,True
,0,4,4,4,True
,5,4,4,4,True
,0,64,64,64,True
,1,64,64,64,True
,2,64,64,64,True
,3,64,64,64,True
,0,64,64,64,True
,1,64,64,64,True
,2,64,64,64,True
,3,64,64,64,True
,0,64,64,64,True
,1,64,64,64,True
,2,64,64,64,True
,3,64,64,64,True
,0,16,16,16,True
,0,16,16,16,True
,0,16,16,16,True
,0,16,16,16,True
,0,16,16,16,True
,0,16,16,16,True
,0,256,256,256,True
,0,16,16,16,True
,2,96,96,96,True
,4,144,144,144,True
,0,16,16,16,True
,2,96,96,96,True
,4,144,144,144,True
,0,4,4,4,True
,1,4,4,4,True
,2,8,8,8,True
,3,4,4,4,True
,4,8,8,8,True
,5,4,4,4,True
,6,4,4,4,True
,0,4,4,4,True
,1,4,4,4,True
,2,8,8,8,True
,3,4,4,4,True
,4,8,8,8,True
,5,4,4,4,True
,6,4,4,4,True
,0,4,4,4,True
,1,4,4,4,True
,2,8,8,8,True
,3,4,4,4,True
,4,8,8,8,True
,5,4,4,4,True
,6,4,4,4,True
,0,4,4,4,True
,1,4,4,4,True
,2,8,8,8,True
,3,4,4,4,True
,4,8,8,8,True
,5,4,4,4,True
,6,4,4,4,True
,0,4,4,4,True
,1,4,4,4,True
,2,8,8,8,True
,3,4,4,4,True
,4,8,8,8,True
,5,4,4,4,True
,6,4,4,4,True
,0,4,4,4,True
,1,4,4,4,True
,2,8,8,8,True
,3,4,4,4,True
,4,8,8,8,True
,5,4,4,4,True
,6,4,4,4,True
,0,32,32,32,True
,1,32,32,32,True
,2,32,32,32,True
,3,32,32,32,True
,4,32,32,32,True
,5,32,32,32,True
,6,32,32,32,True
,7,32,32,32,True
,0,32,32,32,True
,1,32,32,32,True
,2,32,32,32,True
,3,32,32,32,True
,4,32,32,32,True
,5,32,32,32,True
,6,32,32,32,True
,7,32,32,32,True
,0,32,32,32,True
,1,32,32,32,True
,2,32,32,32,True
,3,32,32,32,True
,4,32,32,32,True
,5,32,32,32,True
,6,32,32,32,True
,7,32,32,32,True
,0,4,4,4,True
,0,4,4,4,True
,0,4,4,4,True
,0,4,4,4,True
,0,4,4,4,True
,0,4,4,4,True
,0,1024,1024,1024,True
,0,64,64,64,True
,2,384,384,384,True
,4,576,576,576,True
,0,64,64,64,True
,2,384,384,384,True
,4,576,576,576,True
,0,16,16,16,True
,3,48,48,48,True
,6,48,48,48,True
,9,16,16,16,True
,0,16,16,16,True
,3,48,48,48,True
,6,48,48,48,True
,9,16,16,16,True
,0,4,4,4,True
,3,60,60,60,True
,6,60,60,60,True
,9,4,4,4,True
,0,4,4,4,True
,3,60,60,60,True
,6,60,60,60,True
,9,4,4,4,True
,0,4,4,4,True
,3,60,60,60,True
,6,60,60,60,True
,9,4,4,4,True
,0,4,4,4,True
,3,60,60,60,True
,6,60,60,60,True
,9,4,4,4,True
,0,8,8,8,True
,1,32,32,32,True
,2,80,80,80,True
,3,144,144,144,True
,4,216,216,216,True
,5,264,264,264,True
,6,256,256,256,True
,7,184,184,184,True
,8,88,88,88,True
,9,24,24,24,True
,0,8,8,8,True
,1,32,32,32,True
,2,80,80,80,True
,3,144,144,144,True
,4,216,216,216,True
,5,264,264,264,True
,6,256,256,256,True
,7,184,184,184,True
,8,88,88,88,True
,9,24,24,24,True
,0,8,8,8,True
,1,32,32,32,True
,2,80,80,80,True
,3,144,144,144,True
,4,216,216,216,True
,5,264,264,264,True
,6,256,256,256,True
,7,184,184,184,True
,8,88,88,88,True
,9,24,24,24,True
,0,2048,2048,2048,True
,0,2048,2048,2048,True
,0,32,32,32,True
,2,288,288,288,True
,4,864,864,864,True
,6,864,864,864,True
,0,32,32,32,True
,2,288,288,288,True
,4,864,864,864,True
,6,864,864,864,True
,0,32,32,32,True
,2,288,288,288,True
,4,864,864,864,True
,6,864,864,864,True
,0,32,32,32,True
,2,288,288,288,True
,4,864,864,864,True
,6,864,864,864,True
,0,16,16,16,True
,5,32,32,32,True
,10,16,16,16,True
,0,16,16,16,True
,5,32,32,32,True
,10,16,16,16,True
,0,16,16,16,True
,5,32,32,32,True
,10,16,16,16,True
,0,4,4,4,True
,0,4,4,4,True
,0,4,4,4,True
,0,4,4,4,True
,0,4,4,4,True
,0,4,4,4,True
,0,512,512,512,True
,1,512,512,512,True
,2,2048,2048,2048,True
,3,2048,2048,2048,True
,4,3072,3072,3072,True
,5,3072,3072,3072,True
,6,2048,2048,2048,True
,7,2048,2048,2048,True
,8,512,512,512,True
,9,512,512,512,True
,0,512,512,512,True
,1,512,512,512,True
,2,2048,2048,2048,True
,3,2048,2048,2048,True
,4,3072,3072,3072,True
,5,3072,3072,3072,True
,6,2048,2048,2048,True
,7,2048,2048,2048,True
,8,512,512,512,True
,9,512,512,512,True
,0,512,512,512,True
,1,512,512,512,True
,2,2048,2048,2048,True
,3,2048,2048,2048,True
,4,3072,3072,3072,True
,5,3072,3072,3072,True
,6,2048,2048,2048,True
,7,2048,2048,2048,True
,8,512,512,512,True
,9,512,512,512,True
,0,2,2,2,True
,1,2,2,2,True
,2,2,2,2,True
,3,2,2,2,True
,4,2,2,2,True
,5,2,2,2,True
,6,2,2,2,True
,7,2,2,2,True
,8,2,2,2,True
,9,2,2,2,True
,10,2,2,2,True
,11,2,2,2,True
,12,2,2,2,True
,0,2,2,2,True
,1,2,2,2,True
,2,2,2,2,True
,3,2,2,2,True
,4,2,2,2,True
,5,2,2,2,True
,6,2,2,2,True
,7,2,2,2,True
,8,2,2,2,True
,9,2,2,2,True
,10,2,2,2,True
,11,2,2,2,True
,12,2,2,2,True
,0,2,2,2,True
,1,2,2,2,True
,2,2,2,2,True
,3,2,2,2,True
,4,2,2,2,True
,5,2,2,2,True
,6,2,2,2,True
,7,2,2,2,True
,8,2,2,2,True
,9,2,2,2,True
,10,2,2,2,True
,11,2,2,2,True
,12,2,2,2,True
,0,2,2,2,True
,1,2,2,2,True
,2,2,2,2,True
,3,2,2,2,True
,4,2,2,2,True
,5,2,2,2,True
,6,2,2,2,True
,7,2,2,2,True
,8,2,2,2,True
,9,2,2,2,True
,10,2,2,2,True
,11,2,2,2,True
,12,2,2,2,True
,0,2,2,2,True
,1,2,2,2,True
,2,2,2,2,True
,3,2,2,2,True
,4,2,2,2,True
,5,2,2,2,True
,6,2,2,2,True
,7,2,2,2,True
,8,2,2,2,True
,9,2,2,2,True
,10,2,2,2,True
,11,2,2,2,True
,12,2,2,2,True
,0,2,2,2,True
,1,2,2,2,True
,2,2,2,2,True
,3,2,2,2,True
,4,2,2,2,True
,5,2,2,2,True
,6,2,2,2,True
,7,2,2,2,True
,8,2,2,2,True
,9,2,2,2,True
,10,2,2,2,True
,11,2,2,2,True
,12,2,2,2,True
,0,256,256,256,True
,0,256,256,256,True
,0,256,256,256,True
,0,256,256,256,True
,0,256,256,256,True
,0,16,16,16,True
,2,48,48,48,True
,6,48,48,48,True
,8,144,144,144,True
,0,16,16,16,True
,2,48,48,48,True
,6,48,48,48,True
,8,144,144,144,True
,0,16,16,16,True
,2,48,48,48,True
,6,48,48,48,True
,8,144,144,144,True
,0,16,16,16,True
,2,48,48,48,True
,6,48,48,48,True
,8,144,144,144,True
,0,4096,4096,4096,True
,1,4096,4096,4096,True
,2,12288,12288,12288,True
,3,12288,12288,12288,True
,4,12288,12288,12288,True
,5,12288,12288,12288,True
,6,4096,4096,4096,True
,7,4096,4096,4096,True
,0,64,64,64,True
,1,64,64,64,True
,2,1344,1344,1344,True
,3,1344,1344,1344,True
,4,7296,7296,7296,True
,5,7296,7296,7296,True
,6,14464,14464,14464,True
,7,14464,14464,14464,True
,8,9024,9024,9024,True
,9,9024,9024,9024,True
,10,576,576,576,True
,11,576,576,576,True
,0,64,64,64,True
,1,64,64,64,True
,2,1344,1344,1344,True
,3,1344,1344,1344,True
,4,7296,7296,7296,True
,5,7296,7296,7296,True
,6,14464,14464,14464,True
,7,14464,14464,14464,True
,8,9024,9024,9024,True
,9,9024,9024,9024,True
,10,576,576,576,True
,11,576,576,576,True
,0,8,8,8,True
,0,8,8,8,True
,0,8,8,8,True
,0,8,8,8,True
,0,8,8,8,True
,0,8,8,8,True
,0,16,16,16,True
,1,32,32,32,True
,2,80,80,80,True
,3,96,96,96,True
,4,160,160,160,True
,5,160,160,160,True
,6,208,208,208,True
,7,160,160,160,True
,8,160,160,160,True
,9,96,96,96,True
,10,80,80,80,True
,11,32,32,32,True
,12,16,16,16,True
,0,16,16,16,True
,1,32,32,32,True
,2,80,80,80,True
,3,96,96,96,True
,4,160,160,160,True
,5,160,160,160,True
,6,208,208,208,True
,7,160,160,160,True
,8,160,160,160,True
,9,96,96,96,True
,10,80,80,80,True
,11,32,32,32,True
,12,16,16,16,True
,0,16,16,16,True
,1,32,32,32,True
,2,80,80,80,True
,3,96,96,96,True
,4,160,160,160,True
,5,160,160,160,True
,6,208,208,208,True
,7,160,160,160,True
,8,160,160,160,True
,9,96,96,96,True
,10,80,80,80,True
,11,32,32,32,True
,12,16,16,16,True
,0,64,64,64,True
,1,64,64,64,True
,2,64,64,64,True
,3,64,64,64,True
,4,64,64,64,True
,5,64,64,64,True
,6,64,64,64,True
,7,64,64,64,True
,8,64,64,64,True
,9,64,64,64,True
,10,64,64,64,True
,11,64,64,64,True
,12,64,64,64,True
,13,64,64,64,True
,14,64,64,64,True
,15,64,64,64,True
,0,64,64,64,True
,1,64,64,64,True
,2,64,64,64,True
,3,64,64,64,True
,4,64,64,64,True
,5,64,64,64,True
,6,64,64,64,True
,7,64,64,64,True
,8,64,64,64,True
,9,64,64,64,True
,10,64,64,64,True
,11,64,64,64,True
,12,64,64,64,True
,13,64,64,64,True
,14,64,64,64,True
,15,64,64,64,True
,0,64,64,64,True
,1,64,64,64,True
,2,64,64,64,True
,3,64,64,64,True
,4,64,64,64,True
,5,64,64,64,True
,6,64,64,64,True
,7,64,64,64,True
,8,64,64,64,True
,9,64,64,64,True
,10,64,64,64,True
,11,64,64,64,True
,12,64,64,64,True
,13,64,64,64,True
,14,64,64,64,True
,15,64,64,64,True
,0,16,16,16,True
,5,16,16,16,True
,10,16,16,16,True
,15,16,16,16,True
,0,16,16,16,True
,5,16,16,16,True
,10,16,16,16,True
,15,16,16,16,True
,0,16,16,16,True
,5,16,16,16,True
,10,16,16,16,True
,15,16,16,16,True
,0,16,16,16,True
,5,16,16,16,True
,10,16,16,16,True
,15,16,16,16,True
,0,16,16,16,True
,5,16,16,16,True
,10,16,16,16,True
,15,16,16,16,True
,0,16,16,16,True
,5,16,16,16,True
,10,16,16,16,True
,15,16,16,16,True
,0,16,16,16,True
,0,16,16,16,True
,0,16,16,16,True
,0,16,16,16,True
,1,16,16,16,True
,2,64,64,64,True
,3,48,48,48,True
,4,144,144,144,True
,5,96,96,96,True
,6,208,208,208,True
,7,112,112,112,True
,8,208,208,208,True
,9,96,96,96,True
,10,144,144,144,True
,11,48,48,48,True
,12,64,64,64,True
,13,16,16,16,True
,14,16,16,16,True
,0,16,16,16,True
,1,16,16,16,True
,2,64,64,64,True
,3,48,48,48,True
,4,144,144,144,True
,5,96,96,96,True
,6,208,208,208,True
,7,112,112,112,True
,8,208,208,208,True
,9,96,96,96,True
,10,144,144,144,True
,11,48,48,48,True
,12,64,64,64,True
,13,16,16,16,True
,14,16,16,16,True
,0,4,4,4,True
,1,4,4,4,True
,2,16,16,16,True
,3,12,12,12,True
,4,36,36,36,True
,5,24,24,24,True
,6,64,64,64,True
,7,40,40,40,True
,8,100,100,100,True
,9,60,60,60,True
,10,264,264,264,True
,11,204,204,204,True
,12,280,280,280,True
,13,76,76,76,True
,14,88,88,88,True
,15,12,12,12,True
,16,12,12,12,True
,0,4,4,4,True
,1,4,4,4,True
,2,16,16,16,True
,3,12,12,12,True
,4,36,36,36,True
,5,24,24,24,True
,6,64,64,64,True
,7,40,40,40,True
,8,100,100,100,True
,9,60,60,60,True
,10,264,264,264,True
,11,204,204,204,True
,12,280,280,280,True
,13,76,76,76,True
,14,88,88,88,True
,15,12,12,12,True
,16,12,12,12,True
,0,4,4,4,True
,1,4,4,4,True
,2,16,16,16,True
,3,12,12,12,True
,4,36,36,36,True
,5,24,24,24,True
,6,64,64,64,True
,7,40,40,40,True
,8,100,100,100,True
,9,60,60,60,True
,10,264,264,264,True
,11,204,204,204,True
,12,280,280,280,True
,13,76,76,76,True
,14,88,88,88,True
,15,12,12,12,True
,16,12,12,12,True
,0,4,4,4,True
,1,4,4,4,True
,2,16,16,16,True
,3,12,12,12,True
,4,36,36,36,True
,5,24,24,24,True
,6,64,64,64,True
,7,40,40,40,True
,8,100,100,100,True
,9,60,60,60,True
,10,264,264,264,True
,11,204,204,204,True
,12,280,280,280,True
,13,76,76,76,True
,14,88,88,88,True
,15,12,12,12,True
,16,12,12,12,True
,0,16,16,16,True
,0,16,16,16,True
,0,4,4,4,True
,12,12,12,12,True
,0,4,4,4,True
,12,12,12,12,True
,0,4,4,4,True
,12,12,12,12,True
,0,4,4,4,True
,12,12,12,12,True
,0,256,256,256,True
,3,1536,1536,1536,True
,6,3840,3840,3840,True
,9,5120,5120,5120,True
,12,3840,3840,3840,True
,15,1536,1536,1536,True
,18,256,256,256,True
,0,16,16,16,True
,3,480,480,480,True
,6,4080,4080,4080,True
,9,7232,7232,7232,True
,12,4080,4080,4080,True
,15,480,480,480,True
,18,16,16,16,True
,0,16,16,16,True
,3,480,480,480,True
,6,4080,4080,4080,True
,9,7232,7232,7232,True
,12,4080,4080,4080,True
,15,480,480,480,True
,18,16,16,16,True
,0,256,256,256,True
,4,768,768,768,True
,8,768,768,768,True
,12,256,256,256,True
,0,256,256,256,True
,4,768,768,768,True
,8,768,768,768,True
,12,256,256,256,True
,0,256,256,256,True
,4,768,768,768,True
,8,768,768,768,True
,12,256,256,256,True
,0,256,256,256,True
,4,768,768,768,True
,8,768,768,768,True
,12,256,256,256,True
,0,256,256,256,True
,4,768,768,768,True
,8,768,768,768,True
,12,256,256,256,True
,0,256,256,256,True
,4,768,768,768,True
,8,768,768,768,True
,12,256,256,256,True
,0,16,16,16,True
,1,64,64,64,True
,2,192,192,192,True
,3,416,416,416,True
,4,800,800,800,True
,5,1296,1296,1296,True
,6,1920,1920,1920,True
,7,2544,2544,2544,True
,8,3216,3216,3216,True
,9,3840,3840,3840,True
,10,4464,4464,4464,True
,11,4944,4944,4944,True
,12,5216,5216,5216,True
,13,5120,5120,5120,True
,14,4560,4560,4560,True
,15,3616,3616,3616,True
,16,2416,2416,2416,True
,17,1344,1344,1344,True
,18,528,528,528,True
,19,144,144,144,True
,0,16,16,16,True
,1,64,64,64,True
,2,192,192,192,True
,3,416,416,416,True
,4,800,800,800,True
,5,1296,1296,1296,True
,6,1920,1920,1920,True
,7,2544,2544,2544,True
,8,3216,3216,3216,True
,9,3840,3840,3840,True
,10,4464,4464,4464,True
,11,4944,4944,4944,True
,12,5216,5216,5216,True
,13,5120,5120,5120,True
,14,4560,4560,4560,True
,15,3616,3616,3616,True
,16,2416,2416,2416,True
,17,1344,1344,1344,True
,18,528,528,528,True
,19,144,144,144,True
,0,16,16,16,True
,1,64,64,64,True
,2,192,192,192,True
,3,416,416,416,True
,4,800,800,800,True
,5,1296,1296,1296,True
,6,1920,1920,1920,True
,7,2544,2544,2544,True
,8,3216,3216,3216,True
,9,3840,3840,3840,True
,10,4464,4464,4464,True
,11,4944,4944,4944,True
,12,5216,5216,5216,True
,13,5120,5120,5120,True
,14,4560,4560,4560,True
,15,3616,3616,3616,True
,16,2416,2416,2416,True
,17,1344,1344,1344,True
,18,528,528,528,True
,19,144,144,144,True
,0,8,8,8,True
,0,8,8,8,True
,0,8,8,8,True
,0,8,8,8,True
,0,8,8,8,True
,0,8,8,8,True
,0,16,16,16,True
,0,16,16,16,True
,0,4,4,4,True
,14,12,12,12,True
,0,4,4,4,True
,14,12,12,12,True
,0,4,4,4,True
,14,12,12,12,True
,0,4,4,4,True
,14,12,12,12,True
,0,128,128,128,True
,1,128,128,128,True
,5,512,512,512,True
,6,512,512,512,True
,10,768,768,768,True
,11,768,768,768,True
,15,512,512,512,True
,16,512,512,512,True
,20,128,128,128,True
,21,128,128,128,True
,0,128,128,128,True
,1,128,128,128,True
,5,512,512,512,True
,6,512,512,512,True
,10,768,768,768,True
,11,768,768,768,True
,15,512,512,512,True
,16,512,512,512,True
,20,128,128,128,True
,21,128,128,128,True
,0,128,128,128,True
,1,128,128,128,True
,5,512,512,512,True
,6,512,512,512,True
,10,768,768,768,True
,11,768,768,768,True
,15,512,512,512,True
,16,512,512,512,True
,20,128,128,128,True
,21,128,128,128,True
,0,32,32,32,True
,1,32,32,32,True
,2,160,160,160,True
,3,128,128,128,True
,4,448,448,448,True
,5,320,320,320,True
,6,832,832,832,True
,7,512,512,512,True
,8,1120,1120,1120,True
,9,608,608,608,True
,10,1120,1120,1120,True
,11,512,512,512,True
,12,832,832,832,True
,13,320,320,320,True
,14,448,448,448,True
,15,128,128,128,True
,16,160,160,160,True
,17,32,32,32,True
,18,32,32,32,True
,0,32,32,32,True
,1,32,32,32,True
,2,160,160,160,True
,3,128,128,128,True
,4,448,448,448,True
,5,320,320,320,True
,6,832,832,832,True
,7,512,512,512,True
,8,1120,1120,1120,True
,9,608,608,608,True
,10,1120,1120,1120,True
,11,512,512,512,True
,12,832,832,832,True
,13,320,320,320,True
,14,448,448,448,True
,15,128,128,128,True
,16,160,160,160,True
,17,32,32,32,True
,18,32,32,32,True
,0,8,8,8,True
,1,8,8,8,True
,2,40,40,40,True
,3,32,32,32,True
,4,112,112,112,True
,5,80,80,80,True
,6,232,232,232,True
,7,152,152,152,True
,8,400,400,400,True
,9,248,248,248,True
,10,856,856,856,True
,11,608,608,608,True
,12,1288,1288,1288,True
,13,680,680,680,True
,14,1264,1264,1264,True
,15,584,584,584,True
,16,760,760,760,True
,17,176,176,176,True
,18,200,200,200,True
,19,24,24,24,True
,20,24,24,24,True
,0,8,8,8,True
,1,8,8,8,True
,2,40,40,40,True
,3,32,32,32,True
,4,112,112,112,True
,5,80,80,80,True
,6,232,232,232,True
,7,152,152,152,True
,8,400,400,400,True
,9,248,248,248,True
,10,856,856,856,True
,11,608,608,608,True
,12,1288,1288,1288,True
,13,680,680,680,True
,14,1264,1264,1264,True
,15,584,584,584,True
,16,760,760,760,True
,17,176,176,176,True
,18,200,200,200,True
,19,24,24,24,True
,20,24,24,24,True
,0,8,8,8,True
,1,8,8,8,True
,2,40,40,40,True
,3,32,32,32,True
,4,112,112,112,True
,5,80,80,80,True
,6,232,232,232,True
,7,152,152,152,True
,8,400,400,400,True
,9,248,248,248,True
,10,856,856,856,True
,11,608,608,608,True
,12,1288,1288,1288,True
,13,680,680,680,True
,14,1264,1264,1264,True
,15,584,584,584,True
,16,760,760,760,True
,17,176,176,176,True
,18,200,200,200,True
,19,24,24,24,True
,20,24,24,24,True
,0,8,8,8,True
,1,8,8,8,True
,2,40,40,40,True
,3,32,32,32,True
,4,112,112,112,True
,5,80,80,80,True
,6,232,232,232,True
,7,152,152,152,True
,8,400,400,400,True
,9,248,248,248,True
,10,856,856,856,True
,11,608,608,608,True
,12,1288,1288,1288,True
,13,680,680,680,True
,14,1264,1264,1264,True
,15,584,584,584,True
,16,760,760,760,True
,17,176,176,176,True
,18,200,200,200,True
,19,24,24,24,True
,20,24,24,24,True
,0,16,16,16,True
,0,16,16,16,True
,0,16,16,16,True
,0,4,4,4,True
,0,4,4,4,True
,0,4,4,4,True
,0,4,4,4,True
,0,4,4,4,True
,0,4,4,4,True
,0,128,128,128,True
,0,128,128,128,True
,0,8,8,8,True
,2,24,24,24,True
,14,24,24,24,True
,16,72,72,72,True
,0,8,8,8,True
,2,24,24,24,True
,14,24,24,24,True
,16,72,72,72,True
,0,8,8,8,True
,2,24,24,24,True
,14,24,24,24,True
,16,72,72,72,True
,0,8,8,8,True
,2,24,24,24,True
,14,24,24,24,True
,16,72,72,72,True
,0,4,4,4,True
,1,8,8,8,True
,2,12,12,12,True
,3,16,16,16,True
,4,20,20,20,True
,5,24,24,24,True
,6,28,28,28,True
,7,32,32,32,True
,8,36,36,36,True
,9,40,40,40,True
,10,44,44,44,True
,11,48,48,48,True
,12,52,52,52,True
,13,48,48,48,True
,14,44,44,44,True
,15,40,40,40,True
,16,36,36,36,True
,17,32,32,32,True
,18,28,28,28,True
,19,24,24,24,True
,20,20,20,20,True
,21,16,16,16,True
,22,12,12,12,True
,23,8,8,8,True
,24,4,4,4,True
,0,4,4,4,True
,1,8,8,8,True
,2,12,12,12,True
,3,16,16,16,True
,4,20,20,20,True
,5,24,24,24,True
,6,28,28,28,True
,7,32,32,32,True
,8,36,36,36,True
,9,40,40,40,True
,10,44,44,44,True
,11,48,48,48,True
,12,52,52,52,True
,13,48,48,48,True
,14,44,44,44,True
,15,40,40,40,True
,16,36,36,36,True
,17,32,32,32,True
,18,28,28,28,True
,19,24,24,24,True
,20,20,20,20,True
,21,16,16,16,True
,22,12,12,12,True
,23,8,8,8,True
,24,4,4,4,True
,0,4,4,4,True
,1,8,8,8,True
,2,12,12,12,True
,3,16,16,16,True
,4,20,20,20,True
,5,24,24,24,True
,6,28,28,28,True
,7,32,32,32,True
,8,36,36,36,True
,9,40,40,40,True
,10,44,44,44,True
,11,48,48,48,True
,12,52,52,52,True
,13,48,48,48,True
,14,44,44,44,True
,15,40,40,40,True
,16,36,36,36,True
,17,32,32,32,True
,18,28,28,28,True
,19,24,24,24,True
,20,20,20,20,True
,21,16,16,16,True
,22,12,12,12,True
,23,8,8,8,True
,24,4,4,4,True
,0,16,16,16,True
,16,16,16,16,True
,0,16,16,16,True
,16,16,16,16,True
,0,16,16,16,True
,16,16,16,16,True
,0,16,16,16,True
,16,16,16,16,True
,0,16,16,16,True
,16,16,16,16,True
,0,16,16,16,True
,16,16,16,16,True
,0,4096,4096,4096,True
,1,4096,4096,4096,True
,4,12288,12288,12288,True
,5,12288,12288,12288,True
,8,12288,12288,12288,True
,9,12288,12288,12288,True
,12,4096,4096,4096,True
,13,4096,4096,4096,True
,0,4096,4096,4096,True
,1,4096,4096,4096,True
,4,12288,12288,12288,True
,5,12288,12288,12288,True
,8,12288,12288,12288,True
,9,12288,12288,12288,True
,12,4096,4096,4096,True
,13,4096,4096,4096,True
,0,4096,4096,4096,True
,1,4096,4096,4096,True
,4,12288,12288,12288,True
,5,12288,12288,12288,True
,8,12288,12288,12288,True
,9,12288,12288,12288,True
,12,4096,4096,4096,True
,13,4096,4096,4096,True
,0,4,4,4,True
,0,4,4,4,True
,0,4,4,4,True
,0,4,4,4,True
,0,4,4,4,True
,0,4,4,4,True
,0,65536,65536,65536,True
,0,256,256,256,True
,2,1536,1536,1536,True
,4,2304,2304,2304,True
,6,1536,1536,1536,True
,8,9216,9216,9216,True
,10,13824,13824,13824,True
,12,2304,2304,2304,True
,14,13824,13824,13824,True
,16,20736,20736,20736,True
,0,256,256,256,True
,2,1536,1536,1536,True
,4,2304,2304,2304,True
,6,1536,1536,1536,True
,8,9216,9216,9216,True
,10,13824,13824,13824,True
,12,2304,2304,2304,True
,14,13824,13824,13824,True
,16,20736,20736,20736,True
,0,4,4,4,True
,1,4,4,4,True
,2,4,4,4,True
,5,8,8,8,True
,6,8,8,8,True
,7,8,8,8,True
,10,12,12,12,True
,11,12,12,12,True
,12,12,12,12,True
,15,16,16,16,True
,16,16,16,16,True
,17,16,16,16,True
,20,20,20,20,True
,21,20,20,20,True
,22,20,20,20,True
,25,12,12,12,True
,26,12,12,12,True
,27,12,12,12,True
,0,4,4,4,True
,1,4,4,4,True
,2,4,4,4,True
,5,8,8,8,True
,6,8,8,8,True
,7,8,8,8,True
,10,12,12,12,True
,11,12,12,12,True
,12,12,12,12,True
,15,16,16,16,True
,16,16,16,16,True
,17,16,16,16,True
,20,20,20,20,True
,21,20,20,20,True
,22,20,20,20,True
,25,12,12,12,True
,26,12,12,12,True
,27,12,12,12,True
,0,4,4,4,True
,1,4,4,4,True
,2,4,4,4,True
,5,8,8,8,True
,6,8,8,8,True
,7,8,8,8,True
,10,12,12,12,True
,11,12,12,12,True
,12,12,12,12,True
,15,16,16,16,True
,16,16,16,16,True
,17,16,16,16,True
,20,20,20,20,True
,21,20,20,20,True
,22,20,20,20,True
,25,12,12,12,True
,26,12,12,12,True
,27,12,12,12,True
,0,4,4,4,True
,1,4,4,4,True
,2,4,4,4,True
,5,8,8,8,True
,6,8,8,8,True
,7,8,8,8,True
,10,12,12,12,True
,11,12,12,12,True
,12,12,12,12,True
,15,16,16,16,True
,16,16,16,16,True
,17,16,16,16,True
,20,20,20,20,True
,21,20,20,20,True
,22,20,20,20,True
,25,12,12,12,True
,26,12,12,12,True
,27,12,12,12,True
,0,4,4,4,True
,1,4,4,4,True
,2,4,4,4,True
,5,8,8,8,True
,6,8,8,8,True
,7,8,8,8,True
,10,12,12,12,True
,11,12,12,12,True
,12,12,12,12,True
,15,16,16,16,True
,16,16,16,16,True
,17,16,16,16,True
,20,20,20,20,True
,21,20,20,20,True
,22,20,20,20,True
,25,12,12,12,True
,26,12,12,12,True
,27,12,12,12,True
,0,4,4,4,True
,1,4,4,4,True
,2,4,4,4,True
,5,8,8,8,True
,6,8,8,8,True
,7,8,8,8,True
,10,12,12,12,True
,11,12,12,12,True
,12,12,12,12,True
,15,16,16,16,True
,16,16,16,16,True
,17,16,16,16,True
,20,20,20,20,True
,21,20,20,20,True
,22,20,20,20,True
,25,12,12,12,True
,26,12,12,12,True
,27,12,12,12,True
,0,256,256,256,True
,3,768,768,768,True
,6,1536,1536,1536,True
,9,2560,2560,2560,True
,12,3072,3072,3072,True
,15,3072,3072,3072,True
,18,2560,2560,2560,True
,21,1536,1536,1536,True
,24,768,768,768,True
,27,256,256,256,True
,0,256,256,256,True
,3,768,768,768,True
,6,1536,1536,1536,True
,9,2560,2560,2560,True
,12,3072,3072,3072,True
,15,3072,3072,3072,True
,18,2560,2560,2560,True
,21,1536,1536,1536,True
,24,768,768,768,True
,27,256,256,256,True
,0,16,16,16,True
,3,240,240,240,True
,6,480,480,480,True
,9,3616,3616,3616,True
,12,3840,3840,3840,True
,15,3840,3840,3840,True
,18,3616,3616,3616,True
,21,480,480,480,True
,24,240,240,240,True
,27,16,16,16,True
,0,16,16,16,True
,3,240,240,240,True
,6,480,480,480,True
,9,3616,3616,3616,True
,12,3840,3840,3840,True
,15,3840,3840,3840,True
,18,3616,3616,3616,True
,21,480,480,480,True
,24,240,240,240,True
,27,16,16,16,True
,0,16,16,16,True
,3,240,240,240,True
,6,480,480,480,True
,9,3616,3616,3616,True
,12,3840,3840,3840,True
,15,3840,3840,3840,True
,18,3616,3616,3616,True
,21,480,480,480,True
,24,240,240,240,True
,27,16,16,16,True
,0,16,16,16,True
,3,240,240,240,True
,6,480,480,480,True
,9,3616,3616,3616,True
,12,3840,3840,3840,True
,15,3840,3840,3840,True
,18,3616,3616,3616,True
,21,480,480,480,True
,24,240,240,240,True
,27,16,16,16,True
,0,64,64,64,True
,0,64,64,64,True
,0,64,64,64,True
,0,4,4,4,True
,29,4,4,4,True
,0,4,4,4,True
,29,4,4,4,True
,0,4,4,4,True
,29,4,4,4,True
,0,4,4,4,True
,29,4,4,4,True
,0,4,4,4,True
,29,4,4,4,True
,0,4,4,4,True
,29,4,4,4,True
,0,2,2,2,True
,0,2,2,2,True
,0,2,2,2,True
,0,2,2,2,True
,0,2,2,2,True
,0,2,2,2,True
,0,2,2,2,True
,0,2,2,2,True
,1,1,1,1,True
,0,2,2,2,True
,1,1,1,1,True
,0,2,2,2,True
,1,1,1,1,True
,0,2,2,2,True
,1,1,1,1,True
,0,2,2,2,True
,1,1,1,1,True
,0,2,2,2,True
,1,1,1,1,True
,0,2,2,2,True
,1,1,1,1,True
,0,4,4,4,True
,0,4,4,4,True
,0,4,4,4,True
,0,4,4,4,True
,0,4,4,4,True
,0,4,4,4,True
,0,4,4,4,True
,0,2,2,2,True
,1,2,2,2,True
,2,1,1,1,True
,0,2,2,2,True
,1,2,2,2,True
,2,1,1,1,True
,0,2,2,2,True
,1,2,2,2,True
,2,1,1,1,True
,0,2,2,2,True
,1,2,2,2,True
,2,1,1,1,True
,0,2,2,2,True
,1,2,2,2,True
,2,1,1,1,True
,0,2,2,2,True
,1,2,2,2,True
,2,1,1,1,True
,0,2,2,2,True
,1,2,2,2,True
,2,1,1,1,True
,0,4,4,4,True
,0,4,4,4,True
,0,4,4,4,True
,0,4,4,4,True
,0,4,4,4,True
,0,4,4,4,True
,0,4,4,4,True
,0,4,4,4,True
,1,2,2,2,True
,2,2,2,2,True
,3,1,1,1,True
,0,4,4,4,True
,1,2,2,2,True
,2,2,2,2,True
,3,1,1,1,True
,0,4,4,4,True
,1,2,2,2,True
,2,2,2,2,True
,3,1,1,1,True
,0,4,4,4,True
,1,2,2,2,True
,2,2,2,2,True
,3,1,1,1,True
,0,4,4,4,True
,1,2,2,2,True
,2,2,2,2,True
,3,1,1,1,True
,0,4,4,4,True
,1,2,2,2,True
,2,2,2,2,True
,3,1,1,1,True
,0,4,4,4,True
,1,2,2,2,True
,2,2,2,2,True
,3,1,1,1,True
,0,4,4,4,True
,3,4,4,4,True
,0,4,4,4,True
,3,4,4,4,True
,0,4,4,4,True
,3,4,4,4,True
,0,4,4,4,True
,3,4,4,4,True
,0,4,4,4,True
,3,4,4,4,True
,0,4,4,4,True
,3,4,4,4,True
,0,4,4,4,True
,3,4,4,4,True
,0,2,2,2,True
,1,2,2,2,True
,2,2,2,2,True
,3,2,2,2,True
,4,1,1,1,True
,0,2,2,2,True
,1,2,2,2,True
,2,2,2,2,True
,3,2,2,2,True
,4,1,1,1,True
,0,2,2,2,True
,1,2,2,2,True
,2,2,2,2,True
,3,2,2,2,True
,4,1,1,1,True
,0,2,2,2,True
,1,2,2,2,True
,2,2,2,2,True
,3,2,2,2,True
,4,1,1,1,True
,0,2,2,2,True
,1,2,2,2,True
,2,2,2,2,True
,3,2,2,2,True
,4,1,1,1,True
,0,2,2,2,True
,1,2,2,2,True
,2,2,2,2,True
,3,2,2,2,True
,4,1,1,1,True
,0,2,2,2,True
,1,2,2,2,True
,2,2,2,2,True
,3,2,2,2,True
,4,1,1,1,True
,0,8,8,8,True
,0,8,8,8,True
,0,8,8,8,True
,0,8,8,8,True
,0,8,8,8,True
,0,8,8,8,True
,0,8,8,8,True
,0,4,4,4,True
,1,2,2,2,True
,4,2,2,2,True
,5,1,1,1,True
,0,4,4,4,True
,1,2,2,2,True
,4,2,2,2,True
,5,1,1,1,True
,0,4,4,4,True
,1,2,2,2,True
,4,2,2,2,True
,5,1,1,1,True
,0,4,4,4,True
,1,2,2,2,True
,4,2,2,2,True
,5,1,1,1,True
,0,4,4,4,True
,1,2,2,2,True
,4,2,2,2,True
,5,1,1,1,True
,0,4,4,4,True
,1,2,2,2,True
,4,2,2,2,True
,5,1,1,1,True
,0,4,4,4,True
,1,2,2,2,True
,4,2,2,2,True
,5,1,1,1,True
,0,4,4,4,True
,0,4,4,4,True
,0,4,4,4,True
,0,4,4,4,True
,0,4,4,4,True
,0,4,4,4,True
,0,4,4,4,True
,0,4,4,4,True
,1,4,4,4,True
,2,6,6,6,True
,3,4,4,4,True
,4,4,4,4,True
,5,2,2,2,True
,6,1,1,1,True
,0,4,4,4,True
,1,4,4,4,True
,2,6,6,6,True
,3,4,4,4,True
,4,4,4,4,True
,5,2,2,2,True
,6,1,1,1,True
,0,4,4,4,True
,1,4,4,4,True
,2,6,6,6,True
,3,4,4,4,True
,4,4,4,4,True
,5,2,2,2,True
,6,1,1,1,True
,0,4,4,4,True
,1,4,4,4,True
,2,6,6,6,True
,3,4,4,4,True
,4,4,4,4,True
,5,2,2,2,True
,6,1,1,1,True
,0,4,4,4,True
,1,4,4,4,True
,2,6,6,6,True
,3,4,4,4,True
,4,4,4,4,True
,5,2,2,2,True
,6,1,1,1,True
,0,4,4,4,True
,1,4,4,4,True
,2,6,6,6,True
,3,4,4,4,True
,4,4,4,4,True
,5,2,2,2,True
,6,1,1,1,True
,0,4,4,4,True
,1,4,4,4,True
,2,6,6,6,True
,3,4,4,4,True
,4,4,4,4,True
,5,2,2,2,True
,6,1,1,1,True
,0,4,4,4,True
,0,4,4,4,True
,0,4,4,4,True
,0,4,4,4,True
,0,4,4,4,True
,0,4,4,4,True
,0,4,4,4,True
,0,4,4,4,True
,1,2,2,2,True
,3,8,8,8,True
,4,4,4,4,True
,6,6,6,6,True
,7,3,3,3,True
,0,4,4,4,True
,1,2,2,2,True
,3,8,8,8,True
,4,4,4,4,True
,6,6,6,6,True
,7,3,3,3,True
,0,4,4,4,True
,1,2,2,2,True
,3,8,8,8,True
,4,4,4,4,True
,6,6,6,6,True
,7,3,3,3,True
,0,4,4,4,True
,1,2,2,2,True
,3,8,8,8,True
,4,4,4,4,True
,6,6,6,6,True
,7,3,3,3,True
,0,4,4,4,True
,1,2,2,2,True
,3,8,8,8,True
,4,4,4,4,True
,6,6,6,6,True
,7,3,3,3,True
,0,4,4,4,True
,1,2,2,2,True
,3,8,8,8,True
,4,4,4,4,True
,6,6,6,6,True
,7,3,3,3,True
,0,4,4,4,True
,1,2,2,2,True
,3,8,8,8,True
,4,4,4,4,True
,6,6,6,6,True
,7,3,3,3,True
,0,16,16,16,True
,4,16,16,16,True
,0,16,16,16,True
,4,16,16,16,True
,0,16,16,16,True
,4,16,16,16,True
,0,16,16,16,True
,4,16,16,16,True
,0,16,16,16,True
,4,16,16,16,True
,0,16,16,16,True
,4,16,16,16,True
,0,16,16,16,True
,4,16,16,16,True
,0,2,2,2,True
,1,2,2,2,True
,2,2,2,2,True
,3,2,2,2,True
,4,2,2,2,True
,5,2,2,2,True
,6,2,2,2,True
,7,2,2,2,True
,8,1,1,1,True
,0,2,2,2,True
,1,2,2,2,True
,2,2,2,2,True
,3,2,2,2,True
,4,2,2,2,True
,5,2,2,2,True
,6,2,2,2,True
,7,2,2,2,True
,8,1,1,1,True
,0,2,2,2,True
,1,2,2,2,True
,2,2,2,2,True
,3,2,2,2,True
,4,2,2,2,True
,5,2,2,2,True
,6,2,2,2,True
,7,2,2,2,True
,8,1,1,1,True
,0,2,2,2,True
,1,2,2,2,True
,2,2,2,2,True
,3,2,2,2,True
,4,2,2,2,True
,5,2,2,2,True
,6,2,2,2,True
,7,2,2,2,True
,8,1,1,1,True
,0,2,2,2,True
,1,2,2,2,True
,2,2,2,2,True
,3,2,2,2,True
,4,2,2,2,True
,5,2,2,2,True
,6,2,2,2,True
,7,2,2,2,True
,8,1,1,1,True
,0,2,2,2,True
,1,2,2,2,True
,2,2,2,2,True
,3,2,2,2,True
,4,2,2,2,True
,5,2,2,2,True
,6,2,2,2,True
,7,2,2,2,True
,8,1,1,1,True
,0,2,2,2,True
,1,2,2,2,True
,2,2,2,2,True
,3,2,2,2,True
,4,2,2,2,True
,5,2,2,2,True
,6,2,2,2,True
,7,2,2,2,True
,8,1,1,1,True
,0,8,8,8,True
,0,8,8,8,True
,0,8,8,8,True
,0,8,8,8,True
,0,8,8,8,True
,0,8,8,8,True
,0,8,8,8,True
,0,8,8,8,True
,1,4,4,4,True
,2,4,4,4,True
,3,2,2,2,True
,6,4,4,4,True
,7,2,2,2,True
,8,2,2,2,True
,9,1,1,1,True
,0,8,8,8,True
,1,4,4,4,True
,2,4,4,4,True
,3,2,2,2,True
,6,4,4,4,True
,7,2,2,2,True
,8,2,2,2,True
,9,1,1,1,True
,0,8,8,8,True
,1,4,4,4,True
,2,4,4,4,True
,3,2,2,2,True
,6,4,4,4,True
,7,2,2,2,True
,8,2,2,2,True
,9,1,1,1,True
,0,8,8,8,True
,1,4,4,4,True
,2,4,4,4,True
,3,2,2,2,True
,6,4,4,4,True
,7,2,2,2,True
,8,2,2,2,True
,9,1,1,1,True
,0,8,8,8,True
,1,4,4,4,True
,2,4,4,4,True
,3,2,2,2,True
,6,4,4,4,True
,7,2,2,2,True
,8,2,2,2,True
,9,1,1,1,True
,0,8,8,8,True
,1,4,4,4,True
,2,4,4,4,True
,3,2,2,2,True
,6,4,4,4,True
,7,2,2,2,True
,8,2,2,2,True
,9,1,1,1,True
,0,8,8,8,True
,1,4,4,4,True
,2,4,4,4,True
,3,2,2,2,True
,6,4,4,4,True
,7,2,2,2,True
,8,2,2,2,True
,9,1,1,1,True
,0,4,4,4,True
,0,4,4,4,True
,0,4,4,4,True
,0,4,4,4,True
,0,4,4,4,True
,0,4,4,4,True
,0,4,4,4,True
,0,4,4,4,True
,1,4,4,4,True
,2,2,2,2,True
,4,4,4,4,True
,5,4,4,4,True
,6,2,2,2,True
,8,2,2,2,True
,9,2,2,2,True
,10,1,1,1,True
,0,4,4,4,True
,1,4,4,4,True
,2,2,2,2,True
,4,4,4,4,True
,5,4,4,4,True
,6,2,2,2,True
,8,2,2,2,True
,9,2,2,2,True
,10,1,1,1,True
,0,4,4,4,True
,1,4,4,4,True
,2,2,2,2,True
,4,4,4,4,True
,5,4,4,4,True
,6,2,2,2,True
,8,2,2,2,True
,9,2,2,2,True
,10,1,1,1,True
,0,4,4,4,True
,1,4,4,4,True
,2,2,2,2,True
,4,4,4,4,True
,5,4,4,4,True
,6,2,2,2,True
,8,2,2,2,True
,9,2,2,2,True
,10,1,1,1,True
,0,4,4,4,True
,1,4,4,4,True
,2,2,2,2,True
,4,4,4,4,True
,5,4,4,4,True
,6,2,2,2,True
,8,2,2,2,True
,9,2,2,2,True
,10,1,1,1,True
,0,4,4,4,True
,1,4,4,4,True
,2,2,2,2,True
,4,4,4,4,True
,5,4,4,4,True
,6,2,2,2,True
,8,2,2,2,True
,9,2,2,2,True
,10,1,1,1,True
,0,4,4,4,True
,1,4,4,4,True
,2,2,2,2,True
,4,4,4,4,True
,5,4,4,4,True
,6,2,2,2,True
,8,2,2,2,True
,9,2,2,2,True
,10,1,1,1,True
,0,16,16,16,True
,3,16,16,16,True
,6,16,16,16,True
,9,16,16,16,True
,0,16,16,16,True
,3,16,16,16,True
,6,16,16,16,True
,9,16,16,16,True
,0,16,16,16,True
,3,16,16,16,True
,6,16,16,16,True
,9,16,16,16,True
,0,16,16,16,True
,3,16,16,16,True
,6,16,16,16,True
,9,16,16,16,True
,0,16,16,16,True
,3,16,16,16,True
,6,16,16,16,True
,9,16,16,16,True
,0,16,16,16,True
,3,16,16,16,True
,6,16,16,16,True
,9,16,16,16,True
,0,16,16,16,True
,3,16,16,16,True
,6,16,16,16,True
,9,16,16,16,True
,0,4,4,4,True
,1,2,2,2,True
,10,2,2,2,True
,11,1,1,1,True
,0,4,4,4,True
,1,2,2,2,True
,10,2,2,2,True
,11,1,1,1,True
,0,4,4,4,True
,1,2,2,2,True
,10,2,2,2,True
,11,1,1,1,True
,0,4,4,4,True
,1,2,2,2,True
,10,2,2,2,True
,11,1,1,1,True
,0,4,4,4,True
,1,2,2,2,True
,10,2,2,2,True
,11,1,1,1,True
,0,4,4,4,True
,1,2,2,2,True
,10,2,2,2,True
,11,1,1,1,True
,0,4,4,4,True
,1,2,2,2,True
,10,2,2,2,True
,11,1,1,1,True
,0,4,4,4,True
,11,4,4,4,True
,0,4,4,4,True
,11,4,4,4,True
,0,4,4,4,True
,11,4,4,4,True
,0,4,4,4,True
,11,4,4,4,True
,0,4,4,4,True
,11,4,4,4,True
,0,4,4,4,True
,11,4,4,4,True
,0,4,4,4,True
,11,4,4,4,True
,0,4,4,4,True
,1,4,4,4,True
,2,8,8,8,True
,3,8,8,8,True
,4,10,10,10,True
,5,8,8,8,True
,6,10,10,10,True
,7,8,8,8,True
,8,8,8,8,True
,9,6,6,6,True
,10,4,4,4,True
,11,2,2,2,True
,12,1,1,1,True
,0,4,4,4,True
,1,4,4,4,True
,2,8,8,8,True
,3,8,8,8,True
,4,10,10,10,True
,5,8,8,8,True
,6,10,10,10,True
,7,8,8,8,True
,8,8,8,8,True
,9,6,6,6,True
,10,4,4,4,True
,11,2,2,2,True
,12,1,1,1,True
,0,4,4,4,True
,1,4,4,4,True
,2,8,8,8,True
,3,8,8,8,True
,4,10,10,10,True
,5,8,8,8,True
,6,10,10,10,True
,7,8,8,8,True
,8,8,8,8,True
,9,6,6,6,True
,10,4,4,4,True
,11,2,2,2,True
,12,1,1,1,True
,0,4,4,4,True
,1,4,4,4,True
,2,8,8,8,True
,3,8,8,8,True
,4,10,10,10,True
,5,8,8,8,True
,6,10,10,10,True
,7,8,8,8,True
,8,8,8,8,True
,9,6,6,6,True
,10,4,4,4,True
,11,2,2,2,True
,12,1,1,1,True
,0,4,4,4,True
,1,4,4,4,True
,2,8,8,8,True
,3,8,8,8,True
,4,10,10,10,True
,5,8,8,8,True
,6,10,10,10,True
,7,8,8,8,True
,8,8,8,8,True
,9,6,6,6,True
,10,4,4,4,True
,11,2,2,2,True
,12,1,1,1,True
,0,4,4,4,True
,1,4,4,4,True
,2,8,8,8,True
,3,8,8,8,True
,4,10,10,10,True
,5,8,8,8,True
,6,10,10,10,True
,7,8,8,8,True
,8,8,8,8,True
,9,6,6,6,True
,10,4,4,4,True
,11,2,2,2,True
,12,1,1,1,True
,0,4,4,4,True
,1,4,4,4,True
,2,8,8,8,True
,3,8,8,8,True
,4,10,10,10,True
,5,8,8,8,True
,6,10,10,10,True
,7,8,8,8,True
,8,8,8,8,True
,9,6,6,6,True
,10,4,4,4,True
,11,2,2,2,True
,12,1,1,1,True
,0,8,8,8,True
,0,8,8,8,True
,0,8,8,8,True
,0,8,8,8,True
,0,8,8,8,True
,0,8,8,8,True
,0,8,8,8,True
,0,4,4,4,True
,1,2,2,2,True
,12,2,2,2,True
,13,1,1,1,True
,0,4,4,4,True
,1,2,2,2,True
,12,2,2,2,True
,13,1,1,1,True
,0,4,4,4,True
,1,2,2,2,True
,12,2,2,2,True
,13,1,1,1,True
,0,4,4,4,True
,1,2,2,2,True
,12,2,2,2,True
,13,1,1,1,True
,0,4,4,4,True
,1,2,2,2,True
,12,2,2,2,True
,13,1,1,1,True
,0,4,4,4,True
,1,2,2,2,True
,12,2,2,2,True
,13,1,1,1,True
,0,4,4,4,True
,1,2,2,2,True
,12,2,2,2,True
,13,1,1,1,True
,0,16,16,16,True
,0,16,16,16,True
,0,16,16,16,True
,0,16,16,16,True
,0,16,16,16,True
,0,16,16,16,True
,0,16,16,16,True
,0,4,4,4,True
,1,4,4,4,True
,2,2,2,2,True
,3,8,8,8,True
,4,8,8,8,True
,5,4,4,4,True
,6,12,12,12,True
,7,12,12,12,True
,8,6,6,6,True
,9,16,16,16,True
,10,16,16,16,True
,11,8,8,8,True
,12,10,10,10,True
,13,10,10,10,True
,14,5,5,5,True
,0,4,4,4,True
,1,4,4,4,True
,2,2,2,2,True
,3,8,8,8,True
,4,8,8,8,True
,5,4,4,4,True
,6,12,12,12,True
,7,12,12,12,True
,8,6,6,6,True
,9,16,16,16,True
,10,16,16,16,True
,11,8,8,8,True
,12,10,10,10,True
,13,10,10,10,True
,14,5,5,5,True
,0,4,4,4,True
,1,4,4,4,True
,2,2,2,2,True
,3,8,8,8,True
,4,8,8,8,True
,5,4,4,4,True
,6,12,12,12,True
,7,12,12,12,True
,8,6,6,6,True
,9,16,16,16,True
,10,16,16,16,True
,11,8,8,8,True
,12,10,10,10,True
,13,10,10,10,True
,14,5,5,5,True
,0,4,4,4,True
,1,4,4,4,True
,2,2,2,2,True
,3,8,8,8,True
,4,8,8,8,True
,5,4,4,4,True
,6,12,12,12,True
,7,12,12,12,True
,8,6,6,6,True
,9,16,16,16,True
,10,16,16,16,True
,11,8,8,8,True
,12,10,10,10,True
,13,10,10,10,True
,14,5,5,5,True
,0,4,4,4,True
,1,4,4,4,True
,2,2,2,2,True
,3,8,8,8,True
,4,8,8,8,True
,5,4,4,4,True
,6,12,12,12,True
,7,12,12,12,True
,8,6,6,6,True
,9,16,16,16,True
,10,16,16,16,True
,11,8,8,8,True
,12,10,10,10,True
,13,10,10,10,True
,14,5,5,5,True
,0,4,4,4,True
,1,4,4,4,True
,2,2,2,2,True
,3,8,8,8,True
,4,8,8,8,True
,5,4,4,4,True
,6,12,12,12,True
,7,12,12,12,True
,8,6,6,6,True
,9,16,16,16,True
,10,16,16,16,True
,11,8,8,8,True
,12,10,10,10,True
,13,10,10,10,True
,14,5,5,5,True
,0,4,4,4,True
,1,4,4,4,True
,2,2,2,2,True
,3,8,8,8,True
,4,8,8,8,True
,5,4,4,4,True
,6,12,12,12,True
,7,12,12,12,True
,8,6,6,6,True
,9,16,16,16,True
,10,16,16,16,True
,11,8,8,8,True
,12,10,10,10,True
,13,10,10,10,True
,14,5,5,5,True
,0,256,256,256,True
,0,4,4,4,True
,4,84,84,84,True
,8,140,140,140,True
,12,28,28,28,True
,0,4,4,4,True
,4,84,84,84,True
,8,140,140,140,True
,12,28,28,28,True
,0,4,4,4,True
,4,84,84,84,True
,8,140,140,140,True
,12,28,28,28,True
,0,4,4,4,True
,4,84,84,84,True
,8,140,140,140,True
,12,28,28,28,True
,0,4,4,4,True
,4,84,84,84,True
,8,140,140,140,True
,12,28,28,28,True
,0,4,4,4,True
,4,84,84,84,True
,8,140,140,140,True
,12,28,28,28,True
,0,16,16,16,True
,1,8,8,8,True
,2,8,8,8,True
,3,4,4,4,True
,4,40,40,40,True
,5,20,20,20,True
,6,20,20,20,True
,7,10,10,10,True
,8,40,40,40,True
,9,20,20,20,True
,10,20,20,20,True
,11,10,10,10,True
,12,12,12,12,True
,13,6,6,6,True
,14,6,6,6,True
,15,3,3,3,True
,0,16,16,16,True
,1,8,8,8,True
,2,8,8,8,True
,3,4,4,4,True
,4,40,40,40,True
,5,20,20,20,True
,6,20,20,20,True
,7,10,10,10,True
,8,40,40,40,True
,9,20,20,20,True
,10,20,20,20,True
,11,10,10,10,True
,12,12,12,12,True
,13,6,6,6,True
,14,6,6,6,True
,15,3,3,3,True
,0,16,16,16,True
,1,8,8,8,True
,2,8,8,8,True
,3,4,4,4,True
,4,40,40,40,True
,5,20,20,20,True
,6,20,20,20,True
,7,10,10,10,True
,8,40,40,40,True
,9,20,20,20,True
,10,20,20,20,True
,11,10,10,10,True
,12,12,12,12,True
,13,6,6,6,True
,14,6,6,6,True
,15,3,3,3,True
,0,16,16,16,True
,1,8,8,8,True
,2,8,8,8,True
,3,4,4,4,True
,4,40,40,40,True
,5,20,20,20,True
,6,20,20,20,True
,7,10,10,10,True
,8,40,40,40,True
,9,20,20,20,True
,10,20,20,20,True
,11,10,10,10,True
,12,12,12,12,True
,13,6,6,6,True
,14,6,6,6,True
,15,3,3,3,True
,0,16,16,16,True
,1,8,8,8,True
,2,8,8,8,True
,3,4,4,4,True
,4,40,40,40,True
,5,20,20,20,True
,6,20,20,20,True
,7,10,10,10,True
,8,40,40,40,True
,9,20,20,20,True
,10,20,20,20,True
,11,10,10,10,True
,12,12,12,12,True
,13,6,6,6,True
,14,6,6,6,True
,15,3,3,3,True
,0,16,16,16,True
,1,8,8,8,True
,2,8,8,8,True
,3,4,4,4,True
,4,40,40,40,True
,5,20,20,20,True
,6,20,20,20,True
,7,10,10,10,True
,8,40,40,40,True
,9,20,20,20,True
,10,20,20,20,True
,11,10,10,10,True
,12,12,12,12,True
,13,6,6,6,True
,14,6,6,6,True
,15,3,3,3,True
,0,16,16,16,True
,1,8,8,8,True
,2,8,8,8,True
,3,4,4,4,True
,4,40,40,40,True
,5,20,20,20,True
,6,20,20,20,True
,7,10,10,10,True
,8,40,40,40,True
,9,20,20,20,True
,10,20,20,20,True
,11,10,10,10,True
,12,12,12,12,True
,13,6,6,6,True
,14,6,6,6,True
,15,3,3,3,True
,0,16,16,16,True
,5,48,48,48,True
,10,48,48,48,True
,15,16,16,16,True
,0,16,16,16,True
,5,48,48,48,True
,10,48,48,48,True
,15,16,16,16,True
,0,16,16,16,True
,5,48,48,48,True
,10,48,48,48,True
,15,16,16,16,True
,0,16,16,16,True
,5,48,48,48,True
,10,48,48,48,True
,15,16,16,16,True
,0,16,16,16,True
,5,48,48,48,True
,10,48,48,48,True
,15,16,16,16,True
,0,16,16,16,True
,5,48,48,48,True
,10,48,48,48,True
,15,16,16,16,True
,0,16,16,16,True
,5,48,48,48,True
,10,48,48,48,True
,15,16,16,16,True
,0,2,2,2,True
,1,2,2,2,True
,2,2,2,2,True
,3,2,2,2,True
,4,2,2,2,True
,5,2,2,2,True
,6,2,2,2,True
,7,2,2,2,True
,8,2,2,2,True
,9,2,2,2,True
,10,2,2,2,True
,11,2,2,2,True
,12,2,2,2,True
,13,2,2,2,True
,14,2,2,2,True
,15,2,2,2,True
,16,1,1,1,True
,0,2,2,2,True
,1,2,2,2,True
,2,2,2,2,True
,3,2,2,2,True
,4,2,2,2,True
,5,2,2,2,True
,6,2,2,2,True
,7,2,2,2,True
,8,2,2,2,True
,9,2,2,2,True
,10,2,2,2,True
,11,2,2,2,True
,12,2,2,2,True
,13,2,2,2,True
,14,2,2,2,True
,15,2,2,2,True
,16,1,1,1,True
,0,2,2,2,True
,1,2,2,2,True
,2,2,2,2,True
,3,2,2,2,True
,4,2,2,2,True
,5,2,2,2,True
,6,2,2,2,True
,7,2,2,2,True
,8,2,2,2,True
,9,2,2,2,True
,10,2,2,2,True
,11,2,2,2,True
,12,2,2,2,True
,13,2,2,2,True
,14,2,2,2,True
,15,2,2,2,True
,16,1,1,1,True
,0,2,2,2,True
,1,2,2,2,True
,2,2,2,2,True
,3,2,2,2,True
,4,2,2,2,True
,5,2,2,2,True
,6,2,2,2,True
,7,2,2,2,True
,8,2,2,2,True
,9,2,2,2,True
,10,2,2,2,True
,11,2,2,2,True
,12,2,2,2,True
,13,2,2,2,True
,14,2,2,2,True
,15,2,2,2,True
,16,1,1,1,True
,0,2,2,2,True
,1,2,2,2,True
,2,2,2,2,True
,3,2,2,2,True
,4,2,2,2,True
,5,2,2,2,True
,6,2,2,2,True
,7,2,2,2,True
,8,2,2,2,True
,9,2,2,2,True
,10,2,2,2,True
,11,2,2,2,True
,12,2,2,2,True
,13,2,2,2,True
,14,2,2,2,True
,15,2,2,2,True
,16,1,1,1,True
,0,2,2,2,True
,1,2,2,2,True
,2,2,2,2,True
,3,2,2,2,True
,4,2,2,2,True
,5,2,2,2,True
,6,2,2,2,True
,7,2,2,2,True
,8,2,2,2,True
,9,2,2,2,True
,10,2,2,2,True
,11,2,2,2,True
,12,2,2,2,True
,13,2,2,2,True
,14,2,2,2,True
,15,2,2,2,True
,16,1,1,1,True
,0,2,2,2,True
,1,2,2,2,True
,2,2,2,2,True
,3,2,2,2,True
,4,2,2,2,True
,5,2,2,2,True
,6,2,2,2,True
,7,2,2,2,True
,8,2,2,2,True
,9,2,2,2,True
,10,2,2,2,True
,11,2,2,2,True
,12,2,2,2,True
,13,2,2,2,True
,14,2,2,2,True
,15,2,2,2,True
,16,1,1,1,True
,0,32,32,32,True
,0,32,32,32,True
,0,32,32,32,True
,0,32,32,32,True
,0,32,32,32,True
,0,32,32,32,True
,0,32,32,32,True
,0,8,8,8,True
,1,4,4,4,True
,8,8,8,8,True
,9,4,4,4,True
,16,2,2,2,True
,17,1,1,1,True
,0,8,8,8,True
,1,4,4,4,True
,8,8,8,8,True
,9,4,4,4,True
,16,2,2,2,True
,17,1,1,1,True
,0,8,8,8,True
,1,4,4,4,True
,8,8,8,8,True
,9,4,4,4,True
,16,2,2,2,True
,17,1,1,1,True
,0,8,8,8,True
,1,4,4,4,True
,8,8,8,8,True
,9,4,4,4,True
,16,2,2,2,True
,17,1,1,1,True
,0,8,8,8,True
,1,4,4,4,True
,8,8,8,8,True
,9,4,4,4,True
,16,2,2,2,True
,17,1,1,1,True
,0,8,8,8,True
,1,4,4,4,True
,8,8,8,8,True
,9,4,4,4,True
,16,2,2,2,True
,17,1,1,1,True
,0,8,8,8,True
,1,4,4,4,True
,8,8,8,8,True
,9,4,4,4,True
,16,2,2,2,True
,17,1,1,1,True
,0,16,16,16,True
,3,16,16,16,True
,12,16,16,16,True
,15,16,16,16,True
,0,16,16,16,True
,3,16,16,16,True
,12,16,16,16,True
,15,16,16,16,True
,0,16,16,16,True
,3,16,16,16,True
,12,16,16,16,True
,15,16,16,16,True
,0,16,16,16,True
,3,16,16,16,True
,12,16,16,16,True
,15,16,16,16,True
,0,16,16,16,True
,3,16,16,16,True
,12,16,16,16,True
,15,16,16,16,True
,0,16,16,16,True
,3,16,16,16,True
,12,16,16,16,True
,15,16,16,16,True
,0,16,16,16,True
,3,16,16,16,True
,12,16,16,16,True
,15,16,16,16,True
,0,8,8,8,True
,1,8,8,8,True
,2,12,12,12,True
,3,8,8,8,True
,4,8,8,8,True
,5,4,4,4,True
,6,10,10,10,True
,7,8,8,8,True
,8,12,12,12,True
,9,8,8,8,True
,10,8,8,8,True
,11,4,4,4,True
,12,6,6,6,True
,13,4,4,4,True
,14,6,6,6,True
,15,4,4,4,True
,16,4,4,4,True
,17,2,2,2,True
,18,1,1,1,True
,0,8,8,8,True
,1,8,8,8,True
,2,12,12,12,True
,3,8,8,8,True
,4,8,8,8,True
,5,4,4,4,True
,6,10,10,10,True
,7,8,8,8,True
,8,12,12,12,True
,9,8,8,8,True
,10,8,8,8,True
,11,4,4,4,True
,12,6,6,6,True
,13,4,4,4,True
,14,6,6,6,True
,15,4,4,4,True
,16,4,4,4,True
,17,2,2,2,True
,18,1,1,1,True
,0,8,8,8,True
,1,8,8,8,True
,2,12,12,12,True
,3,8,8,8,True
,4,8,8,8,True
,5,4,4,4,True
,6,10,10,10,True
,7,8,8,8,True
,8,12,12,12,True
,9,8,8,8,True
,10,8,8,8,True
,11,4,4,4,True
,12,6,6,6,True
,13,4,4,4,True
,14,6,6,6,True
,15,4,4,4,True
,16,4,4,4,True
,17,2,2,2,True
,18,1,1,1,True
,0,8,8,8,True
,1,8,8,8,True
,2,12,12,12,True
,3,8,8,8,True
,4,8,8,8,True
,5,4,4,4,True
,6,10,10,10,True
,7,8,8,8,True
,8,12,12,12,True
,9,8,8,8,True
,10,8,8,8,True
,11,4,4,4,True
,12,6,6,6,True
,13,4,4,4,True
,14,6,6,6,True
,15,4,4,4,True
,16,4,4,4,True
,17,2,2,2,True
,18,1,1,1,True
,0,8,8,8,True
,1,8,8,8,True
,2,12,12,12,True
,3,8,8,8,True
,4,8,8,8,True
,5,4,4,4,True
,6,10,10,10,True
,7,8,8,8,True
,8,12,12,12,True
,9,8,8,8,True
,10,8,8,8,True
,11,4,4,4,True
,12,6,6,6,True
,13,4,4,4,True
,14,6,6,6,True
,15,4,4,4,True
,16,4,4,4,True
,17,2,2,2,True
,18,1,1,1,True
,0,8,8,8,True
,1,8,8,8,True
,2,12,12,12,True
,3,8,8,8,True
,4,8,8,8,True
,5,4,4,4,True
,6,10,10,10,True
,7,8,8,8,True
,8,12,12,12,True
,9,8,8,8,True
,10,8,8,8,True
,11,4,4,4,True
,12,6,6,6,True
,13,4,4,4,True
,14,6,6,6,True
,15,4,4,4,True
,16,4,4,4,True
,17,2,2,2,True
,18,1,1,1,True
,0,8,8,8,True
,1,8,8,8,True
,2,12,12,12,True
,3,8,8,8,True
,4,8,8,8,True
,5,4,4,4,True
,6,10,10,10,True
,7,8,8,8,True
,8,12,12,12,True
,9,8,8,8,True
,10,8,8,8,True
,11,4,4,4,True
,12,6,6,6,True
,13,4,4,4,True
,14,6,6,6,True
,15,4,4,4,True
,16,4,4,4,True
,17,2,2,2,True
,18,1,1,1,True
,0,4,4,4,True
,0,4,4,4,True
,0,4,4,4,True
,0,4,4,4,True
,0,4,4,4,True
,0,4,4,4,True
,0,4,4,4,True
,0,4,4,4,True
,1,2,2,2,True
,18,2,2,2,True
,19,1,1,1,True
,0,4,4,4,True
,1,2,2,2,True
,18,2,2,2,True
,19,1,1,1,True
,0,4,4,4,True
,1,2,2,2,True
,18,2,2,2,True
,19,1,1,1,True
,0,4,4,4,True
,1,2,2,2,True
,18,2,2,2,True
,19,1,1,1,True
,0,4,4,4,True
,1,2,2,2,True
,18,2,2,2,True
,19,1,1,1,True
,0,4,4,4,True
,1,2,2,2,True
,18,2,2,2,True
,19,1,1,1,True
,0,4,4,4,True
,1,2,2,2,True
,18,2,2,2,True
,19,1,1,1,True
,0,16,16,16,True
,12,16,16,16,True
,0,16,16,16,True
,12,16,16,16,True
,0,16,16,16,True
,12,16,16,16,True
,0,16,16,16,True
,12,16,16,16,True
,0,16,16,16,True
,12,16,16,16,True
,0,16,16,16,True
,12,16,16,16,True
,0,16,16,16,True
,12,16,16,16,True
,0,4,4,4,True
,1,4,4,4,True
,2,4,4,4,True
,3,4,4,4,True
,4,6,6,6,True
,5,4,4,4,True
,6,4,4,4,True
,7,4,4,4,True
,8,6,6,6,True
,9,4,4,4,True
,10,4,4,4,True
,11,4,4,4,True
,12,6,6,6,True
,13,4,4,4,True
,14,4,4,4,True
,15,4,4,4,True
,16,4,4,4,True
,17,2,2,2,True
,18,2,2,2,True
,19,2,2,2,True
,20,1,1,1,True
,0,4,4,4,True
,1,4,4,4,True
,2,4,4,4,True
,3,4,4,4,True
,4,6,6,6,True
,5,4,4,4,True
,6,4,4,4,True
,7,4,4,4,True
,8,6,6,6,True
,9,4,4,4,True
,10,4,4,4,True
,11,4,4,4,True
,12,6,6,6,True
,13,4,4,4,True
,14,4,4,4,True
,15,4,4,4,True
,16,4,4,4,True
,17,2,2,2,True
,18,2,2,2,True
,19,2,2,2,True
,20,1,1,1,True
,0,4,4,4,True
,1,4,4,4,True
,2,4,4,4,True
,3,4,4,4,True
,4,6,6,6,True
,5,4,4,4,True
,6,4,4,4,True
,7,4,4,4,True
,8,6,6,6,True
,9,4,4,4,True
,10,4,4,4,True
,11,4,4,4,True
,12,6,6,6,True
,13,4,4,4,True
,14,4,4,4,True
,15,4,4,4,True
,16,4,4,4,True
,17,2,2,2,True
,18,2,2,2,True
,19,2,2,2,True
,20,1,1,1,True
,0,4,4,4,True
,1,4,4,4,True
,2,4,4,4,True
,3,4,4,4,True
,4,6,6,6,True
,5,4,4,4,True
,6,4,4,4,True
,7,4,4,4,True
,8,6,6,6,True
,9,4,4,4,True
,10,4,4,4,True
,11,4,4,4,True
,12,6,6,6,True
,13,4,4,4,True
,14,4,4,4,True
,15,4,4,4,True
,16,4,4,4,True
,17,2,2,2,True
,18,2,2,2,True
,19,2,2,2,True
,20,1,1,1,True
,0,4,4,4,True
,1,4,4,4,True
,2,4,4,4,True
,3,4,4,4,True
,4,6,6,6,True
,5,4,4,4,True
,6,4,4,4,True
,7,4,4,4,True
,8,6,6,6,True
,9,4,4,4,True
,10,4,4,4,True
,11,4,4,4,True
,12,6,6,6,True
,13,4,4,4,True
,14,4,4,4,True
,15,4,4,4,True
,16,4,4,4,True
,17,2,2,2,True
,18,2,2,2,True
,19,2,2,2,True
,20,1,1,1,True
,0,4,4,4,True
,1,4,4,4,True
,2,4,4,4,True
,3,4,4,4,True
,4,6,6,6,True
,5,4,4,4,True
,6,4,4,4,True
,7,4,4,4,True
,8,6,6,6,True
,9,4,4,4,True
,10,4,4,4,True
,11,4,4,4,True
,12,6,6,6,True
,13,4,4,4,True
,14,4,4,4,True
,15,4,4,4,True
,16,4,4,4,True
,17,2,2,2,True
,18,2,2,2,True
,19,2,2,2,True
,20,1,1,1,True
,0,4,4,4,True
,1,4,4,4,True
,2,4,4,4,True
,3,4,4,4,True
,4,6,6,6,True
,5,4,4,4,True
,6,4,4,4,True
,7,4,4,4,True
,8,6,6,6,True
,9,4,4,4,True
,10,4,4,4,True
,11,4,4,4,True
,12,6,6,6,True
,13,4,4,4,True
,14,4,4,4,True
,15,4,4,4,True
,16,4,4,4,True
,17,2,2,2,True
,18,2,2,2,True
,19,2,2,2,True
,20,1,1,1,True
,0,8,8,8,True
,0,8,8,8,True
,0,8,8,8,True
,0,8,8,8,True
,0,8,8,8,True
,0,8,8,8,True
,0,8,8,8,True
,0,16,16,16,True
,1,8,8,8,True
,2,8,8,8,True
,3,36,36,36,True
,4,16,16,16,True
,5,16,16,16,True
,6,64,64,64,True
,7,28,28,28,True
,8,28,28,28,True
,9,78,78,78,True
,10,32,32,32,True
,11,32,32,32,True
,12,88,88,88,True
,13,36,36,36,True
,14,36,36,36,True
,15,66,66,66,True
,16,24,24,24,True
,17,24,24,24,True
,18,48,48,48,True
,19,18,18,18,True
,20,18,18,18,True
,21,9,9,9,True
,0,16,16,16,True
,1,8,8,8,True
,2,8,8,8,True
,3,36,36,36,True
,4,16,16,16,True
,5,16,16,16,True
,6,64,64,64,True
,7,28,28,28,True
,8,28,28,28,True
,9,78,78,78,True
,10,32,32,32,True
,11,32,32,32,True
,12,88,88,88,True
,13,36,36,36,True
,14,36,36,36,True
,15,66,66,66,True
,16,24,24,24,True
,17,24,24,24,True
,18,48,48,48,True
,19,18,18,18,True
,20,18,18,18,True
,21,9,9,9,True
,0,16,16,16,True
,1,8,8,8,True
,2,8,8,8,True
,3,36,36,36,True
,4,16,16,16,True
,5,16,16,16,True
,6,64,64,64,True
,7,28,28,28,True
,8,28,28,28,True
,9,78,78,78,True
,10,32,32,32,True
,11,32,32,32,True
,12,88,88,88,True
,13,36,36,36,True
,14,36,36,36,True
,15,66,66,66,True
,16,24,24,24,True
,17,24,24,24,True
,18,48,48,48,True
,19,18,18,18,True
,20,18,18,18,True
,21,9,9,9,True
,0,16,16,16,True
,1,8,8,8,True
,2,8,8,8,True
,3,36,36,36,True
,4,16,16,16,True
,5,16,16,16,True
,6,64,64,64,True
,7,28,28,28,True
,8,28,28,28,True
,9,78,78,78,True
,10,32,32,32,True
,11,32,32,32,True
,12,88,88,88,True
,13,36,36,36,True
,14,36,36,36,True
,15,66,66,66,True
,16,24,24,24,True
,17,24,24,24,True
,18,48,48,48,True
,19,18,18,18,True
,20,18,18,18,True
,21,9,9,9,True
,0,16,16,16,True
,1,8,8,8,True
,2,8,8,8,True
,3,36,36,36,True
,4,16,16,16,True
,5,16,16,16,True
,6,64,64,64,True
,7,28,28,28,True
,8,28,28,28,True
,9,78,78,78,True
,10,32,32,32,True
,11,32,32,32,True
,12,88,88,88,True
,13,36,36,36,True
,14,36,36,36,True
,15,66,66,66,True
,16,24,24,24,True
,17,24,24,24,True
,18,48,48,48,True
,19,18,18,18,True
,20,18,18,18,True
,21,9,9,9,True
,0,16,16,16,True
,1,8,8,8,True
,2,8,8,8,True
,3,36,36,36,True
,4,16,16,16,True
,5,16,16,16,True
,6,64,64,64,True
,7,28,28,28,True
,8,28,28,28,True
,9,78,78,78,True
,10,32,32,32,True
,11,32,32,32,True
,12,88,88,88,True
,13,36,36,36,True
,14,36,36,36,True
,15,66,66,66,True
,16,24,24,24,True
,17,24,24,24,True
,18,48,48,48,True
,19,18,18,18,True
,20,18,18,18,True
,21,9,9,9,True
,0,16,16,16,True
,1,8,8,8,True
,2,8,8,8,True
,3,36,36,36,True
,4,16,16,16,True
,5,16,16,16,True
,6,64,64,64,True
,7,28,28,28,True
,8,28,28,28,True
,9,78,78,78,True
,10,32,32,32,True
,11,32,32,32,True
,12,88,88,88,True
,13,36,36,36,True
,14,36,36,36,True
,15,66,66,66,True
,16,24,24,24,True
,17,24,24,24,True
,18,48,48,48,True
,19,18,18,18,True
,20,18,18,18,True
,21,9,9,9,True
,0,4,4,4,True
,1,4,4,4,True
,2,2,2,2,True
,10,4,4,4,True
,11,4,4,4,True
,12,2,2,2,True
,20,2,2,2,True
,21,2,2,2,True
,22,1,1,1,True
,0,4,4,4,True
,1,4,4,4,True
,2,2,2,2,True
,10,4,4,4,True
,11,4,4,4,True
,12,2,2,2,True
,20,2,2,2,True
,21,2,2,2,True
,22,1,1,1,True
,0,4,4,4,True
,1,4,4,4,True
,2,2,2,2,True
,10,4,4,4,True
,11,4,4,4,True
,12,2,2,2,True
,20,2,2,2,True
,21,2,2,2,True
,22,1,1,1,True
,0,4,4,4,True
,1,4,4,4,True
,2,2,2,2,True
,10,4,4,4,True
,11,4,4,4,True
,12,2,2,2,True
,20,2,2,2,True
,21,2,2,2,True
,22,1,1,1,True
,0,4,4,4,True
,1,4,4,4,True
,2,2,2,2,True
,10,4,4,4,True
,11,4,4,4,True
,12,2,2,2,True
,20,2,2,2,True
,21,2,2,2,True
,22,1,1,1,True
,0,4,4,4,True
,1,4,4,4,True
,2,2,2,2,True
,10,4,4,4,True
,11,4,4,4,True
,12,2,2,2,True
,20,2,2,2,True
,21,2,2,2,True
,22,1,1,1,True
,0,4,4,4,True
,1,4,4,4,True
,2,2,2,2,True
,10,4,4,4,True
,11,4,4,4,True
,12,2,2,2,True
,20,2,2,2,True
,21,2,2,2,True
,22,1,1,1,True
,0,64,64,64,True
,4,64,64,64,True
,12,64,64,64,True
,16,64,64,64,True
,0,64,64,64,True
,4,64,64,64,True
,12,64,64,64,True
,16,64,64,64,True
,0,64,64,64,True
,4,64,64,64,True
,12,64,64,64,True
,16,64,64,64,True
,0,64,64,64,True
,4,64,64,64,True
,12,64,64,64,True
,16,64,64,64,True
,0,64,64,64,True
,4,64,64,64,True
,12,64,64,64,True
,16,64,64,64,True
,0,64,64,64,True
,4,64,64,64,True
,12,64,64,64,True
,16,64,64,64,True
,0,64,64,64,True
,4,64,64,64,True
,12,64,64,64,True
,16,64,64,64,True
,0,4,4,4,True
,1,2,2,2,True
,11,8,8,8,True
,12,4,4,4,True
,22,6,6,6,True
,23,3,3,3,True
,0,4,4,4,True
,1,2,2,2,True
,11,8,8,8,True
,12,4,4,4,True
,22,6,6,6,True
,23,3,3,3,True
,0,4,4,4,True
,1,2,2,2,True
,11,8,8,8,True
,12,4,4,4,True
,22,6,6,6,True
,23,3,3,3,True
,0,4,4,4,True
,1,2,2,2,True
,11,8,8,8,True
,12,4,4,4,True
,22,6,6,6,True
,23,3,3,3,True
,0,4,4,4,True
,1,2,2,2,True
,11,8,8,8,True
,12,4,4,4,True
,22,6,6,6,True
,23,3,3,3,True
,0,4,4,4,True
,1,2,2,2,True
,11,8,8,8,True
,12,4,4,4,True
,22,6,6,6,True
,23,3,3,3,True
,0,4,4,4,True
,1,2,2,2,True
,11,8,8,8,True
,12,4,4,4,True
,22,6,6,6,True
,23,3,3,3,True
,0,4,4,4,True
,23,4,4,4,True
,0,4,4,4,True
,23,4,4,4,True
,0,4,4,4,True
,23,4,4,4,True
,0,4,4,4,True
,23,4,4,4,True
,0,4,4,4,True
,23,4,4,4,True
,0,4,4,4,True
,23,4,4,4,True
,0,4,4,4,True
,23,4,4,4,True
,0,4,4,4,True
,1,4,4,4,True
,2,8,8,8,True
,3,8,8,8,True
,4,12,12,12,True
,5,12,12,12,True
,6,16,16,16,True
,7,16,16,16,True
,8,18,18,18,True
,9,16,16,16,True
,10,18,18,18,True
,11,16,16,16,True
,12,18,18,18,True
,13,16,16,16,True
,14,18,18,18,True
,15,16,16,16,True
,16,16,16,16,True
,17,14,14,14,True
,18,12,12,12,True
,19,10,10,10,True
,20,8,8,8,True
,21,6,6,6,True
,22,4,4,4,True
,23,2,2,2,True
,24,1,1,1,True
,0,4,4,4,True
,1,4,4,4,True
,2,8,8,8,True
,3,8,8,8,True
,4,12,12,12,True
,5,12,12,12,True
,6,16,16,16,True
,7,16,16,16,True
,8,18,18,18,True
,9,16,16,16,True
,10,18,18,18,True
,11,16,16,16,True
,12,18,18,18,True
,13,16,16,16,True
,14,18,18,18,True
,15,16,16,16,True
,16,16,16,16,True
,17,14,14,14,True
,18,12,12,12,True
,19,10,10,10,True
,20,8,8,8,True
,21,6,6,6,True
,22,4,4,4,True
,23,2,2,2,True
,24,1,1,1,True
,0,4,4,4,True
,1,4,4,4,True
,2,8,8,8,True
,3,8,8,8,True
,4,12,12,12,True
,5,12,12,12,True
,6,16,16,16,True
,7,16,16,16,True
,8,18,18,18,True
,9,16,16,16,True
,10,18,18,18,True
,11,16,16,16,True
,12,18,18,18,True
,13,16,16,16,True
,14,18,18,18,True
,15,16,16,16,True
,16,16,16,16,True
,17,14,14,14,True
,18,12,12,12,True
,19,10,10,10,True
,20,8,8,8,True
,21,6,6,6,True
,22,4,4,4,True
,23,2,2,2,True
,24,1,1,1,True
,0,4,4,4,True
,1,4,4,4,True
,2,8,8,8,True
,3,8,8,8,True
,4,12,12,12,True
,5,12,12,12,True
,6,16,16,16,True
,7,16,16,16,True
,8,18,18,18,True
,9,16,16,16,True
,10,18,18,18,True
,11,16,16,16,True
,12,18,18,18,True
,13,16,16,16,True
,14,18,18,18,True
,15,16,16,16,True
,16,16,16,16,True
,17,14,14,14,True
,18,12,12,12,True
,19,10,10,10,True
,20,8,8,8,True
,21,6,6,6,True
,22,4,4,4,True
,23,2,2,2,True
,24,1,1,1,True
,0,4,4,4,True
,1,4,4,4,True
,2,8,8,8,True
,3,8,8,8,True
,4,12,12,12,True
,5,12,12,12,True
,6,16,16,16,True
,7,16,16,16,True
,8,18,18,18,True
,9,16,16,16,True
,10,18,18,18,True
,11,16,16,16,True
,12,18,18,18,True
,13,16,16,16,True
,14,18,18,18,True
,15,16,16,16,True
,16,16,16,16,True
,17,14,14,14,True
,18,12,12,12,True
,19,10,10,10,True
,20,8,8,8,True
,21,6,6,6,True
,22,4,4,4,True
,23,2,2,2,True
,24,1,1,1,True
,0,4,4,4,True
,1,4,4,4,True
,2,8,8,8,True
,3,8,8,8,True
,4,12,12,12,True
,5,12,12,12,True
,6,16,16,16,True
,7,16,16,16,True
,8,18,18,18,True
,9,16,16,16,True
,10,18,18,18,True
,11,16,16,16,True
,12,18,18,18,True
,13,16,16,16,True
,14,18,18,18,True
,15,16,16,16,True
,16,16,16,16,True
,17,14,14,14,True
,18,12,12,12,True
,19,10,10,10,True
,20,8,8,8,True
,21,6,6,6,True
,22,4,4,4,True
,23,2,2,2,True
,24,1,1,1,True
,0,4,4,4,True
,1,4,4,4,True
,2,8,8,8,True
,3,8,8,8,True
,4,12,12,12,True
,5,12,12,12,True
,6,16,16,16,True
,7,16,16,16,True
,8,18,18,18,True
,9,16,16,16,True
,10,18,18,18,True
,11,16,16,16,True
,12,18,18,18,True
,13,16,16,16,True
,14,18,18,18,True
,15,16,16,16,True
,16,16,16,16,True
,17,14,14,14,True
,18,12,12,12,True
,19,10,10,10,True
,20,8,8,8,True
,21,6,6,6,True
,22,4,4,4,True
,23,2,2,2,True
,24,1,1,1,True
,0,8,8,8,True
,1,4,4,4,True
,4,4,4,4,True
,5,2,2,2,True
,20,4,4,4,True
,21,2,2,2,True
,24,2,2,2,True
,25,1,1,1,True
,0,8,8,8,True
,1,4,4,4,True
,4,4,4,4,True
,5,2,2,2,True
,20,4,4,4,True
,21,2,2,2,True
,24,2,2,2,True
,25,1,1,1,True
,0,8,8,8,True
,1,4,4,4,True
,4,4,4,4,True
,5,2,2,2,True
,20,4,4,4,True
,21,2,2,2,True
,24,2,2,2,True
,25,1,1,1,True
,0,8,8,8,True
,1,4,4,4,True
,4,4,4,4,True
,5,2,2,2,True
,20,4,4,4,True
,21,2,2,2,True
,24,2,2,2,True
,25,1,1,1,True
,0,8,8,8,True
,1,4,4,4,True
,4,4,4,4,True
,5,2,2,2,True
,20,4,4,4,True
,21,2,2,2,True
,24,2,2,2,True
,25,1,1,1,True
,0,8,8,8,True
,1,4,4,4,True
,4,4,4,4,True
,5,2,2,2,True
,20,4,4,4,True
,21,2,2,2,True
,24,2,2,2,True
,25,1,1,1,True
,0,8,8,8,True
,1,4,4,4,True
,4,4,4,4,True
,5,2,2,2,True
,20,4,4,4,True
,21,2,2,2,True
,24,2,2,2,True
,25,1,1,1,True
,0,64,64,64,True
,8,128,128,128,True
,16,64,64,64,True
,0,64,64,64,True
,8,128,128,128,True
,16,64,64,64,True
,0,64,64,64,True
,8,128,128,128,True
,16,64,64,64,True
,0,64,64,64,True
,8,128,128,128,True
,16,64,64,64,True
,0,64,64,64,True
,8,128,128,128,True
,16,64,64,64,True
,0,64,64,64,True
,8,128,128,128,True
,16,64,64,64,True
,0,64,64,64,True
,8,128,128,128,True
,16,64,64,64,True
,0,4,4,4,True
,1,4,4,4,True
,2,2,2,2,True
,12,4,4,4,True
,13,4,4,4,True
,14,2,2,2,True
,24,2,2,2,True
,25,2,2,2,True
,26,1,1,1,True
,0,4,4,4,True
,1,4,4,4,True
,2,2,2,2,True
,12,4,4,4,True
,13,4,4,4,True
,14,2,2,2,True
,24,2,2,2,True
,25,2,2,2,True
,26,1,1,1,True
,0,4,4,4,True
,1,4,4,4,True
,2,2,2,2,True
,12,4,4,4,True
,13,4,4,4,True
,14,2,2,2,True
,24,2,2,2,True
,25,2,2,2,True
,26,1,1,1,True
,0,4,4,4,True
,1,4,4,4,True
,2,2,2,2,True
,12,4,4,4,True
,13,4,4,4,True
,14,2,2,2,True
,24,2,2,2,True
,25,2,2,2,True
,26,1,1,1,True
,0,4,4,4,True
,1,4,4,4,True
,2,2,2,2,True
,12,4,4,4,True
,13,4,4,4,True
,14,2,2,2,True
,24,2,2,2,True
,25,2,2,2,True
,26,1,1,1,True
,0,4,4,4,True
,1,4,4,4,True
,2,2,2,2,True
,12,4,4,4,True
,13,4,4,4,True
,14,2,2,2,True
,24,2,2,2,True
,25,2,2,2,True
,26,1,1,1,True
,0,4,4,4,True
,1,4,4,4,True
,2,2,2,2,True
,12,4,4,4,True
,13,4,4,4,True
,14,2,2,2,True
,24,2,2,2,True
,25,2,2,2,True
,26,1,1,1,True
,0,4,4,4,True
,0,4,4,4,True
,0,4,4,4,True
,0,4,4,4,True
,0,4,4,4,True
,0,4,4,4,True
,0,4,4,4,True
,0,16,16,16,True
,1,8,8,8,True
,2,8,8,8,True
,3,4,4,4,True
,6,8,8,8,True
,7,4,4,4,True
,8,4,4,4,True
,9,2,2,2,True
,18,8,8,8,True
,19,4,4,4,True
,20,4,4,4,True
,21,2,2,2,True
,24,4,4,4,True
,25,2,2,2,True
,26,2,2,2,True
,27,1,1,1,True
,0,16,16,16,True
,1,8,8,8,True
,2,8,8,8,True
,3,4,4,4,True
,6,8,8,8,True
,7,4,4,4,True
,8,4,4,4,True
,9,2,2,2,True
,18,8,8,8,True
,19,4,4,4,True
,20,4,4,4,True
,21,2,2,2,True
,24,4,4,4,True
,25,2,2,2,True
,26,2,2,2,True
,27,1,1,1,True
,0,16,16,16,True
,1,8,8,8,True
,2,8,8,8,True
,3,4,4,4,True
,6,8,8,8,True
,7,4,4,4,True
,8,4,4,4,True
,9,2,2,2,True
,18,8,8,8,True
,19,4,4,4,True
,20,4,4,4,True
,21,2,2,2,True
,24,4,4,4,True
,25,2,2,2,True
,26,2,2,2,True
,27,1,1,1,True
,0,16,16,16,True
,1,8,8,8,True
,2,8,8,8,True
,3,4,4,4,True
,6,8,8,8,True
,7,4,4,4,True
,8,4,4,4,True
,9,2,2,2,True
,18,8,8,8,True
,19,4,4,4,True
,20,4,4,4,True
,21,2,2,2,True
,24,4,4,4,True
,25,2,2,2,True
,26,2,2,2,True
,27,1,1,1,True
,0,16,16,16,True
,1,8,8,8,True
,2,8,8,8,True
,3,4,4,4,True
,6,8,8,8,True
,7,4,4,4,True
,8,4,4,4,True
,9,2,2,2,True
,18,8,8,8,True
,19,4,4,4,True
,20,4,4,4,True
,21,2,2,2,True
,24,4,4,4,True
,25,2,2,2,True
,26,2,2,2,True
,27,1,1,1,True
,0,16,16,16,True
,1,8,8,8,True
,2,8,8,8,True
,3,4,4,4,True
,6,8,8,8,True
,7,4,4,4,True
,8,4,4,4,True
,9,2,2,2,True
,18,8,8,8,True
,19,4,4,4,True
,20,4,4,4,True
,21,2,2,2,True
,24,4,4,4,True
,25,2,2,2,True
,26,2,2,2,True
,27,1,1,1,True
,0,16,16,16,True
,1,8,8,8,True
,2,8,8,8,True
,3,4,4,4,True
,6,8,8,8,True
,7,4,4,4,True
,8,4,4,4,True
,9,2,2,2,True
,18,8,8,8,True
,19,4,4,4,True
,20,4,4,4,True
,21,2,2,2,True
,24,4,4,4,True
,25,2,2,2,True
,26,2,2,2,True
,27,1,1,1,True
,0,16,16,16,True
,20,16,16,16,True
,0,16,16,16,True
,20,16,16,16,True
,0,16,16,16,True
,20,16,16,16,True
,0,16,16,16,True
,20,16,16,16,True
,0,16,16,16,True
,20,16,16,16,True
,0,16,16,16,True
,20,16,16,16,True
,0,16,16,16,True
,20,16,16,16,True
,0,4,4,4,True
,1,4,4,4,True
,2,4,4,4,True
,3,12,12,12,True
,4,10,10,10,True
,5,8,8,8,True
,6,20,20,20,True
,7,16,16,16,True
,8,12,12,12,True
,9,28,28,28,True
,10,22,22,22,True
,11,16,16,16,True
,12,36,36,36,True
,13,28,28,28,True
,14,20,20,20,True
,15,44,44,44,True
,16,34,34,34,True
,17,24,24,24,True
,18,52,52,52,True
,19,40,40,40,True
,20,28,28,28,True
,21,60,60,60,True
,22,46,46,46,True
,23,32,32,32,True
,24,50,50,50,True
,25,34,34,34,True
,26,18,18,18,True
,27,18,18,18,True
,28,9,9,9,True
,0,4,4,4,True
,1,4,4,4,True
,2,4,4,4,True
,3,12,12,12,True
,4,10,10,10,True
,5,8,8,8,True
,6,20,20,20,True
,7,16,16,16,True
,8,12,12,12,True
,9,28,28,28,True
,10,22,22,22,True
,11,16,16,16,True
,12,36,36,36,True
,13,28,28,28,True
,14,20,20,20,True
,15,44,44,44,True
,16,34,34,34,True
,17,24,24,24,True
,18,52,52,52,True
,19,40,40,40,True
,20,28,28,28,True
,21,60,60,60,True
,22,46,46,46,True
,23,32,32,32,True
,24,50,50,50,True
,25,34,34,34,True
,26,18,18,18,True
,27,18,18,18,True
,28,9,9,9,True
,0,4,4,4,True
,1,4,4,4,True
,2,4,4,4,True
,3,12,12,12,True
,4,10,10,10,True
,5,8,8,8,True
,6,20,20,20,True
,7,16,16,16,True
,8,12,12,12,True
,9,28,28,28,True
,10,22,22,22,True
,11,16,16,16,True
,12,36,36,36,True
,13,28,28,28,True
,14,20,20,20,True
,15,44,44,44,True
,16,34,34,34,True
,17,24,24,24,True
,18,52,52,52,True
,19,40,40,40,True
,20,28,28,28,True
,21,60,60,60,True
,22,46,46,46,True
,23,32,32,32,True
,24,50,50,50,True
,25,34,34,34,True
,26,18,18,18,True
,27,18,18,18,True
,28,9,9,9,True
,0,4,4,4,True
,1,4,4,4,True
,2,4,4,4,True
,3,12,12,12,True
,4,10,10,10,True
,5,8,8,8,True
,6,20,20,20,True
,7,16,16,16,True
,8,12,12,12,True
,9,28,28,28,True
,10,22,22,22,True
,11,16,16,16,True
,12,36,36,36,True
,13,28,28,28,True
,14,20,20,20,True
,15,44,44,44,True
,16,34,34,34,True
,17,24,24,24,True
,18,52,52,52,True
,19,40,40,40,True
,20,28,28,28,True
,21,60,60,60,True
,22,46,46,46,True
,23,32,32,32,True
,24,50,50,50,True
,25,34,34,34,True
,26,18,18,18,True
,27,18,18,18,True
,28,9,9,9,True
,0,4,4,4,True
,1,4,4,4,True
,2,4,4,4,True
,3,12,12,12,True
,4,10,10,10,True
,5,8,8,8,True
,6,20,20,20,True
,7,16,16,16,True
,8,12,12,12,True
,9,28,28,28,True
,10,22,22,22,True
,11,16,16,16,True
,12,36,36,36,True
,13,28,28,28,True
,14,20,20,20,True
,15,44,44,44,True
,16,34,34,34,True
,17,24,24,24,True
,18,52,52,52,True
,19,40,40,40,True
,20,28,28,28,True
,21,60,60,60,True
,22,46,46,46,True
,23,32,32,32,True
,24,50,50,50,True
,25,34,34,34,True
,26,18,18,18,True
,27,18,18,18,True
,28,9,9,9,True
,0,4,4,4,True
,1,4,4,4,True
,2,4,4,4,True
,3,12,12,12,True
,4,10,10,10,True
,5,8,8,8,True
,6,20,20,20,True
,7,16,16,16,True
,8,12,12,12,True
,9,28,28,28,True
,10,22,22,22,True
,11,16,16,16,True
,12,36,36,36,True
,13,28,28,28,True
,14,20,20,20,True
,15,44,44,44,True
,16,34,34,34,True
,17,24,24,24,True
,18,52,52,52,True
,19,40,40,40,True
,20,28,28,28,True
,21,60,60,60,True
,22,46,46,46,True
,23,32,32,32,True
,24,50,50,50,True
,25,34,34,34,True
,26,18,18,18,True
,27,18,18,18,True
,28,9,9,9,True
,0,4,4,4,True
,1,4,4,4,True
,2,4,4,4,True
,3,12,12,12,True
,4,10,10,10,True
,5,8,8,8,True
,6,20,20,20,True
,7,16,16,16,True
,8,12,12,12,True
,9,28,28,28,True
,10,22,22,22,True
,11,16,16,16,True
,12,36,36,36,True
,13,28,28,28,True
,14,20,20,20,True
,15,44,44,44,True
,16,34,34,34,True
,17,24,24,24,True
,18,52,52,52,True
,19,40,40,40,True
,20,28,28,28,True
,21,60,60,60,True
,22,46,46,46,True
,23,32,32,32,True
,24,50,50,50,True
,25,34,34,34,True
,26,18,18,18,True
,27,18,18,18,True
,28,9,9,9,True
,0,32,32,32,True
,0,32,32,32,True
,0,32,32,32,True
,0,32,32,32,True
,0,32,32,32,True
,0,32,32,32,True
,0,32,32,32,True
,0,256,256,256,True
,1,128,128,128,True
,4,896,896,896,True
,5,448,448,448,True
,8,1344,1344,1344,True
,9,672,672,672,True
,12,1120,1120,1120,True
,13,560,560,560,True
,16,560,560,560,True
,17,280,280,280,True
,20,168,168,168,True
,21,84,84,84,True
,24,28,28,28,True
,25,14,14,14,True
,28,2,2,2,True
,29,1,1,1,True
,0,4,4,4,True
,1,2,2,2,True
,4,28,28,28,True
,5,14,14,14,True
,8,364,364,364,True
,9,182,182,182,True
,12,1036,1036,1036,True
,13,518,518,518,True
,16,1764,1764,1764,True
,17,882,882,882,True
,20,980,980,980,True
,21,490,490,490,True
,24,196,196,196,True
,25,98,98,98,True
,28,2,2,2,True
,29,1,1,1,True
,0,4,4,4,True
,1,2,2,2,True
,4,28,28,28,True
,5,14,14,14,True
,8,364,364,364,True
,9,182,182,182,True
,12,1036,1036,1036,True
,13,518,518,518,True
,16,1764,1764,1764,True
,17,882,882,882,True
,20,980,980,980,True
,21,490,490,490,True
,24,196,196,196,True
,25,98,98,98,True
,28,2,2,2,True
,29,1,1,1,True
,0,4,4,4,True
,1,2,2,2,True
,4,28,28,28,True
,5,14,14,14,True
,8,364,364,364,True
,9,182,182,182,True
,12,1036,1036,1036,True
,13,518,518,518,True
,16,1764,1764,1764,True
,17,882,882,882,True
,20,980,980,980,True
,21,490,490,490,True
,24,196,196,196,True
,25,98,98,98,True
,28,2,2,2,True
,29,1,1,1,True
,0,4,4,4,True
,1,2,2,2,True
,4,28,28,28,True
,5,14,14,14,True
,8,364,364,364,True
,9,182,182,182,True
,12,1036,1036,1036,True
,13,518,518,518,True
,16,1764,1764,1764,True
,17,882,882,882,True
,20,980,980,980,True
,21,490,490,490,True
,24,196,196,196,True
,25,98,98,98,True
,28,2,2,2,True
,29,1,1,1,True
,0,4,4,4,True
,1,2,2,2,True
,4,28,28,28,True
,5,14,14,14,True
,8,364,364,364,True
,9,182,182,182,True
,12,1036,1036,1036,True
,13,518,518,518,True
,16,1764,1764,1764,True
,17,882,882,882,True
,20,980,980,980,True
,21,490,490,490,True
,24,196,196,196,True
,25,98,98,98,True
,28,2,2,2,True
,29,1,1,1,True
,0,4,4,4,True
,1,2,2,2,True
,4,28,28,28,True
,5,14,14,14,True
,8,364,364,364,True
,9,182,182,182,True
,12,1036,1036,1036,True
,13,518,518,518,True
,16,1764,1764,1764,True
,17,882,882,882,True
,20,980,980,980,True
,21,490,490,490,True
,24,196,196,196,True
,25,98,98,98,True
,28,2,2,2,True
,29,1,1,1,True
,0,4,4,4,True
,0,4,4,4,True
,0,4,4,4,True
,0,4,4,4,True
,0,4,4,4,True
,0,4,4,4,True
,0,4,4,4,True
,0,16,16,16,True
,1,16,16,16,True
,2,24,24,24,True
,3,16,16,16,True
,4,64,64,64,True
,5,56,56,56,True
,6,76,76,76,True
,7,48,48,48,True
,8,136,136,136,True
,9,112,112,112,True
,10,144,144,144,True
,11,88,88,88,True
,12,216,216,216,True
,13,172,172,172,True
,14,214,214,214,True
,15,128,128,128,True
,16,256,256,256,True
,17,192,192,192,True
,18,224,224,224,True
,19,128,128,128,True
,20,200,200,200,True
,21,136,136,136,True
,22,140,140,140,True
,23,72,72,72,True
,24,92,92,92,True
,25,56,56,56,True
,26,48,48,48,True
,27,20,20,20,True
,28,20,20,20,True
,29,10,10,10,True
,30,5,5,5,True
,0,16,16,16,True
,1,16,16,16,True
,2,24,24,24,True
,3,16,16,16,True
,4,64,64,64,True
,5,56,56,56,True
,6,76,76,76,True
,7,48,48,48,True
,8,136,136,136,True
,9,112,112,112,True
,10,144,144,144,True
,11,88,88,88,True
,12,216,216,216,True
,13,172,172,172,True
,14,214,214,214,True
,15,128,128,128,True
,16,256,256,256,True
,17,192,192,192,True
,18,224,224,224,True
,19,128,128,128,True
,20,200,200,200,True
,21,136,136,136,True
,22,140,140,140,True
,23,72,72,72,True
,24,92,92,92,True
,25,56,56,56,True
,26,48,48,48,True
,27,20,20,20,True
,28,20,20,20,True
,29,10,10,10,True
,30,5,5,5,True
,0,16,16,16,True
,1,16,16,16,True
,2,24,24,24,True
,3,16,16,16,True
,4,64,64,64,True
,5,56,56,56,True
,6,76,76,76,True
,7,48,48,48,True
,8,136,136,136,True
,9,112,112,112,True
,10,144,144,144,True
,11,88,88,88,True
,12,216,216,216,True
,13,172,172,172,True
,14,214,214,214,True
,15,128,128,128,True
,16,256,256,256,True
,17,192,192,192,True
,18,224,224,224,True
,19,128,128,128,True
,20,200,200,200,True
,21,136,136,136,True
,22,140,140,140,True
,23,72,72,72,True
,24,92,92,92,True
,25,56,56,56,True
,26,48,48,48,True
,27,20,20,20,True
,28,20,20,20,True
,29,10,10,10,True
,30,5,5,5,True
,0,16,16,16,True
,1,16,16,16,True
,2,24,24,24,True
,3,16,16,16,True
,4,64,64,64,True
,5,56,56,56,True
,6,76,76,76,True
,7,48,48,48,True
,8,136,136,136,True
,9,112,112,112,True
,10,144,144,144,True
,11,88,88,88,True
,12,216,216,216,True
,13,172,172,172,True
,14,214,214,214,True
,15,128,128,128,True
,16,256,256,256,True
,17,192,192,192,True
,18,224,224,224,True
,19,128,128,128,True
,20,200,200,200,True
,21,136,136,136,True
,22,140,140,140,True
,23,72,72,72,True
,24,92,92,92,True
,25,56,56,56,True
,26,48,48,48,True
,27,20,20,20,True
,28,20,20,20,True
,29,10,10,10,True
,30,5,5,5,True
,0,16,16,16,True
,1,16,16,16,True
,2,24,24,24,True
,3,16,16,16,True
,4,64,64,64,True
,5,56,56,56,True
,6,76,76,76,True
,7,48,48,48,True
,8,136,136,136,True
,9,112,112,112,True
,10,144,144,144,True
,11,88,88,88,True
,12,216,216,216,True
,13,172,172,172,True
,14,214,214,214,True
,15,128,128,128,True
,16,256,256,256,True
,17,192,192,192,True
,18,224,224,224,True
,19,128,128,128,True
,20,200,200,200,True
,21,136,136,136,True
,22,140,140,140,True
,23,72,72,72,True
,24,92,92,92,True
,25,56,56,56,True
,26,48,48,48,True
,27,20,20,20,True
,28,20,20,20,True
,29,10,10,10,True
,30,5,5,5,True
,0,16,16,16,True
,1,16,16,16,True
,2,24,24,24,True
,3,16,16,16,True
,4,64,64,64,True
,5,56,56,56,True
,6,76,76,76,True
,7,48,48,48,True
,8,136,136,136,True
,9,112,112,112,True
,10,144,144,144,True
,11,88,88,88,True
,12,216,216,216,True
,13,172,172,172,True
,14,214,214,214,True
,15,128,128,128,True
,16,256,256,256,True
,17,192,192,192,True
,18,224,224,224,True
,19,128,128,128,True
,20,200,200,200,True
,21,136,136,136,True
,22,140,140,140,True
,23,72,72,72,True
,24,92,92,92,True
,25,56,56,56,True
,26,48,48,48,True
,27,20,20,20,True
,28,20,20,20,True
,29,10,10,10,True
,30,5,5,5,True
,0,16,16,16,True
,1,16,16,16,True
,2,24,24,24,True
,3,16,16,16,True
,4,64,64,64,True
,5,56,56,56,True
,6,76,76,76,True
,7,48,48,48,True
,8,136,136,136,True
,9,112,112,112,True
,10,144,144,144,True
,11,88,88,88,True
,12,216,216,216,True
,13,172,172,172,True
,14,214,214,214,True
,15,128,128,128,True
,16,256,256,256,True
,17,192,192,192,True
,18,224,224,224,True
,19,128,128,128,True
,20,200,200,200,True
,21,136,136,136,True
,22,140,140,140,True
,23,72,72,72,True
,24,92,92,92,True
,25,56,56,56,True
,26,48,48,48,True
,27,20,20,20,True
,28,20,20,20,True
,29,10,10,10,True
,30,5,5,5,True
,0,2,2,2,True
,0,2,2,2,True
,0,2,2,2,True
,0,2,2,2,True
,0,2,2,2,True
,0,2,2,2,True
,0,2,2,2,True
,0,2,2,2,True
,0,2,2,2,True
,0,2,2,2,True
,0,2,2,2,True
,0,2,2,2,True
,0,2,2,2,True
,0,2,2,2,True
,0,2,2,2,True
,0,2,2,2,True
,1,1,1,1,True
,0,2,2,2,True
,1,1,1,1,True
,0,2,2,2,True
,1,1,1,1,True
,0,2,2,2,True
,1,1,1,1,True
,0,2,2,2,True
,1,1,1,1,True
,0,2,2,2,True
,1,1,1,1,True
,0,2,2,2,True
,1,1,1,1,True
,0,2,2,2,True
,1,1,1,1,True
,0,2,2,2,True
,1,1,1,1,True
,0,2,2,2,True
,1,1,1,1,True
,0,2,2,2,True
,1,1,1,1,True
,0,2,2,2,True
,1,1,1,1,True
,0,2,2,2,True
,1,1,1,1,True
,0,2,2,2,True
,1,1,1,1,True
,0,2,2,2,True
,1,1,1,1,True
,0,4,4,4,True
,1,4,4,4,True
,0,8,8,8,True
,0,4,4,4,True
,1,4,4,4,True
,0,4,4,4,True
,1,4,4,4,True
,0,8,8,8,True
,0,4,4,4,True
,1,4,4,4,True
,0,4,4,4,True
,1,4,4,4,True
,0,8,8,8,True
,0,4,4,4,True
,1,4,4,4,True
,0,4,4,4,True
,1,4,4,4,True
,0,8,8,8,True
,0,2,2,2,True
,1,2,2,2,True
,2,1,1,1,True
,0,2,2,2,True
,1,2,2,2,True
,2,1,1,1,True
,0,2,2,2,True
,1,2,2,2,True
,2,1,1,1,True
,0,2,2,2,True
,1,2,2,2,True
,2,1,1,1,True
,0,2,2,2,True
,1,2,2,2,True
,2,1,1,1,True
,0,2,2,2,True
,1,2,2,2,True
,2,1,1,1,True
,0,2,2,2,True
,1,2,2,2,True
,2,1,1,1,True
,0,2,2,2,True
,1,2,2,2,True
,2,1,1,1,True
,0,2,2,2,True
,1,2,2,2,True
,2,1,1,1,True
,0,2,2,2,True
,1,2,2,2,True
,2,1,1,1,True
,0,2,2,2,True
,1,2,2,2,True
,2,1,1,1,True
,0,2,2,2,True
,1,2,2,2,True
,2,1,1,1,True
,0,2,2,2,True
,1,2,2,2,True
,2,1,1,1,True
,0,2,2,2,True
,1,2,2,2,True
,2,1,1,1,True
,0,2,2,2,True
,1,2,2,2,True
,2,1,1,1,True
,0,8,8,8,True
,1,16,16,16,True
,2,8,8,8,True
,0,4,4,4,True
,1,24,24,24,True
,2,4,4,4,True
,0,4,4,4,True
,1,24,24,24,True
,2,4,4,4,True
,0,32,32,32,True
,0,4,4,4,True
,1,24,24,24,True
,2,4,4,4,True
,0,4,4,4,True
,1,24,24,24,True
,2,4,4,4,True
,0,8,8,8,True
,1,16,16,16,True
,2,8,8,8,True
,0,8,8,8,True
,1,16,16,16,True
,2,8,8,8,True
,0,4,4,4,True
,1,24,24,24,True
,2,4,4,4,True
,0,4,4,4,True
,1,24,24,24,True
,2,4,4,4,True
,0,32,32,32,True
,0,4,4,4,True
,1,24,24,24,True
,2,4,4,4,True
,0,4,4,4,True
,1,24,24,24,True
,2,4,4,4,True
,0,4,4,4,True
,1,10,10,10,True
,2,10,10,10,True
,3,3,3,3,True
,0,8,8,8,True
,1,12,12,12,True
,2,6,6,6,True
,3,1,1,1,True
,0,4,4,4,True
,1,10,10,10,True
,2,10,10,10,True
,3,3,3,3,True
,0,4,4,4,True
,1,10,10,10,True
,2,10,10,10,True
,3,3,3,3,True
,0,8,8,8,True
,1,12,12,12,True
,2,6,6,6,True
,3,1,1,1,True
,0,4,4,4,True
,1,10,10,10,True
,2,10,10,10,True
,3,3,3,3,True
,0,4,4,4,True
,1,10,10,10,True
,2,10,10,10,True
,3,3,3,3,True
,0,8,8,8,True
,1,12,12,12,True
,2,6,6,6,True
,3,1,1,1,True
,0,4,4,4,True
,1,10,10,10,True
,2,10,10,10,True
,3,3,3,3,True
,0,4,4,4,True
,1,10,10,10,True
,2,10,10,10,True
,3,3,3,3,True
,0,8,8,8,True
,1,12,12,12,True
,2,6,6,6,True
,3,1,1,1,True
,0,4,4,4,True
,3,4,4,4,True
,0,4,4,4,True
,3,4,4,4,True
,0,4,4,4,True
,3,4,4,4,True
,0,4,4,4,True
,3,4,4,4,True
,0,4,4,4,True
,3,4,4,4,True
,0,4,4,4,True
,3,4,4,4,True
,0,4,4,4,True
,3,4,4,4,True
,0,4,4,4,True
,3,4,4,4,True
,0,4,4,4,True
,3,4,4,4,True
,0,4,4,4,True
,3,4,4,4,True
,0,4,4,4,True
,3,4,4,4,True
,0,4,4,4,True
,3,4,4,4,True
,0,4,4,4,True
,3,4,4,4,True
,0,4,4,4,True
,3,4,4,4,True
,0,4,4,4,True
,3,4,4,4,True
,0,2,2,2,True
,1,2,2,2,True
,2,2,2,2,True
,3,2,2,2,True
,4,1,1,1,True
,0,2,2,2,True
,1,2,2,2,True
,2,2,2,2,True
,3,2,2,2,True
,4,1,1,1,True
,0,2,2,2,True
,1,2,2,2,True
,2,2,2,2,True
,3,2,2,2,True
,4,1,1,1,True
,0,2,2,2,True
,1,2,2,2,True
,2,2,2,2,True
,3,2,2,2,True
,4,1,1,1,True
,0,2,2,2,True
,1,2,2,2,True
,2,2,2,2,True
,3,2,2,2,True
,4,1,1,1,True
,0,2,2,2,True
,1,2,2,2,True
,2,2,2,2,True
,3,2,2,2,True
,4,1,1,1,True
,0,2,2,2,True
,1,2,2,2,True
,2,2,2,2,True
,3,2,2,2,True
,4,1,1,1,True
,0,2,2,2,True
,1,2,2,2,True
,2,2,2,2,True
,3,2,2,2,True
,4,1,1,1,True
,0,2,2,2,True
,1,2,2,2,True
,2,2,2,2,True
,3,2,2,2,True
,4,1,1,1,True
,0,2,2,2,True
,1,2,2,2,True
,2,2,2,2,True
,3,2,2,2,True
,4,1,1,1,True
,0,2,2,2,True
,1,2,2,2,True
,2,2,2,2,True
,3,2,2,2,True
,4,1,1,1,True
,0,2,2,2,True
,1,2,2,2,True
,2,2,2,2,True
,3,2,2,2,True
,4,1,1,1,True
,0,2,2,2,True
,1,2,2,2,True
,2,2,2,2,True
,3,2,2,2,True
,4,1,1,1,True
,0,2,2,2,True
,1,2,2,2,True
,2,2,2,2,True
,3,2,2,2,True
,4,1,1,1,True
,0,2,2,2,True
,1,2,2,2,True
,2,2,2,2,True
,3,2,2,2,True
,4,1,1,1,True
,0,8,8,8,True
,1,8,8,8,True
,3,8,8,8,True
,4,8,8,8,True
,0,32,32,32,True
,0,8,8,8,True
,1,8,8,8,True
,3,8,8,8,True
,4,8,8,8,True
,0,8,8,8,True
,1,8,8,8,True
,3,8,8,8,True
,4,8,8,8,True
,0,32,32,32,True
,0,8,8,8,True
,1,8,8,8,True
,3,8,8,8,True
,4,8,8,8,True
,0,8,8,8,True
,1,8,8,8,True
,3,8,8,8,True
,4,8,8,8,True
,0,32,32,32,True
,0,8,8,8,True
,1,8,8,8,True
,3,8,8,8,True
,4,8,8,8,True
,0,8,8,8,True
,1,8,8,8,True
,3,8,8,8,True
,4,8,8,8,True
,0,32,32,32,True
,0,8,8,8,True
,1,36,36,36,True
,2,72,72,72,True
,3,76,76,76,True
,4,42,42,42,True
,5,9,9,9,True
,0,4,4,4,True
,1,18,18,18,True
,2,96,96,96,True
,3,92,92,92,True
,4,30,30,30,True
,5,3,3,3,True
,0,4,4,4,True
,1,18,18,18,True
,2,96,96,96,True
,3,92,92,92,True
,4,30,30,30,True
,5,3,3,3,True
,0,32,32,32,True
,1,80,80,80,True
,2,80,80,80,True
,3,40,40,40,True
,4,10,10,10,True
,5,1,1,1,True
,0,4,4,4,True
,1,18,18,18,True
,2,96,96,96,True
,3,92,92,92,True
,4,30,30,30,True
,5,3,3,3,True
,0,4,4,4,True
,1,18,18,18,True
,2,96,96,96,True
,3,92,92,92,True
,4,30,30,30,True
,5,3,3,3,True
,0,8,8,8,True
,1,36,36,36,True
,2,72,72,72,True
,3,76,76,76,True
,4,42,42,42,True
,5,9,9,9,True
,0,8,8,8,True
,1,36,36,36,True
,2,72,72,72,True
,3,76,76,76,True
,4,42,42,42,True
,5,9,9,9,True
,0,4,4,4,True
,1,18,18,18,True
,2,96,96,96,True
,3,92,92,92,True
,4,30,30,30,True
,5,3,3,3,True
,0,4,4,4,True
,1,18,18,18,True
,2,96,96,96,True
,3,92,92,92,True
,4,30,30,30,True
,5,3,3,3,True
,0,32,32,32,True
,1,80,80,80,True
,2,80,80,80,True
,3,40,40,40,True
,4,10,10,10,True
,5,1,1,1,True
,0,4,4,4,True
,1,18,18,18,True
,2,96,96,96,True
,3,92,92,92,True
,4,30,30,30,True
,5,3,3,3,True
,0,4,4,4,True
,1,18,18,18,True
,2,96,96,96,True
,3,92,92,92,True
,4,30,30,30,True
,5,3,3,3,True
,0,4,4,4,True
,5,4,4,4,True
,0,8,8,8,True
,0,8,8,8,True
,0,4,4,4,True
,5,4,4,4,True
,0,4,4,4,True
,5,4,4,4,True
,0,8,8,8,True
,0,8,8,8,True
,0,4,4,4,True
,5,4,4,4,True
,0,4,4,4,True
,5,4,4,4,True
,0,8,8,8,True
,0,8,8,8,True
,0,4,4,4,True
,5,4,4,4,True
,0,4,4,4,True
,5,4,4,4,True
,0,8,8,8,True
,0,8,8,8,True
,0,4,4,4,True
,1,12,12,12,True
,2,22,22,22,True
,3,32,32,32,True
,4,32,32,32,True
,5,18,18,18,True
,6,5,5,5,True
,0,8,8,8,True
,1,24,24,24,True
,2,36,36,36,True
,3,32,32,32,True
,4,18,18,18,True
,5,6,6,6,True
,6,1,1,1,True
,0,4,4,4,True
,1,12,12,12,True
,2,22,22,22,True
,3,32,32,32,True
,4,32,32,32,True
,5,18,18,18,True
,6,5,5,5,True
,0,4,4,4,True
,1,12,12,12,True
,2,22,22,22,True
,3,32,32,32,True
,4,32,32,32,True
,5,18,18,18,True
,6,5,5,5,True
,0,8,8,8,True
,1,24,24,24,True
,2,36,36,36,True
,3,32,32,32,True
,4,18,18,18,True
,5,6,6,6,True
,6,1,1,1,True
,0,4,4,4,True
,1,12,12,12,True
,2,22,22,22,True
,3,32,32,32,True
,4,32,32,32,True
,5,18,18,18,True
,6,5,5,5,True
,0,4,4,4,True
,1,12,12,12,True
,2,22,22,22,True
,3,32,32,32,True
,4,32,32,32,True
,5,18,18,18,True
,6,5,5,5,True
,0,8,8,8,True
,1,24,24,24,True
,2,36,36,36,True
,3,32,32,32,True
,4,18,18,18,True
,5,6,6,6,True
,6,1,1,1,True
,0,4,4,4,True
,1,12,12,12,True
,2,22,22,22,True
,3,32,32,32,True
,4,32,32,32,True
,5,18,18,18,True
,6,5,5,5,True
,0,4,4,4,True
,1,12,12,12,True
,2,22,22,22,True
,3,32,32,32,True
,4,32,32,32,True
,5,18,18,18,True
,6,5,5,5,True
,0,8,8,8,True
,1,24,24,24,True
,2,36,36,36,True
,3,32,32,32,True
,4,18,18,18,True
,5,6,6,6,True
,6,1,1,1,True
,0,8,8,8,True
,3,16,16,16,True
,6,8,8,8,True
,0,4,4,4,True
,3,24,24,24,True
,6,4,4,4,True
,0,4,4,4,True
,3,24,24,24,True
,6,4,4,4,True
,0,32,32,32,True
,0,32,32,32,True
,0,4,4,4,True
,3,24,24,24,True
,6,4,4,4,True
,0,4,4,4,True
,3,24,24,24,True
,6,4,4,4,True
,0,8,8,8,True
,3,16,16,16,True
,6,8,8,8,True
,0,8,8,8,True
,3,16,16,16,True
,6,8,8,8,True
,0,4,4,4,True
,3,24,24,24,True
,6,4,4,4,True
,0,4,4,4,True
,3,24,24,24,True
,6,4,4,4,True
,0,32,32,32,True
,0,32,32,32,True
,0,4,4,4,True
,3,24,24,24,True
,6,4,4,4,True
,0,4,4,4,True
,3,24,24,24,True
,6,4,4,4,True
,0,4,4,4,True
,1,2,2,2,True
,3,8,8,8,True
,4,4,4,4,True
,6,6,6,6,True
,7,3,3,3,True
,0,4,4,4,True
,1,2,2,2,True
,3,8,8,8,True
,4,4,4,4,True
,6,6,6,6,True
,7,3,3,3,True
,0,4,4,4,True
,1,2,2,2,True
,3,8,8,8,True
,4,4,4,4,True
,6,6,6,6,True
,7,3,3,3,True
,0,4,4,4,True
,1,2,2,2,True
,3,8,8,8,True
,4,4,4,4,True
,6,6,6,6,True
,7,3,3,3,True
,0,4,4,4,True
,1,2,2,2,True
,3,8,8,8,True
,4,4,4,4,True
,6,6,6,6,True
,7,3,3,3,True
,0,4,4,4,True
,1,2,2,2,True
,3,8,8,8,True
,4,4,4,4,True
,6,6,6,6,True
,7,3,3,3,True
,0,4,4,4,True
,1,2,2,2,True
,3,8,8,8,True
,4,4,4,4,True
,6,6,6,6,True
,7,3,3,3,True
,0,4,4,4,True
,1,2,2,2,True
,3,8,8,8,True
,4,4,4,4,True
,6,6,6,6,True
,7,3,3,3,True
,0,4,4,4,True
,1,2,2,2,True
,3,8,8,8,True
,4,4,4,4,True
,6,6,6,6,True
,7,3,3,3,True
,0,4,4,4,True
,1,2,2,2,True
,3,8,8,8,True
,4,4,4,4,True
,6,6,6,6,True
,7,3,3,3,True
,0,4,4,4,True
,1,2,2,2,True
,3,8,8,8,True
,4,4,4,4,True
,6,6,6,6,True
,7,3,3,3,True
,0,4,4,4,True
,1,2,2,2,True
,3,8,8,8,True
,4,4,4,4,True
,6,6,6,6,True
,7,3,3,3,True
,0,4,4,4,True
,1,2,2,2,True
,3,8,8,8,True
,4,4,4,4,True
,6,6,6,6,True
,7,3,3,3,True
,0,4,4,4,True
,1,2,2,2,True
,3,8,8,8,True
,4,4,4,4,True
,6,6,6,6,True
,7,3,3,3,True
,0,4,4,4,True
,1,2,2,2,True
,3,8,8,8,True
,4,4,4,4,True
,6,6,6,6,True
,7,3,3,3,True
,0,256,256,256,True
,1,1792,1792,1792,True
,2,5376,5376,5376,True
,3,8960,8960,8960,True
,4,8960,8960,8960,True
,5,5376,5376,5376,True
,6,1792,1792,1792,True
,7,256,256,256,True
,0,64,64,64,True
,1,1152,1152,1152,True
,2,7104,7104,7104,True
,3,16128,16128,16128,True
,4,7104,7104,7104,True
,5,1152,1152,1152,True
,6,64,64,64,True
,0,1024,1024,1024,True
,1,5120,5120,5120,True
,2,10240,10240,10240,True
,3,10240,10240,10240,True
,4,5120,5120,5120,True
,5,1024,1024,1024,True
,0,64,64,64,True
,1,1152,1152,1152,True
,2,7104,7104,7104,True
,3,16128,16128,16128,True
,4,7104,7104,7104,True
,5,1152,1152,1152,True
,6,64,64,64,True
,0,256,256,256,True
,1,1792,1792,1792,True
,2,5376,5376,5376,True
,3,8960,8960,8960,True
,4,8960,8960,8960,True
,5,5376,5376,5376,True
,6,1792,1792,1792,True
,7,256,256,256,True
,0,256,256,256,True
,1,1792,1792,1792,True
,2,5376,5376,5376,True
,3,8960,8960,8960,True
,4,8960,8960,8960,True
,5,5376,5376,5376,True
,6,1792,1792,1792,True
,7,256,256,256,True
,0,64,64,64,True
,1,1152,1152,1152,True
,2,7104,7104,7104,True
,3,16128,16128,16128,True
,4,7104,7104,7104,True
,5,1152,1152,1152,True
,6,64,64,64,True
,0,1024,1024,1024,True
,1,5120,5120,5120,True
,2,10240,10240,10240,True
,3,10240,10240,10240,True
,4,5120,5120,5120,True
,5,1024,1024,1024,True
,0,64,64,64,True
,1,1152,1152,1152,True
,2,7104,7104,7104,True
,3,16128,16128,16128,True
,4,7104,7104,7104,True
,5,1152,1152,1152,True
,6,64,64,64,True
,0,2,2,2,True
,1,2,2,2,True
,2,2,2,2,True
,3,2,2,2,True
,4,2,2,2,True
,5,2,2,2,True
,6,2,2,2,True
,7,2,2,2,True
,8,1,1,1,True
,0,2,2,2,True
,1,2,2,2,True
,2,2,2,2,True
,3,2,2,2,True
,4,2,2,2,True
,5,2,2,2,True
,6,2,2,2,True
,7,2,2,2,True
,8,1,1,1,True
,0,2,2,2,True
,1,2,2,2,True
,2,2,2,2,True
,3,2,2,2,True
,4,2,2,2,True
,5,2,2,2,True
,6,2,2,2,True
,7,2,2,2,True
,8,1,1,1,True
,0,2,2,2,True
,1,2,2,2,True
,2,2,2,2,True
,3,2,2,2,True
,4,2,2,2,True
,5,2,2,2,True
,6,2,2,2,True
,7,2,2,2,True
,8,1,1,1,True
,0,2,2,2,True
,1,2,2,2,True
,2,2,2,2,True
,3,2,2,2,True
,4,2,2,2,True
,5,2,2,2,True
,6,2,2,2,True
,7,2,2,2,True
,8,1,1,1,True
,0,2,2,2,True
,1,2,2,2,True
,2,2,2,2,True
,3,2,2,2,True
,4,2,2,2,True
,5,2,2,2,True
,6,2,2,2,True
,7,2,2,2,True
,8,1,1,1,True
,0,2,2,2,True
,1,2,2,2,True
,2,2,2,2,True
,3,2,2,2,True
,4,2,2,2,True
,5,2,2,2,True
,6,2,2,2,True
,7,2,2,2,True
,8,1,1,1,True
,0,2,2,2,True
,1,2,2,2,True
,2,2,2,2,True
,3,2,2,2,True
,4,2,2,2,True
,5,2,2,2,True
,6,2,2,2,True
,7,2,2,2,True
,8,1,1,1,True
,0,2,2,2,True
,1,2,2,2,True
,2,2,2,2,True
,3,2,2,2,True
,4,2,2,2,True
,5,2,2,2,True
,6,2,2,2,True
,7,2,2,2,True
,8,1,1,1,True
,0,2,2,2,True
,1,2,2,2,True
,2,2,2,2,True
,3,2,2,2,True
,4,2,2,2,True
,5,2,2,2,True
,6,2,2,2,True
,7,2,2,2,True
,8,1,1,1,True
,0,2,2,2,True
,1,2,2,2,True
,2,2,2,2,True
,3,2,2,2,True
,4,2,2,2,True
,5,2,2,2,True
,6,2,2,2,True
,7,2,2,2,True
,8,1,1,1,True
,0,2,2,2,True
,1,2,2,2,True
,2,2,2,2,True
,3,2,2,2,True
,4,2,2,2,True
,5,2,2,2,True
,6,2,2,2,True
,7,2,2,2,True
,8,1,1,1,True
,0,2,2,2,True
,1,2,2,2,True
,2,2,2,2,True
,3,2,2,2,True
,4,2,2,2,True
,5,2,2,2,True
,6,2,2,2,True
,7,2,2,2,True
,8,1,1,1,True
,0,2,2,2,True
,1,2,2,2,True
,2,2,2,2,True
,3,2,2,2,True
,4,2,2,2,True
,5,2,2,2,True
,6,2,2,2,True
,7,2,2,2,True
,8,1,1,1,True
,0,2,2,2,True
,1,2,2,2,True
,2,2,2,2,True
,3,2,2,2,True
,4,2,2,2,True
,5,2,2,2,True
,6,2,2,2,True
,7,2,2,2,True
,8,1,1,1,True
,0,8,8,8,True
,1,20,20,20,True
,2,20,20,20,True
,3,22,22,22,True
,4,40,40,40,True
,5,40,40,40,True
,6,24,24,24,True
,7,30,30,30,True
,8,30,30,30,True
,9,9,9,9,True
,0,32,32,32,True
,1,48,48,48,True
,2,24,24,24,True
,3,36,36,36,True
,4,48,48,48,True
,5,24,24,24,True
,6,12,12,12,True
,7,12,12,12,True
,8,6,6,6,True
,9,1,1,1,True
,0,8,8,8,True
,1,20,20,20,True
,2,20,20,20,True
,3,22,22,22,True
,4,40,40,40,True
,5,40,40,40,True
,6,24,24,24,True
,7,30,30,30,True
,8,30,30,30,True
,9,9,9,9,True
,0,8,8,8,True
,1,20,20,20,True
,2,20,20,20,True
,3,22,22,22,True
,4,40,40,40,True
,5,40,40,40,True
,6,24,24,24,True
,7,30,30,30,True
,8,30,30,30,True
,9,9,9,9,True
,0,32,32,32,True
,1,48,48,48,True
,2,24,24,24,True
,3,36,36,36,True
,4,48,48,48,True
,5,24,24,24,True
,6,12,12,12,True
,7,12,12,12,True
,8,6,6,6,True
,9,1,1,1,True
,0,8,8,8,True
,1,20,20,20,True
,2,20,20,20,True
,3,22,22,22,True
,4,40,40,40,True
,5,40,40,40,True
,6,24,24,24,True
,7,30,30,30,True
,8,30,30,30,True
,9,9,9,9,True
,0,8,8,8,True
,1,20,20,20,True
,2,20,20,20,True
,3,22,22,22,True
,4,40,40,40,True
,5,40,40,40,True
,6,24,24,24,True
,7,30,30,30,True
,8,30,30,30,True
,9,9,9,9,True
,0,32,32,32,True
,1,48,48,48,True
,2,24,24,24,True
,3,36,36,36,True
,4,48,48,48,True
,5,24,24,24,True
,6,12,12,12,True
,7,12,12,12,True
,8,6,6,6,True
,9,1,1,1,True
,0,8,8,8,True
,1,20,20,20,True
,2,20,20,20,True
,3,22,22,22,True
,4,40,40,40,True
,5,40,40,40,True
,6,24,24,24,True
,7,30,30,30,True
,8,30,30,30,True
,9,9,9,9,True
,0,8,8,8,True
,1,20,20,20,True
,2,20,20,20,True
,3,22,22,22,True
,4,40,40,40,True
,5,40,40,40,True
,6,24,24,24,True
,7,30,30,30,True
,8,30,30,30,True
,9,9,9,9,True
,0,32,32,32,True
,1,48,48,48,True
,2,24,24,24,True
,3,36,36,36,True
,4,48,48,48,True
,5,24,24,24,True
,6,12,12,12,True
,7,12,12,12,True
,8,6,6,6,True
,9,1,1,1,True
,0,4,4,4,True
,9,4,4,4,True
,0,8,8,8,True
,0,8,8,8,True
,0,4,4,4,True
,9,4,4,4,True
,0,4,4,4,True
,9,4,4,4,True
,0,8,8,8,True
,0,8,8,8,True
,0,4,4,4,True
,9,4,4,4,True
,0,4,4,4,True
,9,4,4,4,True
,0,8,8,8,True
,0,8,8,8,True
,0,4,4,4,True
,9,4,4,4,True
,0,4,4,4,True
,9,4,4,4,True
,0,8,8,8,True
,0,8,8,8,True
,0,8,8,8,True
,1,40,40,40,True
,2,116,116,116,True
,3,256,256,256,True
,4,440,440,440,True
,5,592,592,592,True
,6,640,640,640,True
,7,544,544,544,True
,8,334,334,334,True
,9,130,130,130,True
,10,25,25,25,True
,0,4,4,4,True
,1,20,20,20,True
,2,58,58,58,True
,3,128,128,128,True
,4,464,464,464,True
,5,788,788,788,True
,6,822,822,822,True
,7,544,544,544,True
,8,234,234,234,True
,9,58,58,58,True
,10,5,5,5,True
,0,4,4,4,True
,1,20,20,20,True
,2,58,58,58,True
,3,128,128,128,True
,4,464,464,464,True
,5,788,788,788,True
,6,822,822,822,True
,7,544,544,544,True
,8,234,234,234,True
,9,58,58,58,True
,10,5,5,5,True
,0,32,32,32,True
,1,160,160,160,True
,2,400,400,400,True
,3,640,640,640,True
,4,720,720,720,True
,5,592,592,592,True
,6,360,360,360,True
,7,160,160,160,True
,8,50,50,50,True
,9,10,10,10,True
,10,1,1,1,True
,0,4,4,4,True
,1,20,20,20,True
,2,58,58,58,True
,3,128,128,128,True
,4,464,464,464,True
,5,788,788,788,True
,6,822,822,822,True
,7,544,544,544,True
,8,234,234,234,True
,9,58,58,58,True
,10,5,5,5,True
,0,4,4,4,True
,1,20,20,20,True
,2,58,58,58,True
,3,128,128,128,True
,4,464,464,464,True
,5,788,788,788,True
,6,822,822,822,True
,7,544,544,544,True
,8,234,234,234,True
,9,58,58,58,True
,10,5,5,5,True
,0,8,8,8,True
,1,40,40,40,True
,2,116,116,116,True
,3,256,256,256,True
,4,440,440,440,True
,5,592,592,592,True
,6,640,640,640,True
,7,544,544,544,True
,8,334,334,334,True
,9,130,130,130,True
,10,25,25,25,True
,0,8,8,8,True
,1,40,40,40,True
,2,116,116,116,True
,3,256,256,256,True
,4,440,440,440,True
,5,592,592,592,True
,6,640,640,640,True
,7,544,544,544,True
,8,334,334,334,True
,9,130,130,130,True
,10,25,25,25,True
,0,4,4,4,True
,1,20,20,20,True
,2,58,58,58,True
,3,128,128,128,True
,4,464,464,464,True
,5,788,788,788,True
,6,822,822,822,True
,7,544,544,544,True
,8,234,234,234,True
,9,58,58,58,True
,10,5,5,5,True
,0,4,4,4,True
,1,20,20,20,True
,2,58,58,58,True
,3,128,128,128,True
,4,464,464,464,True
,5,788,788,788,True
,6,822,822,822,True
,7,544,544,544,True
,8,234,234,234,True
,9,58,58,58,True
,10,5,5,5,True
,0,32,32,32,True
,1,160,160,160,True
,2,400,400,400,True
,3,640,640,640,True
,4,720,720,720,True
,5,592,592,592,True
,6,360,360,360,True
,7,160,160,160,True
,8,50,50,50,True
,9,10,10,10,True
,10,1,1,1,True
,0,4,4,4,True
,1,20,20,20,True
,2,58,58,58,True
,3,128,128,128,True
,4,464,464,464,True
,5,788,788,788,True
,6,822,822,822,True
,7,544,544,544,True
,8,234,234,234,True
,9,58,58,58,True
,10,5,5,5,True
,0,4,4,4,True
,1,20,20,20,True
,2,58,58,58,True
,3,128,128,128,True
,4,464,464,464,True
,5,788,788,788,True
,6,822,822,822,True
,7,544,544,544,True
,8,234,234,234,True
,9,58,58,58,True
,10,5,5,5,True
,0,32,32,32,True
,1,32,32,32,True
,3,96,96,96,True
,4,96,96,96,True
,6,96,96,96,True
,7,96,96,96,True
,9,32,32,32,True
,10,32,32,32,True
,0,64,64,64,True
,3,192,192,192,True
,6,192,192,192,True
,9,64,64,64,True
,0,32,32,32,True
,1,32,32,32,True
,3,96,96,96,True
,4,96,96,96,True
,6,96,96,96,True
,7,96,96,96,True
,9,32,32,32,True
,10,32,32,32,True
,0,32,32,32,True
,1,32,32,32,True
,3,96,96,96,True
,4,96,96,96,True
,6,96,96,96,True
,7,96,96,96,True
,9,32,32,32,True
,10,32,32,32,True
,0,64,64,64,True
,3,192,192,192,True
,6,192,192,192,True
,9,64,64,64,True
,0,32,32,32,True
,1,32,32,32,True
,3,96,96,96,True
,4,96,96,96,True
,6,96,96,96,True
,7,96,96,96,True
,9,32,32,32,True
,10,32,32,32,True
,0,32,32,32,True
,1,32,32,32,True
,3,96,96,96,True
,4,96,96,96,True
,6,96,96,96,True
,7,96,96,96,True
,9,32,32,32,True
,10,32,32,32,True
,0,64,64,64,True
,3,192,192,192,True
,6,192,192,192,True
,9,64,64,64,True
,0,32,32,32,True
,1,32,32,32,True
,3,96,96,96,True
,4,96,96,96,True
,6,96,96,96,True
,7,96,96,96,True
,9,32,32,32,True
,10,32,32,32,True
,0,32,32,32,True
,1,32,32,32,True
,3,96,96,96,True
,4,96,96,96,True
,6,96,96,96,True
,7,96,96,96,True
,9,32,32,32,True
,10,32,32,32,True
,0,64,64,64,True
,3,192,192,192,True
,6,192,192,192,True
,9,64,64,64,True
,0,4,4,4,True
,1,2,2,2,True
,5,8,8,8,True
,6,4,4,4,True
,10,6,6,6,True
,11,3,3,3,True
,0,8,8,8,True
,1,4,4,4,True
,5,8,8,8,True
,6,4,4,4,True
,10,2,2,2,True
,11,1,1,1,True
,0,8,8,8,True
,1,4,4,4,True
,5,8,8,8,True
,6,4,4,4,True
,10,2,2,2,True
,11,1,1,1,True
,0,4,4,4,True
,1,2,2,2,True
,5,8,8,8,True
,6,4,4,4,True
,10,6,6,6,True
,11,3,3,3,True
,0,4,4,4,True
,1,2,2,2,True
,5,8,8,8,True
,6,4,4,4,True
,10,6,6,6,True
,11,3,3,3,True
,0,8,8,8,True
,1,4,4,4,True
,5,8,8,8,True
,6,4,4,4,True
,10,2,2,2,True
,11,1,1,1,True
,0,8,8,8,True
,1,4,4,4,True
,5,8,8,8,True
,6,4,4,4,True
,10,2,2,2,True
,11,1,1,1,True
,0,4,4,4,True
,1,2,2,2,True
,5,8,8,8,True
,6,4,4,4,True
,10,6,6,6,True
,11,3,3,3,True
,0,4,4,4,True
,1,2,2,2,True
,5,8,8,8,True
,6,4,4,4,True
,10,6,6,6,True
,11,3,3,3,True
,0,8,8,8,True
,1,4,4,4,True
,5,8,8,8,True
,6,4,4,4,True
,10,2,2,2,True
,11,1,1,1,True
,0,8,8,8,True
,1,4,4,4,True
,5,8,8,8,True
,6,4,4,4,True
,10,2,2,2,True
,11,1,1,1,True
,0,4,4,4,True
,1,2,2,2,True
,5,8,8,8,True
,6,4,4,4,True
,10,6,6,6,True
,11,3,3,3,True
,0,4,4,4,True
,1,2,2,2,True
,5,8,8,8,True
,6,4,4,4,True
,10,6,6,6,True
,11,3,3,3,True
,0,8,8,8,True
,1,4,4,4,True
,5,8,8,8,True
,6,4,4,4,True
,10,2,2,2,True
,11,1,1,1,True
,0,8,8,8,True
,1,4,4,4,True
,5,8,8,8,True
,6,4,4,4,True
,10,2,2,2,True
,11,1,1,1,True
,0,4,4,4,True
,11,4,4,4,True
,0,4,4,4,True
,11,4,4,4,True
,0,4,4,4,True
,11,4,4,4,True
,0,4,4,4,True
,11,4,4,4,True
,0,4,4,4,True
,11,4,4,4,True
,0,4,4,4,True
,11,4,4,4,True
,0,4,4,4,True
,11,4,4,4,True
,0,4,4,4,True
,11,4,4,4,True
,0,4,4,4,True
,11,4,4,4,True
,0,4,4,4,True
,11,4,4,4,True
,0,4,4,4,True
,11,4,4,4,True
,0,4,4,4,True
,11,4,4,4,True
,0,4,4,4,True
,11,4,4,4,True
,0,4,4,4,True
,11,4,4,4,True
,0,4,4,4,True
,11,4,4,4,True
,0,4,4,4,True
,1,12,12,12,True
,2,24,24,24,True
,3,40,40,40,True
,4,58,58,58,True
,5,76,76,76,True
,6,94,94,94,True
,7,112,112,112,True
,8,112,112,112,True
,9,90,90,90,True
,10,64,64,64,True
,11,34,34,34,True
,12,9,9,9,True
,0,8,8,8,True
,1,24,24,24,True
,2,48,48,48,True
,3,80,80,80,True
,4,108,108,108,True
,5,120,120,120,True
,6,116,116,116,True
,7,96,96,96,True
,8,66,66,66,True
,9,38,38,38,True
,10,18,18,18,True
,11,6,6,6,True
,12,1,1,1,True
,0,4,4,4,True
,1,12,12,12,True
,2,24,24,24,True
,3,40,40,40,True
,4,58,58,58,True
,5,76,76,76,True
,6,94,94,94,True
,7,112,112,112,True
,8,112,112,112,True
,9,90,90,90,True
,10,64,64,64,True
,11,34,34,34,True
,12,9,9,9,True
,0,4,4,4,True
,1,12,12,12,True
,2,24,24,24,True
,3,40,40,40,True
,4,58,58,58,True
,5,76,76,76,True
,6,94,94,94,True
,7,112,112,112,True
,8,112,112,112,True
,9,90,90,90,True
,10,64,64,64,True
,11,34,34,34,True
,12,9,9,9,True
,0,8,8,8,True
,1,24,24,24,True
,2,48,48,48,True
,3,80,80,80,True
,4,108,108,108,True
,5,120,120,120,True
,6,116,116,116,True
,7,96,96,96,True
,8,66,66,66,True
,9,38,38,38,True
,10,18,18,18,True
,11,6,6,6,True
,12,1,1,1,True
,0,4,4,4,True
,1,12,12,12,True
,2,24,24,24,True
,3,40,40,40,True
,4,58,58,58,True
,5,76,76,76,True
,6,94,94,94,True
,7,112,112,112,True
,8,112,112,112,True
,9,90,90,90,True
,10,64,64,64,True
,11,34,34,34,True
,12,9,9,9,True
,0,4,4,4,True
,1,12,12,12,True
,2,24,24,24,True
,3,40,40,40,True
,4,58,58,58,True
,5,76,76,76,True
,6,94,94,94,True
,7,112,112,112,True
,8,112,112,112,True
,9,90,90,90,True
,10,64,64,64,True
,11,34,34,34,True
,12,9,9,9,True
,0,8,8,8,True
,1,24,24,24,True
,2,48,48,48,True
,3,80,80,80,True
,4,108,108,108,True
,5,120,120,120,True
,6,116,116,116,True
,7,96,96,96,True
,8,66,66,66,True
,9,38,38,38,True
,10,18,18,18,True
,11,6,6,6,True
,12,1,1,1,True
,0,4,4,4,True
,1,12,12,12,True
,2,24,24,24,True
,3,40,40,40,True
,4,58,58,58,True
,5,76,76,76,True
,6,94,94,94,True
,7,112,112,112,True
,8,112,112,112,True
,9,90,90,90,True
,10,64,64,64,True
,11,34,34,34,True
,12,9,9,9,True
,0,4,4,4,True
,1,12,12,12,True
,2,24,24,24,True
,3,40,40,40,True
,4,58,58,58,True
,5,76,76,76,True
,6,94,94,94,True
,7,112,112,112,True
,8,112,112,112,True
,9,90,90,90,True
,10,64,64,64,True
,11,34,34,34,True
,12,9,9,9,True
,0,8,8,8,True
,1,24,24,24,True
,2,48,48,48,True
,3,80,80,80,True
,4,108,108,108,True
,5,120,120,120,True
,6,116,116,116,True
,7,96,96,96,True
,8,66,66,66,True
,9,38,38,38,True
,10,18,18,18,True
,11,6,6,6,True
,12,1,1,1,True
,0,32,32,32,True
,1,64,64,64,True
,2,32,32,32,True
,5,64,64,64,True
,6,128,128,128,True
,7,64,64,64,True
,10,32,32,32,True
,11,64,64,64,True
,12,32,32,32,True
,0,8,8,8,True
,1,48,48,48,True
,2,8,8,8,True
,5,48,48,48,True
,6,288,288,288,True
,7,48,48,48,True
,10,8,8,8,True
,11,48,48,48,True
,12,8,8,8,True
,0,8,8,8,True
,1,48,48,48,True
,2,8,8,8,True
,5,48,48,48,True
,6,288,288,288,True
,7,48,48,48,True
,10,8,8,8,True
,11,48,48,48,True
,12,8,8,8,True
,0,512,512,512,True
,0,8,8,8,True
,1,48,48,48,True
,2,8,8,8,True
,5,48,48,48,True
,6,288,288,288,True
,7,48,48,48,True
,10,8,8,8,True
,11,48,48,48,True
,12,8,8,8,True
,0,8,8,8,True
,1,48,48,48,True
,2,8,8,8,True
,5,48,48,48,True
,6,288,288,288,True
,7,48,48,48,True
,10,8,8,8,True
,11,48,48,48,True
,12,8,8,8,True
,0,32,32,32,True
,1,64,64,64,True
,2,32,32,32,True
,5,64,64,64,True
,6,128,128,128,True
,7,64,64,64,True
,10,32,32,32,True
,11,64,64,64,True
,12,32,32,32,True
,0,32,32,32,True
,1,64,64,64,True
,2,32,32,32,True
,5,64,64,64,True
,6,128,128,128,True
,7,64,64,64,True
,10,32,32,32,True
,11,64,64,64,True
,12,32,32,32,True
,0,8,8,8,True
,1,48,48,48,True
,2,8,8,8,True
,5,48,48,48,True
,6,288,288,288,True
,7,48,48,48,True
,10,8,8,8,True
,11,48,48,48,True
,12,8,8,8,True
,0,8,8,8,True
,1,48,48,48,True
,2,8,8,8,True
,5,48,48,48,True
,6,288,288,288,True
,7,48,48,48,True
,10,8,8,8,True
,11,48,48,48,True
,12,8,8,8,True
,0,512,512,512,True
,0,8,8,8,True
,1,48,48,48,True
,2,8,8,8,True
,5,48,48,48,True
,6,288,288,288,True
,7,48,48,48,True
,10,8,8,8,True
,11,48,48,48,True
,12,8,8,8,True
,0,8,8,8,True
,1,48,48,48,True
,2,8,8,8,True
,5,48,48,48,True
,6,288,288,288,True
,7,48,48,48,True
,10,8,8,8,True
,11,48,48,48,True
,12,8,8,8,True
,0,8,8,8,True
,1,4,4,4,True
,3,32,32,32,True
,4,16,16,16,True
,6,56,56,56,True
,7,28,28,28,True
,9,48,48,48,True
,10,24,24,24,True
,12,18,18,18,True
,13,9,9,9,True
,0,4,4,4,True
,1,2,2,2,True
,3,16,16,16,True
,4,8,8,8,True
,6,88,88,88,True
,7,44,44,44,True
,9,48,48,48,True
,10,24,24,24,True
,12,6,6,6,True
,13,3,3,3,True
,0,4,4,4,True
,1,2,2,2,True
,3,16,16,16,True
,4,8,8,8,True
,6,88,88,88,True
,7,44,44,44,True
,9,48,48,48,True
,10,24,24,24,True
,12,6,6,6,True
,13,3,3,3,True
,0,32,32,32,True
,1,16,16,16,True
,3,64,64,64,True
,4,32,32,32,True
,6,48,48,48,True
,7,24,24,24,True
,9,16,16,16,True
,10,8,8,8,True
,12,2,2,2,True
,13,1,1,1,True
,0,32,32,32,True
,1,16,16,16,True
,3,64,64,64,True
,4,32,32,32,True
,6,48,48,48,True
,7,24,24,24,True
,9,16,16,16,True
,10,8,8,8,True
,12,2,2,2,True
,13,1,1,1,True
,0,4,4,4,True
,1,2,2,2,True
,3,16,16,16,True
,4,8,8,8,True
,6,88,88,88,True
,7,44,44,44,True
,9,48,48,48,True
,10,24,24,24,True
,12,6,6,6,True
,13,3,3,3,True
,0,4,4,4,True
,1,2,2,2,True
,3,16,16,16,True
,4,8,8,8,True
,6,88,88,88,True
,7,44,44,44,True
,9,48,48,48,True
,10,24,24,24,True
,12,6,6,6,True
,13,3,3,3,True
,0,8,8,8,True
,1,4,4,4,True
,3,32,32,32,True
,4,16,16,16,True
,6,56,56,56,True
,7,28,28,28,True
,9,48,48,48,True
,10,24,24,24,True
,12,18,18,18,True
,13,9,9,9,True
,0,8,8,8,True
,1,4,4,4,True
,3,32,32,32,True
,4,16,16,16,True
,6,56,56,56,True
,7,28,28,28,True
,9,48,48,48,True
,10,24,24,24,True
,12,18,18,18,True
,13,9,9,9,True
,0,4,4,4,True
,1,2,2,2,True
,3,16,16,16,True
,4,8,8,8,True
,6,88,88,88,True
,7,44,44,44,True
,9,48,48,48,True
,10,24,24,24,True
,12,6,6,6,True
,13,3,3,3,True
,0,4,4,4,True
,1,2,2,2,True
,3,16,16,16,True
,4,8,8,8,True
,6,88,88,88,True
,7,44,44,44,True
,9,48,48,48,True
,10,24,24,24,True
,12,6,6,6,True
,13,3,3,3,True
,0,32,32,32,True
,1,16,16,16,True
,3,64,64,64,True
,4,32,32,32,True
,6,48,48,48,True
,7,24,24,24,True
,9,16,16,16,True
,10,8,8,8,True
,12,2,2,2,True
,13,1,1,1,True
,0,32,32,32,True
,1,16,16,16,True
,3,64,64,64,True
,4,32,32,32,True
,6,48,48,48,True
,7,24,24,24,True
,9,16,16,16,True
,10,8,8,8,True
,12,2,2,2,True
,13,1,1,1,True
,0,4,4,4,True
,1,2,2,2,True
,3,16,16,16,True
,4,8,8,8,True
,6,88,88,88,True
,7,44,44,44,True
,9,48,48,48,True
,10,24,24,24,True
,12,6,6,6,True
,13,3,3,3,True
,0,4,4,4,True
,1,2,2,2,True
,3,16,16,16,True
,4,8,8,8,True
,6,88,88,88,True
,7,44,44,44,True
,9,48,48,48,True
,10,24,24,24,True
,12,6,6,6,True
,13,3,3,3,True
,0,16,16,16,True
,1,16,16,16,True
,3,16,16,16,True
,4,16,16,16,True
,9,16,16,16,True
,10,16,16,16,True
,12,16,16,16,True
,13,16,16,16,True
,0,128,128,128,True
,0,16,16,16,True
,1,16,16,16,True
,3,16,16,16,True
,4,16,16,16,True
,9,16,16,16,True
,10,16,16,16,True
,12,16,16,16,True
,13,16,16,16,True
,0,16,16,16,True
,1,16,16,16,True
,3,16,16,16,True
,4,16,16,16,True
,9,16,16,16,True
,10,16,16,16,True
,12,16,16,16,True
,13,16,16,16,True
,0,128,128,128,True
,0,16,16,16,True
,1,16,16,16,True
,3,16,16,16,True
,4,16,16,16,True
,9,16,16,16,True
,10,16,16,16,True
,12,16,16,16,True
,13,16,16,16,True
,0,16,16,16,True
,1,16,16,16,True
,3,16,16,16,True
,4,16,16,16,True
,9,16,16,16,True
,10,16,16,16,True
,12,16,16,16,True
,13,16,16,16,True
,0,128,128,128,True
,0,16,16,16,True
,1,16,16,16,True
,3,16,16,16,True
,4,16,16,16,True
,9,16,16,16,True
,10,16,16,16,True
,12,16,16,16,True
,13,16,16,16,True
,0,16,16,16,True
,1,16,16,16,True
,3,16,16,16,True
,4,16,16,16,True
,9,16,16,16,True
,10,16,16,16,True
,12,16,16,16,True
,13,16,16,16,True
,0,128,128,128,True
,0,4,4,4,True
,1,4,4,4,True
,2,2,2,2,True
,3,8,8,8,True
,4,8,8,8,True
,5,4,4,4,True
,6,12,12,12,True
,7,12,12,12,True
,8,6,6,6,True
,9,16,16,16,True
,10,16,16,16,True
,11,8,8,8,True
,12,10,10,10,True
,13,10,10,10,True
,14,5,5,5,True
,0,4,4,4,True
,1,4,4,4,True
,2,2,2,2,True
,3,8,8,8,True
,4,8,8,8,True
,5,4,4,4,True
,6,12,12,12,True
,7,12,12,12,True
,8,6,6,6,True
,9,16,16,16,True
,10,16,16,16,True
,11,8,8,8,True
,12,10,10,10,True
,13,10,10,10,True
,14,5,5,5,True
,0,4,4,4,True
,1,4,4,4,True
,2,2,2,2,True
,3,8,8,8,True
,4,8,8,8,True
,5,4,4,4,True
,6,12,12,12,True
,7,12,12,12,True
,8,6,6,6,True
,9,16,16,16,True
,10,16,16,16,True
,11,8,8,8,True
,12,10,10,10,True
,13,10,10,10,True
,14,5,5,5,True
,0,4,4,4,True
,1,4,4,4,True
,2,2,2,2,True
,3,8,8,8,True
,4,8,8,8,True
,5,4,4,4,True
,6,12,12,12,True
,7,12,12,12,True
,8,6,6,6,True
,9,16,16,16,True
,10,16,16,16,True
,11,8,8,8,True
,12,10,10,10,True
,13,10,10,10,True
,14,5,5,5,True
,0,4,4,4,True
,1,4,4,4,True
,2,2,2,2,True
,3,8,8,8,True
,4,8,8,8,True
,5,4,4,4,True
,6,12,12,12,True
,7,12,12,12,True
,8,6,6,6,True
,9,16,16,16,True
,10,16,16,16,True
,11,8,8,8,True
,12,10,10,10,True
,13,10,10,10,True
,14,5,5,5,True
,0,4,4,4,True
,1,4,4,4,True
,2,2,2,2,True
,3,8,8,8,True
,4,8,8,8,True
,5,4,4,4,True
,6,12,12,12,True
,7,12,12,12,True
,8,6,6,6,True
,9,16,16,16,True
,10,16,16,16,True
,11,8,8,8,True
,12,10,10,10,True
,13,10,10,10,True
,14,5,5,5,True
,0,4,4,4,True
,1,4,4,4,True
,2,2,2,2,True
,3,8,8,8,True
,4,8,8,8,True
,5,4,4,4,True
,6,12,12,12,True
,7,12,12,12,True
,8,6,6,6,True
,9,16,16,16,True
,10,16,16,16,True
,11,8,8,8,True
,12,10,10,10,True
,13,10,10,10,True
,14,5,5,5,True
,0,4,4,4,True
,1,4,4,4,True
,2,2,2,2,True
,3,8,8,8,True
,4,8,8,8,True
,5,4,4,4,True
,6,12,12,12,True
,7,12,12,12,True
,8,6,6,6,True
,9,16,16,16,True
,10,16,16,16,True
,11,8,8,8,True
,12,10,10,10,True
,13,10,10,10,True
,14,5,5,5,True
,0,4,4,4,True
,1,4,4,4,True
,2,2,2,2,True
,3,8,8,8,True
,4,8,8,8,True
,5,4,4,4,True
,6,12,12,12,True
,7,12,12,12,True
,8,6,6,6,True
,9,16,16,16,True
,10,16,16,16,True
,11,8,8,8,True
,12,10,10,10,True
,13,10,10,10,True
,14,5,5,5,True
,0,4,4,4,True
,1,4,4,4,True
,2,2,2,2,True
,3,8,8,8,True
,4,8,8,8,True
,5,4,4,4,True
,6,12,12,12,True
,7,12,12,12,True
,8,6,6,6,True
,9,16,16,16,True
,10,16,16,16,True
,11,8,8,8,True
,12,10,10,10,True
,13,10,10,10,True
,14,5,5,5,True
,0,4,4,4,True
,1,4,4,4,True
,2,2,2,2,True
,3,8,8,8,True
,4,8,8,8,True
,5,4,4,4,True
,6,12,12,12,True
,7,12,12,12,True
,8,6,6,6,True
,9,16,16,16,True
,10,16,16,16,True
,11,8,8,8,True
,12,10,10,10,True
,13,10,10,10,True
,14,5,5,5,True
,0,4,4,4,True
,1,4,4,4,True
,2,2,2,2,True
,3,8,8,8,True
,4,8,8,8,True
,5,4,4,4,True
,6,12,12,12,True
,7,12,12,12,True
,8,6,6,6,True
,9,16,16,16,True
,10,16,16,16,True
,11,8,8,8,True
,12,10,10,10,True
,13,10,10,10,True
,14,5,5,5,True
,0,4,4,4,True
,1,4,4,4,True
,2,2,2,2,True
,3,8,8,8,True
,4,8,8,8,True
,5,4,4,4,True
,6,12,12,12,True
,7,12,12,12,True
,8,6,6,6,True
,9,16,16,16,True
,10,16,16,16,True
,11,8,8,8,True
,12,10,10,10,True
,13,10,10,10,True
,14,5,5,5,True
,0,4,4,4,True
,1,4,4,4,True
,2,2,2,2,True
,3,8,8,8,True
,4,8,8,8,True
,5,4,4,4,True
,6,12,12,12,True
,7,12,12,12,True
,8,6,6,6,True
,9,16,16,16,True
,10,16,16,16,True
,11,8,8,8,True
,12,10,10,10,True
,13,10,10,10,True
,14,5,5,5,True
,0,4,4,4,True
,1,4,4,4,True
,2,2,2,2,True
,3,8,8,8,True
,4,8,8,8,True
,5,4,4,4,True
,6,12,12,12,True
,7,12,12,12,True
,8,6,6,6,True
,9,16,16,16,True
,10,16,16,16,True
,11,8,8,8,True
,12,10,10,10,True
,13,10,10,10,True
,14,5,5,5,True
,0,8,8,8,True
,7,16,16,16,True
,14,8,8,8,True
,0,4,4,4,True
,7,24,24,24,True
,14,4,4,4,True
,0,4,4,4,True
,7,24,24,24,True
,14,4,4,4,True
,0,32,32,32,True
,0,32,32,32,True
,0,4,4,4,True
,7,24,24,24,True
,14,4,4,4,True
,0,4,4,4,True
,7,24,24,24,True
,14,4,4,4,True
,0,8,8,8,True
,7,16,16,16,True
,14,8,8,8,True
,0,8,8,8,True
,7,16,16,16,True
,14,8,8,8,True
,0,4,4,4,True
,7,24,24,24,True
,14,4,4,4,True
,0,4,4,4,True
,7,24,24,24,True
,14,4,4,4,True
,0,32,32,32,True
,0,32,32,32,True
,0,4,4,4,True
,7,24,24,24,True
,14,4,4,4,True
,0,4,4,4,True
,7,24,24,24,True
,14,4,4,4,True
,0,16,16,16,True
,5,48,48,48,True
,10,48,48,48,True
,15,16,16,16,True
,0,16,16,16,True
,5,48,48,48,True
,10,48,48,48,True
,15,16,16,16,True
,0,16,16,16,True
,5,48,48,48,True
,10,48,48,48,True
,15,16,16,16,True
,0,16,16,16,True
,5,48,48,48,True
,10,48,48,48,True
,15,16,16,16,True
,0,16,16,16,True
,5,48,48,48,True
,10,48,48,48,True
,15,16,16,16,True
,0,16,16,16,True
,5,48,48,48,True
,10,48,48,48,True
,15,16,16,16,True
,0,16,16,16,True
,5,48,48,48,True
,10,48,48,48,True
,15,16,16,16,True
,0,16,16,16,True
,5,48,48,48,True
,10,48,48,48,True
,15,16,16,16,True
,0,16,16,16,True
,5,48,48,48,True
,10,48,48,48,True
,15,16,16,16,True
,0,16,16,16,True
,5,48,48,48,True
,10,48,48,48,True
,15,16,16,16,True
,0,16,16,16,True
,5,48,48,48,True
,10,48,48,48,True
,15,16,16,16,True
,0,16,16,16,True
,5,48,48,48,True
,10,48,48,48,True
,15,16,16,16,True
,0,16,16,16,True
,5,48,48,48,True
,10,48,48,48,True
,15,16,16,16,True
,0,16,16,16,True
,5,48,48,48,True
,10,48,48,48,True
,15,16,16,16,True
,0,16,16,16,True
,5,48,48,48,True
,10,48,48,48,True
,15,16,16,16,True
,0,2,2,2,True
,1,2,2,2,True
,2,2,2,2,True
,3,2,2,2,True
,4,2,2,2,True
,5,2,2,2,True
,6,2,2,2,True
,7,2,2,2,True
,8,2,2,2,True
,9,2,2,2,True
,10,2,2,2,True
,11,2,2,2,True
,12,2,2,2,True
,13,2,2,2,True
,14,2,2,2,True
,15,2,2,2,True
,16,1,1,1,True
,0,2,2,2,True
,1,2,2,2,True
,2,2,2,2,True
,3,2,2,2,True
,4,2,2,2,True
,5,2,2,2,True
,6,2,2,2,True
,7,2,2,2,True
,8,2,2,2,True
,9,2,2,2,True
,10,2,2,2,True
,11,2,2,2,True
,12,2,2,2,True
,13,2,2,2,True
,14,2,2,2,True
,15,2,2,2,True
,16,1,1,1,True
,0,2,2,2,True
,1,2,2,2,True
,2,2,2,2,True
,3,2,2,2,True
,4,2,2,2,True
,5,2,2,2,True
,6,2,2,2,True
,7,2,2,2,True
,8,2,2,2,True
,9,2,2,2,True
,10,2,2,2,True
,11,2,2,2,True
,12,2,2,2,True
,13,2,2,2,True
,14,2,2,2,True
,15,2,2,2,True
,16,1,1,1,True
,0,2,2,2,True
,1,2,2,2,True
,2,2,2,2,True
,3,2,2,2,True
,4,2,2,2,True
,5,2,2,2,True
,6,2,2,2,True
,7,2,2,2,True
,8,2,2,2,True
,9,2,2,2,True
,10,2,2,2,True
,11,2,2,2,True
,12,2,2,2,True
,13,2,2,2,True
,14,2,2,2,True
,15,2,2,2,True
,16,1,1,1,True
,0,2,2,2,True
,1,2,2,2,True
,2,2,2,2,True
,3,2,2,2,True
,4,2,2,2,True
,5,2,2,2,True
,6,2,2,2,True
,7,2,2,2,True
,8,2,2,2,True
,9,2,2,2,True
,10,2,2,2,True
,11,2,2,2,True
,12,2,2,2,True
,13,2,2,2,True
,14,2,2,2,True
,15,2,2,2,True
,16,1,1,1,True
,0,2,2,2,True
,1,2,2,2,True
,2,2,2,2,True
,3,2,2,2,True
,4,2,2,2,True
,5,2,2,2,True
,6,2,2,2,True
,7,2,2,2,True
,8,2,2,2,True
,9,2,2,2,True
,10,2,2,2,True
,11,2,2,2,True
,12,2,2,2,True
,13,2,2,2,True
,14,2,2,2,True
,15,2,2,2,True
,16,1,1,1,True
,0,2,2,2,True
,1,2,2,2,True
,2,2,2,2,True
,3,2,2,2,True
,4,2,2,2,True
,5,2,2,2,True
,6,2,2,2,True
,7,2,2,2,True
,8,2,2,2,True
,9,2,2,2,True
,10,2,2,2,True
,11,2,2,2,True
,12,2,2,2,True
,13,2,2,2,True
,14,2,2,2,True
,15,2,2,2,True
,16,1,1,1,True
,0,2,2,2,True
,1,2,2,2,True
,2,2,2,2,True
,3,2,2,2,True
,4,2,2,2,True
,5,2,2,2,True
,6,2,2,2,True
,7,2,2,2,True
,8,2,2,2,True
,9,2,2,2,True
,10,2,2,2,True
,11,2,2,2,True
,12,2,2,2,True
,13,2,2,2,True
,14,2,2,2,True
,15,2,2,2,True
,16,1,1,1,True
,0,2,2,2,True
,1,2,2,2,True
,2,2,2,2,True
,3,2,2,2,True
,4,2,2,2,True
,5,2,2,2,True
,6,2,2,2,True
,7,2,2,2,True
,8,2,2,2,True
,9,2,2,2,True
,10,2,2,2,True
,11,2,2,2,True
,12,2,2,2,True
,13,2,2,2,True
,14,2,2,2,True
,15,2,2,2,True
,16,1,1,1,True
,0,2,2,2,True
,1,2,2,2,True
,2,2,2,2,True
,3,2,2,2,True
,4,2,2,2,True
,5,2,2,2,True
,6,2,2,2,True
,7,2,2,2,True
,8,2,2,2,True
,9,2,2,2,True
,10,2,2,2,True
,11,2,2,2,True
,12,2,2,2,True
,13,2,2,2,True
,14,2,2,2,True
,15,2,2,2,True
,16,1,1,1,True
,0,2,2,2,True
,1,2,2,2,True
,2,2,2,2,True
,3,2,2,2,True
,4,2,2,2,True
,5,2,2,2,True
,6,2,2,2,True
,7,2,2,2,True
,8,2,2,2,True
,9,2,2,2,True
,10,2,2,2,True
,11,2,2,2,True
,12,2,2,2,True
,13,2,2,2,True
,14,2,2,2,True
,15,2,2,2,True
,16,1,1,1,True
,0,2,2,2,True
,1,2,2,2,True
,2,2,2,2,True
,3,2,2,2,True
,4,2,2,2,True
,5,2,2,2,True
,6,2,2,2,True
,7,2,2,2,True
,8,2,2,2,True
,9,2,2,2,True
,10,2,2,2,True
,11,2,2,2,True
,12,2,2,2,True
,13,2,2,2,True
,14,2,2,2,True
,15,2,2,2,True
,16,1,1,1,True
,0,2,2,2,True
,1,2,2,2,True
,2,2,2,2,True
,3,2,2,2,True
,4,2,2,2,True
,5,2,2,2,True
,6,2,2,2,True
,7,2,2,2,True
,8,2,2,2,True
,9,2,2,2,True
,10,2,2,2,True
,11,2,2,2,True
,12,2,2,2,True
,13,2,2,2,True
,14,2,2,2,True
,15,2,2,2,True
,16,1,1,1,True
,0,2,2,2,True
,1,2,2,2,True
,2,2,2,2,True
,3,2,2,2,True
,4,2,2,2,True
,5,2,2,2,True
,6,2,2,2,True
,7,2,2,2,True
,8,2,2,2,True
,9,2,2,2,True
,10,2,2,2,True
,11,2,2,2,True
,12,2,2,2,True
,13,2,2,2,True
,14,2,2,2,True
,15,2,2,2,True
,16,1,1,1,True
,0,2,2,2,True
,1,2,2,2,True
,2,2,2,2,True
,3,2,2,2,True
,4,2,2,2,True
,5,2,2,2,True
,6,2,2,2,True
,7,2,2,2,True
,8,2,2,2,True
,9,2,2,2,True
,10,2,2,2,True
,11,2,2,2,True
,12,2,2,2,True
,13,2,2,2,True
,14,2,2,2,True
,15,2,2,2,True
,16,1,1,1,True
,0,32,32,32,True
,1,32,32,32,True
,5,96,96,96,True
,6,96,96,96,True
,10,96,96,96,True
,11,96,96,96,True
,15,32,32,32,True
,16,32,32,32,True
,0,512,512,512,True
,0,32,32,32,True
,1,32,32,32,True
,5,96,96,96,True
,6,96,96,96,True
,10,96,96,96,True
,11,96,96,96,True
,15,32,32,32,True
,16,32,32,32,True
,0,32,32,32,True
,1,32,32,32,True
,5,96,96,96,True
,6,96,96,96,True
,10,96,96,96,True
,11,96,96,96,True
,15,32,32,32,True
,16,32,32,32,True
,0,512,512,512,True
,0,32,32,32,True
,1,32,32,32,True
,5,96,96,96,True
,6,96,96,96,True
,10,96,96,96,True
,11,96,96,96,True
,15,32,32,32,True
,16,32,32,32,True
,0,32,32,32,True
,1,32,32,32,True
,5,96,96,96,True
,6,96,96,96,True
,10,96,96,96,True
,11,96,96,96,True
,15,32,32,32,True
,16,32,32,32,True
,0,512,512,512,True
,0,32,32,32,True
,1,32,32,32,True
,5,96,96,96,True
,6,96,96,96,True
,10,96,96,96,True
,11,96,96,96,True
,15,32,32,32,True
,16,32,32,32,True
,0,32,32,32,True
,1,32,32,32,True
,5,96,96,96,True
,6,96,96,96,True
,10,96,96,96,True
,11,96,96,96,True
,15,32,32,32,True
,16,32,32,32,True
,0,512,512,512,True
,0,256,256,256,True
,1,512,512,512,True
,2,256,256,256,True
,3,1280,1280,1280,True
,4,2560,2560,2560,True
,5,1280,1280,1280,True
,6,2560,2560,2560,True
,7,5120,5120,5120,True
,8,2560,2560,2560,True
,9,2560,2560,2560,True
,10,5120,5120,5120,True
,11,2560,2560,2560,True
,12,1280,1280,1280,True
,13,2560,2560,2560,True
,14,1280,1280,1280,True
,15,256,256,256,True
,16,512,512,512,True
,17,256,256,256,True
,0,32,32,32,True
,1,192,192,192,True
,2,32,32,32,True
,3,416,416,416,True
,4,2496,2496,2496,True
,5,416,416,416,True
,6,1600,1600,1600,True
,7,9600,9600,9600,True
,8,1600,1600,1600,True
,9,1600,1600,1600,True
,10,9600,9600,9600,True
,11,1600,1600,1600,True
,12,416,416,416,True
,13,2496,2496,2496,True
,14,416,416,416,True
,15,32,32,32,True
,16,192,192,192,True
,17,32,32,32,True
,0,32,32,32,True
,1,192,192,192,True
,2,32,32,32,True
,3,416,416,416,True
,4,2496,2496,2496,True
,5,416,416,416,True
,6,1600,1600,1600,True
,7,9600,9600,9600,True
,8,1600,1600,1600,True
,9,1600,1600,1600,True
,10,9600,9600,9600,True
,11,1600,1600,1600,True
,12,416,416,416,True
,13,2496,2496,2496,True
,14,416,416,416,True
,15,32,32,32,True
,16,192,192,192,True
,17,32,32,32,True
,0,1024,1024,1024,True
,3,5120,5120,5120,True
,6,10240,10240,10240,True
,9,10240,10240,10240,True
,12,5120,5120,5120,True
,15,1024,1024,1024,True
,0,32,32,32,True
,1,192,192,192,True
,2,32,32,32,True
,3,416,416,416,True
,4,2496,2496,2496,True
,5,416,416,416,True
,6,1600,1600,1600,True
,7,9600,9600,9600,True
,8,1600,1600,1600,True
,9,1600,1600,1600,True
,10,9600,9600,9600,True
,11,1600,1600,1600,True
,12,416,416,416,True
,13,2496,2496,2496,True
,14,416,416,416,True
,15,32,32,32,True
,16,192,192,192,True
,17,32,32,32,True
,0,32,32,32,True
,1,192,192,192,True
,2,32,32,32,True
,3,416,416,416,True
,4,2496,2496,2496,True
,5,416,416,416,True
,6,1600,1600,1600,True
,7,9600,9600,9600,True
,8,1600,1600,1600,True
,9,1600,1600,1600,True
,10,9600,9600,9600,True
,11,1600,1600,1600,True
,12,416,416,416,True
,13,2496,2496,2496,True
,14,416,416,416,True
,15,32,32,32,True
,16,192,192,192,True
,17,32,32,32,True
,0,256,256,256,True
,1,512,512,512,True
,2,256,256,256,True
,3,1280,1280,1280,True
,4,2560,2560,2560,True
,5,1280,1280,1280,True
,6,2560,2560,2560,True
,7,5120,5120,5120,True
,8,2560,2560,2560,True
,9,2560,2560,2560,True
,10,5120,5120,5120,True
,11,2560,2560,2560,True
,12,1280,1280,1280,True
,13,2560,2560,2560,True
,14,1280,1280,1280,True
,15,256,256,256,True
,16,512,512,512,True
,17,256,256,256,True
,0,256,256,256,True
,1,512,512,512,True
,2,256,256,256,True
,3,1280,1280,1280,True
,4,2560,2560,2560,True
,5,1280,1280,1280,True
,6,2560,2560,2560,True
,7,5120,5120,5120,True
,8,2560,2560,2560,True
,9,2560,2560,2560,True
,10,5120,5120,5120,True
,11,2560,2560,2560,True
,12,1280,1280,1280,True
,13,2560,2560,2560,True
,14,1280,1280,1280,True
,15,256,256,256,True
,16,512,512,512,True
,17,256,256,256,True
,0,32,32,32,True
,1,192,192,192,True
,2,32,32,32,True
,3,416,416,416,True
,4,2496,2496,2496,True
,5,416,416,416,True
,6,1600,1600,1600,True
,7,9600,9600,9600,True
,8,1600,1600,1600,True
,9,1600,1600,1600,True
,10,9600,9600,9600,True
,11,1600,1600,1600,True
,12,416,416,416,True
,13,2496,2496,2496,True
,14,416,416,416,True
,15,32,32,32,True
,16,192,192,192,True
,17,32,32,32,True
,0,32,32,32,True
,1,192,192,192,True
,2,32,32,32,True
,3,416,416,416,True
,4,2496,2496,2496,True
,5,416,416,416,True
,6,1600,1600,1600,True
,7,9600,9600,9600,True
,8,1600,1600,1600,True
,9,1600,1600,1600,True
,10,9600,9600,9600,True
,11,1600,1600,1600,True
,12,416,416,416,True
,13,2496,2496,2496,True
,14,416,416,416,True
,15,32,32,32,True
,16,192,192,192,True
,17,32,32,32,True
,0,1024,1024,1024,True
,3,5120,5120,5120,True
,6,10240,10240,10240,True
,9,10240,10240,10240,True
,12,5120,5120,5120,True
,15,1024,1024,1024,True
,0,32,32,32,True
,1,192,192,192,True
,2,32,32,32,True
,3,416,416,416,True
,4,2496,2496,2496,True
,5,416,416,416,True
,6,1600,1600,1600,True
,7,9600,9600,9600,True
,8,1600,1600,1600,True
,9,1600,1600,1600,True
,10,9600,9600,9600,True
,11,1600,1600,1600,True
,12,416,416,416,True
,13,2496,2496,2496,True
,14,416,416,416,True
,15,32,32,32,True
,16,192,192,192,True
,17,32,32,32,True
,0,32,32,32,True
,1,192,192,192,True
,2,32,32,32,True
,3,416,416,416,True
,4,2496,2496,2496,True
,5,416,416,416,True
,6,1600,1600,1600,True
,7,9600,9600,9600,True
,8,1600,1600,1600,True
,9,1600,1600,1600,True
,10,9600,9600,9600,True
,11,1600,1600,1600,True
,12,416,416,416,True
,13,2496,2496,2496,True
,14,416,416,416,True
,15,32,32,32,True
,16,192,192,192,True
,17,32,32,32,True
,0,8,8,8,True
,1,24,24,24,True
,2,44,44,44,True
,3,80,80,80,True
,4,112,112,112,True
,5,124,124,124,True
,6,162,162,162,True
,7,200,200,200,True
,8,204,204,204,True
,9,244,244,244,True
,10,288,288,288,True
,11,284,284,284,True
,12,306,306,306,True
,13,316,316,316,True
,14,254,254,254,True
,15,200,200,200,True
,16,160,160,160,True
,17,90,90,90,True
,18,25,25,25,True
,0,32,32,32,True
,1,96,96,96,True
,2,144,144,144,True
,3,192,192,192,True
,4,264,264,264,True
,5,312,312,312,True
,6,324,324,324,True
,7,336,336,336,True
,8,336,336,336,True
,9,296,296,296,True
,10,240,240,240,True
,11,192,192,192,True
,12,144,144,144,True
,13,96,96,96,True
,14,60,60,60,True
,15,36,36,36,True
,16,18,18,18,True
,17,6,6,6,True
,18,1,1,1,True
,0,8,8,8,True
,1,24,24,24,True
,2,44,44,44,True
,3,80,80,80,True
,4,112,112,112,True
,5,124,124,124,True
,6,162,162,162,True
,7,200,200,200,True
,8,204,204,204,True
,9,244,244,244,True
,10,288,288,288,True
,11,284,284,284,True
,12,306,306,306,True
,13,316,316,316,True
,14,254,254,254,True
,15,200,200,200,True
,16,160,160,160,True
,17,90,90,90,True
,18,25,25,25,True
,0,8,8,8,True
,1,24,24,24,True
,2,44,44,44,True
,3,80,80,80,True
,4,112,112,112,True
,5,124,124,124,True
,6,162,162,162,True
,7,200,200,200,True
,8,204,204,204,True
,9,244,244,244,True
,10,288,288,288,True
,11,284,284,284,True
,12,306,306,306,True
,13,316,316,316,True
,14,254,254,254,True
,15,200,200,200,True
,16,160,160,160,True
,17,90,90,90,True
,18,25,25,25,True
,0,32,32,32,True
,1,96,96,96,True
,2,144,144,144,True
,3,192,192,192,True
,4,264,264,264,True
,5,312,312,312,True
,6,324,324,324,True
,7,336,336,336,True
,8,336,336,336,True
,9,296,296,296,True
,10,240,240,240,True
,11,192,192,192,True
,12,144,144,144,True
,13,96,96,96,True
,14,60,60,60,True
,15,36,36,36,True
,16,18,18,18,True
,17,6,6,6,True
,18,1,1,1,True
,0,8,8,8,True
,1,24,24,24,True
,2,44,44,44,True
,3,80,80,80,True
,4,112,112,112,True
,5,124,124,124,True
,6,162,162,162,True
,7,200,200,200,True
,8,204,204,204,True
,9,244,244,244,True
,10,288,288,288,True
,11,284,284,284,True
,12,306,306,306,True
,13,316,316,316,True
,14,254,254,254,True
,15,200,200,200,True
,16,160,160,160,True
,17,90,90,90,True
,18,25,25,25,True
,0,8,8,8,True
,1,24,24,24,True
,2,44,44,44,True
,3,80,80,80,True
,4,112,112,112,True
,5,124,124,124,True
,6,162,162,162,True
,7,200,200,200,True
,8,204,204,204,True
,9,244,244,244,True
,10,288,288,288,True
,11,284,284,284,True
,12,306,306,306,True
,13,316,316,316,True
,14,254,254,254,True
,15,200,200,200,True
,16,160,160,160,True
,17,90,90,90,True
,18,25,25,25,True
,0,32,32,32,True
,1,96,96,96,True
,2,144,144,144,True
,3,192,192,192,True
,4,264,264,264,True
,5,312,312,312,True
,6,324,324,324,True
,7,336,336,336,True
,8,336,336,336,True
,9,296,296,296,True
,10,240,240,240,True
,11,192,192,192,True
,12,144,144,144,True
,13,96,96,96,True
,14,60,60,60,True
,15,36,36,36,True
,16,18,18,18,True
,17,6,6,6,True
,18,1,1,1,True
,0,8,8,8,True
,1,24,24,24,True
,2,44,44,44,True
,3,80,80,80,True
,4,112,112,112,True
,5,124,124,124,True
,6,162,162,162,True
,7,200,200,200,True
,8,204,204,204,True
,9,244,244,244,True
,10,288,288,288,True
,11,284,284,284,True
,12,306,306,306,True
,13,316,316,316,True
,14,254,254,254,True
,15,200,200,200,True
,16,160,160,160,True
,17,90,90,90,True
,18,25,25,25,True
,0,8,8,8,True
,1,24,24,24,True
,2,44,44,44,True
,3,80,80,80,True
,4,112,112,112,True
,5,124,124,124,True
,6,162,162,162,True
,7,200,200,200,True
,8,204,204,204,True
,9,244,244,244,True
,10,288,288,288,True
,11,284,284,284,True
,12,306,306,306,True
,13,316,316,316,True
,14,254,254,254,True
,15,200,200,200,True
,16,160,160,160,True
,17,90,90,90,True
,18,25,25,25,True
,0,32,32,32,True
,1,96,96,96,True
,2,144,144,144,True
,3,192,192,192,True
,4,264,264,264,True
,5,312,312,312,True
,6,324,324,324,True
,7,336,336,336,True
,8,336,336,336,True
,9,296,296,296,True
,10,240,240,240,True
,11,192,192,192,True
,12,144,144,144,True
,13,96,96,96,True
,14,60,60,60,True
,15,36,36,36,True
,16,18,18,18,True
,17,6,6,6,True
,18,1,1,1,True
,0,8,8,8,True
,9,16,16,16,True
,18,8,8,8,True
,0,4,4,4,True
,9,24,24,24,True
,18,4,4,4,True
,0,4,4,4,True
,9,24,24,24,True
,18,4,4,4,True
,0,32,32,32,True
,0,32,32,32,True
,0,4,4,4,True
,9,24,24,24,True
,18,4,4,4,True
,0,4,4,4,True
,9,24,24,24,True
,18,4,4,4,True
,0,8,8,8,True
,9,16,16,16,True
,18,8,8,8,True
,0,8,8,8,True
,9,16,16,16,True
,18,8,8,8,True
,0,4,4,4,True
,9,24,24,24,True
,18,4,4,4,True
,0,4,4,4,True
,9,24,24,24,True
,18,4,4,4,True
,0,32,32,32,True
,0,32,32,32,True
,0,4,4,4,True
,9,24,24,24,True
,18,4,4,4,True
,0,4,4,4,True
,9,24,24,24,True
,18,4,4,4,True
,0,4,4,4,True
,1,2,2,2,True
,9,8,8,8,True
,10,4,4,4,True
,18,6,6,6,True
,19,3,3,3,True
,0,8,8,8,True
,1,4,4,4,True
,9,8,8,8,True
,10,4,4,4,True
,18,2,2,2,True
,19,1,1,1,True
,0,8,8,8,True
,1,4,4,4,True
,9,8,8,8,True
,10,4,4,4,True
,18,2,2,2,True
,19,1,1,1,True
,0,4,4,4,True
,1,2,2,2,True
,9,8,8,8,True
,10,4,4,4,True
,18,6,6,6,True
,19,3,3,3,True
,0,4,4,4,True
,1,2,2,2,True
,9,8,8,8,True
,10,4,4,4,True
,18,6,6,6,True
,19,3,3,3,True
,0,8,8,8,True
,1,4,4,4,True
,9,8,8,8,True
,10,4,4,4,True
,18,2,2,2,True
,19,1,1,1,True
,0,8,8,8,True
,1,4,4,4,True
,9,8,8,8,True
,10,4,4,4,True
,18,2,2,2,True
,19,1,1,1,True
,0,4,4,4,True
,1,2,2,2,True
,9,8,8,8,True
,10,4,4,4,True
,18,6,6,6,True
,19,3,3,3,True
,0,4,4,4,True
,1,2,2,2,True
,9,8,8,8,True
,10,4,4,4,True
,18,6,6,6,True
,19,3,3,3,True
,0,8,8,8,True
,1,4,4,4,True
,9,8,8,8,True
,10,4,4,4,True
,18,2,2,2,True
,19,1,1,1,True
,0,8,8,8,True
,1,4,4,4,True
,9,8,8,8,True
,10,4,4,4,True
,18,2,2,2,True
,19,1,1,1,True
,0,4,4,4,True
,1,2,2,2,True
,9,8,8,8,True
,10,4,4,4,True
,18,6,6,6,True
,19,3,3,3,True
,0,4,4,4,True
,1,2,2,2,True
,9,8,8,8,True
,10,4,4,4,True
,18,6,6,6,True
,19,3,3,3,True
,0,8,8,8,True
,1,4,4,4,True
,9,8,8,8,True
,10,4,4,4,True
,18,2,2,2,True
,19,1,1,1,True
,0,8,8,8,True
,1,4,4,4,True
,9,8,8,8,True
,10,4,4,4,True
,18,2,2,2,True
,19,1,1,1,True
,0,256,256,256,True
,1,256,256,256,True
,3,1536,1536,1536,True
,4,1536,1536,1536,True
,6,3840,3840,3840,True
,7,3840,3840,3840,True
,9,5120,5120,5120,True
,10,5120,5120,5120,True
,12,3840,3840,3840,True
,13,3840,3840,3840,True
,15,1536,1536,1536,True
,16,1536,1536,1536,True
,18,256,256,256,True
,19,256,256,256,True
,0,64,64,64,True
,3,1152,1152,1152,True
,6,7104,7104,7104,True
,9,16128,16128,16128,True
,12,7104,7104,7104,True
,15,1152,1152,1152,True
,18,64,64,64,True
,0,1024,1024,1024,True
,1,1024,1024,1024,True
,3,4096,4096,4096,True
,4,4096,4096,4096,True
,6,6144,6144,6144,True
,7,6144,6144,6144,True
,9,4096,4096,4096,True
,10,4096,4096,4096,True
,12,1024,1024,1024,True
,13,1024,1024,1024,True
,0,1024,1024,1024,True
,1,1024,1024,1024,True
,3,4096,4096,4096,True
,4,4096,4096,4096,True
,6,6144,6144,6144,True
,7,6144,6144,6144,True
,9,4096,4096,4096,True
,10,4096,4096,4096,True
,12,1024,1024,1024,True
,13,1024,1024,1024,True
,0,64,64,64,True
,3,1152,1152,1152,True
,6,7104,7104,7104,True
,9,16128,16128,16128,True
,12,7104,7104,7104,True
,15,1152,1152,1152,True
,18,64,64,64,True
,0,256,256,256,True
,1,256,256,256,True
,3,1536,1536,1536,True
,4,1536,1536,1536,True
,6,3840,3840,3840,True
,7,3840,3840,3840,True
,9,5120,5120,5120,True
,10,5120,5120,5120,True
,12,3840,3840,3840,True
,13,3840,3840,3840,True
,15,1536,1536,1536,True
,16,1536,1536,1536,True
,18,256,256,256,True
,19,256,256,256,True
,0,256,256,256,True
,1,256,256,256,True
,3,1536,1536,1536,True
,4,1536,1536,1536,True
,6,3840,3840,3840,True
,7,3840,3840,3840,True
,9,5120,5120,5120,True
,10,5120,5120,5120,True
,12,3840,3840,3840,True
,13,3840,3840,3840,True
,15,1536,1536,1536,True
,16,1536,1536,1536,True
,18,256,256,256,True
,19,256,256,256,True
,0,64,64,64,True
,3,1152,1152,1152,True
,6,7104,7104,7104,True
,9,16128,16128,16128,True
,12,7104,7104,7104,True
,15,1152,1152,1152,True
,18,64,64,64,True
,0,1024,1024,1024,True
,1,1024,1024,1024,True
,3,4096,4096,4096,True
,4,4096,4096,4096,True
,6,6144,6144,6144,True
,7,6144,6144,6144,True
,9,4096,4096,4096,True
,10,4096,4096,4096,True
,12,1024,1024,1024,True
,13,1024,1024,1024,True
,0,1024,1024,1024,True
,1,1024,1024,1024,True
,3,4096,4096,4096,True
,4,4096,4096,4096,True
,6,6144,6144,6144,True
,7,6144,6144,6144,True
,9,4096,4096,4096,True
,10,4096,4096,4096,True
,12,1024,1024,1024,True
,13,1024,1024,1024,True
,0,64,64,64,True
,3,1152,1152,1152,True
,6,7104,7104,7104,True
,9,16128,16128,16128,True
,12,7104,7104,7104,True
,15,1152,1152,1152,True
,18,64,64,64,True
,0,8,8,8,True
,1,40,40,40,True
,2,120,120,120,True
,3,280,280,280,True
,4,556,556,556,True
,5,984,984,984,True
,6,1600,1600,1600,True
,7,2440,2440,2440,True
,8,3468,3468,3468,True
,9,4560,4560,4560,True
,10,5576,5576,5576,True
,11,6360,6360,6360,True
,12,6776,6776,6776,True
,13,6752,6752,6752,True
,14,6252,6252,6252,True
,15,5240,5240,5240,True
,16,3842,3842,3842,True
,17,2418,2418,2418,True
,18,1246,1246,1246,True
,19,450,450,450,True
,20,81,81,81,True
,0,4,4,4,True
,1,20,20,20,True
,2,60,60,60,True
,3,140,140,140,True
,4,278,278,278,True
,5,492,492,492,True
,6,800,800,800,True
,7,1220,1220,1220,True
,8,2730,2730,2730,True
,9,4740,4740,4740,True
,10,6772,6772,6772,True
,11,8460,8460,8460,True
,12,9070,9070,9070,True
,13,8284,8284,8284,True
,14,6624,6624,6624,True
,15,4612,4612,4612,True
,16,2752,2752,2752,True
,17,1362,1362,1362,True
,18,506,506,506,True
,19,114,114,114,True
,20,9,9,9,True
,0,4,4,4,True
,1,20,20,20,True
,2,60,60,60,True
,3,140,140,140,True
,4,278,278,278,True
,5,492,492,492,True
,6,800,800,800,True
,7,1220,1220,1220,True
,8,2730,2730,2730,True
,9,4740,4740,4740,True
,10,6772,6772,6772,True
,11,8460,8460,8460,True
,12,9070,9070,9070,True
,13,8284,8284,8284,True
,14,6624,6624,6624,True
,15,4612,4612,4612,True
,16,2752,2752,2752,True
,17,1362,1362,1362,True
,18,506,506,506,True
,19,114,114,114,True
,20,9,9,9,True
,0,32,32,32,True
,1,160,160,160,True
,2,480,480,480,True
,3,1120,1120,1120,True
,4,2160,2160,2160,True
,5,3552,3552,3552,True
,6,5120,5120,5120,True
,7,6560,6560,6560,True
,8,7520,7520,7520,True
,9,7760,7760,7760,True
,10,7232,7232,7232,True
,11,6080,6080,6080,True
,12,4600,4600,4600,True
,13,3120,3120,3120,True
,14,1880,1880,1880,True
,15,992,992,992,True
,16,450,450,450,True
,17,170,170,170,True
,18,50,50,50,True
,19,10,10,10,True
,20,1,1,1,True
,0,4,4,4,True
,1,20,20,20,True
,2,60,60,60,True
,3,140,140,140,True
,4,278,278,278,True
,5,492,492,492,True
,6,800,800,800,True
,7,1220,1220,1220,True
,8,2730,2730,2730,True
,9,4740,4740,4740,True
,10,6772,6772,6772,True
,11,8460,8460,8460,True
,12,9070,9070,9070,True
,13,8284,8284,8284,True
,14,6624,6624,6624,True
,15,4612,4612,4612,True
,16,2752,2752,2752,True
,17,1362,1362,1362,True
,18,506,506,506,True
,19,114,114,114,True
,20,9,9,9,True
,0,4,4,4,True
,1,20,20,20,True
,2,60,60,60,True
,3,140,140,140,True
,4,278,278,278,True
,5,492,492,492,True
,6,800,800,800,True
,7,1220,1220,1220,True
,8,2730,2730,2730,True
,9,4740,4740,4740,True
,10,6772,6772,6772,True
,11,8460,8460,8460,True
,12,9070,9070,9070,True
,13,8284,8284,8284,True
,14,6624,6624,6624,True
,15,4612,4612,4612,True
,16,2752,2752,2752,True
,17,1362,1362,1362,True
,18,506,506,506,True
,19,114,114,114,True
,20,9,9,9,True
,0,8,8,8,True
,1,40,40,40,True
,2,120,120,120,True
,3,280,280,280,True
,4,556,556,556,True
,5,984,984,984,True
,6,1600,1600,1600,True
,7,2440,2440,2440,True
,8,3468,3468,3468,True
,9,4560,4560,4560,True
,10,5576,5576,5576,True
,11,6360,6360,6360,True
,12,6776,6776,6776,True
,13,6752,6752,6752,True
,14,6252,6252,6252,True
,15,5240,5240,5240,True
,16,3842,3842,3842,True
,17,2418,2418,2418,True
,18,1246,1246,1246,True
,19,450,450,450,True
,20,81,81,81,True
,0,8,8,8,True
,1,40,40,40,True
,2,120,120,120,True
,3,280,280,280,True
,4,556,556,556,True
,5,984,984,984,True
,6,1600,1600,1600,True
,7,2440,2440,2440,True
,8,3468,3468,3468,True
,9,4560,4560,4560,True
,10,5576,5576,5576,True
,11,6360,6360,6360,True
,12,6776,6776,6776,True
,13,6752,6752,6752,True
,14,6252,6252,6252,True
,15,5240,5240,5240,True
,16,3842,3842,3842,True
,17,2418,2418,2418,True
,18,1246,1246,1246,True
,19,450,450,450,True
,20,81,81,81,True
,0,4,4,4,True
,1,20,20,20,True
,2,60,60,60,True
,3,140,140,140,True
,4,278,278,278,True
,5,492,492,492,True
,6,800,800,800,True
,7,1220,1220,1220,True
,8,2730,2730,2730,True
,9,4740,4740,4740,True
,10,6772,6772,6772,True
,11,8460,8460,8460,True
,12,9070,9070,9070,True
,13,8284,8284,8284,True
,14,6624,6624,6624,True
,15,4612,4612,4612,True
,16,2752,2752,2752,True
,17,1362,1362,1362,True
,18,506,506,506,True
,19,114,114,114,True
,20,9,9,9,True
,0,4,4,4,True
,1,20,20,20,True
,2,60,60,60,True
,3,140,140,140,True
,4,278,278,278,True
,5,492,492,492,True
,6,800,800,800,True
,7,1220,1220,1220,True
,8,2730,2730,2730,True
,9,4740,4740,4740,True
,10,6772,6772,6772,True
,11,8460,8460,8460,True
,12,9070,9070,9070,True
,13,8284,8284,8284,True
,14,6624,6624,6624,True
,15,4612,4612,4612,True
,16,2752,2752,2752,True
,17,1362,1362,1362,True
,18,506,506,506,True
,19,114,114,114,True
,20,9,9,9,True
,0,32,32,32,True
,1,160,160,160,True
,2,480,480,480,True
,3,1120,1120,1120,True
,4,2160,2160,2160,True
,5,3552,3552,3552,True
,6,5120,5120,5120,True
,7,6560,6560,6560,True
,8,7520,7520,7520,True
,9,7760,7760,7760,True
,10,7232,7232,7232,True
,11,6080,6080,6080,True
,12,4600,4600,4600,True
,13,3120,3120,3120,True
,14,1880,1880,1880,True
,15,992,992,992,True
,16,450,450,450,True
,17,170,170,170,True
,18,50,50,50,True
,19,10,10,10,True
,20,1,1,1,True
,0,4,4,4,True
,1,20,20,20,True
,2,60,60,60,True
,3,140,140,140,True
,4,278,278,278,True
,5,492,492,492,True
,6,800,800,800,True
,7,1220,1220,1220,True
,8,2730,2730,2730,True
,9,4740,4740,4740,True
,10,6772,6772,6772,True
,11,8460,8460,8460,True
,12,9070,9070,9070,True
,13,8284,8284,8284,True
,14,6624,6624,6624,True
,15,4612,4612,4612,True
,16,2752,2752,2752,True
,17,1362,1362,1362,True
,18,506,506,506,True
,19,114,114,114,True
,20,9,9,9,True
,0,4,4,4,True
,1,20,20,20,True
,2,60,60,60,True
,3,140,140,140,True
,4,278,278,278,True
,5,492,492,492,True
,6,800,800,800,True
,7,1220,1220,1220,True
,8,2730,2730,2730,True
,9,4740,4740,4740,True
,10,6772,6772,6772,True
,11,8460,8460,8460,True
,12,9070,9070,9070,True
,13,8284,8284,8284,True
,14,6624,6624,6624,True
,15,4612,4612,4612,True
,16,2752,2752,2752,True
,17,1362,1362,1362,True
,18,506,506,506,True
,19,114,114,114,True
,20,9,9,9,True
,0,32,32,32,True
,5,128,128,128,True
,10,192,192,192,True
,15,128,128,128,True
,20,32,32,32,True
,0,8,8,8,True
,5,96,96,96,True
,10,304,304,304,True
,15,96,96,96,True
,20,8,8,8,True
,0,8,8,8,True
,5,96,96,96,True
,10,304,304,304,True
,15,96,96,96,True
,20,8,8,8,True
,0,512,512,512,True
,0,512,512,512,True
,0,8,8,8,True
,5,96,96,96,True
,10,304,304,304,True
,15,96,96,96,True
,20,8,8,8,True
,0,8,8,8,True
,5,96,96,96,True
,10,304,304,304,True
,15,96,96,96,True
,20,8,8,8,True
,0,32,32,32,True
,5,128,128,128,True
,10,192,192,192,True
,15,128,128,128,True
,20,32,32,32,True
,0,32,32,32,True
,5,128,128,128,True
,10,192,192,192,True
,15,128,128,128,True
,20,32,32,32,True
,0,8,8,8,True
,5,96,96,96,True
,10,304,304,304,True
,15,96,96,96,True
,20,8,8,8,True
,0,8,8,8,True
,5,96,96,96,True
,10,304,304,304,True
,15,96,96,96,True
,20,8,8,8,True
,0,512,512,512,True
,0,512,512,512,True
,0,8,8,8,True
,5,96,96,96,True
,10,304,304,304,True
,15,96,96,96,True
,20,8,8,8,True
,0,8,8,8,True
,5,96,96,96,True
,10,304,304,304,True
,15,96,96,96,True
,20,8,8,8,True
,0,32,32,32,True
,1,80,80,80,True
,2,80,80,80,True
,3,216,216,216,True
,4,480,480,480,True
,5,480,480,480,True
,6,672,672,672,True
,7,1320,1320,1320,True
,8,1320,1320,1320,True
,9,1228,1228,1228,True
,10,2080,2080,2080,True
,11,2080,2080,2080,True
,12,1416,1416,1416,True
,13,1980,1980,1980,True
,14,1980,1980,1980,True
,15,1026,1026,1026,True
,16,1080,1080,1080,True
,17,1080,1080,1080,True
,18,432,432,432,True
,19,270,270,270,True
,20,270,270,270,True
,21,81,81,81,True
,0,64,64,64,True
,1,96,96,96,True
,2,48,48,48,True
,3,392,392,392,True
,4,576,576,576,True
,5,288,288,288,True
,6,1104,1104,1104,True
,7,1584,1584,1584,True
,8,792,792,792,True
,9,1796,1796,1796,True
,10,2496,2496,2496,True
,11,1248,1248,1248,True
,12,1792,1792,1792,True
,13,2376,2376,2376,True
,14,1188,1188,1188,True
,15,1062,1062,1062,True
,16,1296,1296,1296,True
,17,648,648,648,True
,18,324,324,324,True
,19,324,324,324,True
,20,162,162,162,True
,21,27,27,27,True
,0,32,32,32,True
,1,80,80,80,True
,2,80,80,80,True
,3,216,216,216,True
,4,480,480,480,True
,5,480,480,480,True
,6,672,672,672,True
,7,1320,1320,1320,True
,8,1320,1320,1320,True
,9,1228,1228,1228,True
,10,2080,2080,2080,True
,11,2080,2080,2080,True
,12,1416,1416,1416,True
,13,1980,1980,1980,True
,14,1980,1980,1980,True
,15,1026,1026,1026,True
,16,1080,1080,1080,True
,17,1080,1080,1080,True
,18,432,432,432,True
,19,270,270,270,True
,20,270,270,270,True
,21,81,81,81,True
,0,32,32,32,True
,1,80,80,80,True
,2,80,80,80,True
,3,216,216,216,True
,4,480,480,480,True
,5,480,480,480,True
,6,672,672,672,True
,7,1320,1320,1320,True
,8,1320,1320,1320,True
,9,1228,1228,1228,True
,10,2080,2080,2080,True
,11,2080,2080,2080,True
,12,1416,1416,1416,True
,13,1980,1980,1980,True
,14,1980,1980,1980,True
,15,1026,1026,1026,True
,16,1080,1080,1080,True
,17,1080,1080,1080,True
,18,432,432,432,True
,19,270,270,270,True
,20,270,270,270,True
,21,81,81,81,True
,0,64,64,64,True
,1,96,96,96,True
,2,48,48,48,True
,3,392,392,392,True
,4,576,576,576,True
,5,288,288,288,True
,6,1104,1104,1104,True
,7,1584,1584,1584,True
,8,792,792,792,True
,9,1796,1796,1796,True
,10,2496,2496,2496,True
,11,1248,1248,1248,True
,12,1792,1792,1792,True
,13,2376,2376,2376,True
,14,1188,1188,1188,True
,15,1062,1062,1062,True
,16,1296,1296,1296,True
,17,648,648,648,True
,18,324,324,324,True
,19,324,324,324,True
,20,162,162,162,True
,21,27,27,27,True
,0,32,32,32,True
,1,80,80,80,True
,2,80,80,80,True
,3,216,216,216,True
,4,480,480,480,True
,5,480,480,480,True
,6,672,672,672,True
,7,1320,1320,1320,True
,8,1320,1320,1320,True
,9,1228,1228,1228,True
,10,2080,2080,2080,True
,11,2080,2080,2080,True
,12,1416,1416,1416,True
,13,1980,1980,1980,True
,14,1980,1980,1980,True
,15,1026,1026,1026,True
,16,1080,1080,1080,True
,17,1080,1080,1080,True
,18,432,432,432,True
,19,270,270,270,True
,20,270,270,270,True
,21,81,81,81,True
,0,32,32,32,True
,1,80,80,80,True
,2,80,80,80,True
,3,216,216,216,True
,4,480,480,480,True
,5,480,480,480,True
,6,672,672,672,True
,7,1320,1320,1320,True
,8,1320,1320,1320,True
,9,1228,1228,1228,True
,10,2080,2080,2080,True
,11,2080,2080,2080,True
,12,1416,1416,1416,True
,13,1980,1980,1980,True
,14,1980,1980,1980,True
,15,1026,1026,1026,True
,16,1080,1080,1080,True
,17,1080,1080,1080,True
,18,432,432,432,True
,19,270,270,270,True
,20,270,270,270,True
,21,81,81,81,True
,0,64,64,64,True
,1,96,96,96,True
,2,48,48,48,True
,3,392,392,392,True
,4,576,576,576,True
,5,288,288,288,True
,6,1104,1104,1104,True
,7,1584,1584,1584,True
,8,792,792,792,True
,9,1796,1796,1796,True
,10,2496,2496,2496,True
,11,1248,1248,1248,True
,12,1792,1792,1792,True
,13,2376,2376,2376,True
,14,1188,1188,1188,True
,15,1062,1062,1062,True
,16,1296,1296,1296,True
,17,648,648,648,True
,18,324,324,324,True
,19,324,324,324,True
,20,162,162,162,True
,21,27,27,27,True
,0,32,32,32,True
,1,80,80,80,True
,2,80,80,80,True
,3,216,216,216,True
,4,480,480,480,True
,5,480,480,480,True
,6,672,672,672,True
,7,1320,1320,1320,True
,8,1320,1320,1320,True
,9,1228,1228,1228,True
,10,2080,2080,2080,True
,11,2080,2080,2080,True
,12,1416,1416,1416,True
,13,1980,1980,1980,True
,14,1980,1980,1980,True
,15,1026,1026,1026,True
,16,1080,1080,1080,True
,17,1080,1080,1080,True
,18,432,432,432,True
,19,270,270,270,True
,20,270,270,270,True
,21,81,81,81,True
,0,32,32,32,True
,1,80,80,80,True
,2,80,80,80,True
,3,216,216,216,True
,4,480,480,480,True
,5,480,480,480,True
,6,672,672,672,True
,7,1320,1320,1320,True
,8,1320,1320,1320,True
,9,1228,1228,1228,True
,10,2080,2080,2080,True
,11,2080,2080,2080,True
,12,1416,1416,1416,True
,13,1980,1980,1980,True
,14,1980,1980,1980,True
,15,1026,1026,1026,True
,16,1080,1080,1080,True
,17,1080,1080,1080,True
,18,432,432,432,True
,19,270,270,270,True
,20,270,270,270,True
,21,81,81,81,True
,0,64,64,64,True
,1,96,96,96,True
,2,48,48,48,True
,3,392,392,392,True
,4,576,576,576,True
,5,288,288,288,True
,6,1104,1104,1104,True
,7,1584,1584,1584,True
,8,792,792,792,True
,9,1796,1796,1796,True
,10,2496,2496,2496,True
,11,1248,1248,1248,True
,12,1792,1792,1792,True
,13,2376,2376,2376,True
,14,1188,1188,1188,True
,15,1062,1062,1062,True
,16,1296,1296,1296,True
,17,648,648,648,True
,18,324,324,324,True
,19,324,324,324,True
,20,162,162,162,True
,21,27,27,27,True
,0,16,16,16,True
,7,48,48,48,True
,14,48,48,48,True
,21,16,16,16,True
,0,128,128,128,True
,0,128,128,128,True
,0,16,16,16,True
,7,48,48,48,True
,14,48,48,48,True
,21,16,16,16,True
,0,16,16,16,True
,7,48,48,48,True
,14,48,48,48,True
,21,16,16,16,True
,0,128,128,128,True
,0,128,128,128,True
,0,16,16,16,True
,7,48,48,48,True
,14,48,48,48,True
,21,16,16,16,True
,0,16,16,16,True
,7,48,48,48,True
,14,48,48,48,True
,21,16,16,16,True
,0,128,128,128,True
,0,128,128,128,True
,0,16,16,16,True
,7,48,48,48,True
,14,48,48,48,True
,21,16,16,16,True
,0,16,16,16,True
,7,48,48,48,True
,14,48,48,48,True
,21,16,16,16,True
,0,128,128,128,True
,0,128,128,128,True
,0,4,4,4,True
,1,4,4,4,True
,2,2,2,2,True
,5,8,8,8,True
,6,8,8,8,True
,7,4,4,4,True
,10,12,12,12,True
,11,12,12,12,True
,12,6,6,6,True
,15,16,16,16,True
,16,16,16,16,True
,17,8,8,8,True
,20,10,10,10,True
,21,10,10,10,True
,22,5,5,5,True
,0,8,8,8,True
,1,8,8,8,True
,2,4,4,4,True
,5,16,16,16,True
,6,16,16,16,True
,7,8,8,8,True
,10,16,16,16,True
,11,16,16,16,True
,12,8,8,8,True
,15,8,8,8,True
,16,8,8,8,True
,17,4,4,4,True
,20,2,2,2,True
,21,2,2,2,True
,22,1,1,1,True
,0,8,8,8,True
,1,8,8,8,True
,2,4,4,4,True
,5,16,16,16,True
,6,16,16,16,True
,7,8,8,8,True
,10,16,16,16,True
,11,16,16,16,True
,12,8,8,8,True
,15,8,8,8,True
,16,8,8,8,True
,17,4,4,4,True
,20,2,2,2,True
,21,2,2,2,True
,22,1,1,1,True
,0,4,4,4,True
,1,4,4,4,True
,2,2,2,2,True
,5,8,8,8,True
,6,8,8,8,True
,7,4,4,4,True
,10,12,12,12,True
,11,12,12,12,True
,12,6,6,6,True
,15,16,16,16,True
,16,16,16,16,True
,17,8,8,8,True
,20,10,10,10,True
,21,10,10,10,True
,22,5,5,5,True
,0,4,4,4,True
,1,4,4,4,True
,2,2,2,2,True
,5,8,8,8,True
,6,8,8,8,True
,7,4,4,4,True
,10,12,12,12,True
,11,12,12,12,True
,12,6,6,6,True
,15,16,16,16,True
,16,16,16,16,True
,17,8,8,8,True
,20,10,10,10,True
,21,10,10,10,True
,22,5,5,5,True
,0,8,8,8,True
,1,8,8,8,True
,2,4,4,4,True
,5,16,16,16,True
,6,16,16,16,True
,7,8,8,8,True
,10,16,16,16,True
,11,16,16,16,True
,12,8,8,8,True
,15,8,8,8,True
,16,8,8,8,True
,17,4,4,4,True
,20,2,2,2,True
,21,2,2,2,True
,22,1,1,1,True
,0,8,8,8,True
,1,8,8,8,True
,2,4,4,4,True
,5,16,16,16,True
,6,16,16,16,True
,7,8,8,8,True
,10,16,16,16,True
,11,16,16,16,True
,12,8,8,8,True
,15,8,8,8,True
,16,8,8,8,True
,17,4,4,4,True
,20,2,2,2,True
,21,2,2,2,True
,22,1,1,1,True
,0,4,4,4,True
,1,4,4,4,True
,2,2,2,2,True
,5,8,8,8,True
,6,8,8,8,True
,7,4,4,4,True
,10,12,12,12,True
,11,12,12,12,True
,12,6,6,6,True
,15,16,16,16,True
,16,16,16,16,True
,17,8,8,8,True
,20,10,10,10,True
,21,10,10,10,True
,22,5,5,5,True
,0,4,4,4,True
,1,4,4,4,True
,2,2,2,2,True
,5,8,8,8,True
,6,8,8,8,True
,7,4,4,4,True
,10,12,12,12,True
,11,12,12,12,True
,12,6,6,6,True
,15,16,16,16,True
,16,16,16,16,True
,17,8,8,8,True
,20,10,10,10,True
,21,10,10,10,True
,22,5,5,5,True
,0,8,8,8,True
,1,8,8,8,True
,2,4,4,4,True
,5,16,16,16,True
,6,16,16,16,True
,7,8,8,8,True
,10,16,16,16,True
,11,16,16,16,True
,12,8,8,8,True
,15,8,8,8,True
,16,8,8,8,True
,17,4,4,4,True
,20,2,2,2,True
,21,2,2,2,True
,22,1,1,1,True
,0,8,8,8,True
,1,8,8,8,True
,2,4,4,4,True
,5,16,16,16,True
,6,16,16,16,True
,7,8,8,8,True
,10,16,16,16,True
,11,16,16,16,True
,12,8,8,8,True
,15,8,8,8,True
,16,8,8,8,True
,17,4,4,4,True
,20,2,2,2,True
,21,2,2,2,True
,22,1,1,1,True
,0,4,4,4,True
,1,4,4,4,True
,2,2,2,2,True
,5,8,8,8,True
,6,8,8,8,True
,7,4,4,4,True
,10,12,12,12,True
,11,12,12,12,True
,12,6,6,6,True
,15,16,16,16,True
,16,16,16,16,True
,17,8,8,8,True
,20,10,10,10,True
,21,10,10,10,True
,22,5,5,5,True
,0,4,4,4,True
,1,4,4,4,True
,2,2,2,2,True
,5,8,8,8,True
,6,8,8,8,True
,7,4,4,4,True
,10,12,12,12,True
,11,12,12,12,True
,12,6,6,6,True
,15,16,16,16,True
,16,16,16,16,True
,17,8,8,8,True
,20,10,10,10,True
,21,10,10,10,True
,22,5,5,5,True
,0,8,8,8,True
,1,8,8,8,True
,2,4,4,4,True
,5,16,16,16,True
,6,16,16,16,True
,7,8,8,8,True
,10,16,16,16,True
,11,16,16,16,True
,12,8,8,8,True
,15,8,8,8,True
,16,8,8,8,True
,17,4,4,4,True
,20,2,2,2,True
,21,2,2,2,True
,22,1,1,1,True
,0,8,8,8,True
,1,8,8,8,True
,2,4,4,4,True
,5,16,16,16,True
,6,16,16,16,True
,7,8,8,8,True
,10,16,16,16,True
,11,16,16,16,True
,12,8,8,8,True
,15,8,8,8,True
,16,8,8,8,True
,17,4,4,4,True
,20,2,2,2,True
,21,2,2,2,True
,22,1,1,1,True
,0,4,4,4,True
,1,2,2,2,True
,11,8,8,8,True
,12,4,4,4,True
,22,6,6,6,True
,23,3,3,3,True
,0,4,4,4,True
,1,2,2,2,True
,11,8,8,8,True
,12,4,4,4,True
,22,6,6,6,True
,23,3,3,3,True
,0,4,4,4,True
,1,2,2,2,True
,11,8,8,8,True
,12,4,4,4,True
,22,6,6,6,True
,23,3,3,3,True
,0,4,4,4,True
,1,2,2,2,True
,11,8,8,8,True
,12,4,4,4,True
,22,6,6,6,True
,23,3,3,3,True
,0,4,4,4,True
,1,2,2,2,True
,11,8,8,8,True
,12,4,4,4,True
,22,6,6,6,True
,23,3,3,3,True
,0,4,4,4,True
,1,2,2,2,True
,11,8,8,8,True
,12,4,4,4,True
,22,6,6,6,True
,23,3,3,3,True
,0,4,4,4,True
,1,2,2,2,True
,11,8,8,8,True
,12,4,4,4,True
,22,6,6,6,True
,23,3,3,3,True
,0,4,4,4,True
,1,2,2,2,True
,11,8,8,8,True
,12,4,4,4,True
,22,6,6,6,True
,23,3,3,3,True
,0,4,4,4,True
,1,2,2,2,True
,11,8,8,8,True
,12,4,4,4,True
,22,6,6,6,True
,23,3,3,3,True
,0,4,4,4,True
,1,2,2,2,True
,11,8,8,8,True
,12,4,4,4,True
,22,6,6,6,True
,23,3,3,3,True
,0,4,4,4,True
,1,2,2,2,True
,11,8,8,8,True
,12,4,4,4,True
,22,6,6,6,True
,23,3,3,3,True
,0,4,4,4,True
,1,2,2,2,True
,11,8,8,8,True
,12,4,4,4,True
,22,6,6,6,True
,23,3,3,3,True
,0,4,4,4,True
,1,2,2,2,True
,11,8,8,8,True
,12,4,4,4,True
,22,6,6,6,True
,23,3,3,3,True
,0,4,4,4,True
,1,2,2,2,True
,11,8,8,8,True
,12,4,4,4,True
,22,6,6,6,True
,23,3,3,3,True
,0,4,4,4,True
,1,2,2,2,True
,11,8,8,8,True
,12,4,4,4,True
,22,6,6,6,True
,23,3,3,3,True
,0,4,4,4,True
,23,4,4,4,True
,0,4,4,4,True
,23,4,4,4,True
,0,4,4,4,True
,23,4,4,4,True
,0,4,4,4,True
,23,4,4,4,True
,0,4,4,4,True
,23,4,4,4,True
,0,4,4,4,True
,23,4,4,4,True
,0,4,4,4,True
,23,4,4,4,True
,0,4,4,4,True
,23,4,4,4,True
,0,4,4,4,True
,23,4,4,4,True
,0,4,4,4,True
,23,4,4,4,True
,0,4,4,4,True
,23,4,4,4,True
,0,4,4,4,True
,23,4,4,4,True
,0,4,4,4,True
,23,4,4,4,True
,0,4,4,4,True
,23,4,4,4,True
,0,4,4,4,True
,23,4,4,4,True
,0,4,4,4,True
,1,12,12,12,True
,2,24,24,24,True
,3,40,40,40,True
,4,60,60,60,True
,5,84,84,84,True
,6,112,112,112,True
,7,144,144,144,True
,8,178,178,178,True
,9,212,212,212,True
,10,246,246,246,True
,11,280,280,280,True
,12,314,314,314,True
,13,348,348,348,True
,14,382,382,382,True
,15,416,416,416,True
,16,416,416,416,True
,17,378,378,378,True
,18,336,336,336,True
,19,290,290,290,True
,20,240,240,240,True
,21,186,186,186,True
,22,128,128,128,True
,23,66,66,66,True
,24,17,17,17,True
,0,8,8,8,True
,1,24,24,24,True
,2,48,48,48,True
,3,80,80,80,True
,4,120,120,120,True
,5,168,168,168,True
,6,224,224,224,True
,7,288,288,288,True
,8,348,348,348,True
,9,392,392,392,True
,10,420,420,420,True
,11,432,432,432,True
,12,428,428,428,True
,13,408,408,408,True
,14,372,372,372,True
,15,320,320,320,True
,16,258,258,258,True
,17,198,198,198,True
,18,146,146,146,True
,19,102,102,102,True
,20,66,66,66,True
,21,38,38,38,True
,22,18,18,18,True
,23,6,6,6,True
,24,1,1,1,True
,0,4,4,4,True
,1,12,12,12,True
,2,24,24,24,True
,3,40,40,40,True
,4,60,60,60,True
,5,84,84,84,True
,6,112,112,112,True
,7,144,144,144,True
,8,178,178,178,True
,9,212,212,212,True
,10,246,246,246,True
,11,280,280,280,True
,12,314,314,314,True
,13,348,348,348,True
,14,382,382,382,True
,15,416,416,416,True
,16,416,416,416,True
,17,378,378,378,True
,18,336,336,336,True
,19,290,290,290,True
,20,240,240,240,True
,21,186,186,186,True
,22,128,128,128,True
,23,66,66,66,True
,24,17,17,17,True
,0,4,4,4,True
,1,12,12,12,True
,2,24,24,24,True
,3,40,40,40,True
,4,60,60,60,True
,5,84,84,84,True
,6,112,112,112,True
,7,144,144,144,True
,8,178,178,178,True
,9,212,212,212,True
,10,246,246,246,True
,11,280,280,280,True
,12,314,314,314,True
,13,348,348,348,True
,14,382,382,382,True
,15,416,416,416,True
,16,416,416,416,True
,17,378,378,378,True
,18,336,336,336,True
,19,290,290,290,True
,20,240,240,240,True
,21,186,186,186,True
,22,128,128,128,True
,23,66,66,66,True
,24,17,17,17,True
,0,8,8,8,True
,1,24,24,24,True
,2,48,48,48,True
,3,80,80,80,True
,4,120,120,120,True
,5,168,168,168,True
,6,224,224,224,True
,7,288,288,288,True
,8,348,348,348,True
,9,392,392,392,True
,10,420,420,420,True
,11,432,432,432,True
,12,428,428,428,True
,13,408,408,408,True
,14,372,372,372,True
,15,320,320,320,True
,16,258,258,258,True
,17,198,198,198,True
,18,146,146,146,True
,19,102,102,102,True
,20,66,66,66,True
,21,38,38,38,True
,22,18,18,18,True
,23,6,6,6,True
,24,1,1,1,True
,0,4,4,4,True
,1,12,12,12,True
,2,24,24,24,True
,3,40,40,40,True
,4,60,60,60,True
,5,84,84,84,True
,6,112,112,112,True
,7,144,144,144,True
,8,178,178,178,True
,9,212,212,212,True
,10,246,246,246,True
,11,280,280,280,True
,12,314,314,314,True
,13,348,348,348,True
,14,382,382,382,True
,15,416,416,416,True
,16,416,416,416,True
,17,378,378,378,True
,18,336,336,336,True
,19,290,290,290,True
,20,240,240,240,True
,21,186,186,186,True
,22,128,128,128,True
,23,66,66,66,True
,24,17,17,17,True
,0,4,4,4,True
,1,12,12,12,True
,2,24,24,24,True
,3,40,40,40,True
,4,60,60,60,True
,5,84,84,84,True
,6,112,112,112,True
,7,144,144,144,True
,8,178,178,178,True
,9,212,212,212,True
,10,246,246,246,True
,11,280,280,280,True
,12,314,314,314,True
,13,348,348,348,True
,14,382,382,382,True
,15,416,416,416,True
,16,416,416,416,True
,17,378,378,378,True
,18,336,336,336,True
,19,290,290,290,True
,20,240,240,240,True
,21,186,186,186,True
,22,128,128,128,True
,23,66,66,66,True
,24,17,17,17,True
,0,8,8,8,True
,1,24,24,24,True
,2,48,48,48,True
,3,80,80,80,True
,4,120,120,120,True
,5,168,168,168,True
,6,224,224,224,True
,7,288,288,288,True
,8,348,348,348,True
,9,392,392,392,True
,10,420,420,420,True
,11,432,432,432,True
,12,428,428,428,True
,13,408,408,408,True
,14,372,372,372,True
,15,320,320,320,True
,16,258,258,258,True
,17,198,198,198,True
,18,146,146,146,True
,19,102,102,102,True
,20,66,66,66,True
,21,38,38,38,True
,22,18,18,18,True
,23,6,6,6,True
,24,1,1,1,True
,0,4,4,4,True
,1,12,12,12,True
,2,24,24,24,True
,3,40,40,40,True
,4,60,60,60,True
,5,84,84,84,True
,6,112,112,112,True
,7,144,144,144,True
,8,178,178,178,True
,9,212,212,212,True
,10,246,246,246,True
,11,280,280,280,True
,12,314,314,314,True
,13,348,348,348,True
,14,382,382,382,True
,15,416,416,416,True
,16,416,416,416,True
,17,378,378,378,True
,18,336,336,336,True
,19,290,290,290,True
,20,240,240,240,True
,21,186,186,186,True
,22,128,128,128,True
,23,66,66,66,True
,24,17,17,17,True
,0,4,4,4,True
,1,12,12,12,True
,2,24,24,24,True
,3,40,40,40,True
,4,60,60,60,True
,5,84,84,84,True
,6,112,112,112,True
,7,144,144,144,True
,8,178,178,178,True
,9,212,212,212,True
,10,246,246,246,True
,11,280,280,280,True
,12,314,314,314,True
,13,348,348,348,True
,14,382,382,382,True
,15,416,416,416,True
,16,416,416,416,True
,17,378,378,378,True
,18,336,336,336,True
,19,290,290,290,True
,20,240,240,240,True
,21,186,186,186,True
,22,128,128,128,True
,23,66,66,66,True
,24,17,17,17,True
,0,8,8,8,True
,1,24,24,24,True
,2,48,48,48,True
,3,80,80,80,True
,4,120,120,120,True
,5,168,168,168,True
,6,224,224,224,True
,7,288,288,288,True
,8,348,348,348,True
,9,392,392,392,True
,10,420,420,420,True
,11,432,432,432,True
,12,428,428,428,True
,13,408,408,408,True
,14,372,372,372,True
,15,320,320,320,True
,16,258,258,258,True
,17,198,198,198,True
,18,146,146,146,True
,19,102,102,102,True
,20,66,66,66,True
,21,38,38,38,True
,22,18,18,18,True
,23,6,6,6,True
,24,1,1,1,True
,0,8,8,8,True
,3,8,8,8,True
,21,8,8,8,True
,24,8,8,8,True
,0,8,8,8,True
,3,8,8,8,True
,21,8,8,8,True
,24,8,8,8,True
,0,8,8,8,True
,3,8,8,8,True
,21,8,8,8,True
,24,8,8,8,True
,0,8,8,8,True
,3,8,8,8,True
,21,8,8,8,True
,24,8,8,8,True
,0,8,8,8,True
,3,8,8,8,True
,21,8,8,8,True
,24,8,8,8,True
,0,8,8,8,True
,3,8,8,8,True
,21,8,8,8,True
,24,8,8,8,True
,0,8,8,8,True
,3,8,8,8,True
,21,8,8,8,True
,24,8,8,8,True
,0,8,8,8,True
,3,8,8,8,True
,21,8,8,8,True
,24,8,8,8,True
,0,8,8,8,True
,3,8,8,8,True
,21,8,8,8,True
,24,8,8,8,True
,0,8,8,8,True
,3,8,8,8,True
,21,8,8,8,True
,24,8,8,8,True
,0,8,8,8,True
,3,8,8,8,True
,21,8,8,8,True
,24,8,8,8,True
,0,8,8,8,True
,3,8,8,8,True
,21,8,8,8,True
,24,8,8,8,True
,0,8,8,8,True
,3,8,8,8,True
,21,8,8,8,True
,24,8,8,8,True
,0,8,8,8,True
,3,8,8,8,True
,21,8,8,8,True
,24,8,8,8,True
,0,8,8,8,True
,3,8,8,8,True
,21,8,8,8,True
,24,8,8,8,True
,0,32,32,32,True
,1,144,144,144,True
,2,288,288,288,True
,3,304,304,304,True
,4,168,168,168,True
,5,164,164,164,True
,6,576,576,576,True
,7,1152,1152,1152,True
,8,1216,1216,1216,True
,9,672,672,672,True
,10,368,368,368,True
,11,1008,1008,1008,True
,12,2016,2016,2016,True
,13,2128,2128,2128,True
,14,1176,1176,1176,True
,15,444,444,444,True
,16,864,864,864,True
,17,1728,1728,1728,True
,18,1824,1824,1824,True
,19,1008,1008,1008,True
,20,288,288,288,True
,21,324,324,324,True
,22,648,648,648,True
,23,684,684,684,True
,24,378,378,378,True
,25,81,81,81,True
,0,8,8,8,True
,1,36,36,36,True
,2,192,192,192,True
,3,184,184,184,True
,4,60,60,60,True
,5,38,38,38,True
,6,144,144,144,True
,7,768,768,768,True
,8,736,736,736,True
,9,240,240,240,True
,10,200,200,200,True
,11,792,792,792,True
,12,4224,4224,4224,True
,13,4048,4048,4048,True
,14,1320,1320,1320,True
,15,228,228,228,True
,16,432,432,432,True
,17,2304,2304,2304,True
,18,2208,2208,2208,True
,19,720,720,720,True
,20,84,84,84,True
,21,54,54,54,True
,22,288,288,288,True
,23,276,276,276,True
,24,90,90,90,True
,25,9,9,9,True
,0,8,8,8,True
,1,36,36,36,True
,2,192,192,192,True
,3,184,184,184,True
,4,60,60,60,True
,5,38,38,38,True
,6,144,144,144,True
,7,768,768,768,True
,8,736,736,736,True
,9,240,240,240,True
,10,200,200,200,True
,11,792,792,792,True
,12,4224,4224,4224,True
,13,4048,4048,4048,True
,14,1320,1320,1320,True
,15,228,228,228,True
,16,432,432,432,True
,17,2304,2304,2304,True
,18,2208,2208,2208,True
,19,720,720,720,True
,20,84,84,84,True
,21,54,54,54,True
,22,288,288,288,True
,23,276,276,276,True
,24,90,90,90,True
,25,9,9,9,True
,0,512,512,512,True
,1,1280,1280,1280,True
,2,1280,1280,1280,True
,3,640,640,640,True
,4,160,160,160,True
,5,1040,1040,1040,True
,6,2560,2560,2560,True
,7,2560,2560,2560,True
,8,1280,1280,1280,True
,9,320,320,320,True
,10,800,800,800,True
,11,1920,1920,1920,True
,12,1920,1920,1920,True
,13,960,960,960,True
,14,240,240,240,True
,15,280,280,280,True
,16,640,640,640,True
,17,640,640,640,True
,18,320,320,320,True
,19,80,80,80,True
,20,40,40,40,True
,21,80,80,80,True
,22,80,80,80,True
,23,40,40,40,True
,24,10,10,10,True
,25,1,1,1,True
,0,8,8,8,True
,1,36,36,36,True
,2,192,192,192,True
,3,184,184,184,True
,4,60,60,60,True
,5,38,38,38,True
,6,144,144,144,True
,7,768,768,768,True
,8,736,736,736,True
,9,240,240,240,True
,10,200,200,200,True
,11,792,792,792,True
,12,4224,4224,4224,True
,13,4048,4048,4048,True
,14,1320,1320,1320,True
,15,228,228,228,True
,16,432,432,432,True
,17,2304,2304,2304,True
,18,2208,2208,2208,True
,19,720,720,720,True
,20,84,84,84,True
,21,54,54,54,True
,22,288,288,288,True
,23,276,276,276,True
,24,90,90,90,True
,25,9,9,9,True
,0,8,8,8,True
,1,36,36,36,True
,2,192,192,192,True
,3,184,184,184,True
,4,60,60,60,True
,5,38,38,38,True
,6,144,144,144,True
,7,768,768,768,True
,8,736,736,736,True
,9,240,240,240,True
,10,200,200,200,True
,11,792,792,792,True
,12,4224,4224,4224,True
,13,4048,4048,4048,True
,14,1320,1320,1320,True
,15,228,228,228,True
,16,432,432,432,True
,17,2304,2304,2304,True
,18,2208,2208,2208,True
,19,720,720,720,True
,20,84,84,84,True
,21,54,54,54,True
,22,288,288,288,True
,23,276,276,276,True
,24,90,90,90,True
,25,9,9,9,True
,0,32,32,32,True
,1,144,144,144,True
,2,288,288,288,True
,3,304,304,304,True
,4,168,168,168,True
,5,164,164,164,True
,6,576,576,576,True
,7,1152,1152,1152,True
,8,1216,1216,1216,True
,9,672,672,672,True
,10,368,368,368,True
,11,1008,1008,1008,True
,12,2016,2016,2016,True
,13,2128,2128,2128,True
,14,1176,1176,1176,True
,15,444,444,444,True
,16,864,864,864,True
,17,1728,1728,1728,True
,18,1824,1824,1824,True
,19,1008,1008,1008,True
,20,288,288,288,True
,21,324,324,324,True
,22,648,648,648,True
,23,684,684,684,True
,24,378,378,378,True
,25,81,81,81,True
,0,32,32,32,True
,1,144,144,144,True
,2,288,288,288,True
,3,304,304,304,True
,4,168,168,168,True
,5,164,164,164,True
,6,576,576,576,True
,7,1152,1152,1152,True
,8,1216,1216,1216,True
,9,672,672,672,True
,10,368,368,368,True
,11,1008,1008,1008,True
,12,2016,2016,2016,True
,13,2128,2128,2128,True
,14,1176,1176,1176,True
,15,444,444,444,True
,16,864,864,864,True
,17,1728,1728,1728,True
,18,1824,1824,1824,True
,19,1008,1008,1008,True
,20,288,288,288,True
,21,324,324,324,True
,22,648,648,648,True
,23,684,684,684,True
,24,378,378,378,True
,25,81,81,81,True
,0,8,8,8,True
,1,36,36,36,True
,2,192,192,192,True
,3,184,184,184,True
,4,60,60,60,True
,5,38,38,38,True
,6,144,144,144,True
,7,768,768,768,True
,8,736,736,736,True
,9,240,240,240,True
,10,200,200,200,True
,11,792,792,792,True
,12,4224,4224,4224,True
,13,4048,4048,4048,True
,14,1320,1320,1320,True
,15,228,228,228,True
,16,432,432,432,True
,17,2304,2304,2304,True
,18,2208,2208,2208,True
,19,720,720,720,True
,20,84,84,84,True
,21,54,54,54,True
,22,288,288,288,True
,23,276,276,276,True
,24,90,90,90,True
,25,9,9,9,True
,0,8,8,8,True
,1,36,36,36,True
,2,192,192,192,True
,3,184,184,184,True
,4,60,60,60,True
,5,38,38,38,True
,6,144,144,144,True
,7,768,768,768,True
,8,736,736,736,True
,9,240,240,240,True
,10,200,200,200,True
,11,792,792,792,True
,12,4224,4224,4224,True
,13,4048,4048,4048,True
,14,1320,1320,1320,True
,15,228,228,228,True
,16,432,432,432,True
,17,2304,2304,2304,True
,18,2208,2208,2208,True
,19,720,720,720,True
,20,84,84,84,True
,21,54,54,54,True
,22,288,288,288,True
,23,276,276,276,True
,24,90,90,90,True
,25,9,9,9,True
,0,512,512,512,True
,1,1280,1280,1280,True
,2,1280,1280,1280,True
,3,640,640,640,True
,4,160,160,160,True
,5,1040,1040,1040,True
,6,2560,2560,2560,True
,7,2560,2560,2560,True
,8,1280,1280,1280,True
,9,320,320,320,True
,10,800,800,800,True
,11,1920,1920,1920,True
,12,1920,1920,1920,True
,13,960,960,960,True
,14,240,240,240,True
,15,280,280,280,True
,16,640,640,640,True
,17,640,640,640,True
,18,320,320,320,True
,19,80,80,80,True
,20,40,40,40,True
,21,80,80,80,True
,22,80,80,80,True
,23,40,40,40,True
,24,10,10,10,True
,25,1,1,1,True
,0,8,8,8,True
,1,36,36,36,True
,2,192,192,192,True
,3,184,184,184,True
,4,60,60,60,True
,5,38,38,38,True
,6,144,144,144,True
,7,768,768,768,True
,8,736,736,736,True
,9,240,240,240,True
,10,200,200,200,True
,11,792,792,792,True
,12,4224,4224,4224,True
,13,4048,4048,4048,True
,14,1320,1320,1320,True
,15,228,228,228,True
,16,432,432,432,True
,17,2304,2304,2304,True
,18,2208,2208,2208,True
,19,720,720,720,True
,20,84,84,84,True
,21,54,54,54,True
,22,288,288,288,True
,23,276,276,276,True
,24,90,90,90,True
,25,9,9,9,True
,0,8,8,8,True
,1,36,36,36,True
,2,192,192,192,True
,3,184,184,184,True
,4,60,60,60,True
,5,38,38,38,True
,6,144,144,144,True
,7,768,768,768,True
,8,736,736,736,True
,9,240,240,240,True
,10,200,200,200,True
,11,792,792,792,True
,12,4224,4224,4224,True
,13,4048,4048,4048,True
,14,1320,1320,1320,True
,15,228,228,228,True
,16,432,432,432,True
,17,2304,2304,2304,True
,18,2208,2208,2208,True
,19,720,720,720,True
,20,84,84,84,True
,21,54,54,54,True
,22,288,288,288,True
,23,276,276,276,True
,24,90,90,90,True
,25,9,9,9,True
,0,8,8,8,True
,1,8,8,8,True
,2,4,4,4,True
,3,32,32,32,True
,4,32,32,32,True
,5,16,16,16,True
,6,80,80,80,True
,7,80,80,80,True
,8,40,40,40,True
,9,160,160,160,True
,10,160,160,160,True
,11,80,80,80,True
,12,240,240,240,True
,13,240,240,240,True
,14,120,120,120,True
,15,272,272,272,True
,16,272,272,272,True
,17,136,136,136,True
,18,248,248,248,True
,19,248,248,248,True
,20,124,124,124,True
,21,160,160,160,True
,22,160,160,160,True
,23,80,80,80,True
,24,50,50,50,True
,25,50,50,50,True
,26,25,25,25,True
,0,4,4,4,True
,1,4,4,4,True
,2,2,2,2,True
,3,16,16,16,True
,4,16,16,16,True
,5,8,8,8,True
,6,40,40,40,True
,7,40,40,40,True
,8,20,20,20,True
,9,80,80,80,True
,10,80,80,80,True
,11,40,40,40,True
,12,364,364,364,True
,13,364,364,364,True
,14,182,182,182,True
,15,384,384,384,True
,16,384,384,384,True
,17,192,192,192,True
,18,256,256,256,True
,19,256,256,256,True
,20,128,128,128,True
,21,96,96,96,True
,22,96,96,96,True
,23,48,48,48,True
,24,10,10,10,True
,25,10,10,10,True
,26,5,5,5,True
,0,4,4,4,True
,1,4,4,4,True
,2,2,2,2,True
,3,16,16,16,True
,4,16,16,16,True
,5,8,8,8,True
,6,40,40,40,True
,7,40,40,40,True
,8,20,20,20,True
,9,80,80,80,True
,10,80,80,80,True
,11,40,40,40,True
,12,364,364,364,True
,13,364,364,364,True
,14,182,182,182,True
,15,384,384,384,True
,16,384,384,384,True
,17,192,192,192,True
,18,256,256,256,True
,19,256,256,256,True
,20,128,128,128,True
,21,96,96,96,True
,22,96,96,96,True
,23,48,48,48,True
,24,10,10,10,True
,25,10,10,10,True
,26,5,5,5,True
,0,32,32,32,True
,1,32,32,32,True
,2,16,16,16,True
,3,128,128,128,True
,4,128,128,128,True
,5,64,64,64,True
,6,256,256,256,True
,7,256,256,256,True
,8,128,128,128,True
,9,320,320,320,True
,10,320,320,320,True
,11,160,160,160,True
,12,272,272,272,True
,13,272,272,272,True
,14,136,136,136,True
,15,160,160,160,True
,16,160,160,160,True
,17,80,80,80,True
,18,64,64,64,True
,19,64,64,64,True
,20,32,32,32,True
,21,16,16,16,True
,22,16,16,16,True
,23,8,8,8,True
,24,2,2,2,True
,25,2,2,2,True
,26,1,1,1,True
,0,32,32,32,True
,1,32,32,32,True
,2,16,16,16,True
,3,128,128,128,True
,4,128,128,128,True
,5,64,64,64,True
,6,256,256,256,True
,7,256,256,256,True
,8,128,128,128,True
,9,320,320,320,True
,10,320,320,320,True
,11,160,160,160,True
,12,272,272,272,True
,13,272,272,272,True
,14,136,136,136,True
,15,160,160,160,True
,16,160,160,160,True
,17,80,80,80,True
,18,64,64,64,True
,19,64,64,64,True
,20,32,32,32,True
,21,16,16,16,True
,22,16,16,16,True
,23,8,8,8,True
,24,2,2,2,True
,25,2,2,2,True
,26,1,1,1,True
,0,4,4,4,True
,1,4,4,4,True
,2,2,2,2,True
,3,16,16,16,True
,4,16,16,16,True
,5,8,8,8,True
,6,40,40,40,True
,7,40,40,40,True
,8,20,20,20,True
,9,80,80,80,True
,10,80,80,80,True
,11,40,40,40,True
,12,364,364,364,True
,13,364,364,364,True
,14,182,182,182,True
,15,384,384,384,True
,16,384,384,384,True
,17,192,192,192,True
,18,256,256,256,True
,19,256,256,256,True
,20,128,128,128,True
,21,96,96,96,True
,22,96,96,96,True
,23,48,48,48,True
,24,10,10,10,True
,25,10,10,10,True
,26,5,5,5,True
,0,4,4,4,True
,1,4,4,4,True
,2,2,2,2,True
,3,16,16,16,True
,4,16,16,16,True
,5,8,8,8,True
,6,40,40,40,True
,7,40,40,40,True
,8,20,20,20,True
,9,80,80,80,True
,10,80,80,80,True
,11,40,40,40,True
,12,364,364,364,True
,13,364,364,364,True
,14,182,182,182,True
,15,384,384,384,True
,16,384,384,384,True
,17,192,192,192,True
,18,256,256,256,True
,19,256,256,256,True
,20,128,128,128,True
,21,96,96,96,True
,22,96,96,96,True
,23,48,48,48,True
,24,10,10,10,True
,25,10,10,10,True
,26,5,5,5,True
,0,8,8,8,True
,1,8,8,8,True
,2,4,4,4,True
,3,32,32,32,True
,4,32,32,32,True
,5,16,16,16,True
,6,80,80,80,True
,7,80,80,80,True
,8,40,40,40,True
,9,160,160,160,True
,10,160,160,160,True
,11,80,80,80,True
,12,240,240,240,True
,13,240,240,240,True
,14,120,120,120,True
,15,272,272,272,True
,16,272,272,272,True
,17,136,136,136,True
,18,248,248,248,True
,19,248,248,248,True
,20,124,124,124,True
,21,160,160,160,True
,22,160,160,160,True
,23,80,80,80,True
,24,50,50,50,True
,25,50,50,50,True
,26,25,25,25,True
,0,8,8,8,True
,1,8,8,8,True
,2,4,4,4,True
,3,32,32,32,True
,4,32,32,32,True
,5,16,16,16,True
,6,80,80,80,True
,7,80,80,80,True
,8,40,40,40,True
,9,160,160,160,True
,10,160,160,160,True
,11,80,80,80,True
,12,240,240,240,True
,13,240,240,240,True
,14,120,120,120,True
,15,272,272,272,True
,16,272,272,272,True
,17,136,136,136,True
,18,248,248,248,True
,19,248,248,248,True
,20,124,124,124,True
,21,160,160,160,True
,22,160,160,160,True
,23,80,80,80,True
,24,50,50,50,True
,25,50,50,50,True
,26,25,25,25,True
,0,4,4,4,True
,1,4,4,4,True
,2,2,2,2,True
,3,16,16,16,True
,4,16,16,16,True
,5,8,8,8,True
,6,40,40,40,True
,7,40,40,40,True
,8,20,20,20,True
,9,80,80,80,True
,10,80,80,80,True
,11,40,40,40,True
,12,364,364,364,True
,13,364,364,364,True
,14,182,182,182,True
,15,384,384,384,True
,16,384,384,384,True
,17,192,192,192,True
,18,256,256,256,True
,19,256,256,256,True
,20,128,128,128,True
,21,96,96,96,True
,22,96,96,96,True
,23,48,48,48,True
,24,10,10,10,True
,25,10,10,10,True
,26,5,5,5,True
,0,4,4,4,True
,1,4,4,4,True
,2,2,2,2,True
,3,16,16,16,True
,4,16,16,16,True
,5,8,8,8,True
,6,40,40,40,True
,7,40,40,40,True
,8,20,20,20,True
,9,80,80,80,True
,10,80,80,80,True
,11,40,40,40,True
,12,364,364,364,True
,13,364,364,364,True
,14,182,182,182,True
,15,384,384,384,True
,16,384,384,384,True
,17,192,192,192,True
,18,256,256,256,True
,19,256,256,256,True
,20,128,128,128,True
,21,96,96,96,True
,22,96,96,96,True
,23,48,48,48,True
,24,10,10,10,True
,25,10,10,10,True
,26,5,5,5,True
,0,32,32,32,True
,1,32,32,32,True
,2,16,16,16,True
,3,128,128,128,True
,4,128,128,128,True
,5,64,64,64,True
,6,256,256,256,True
,7,256,256,256,True
,8,128,128,128,True
,9,320,320,320,True
,10,320,320,320,True
,11,160,160,160,True
,12,272,272,272,True
,13,272,272,272,True
,14,136,136,136,True
,15,160,160,160,True
,16,160,160,160,True
,17,80,80,80,True
,18,64,64,64,True
,19,64,64,64,True
,20,32,32,32,True
,21,16,16,16,True
,22,16,16,16,True
,23,8,8,8,True
,24,2,2,2,True
,25,2,2,2,True
,26,1,1,1,True
,0,32,32,32,True
,1,32,32,32,True
,2,16,16,16,True
,3,128,128,128,True
,4,128,128,128,True
,5,64,64,64,True
,6,256,256,256,True
,7,256,256,256,True
,8,128,128,128,True
,9,320,320,320,True
,10,320,320,320,True
,11,160,160,160,True
,12,272,272,272,True
,13,272,272,272,True
,14,136,136,136,True
,15,160,160,160,True
,16,160,160,160,True
,17,80,80,80,True
,18,64,64,64,True
,19,64,64,64,True
,20,32,32,32,True
,21,16,16,16,True
,22,16,16,16,True
,23,8,8,8,True
,24,2,2,2,True
,25,2,2,2,True
,26,1,1,1,True
,0,4,4,4,True
,1,4,4,4,True
,2,2,2,2,True
,3,16,16,16,True
,4,16,16,16,True
,5,8,8,8,True
,6,40,40,40,True
,7,40,40,40,True
,8,20,20,20,True
,9,80,80,80,True
,10,80,80,80,True
,11,40,40,40,True
,12,364,364,364,True
,13,364,364,364,True
,14,182,182,182,True
,15,384,384,384,True
,16,384,384,384,True
,17,192,192,192,True
,18,256,256,256,True
,19,256,256,256,True
,20,128,128,128,True
,21,96,96,96,True
,22,96,96,96,True
,23,48,48,48,True
,24,10,10,10,True
,25,10,10,10,True
,26,5,5,5,True
,0,4,4,4,True
,1,4,4,4,True
,2,2,2,2,True
,3,16,16,16,True
,4,16,16,16,True
,5,8,8,8,True
,6,40,40,40,True
,7,40,40,40,True
,8,20,20,20,True
,9,80,80,80,True
,10,80,80,80,True
,11,40,40,40,True
,12,364,364,364,True
,13,364,364,364,True
,14,182,182,182,True
,15,384,384,384,True
,16,384,384,384,True
,17,192,192,192,True
,18,256,256,256,True
,19,256,256,256,True
,20,128,128,128,True
,21,96,96,96,True
,22,96,96,96,True
,23,48,48,48,True
,24,10,10,10,True
,25,10,10,10,True
,26,5,5,5,True
,0,8,8,8,True
,13,16,16,16,True
,26,8,8,8,True
,0,4,4,4,True
,13,24,24,24,True
,26,4,4,4,True
,0,4,4,4,True
,13,24,24,24,True
,26,4,4,4,True
,0,32,32,32,True
,0,32,32,32,True
,0,4,4,4,True
,13,24,24,24,True
,26,4,4,4,True
,0,4,4,4,True
,13,24,24,24,True
,26,4,4,4,True
,0,8,8,8,True
,13,16,16,16,True
,26,8,8,8,True
,0,8,8,8,True
,13,16,16,16,True
,26,8,8,8,True
,0,4,4,4,True
,13,24,24,24,True
,26,4,4,4,True
,0,4,4,4,True
,13,24,24,24,True
,26,4,4,4,True
,0,32,32,32,True
,0,32,32,32,True
,0,4,4,4,True
,13,24,24,24,True
,26,4,4,4,True
,0,4,4,4,True
,13,24,24,24,True
,26,4,4,4,True
,0,16,16,16,True
,1,40,40,40,True
,2,40,40,40,True
,3,44,44,44,True
,4,80,80,80,True
,5,80,80,80,True
,6,48,48,48,True
,7,60,60,60,True
,8,60,60,60,True
,9,50,50,50,True
,10,80,80,80,True
,11,80,80,80,True
,12,88,88,88,True
,13,160,160,160,True
,14,160,160,160,True
,15,96,96,96,True
,16,120,120,120,True
,17,120,120,120,True
,18,60,60,60,True
,19,60,60,60,True
,20,60,60,60,True
,21,66,66,66,True
,22,120,120,120,True
,23,120,120,120,True
,24,72,72,72,True
,25,90,90,90,True
,26,90,90,90,True
,27,27,27,27,True
,0,128,128,128,True
,1,192,192,192,True
,2,96,96,96,True
,3,144,144,144,True
,4,192,192,192,True
,5,96,96,96,True
,6,48,48,48,True
,7,48,48,48,True
,8,24,24,24,True
,9,132,132,132,True
,10,192,192,192,True
,11,96,96,96,True
,12,144,144,144,True
,13,192,192,192,True
,14,96,96,96,True
,15,48,48,48,True
,16,48,48,48,True
,17,24,24,24,True
,18,36,36,36,True
,19,48,48,48,True
,20,24,24,24,True
,21,36,36,36,True
,22,48,48,48,True
,23,24,24,24,True
,24,12,12,12,True
,25,12,12,12,True
,26,6,6,6,True
,27,1,1,1,True
,0,16,16,16,True
,1,40,40,40,True
,2,40,40,40,True
,3,44,44,44,True
,4,80,80,80,True
,5,80,80,80,True
,6,48,48,48,True
,7,60,60,60,True
,8,60,60,60,True
,9,50,50,50,True
,10,80,80,80,True
,11,80,80,80,True
,12,88,88,88,True
,13,160,160,160,True
,14,160,160,160,True
,15,96,96,96,True
,16,120,120,120,True
,17,120,120,120,True
,18,60,60,60,True
,19,60,60,60,True
,20,60,60,60,True
,21,66,66,66,True
,22,120,120,120,True
,23,120,120,120,True
,24,72,72,72,True
,25,90,90,90,True
,26,90,90,90,True
,27,27,27,27,True
,0,16,16,16,True
,1,40,40,40,True
,2,40,40,40,True
,3,44,44,44,True
,4,80,80,80,True
,5,80,80,80,True
,6,48,48,48,True
,7,60,60,60,True
,8,60,60,60,True
,9,50,50,50,True
,10,80,80,80,True
,11,80,80,80,True
,12,88,88,88,True
,13,160,160,160,True
,14,160,160,160,True
,15,96,96,96,True
,16,120,120,120,True
,17,120,120,120,True
,18,60,60,60,True
,19,60,60,60,True
,20,60,60,60,True
,21,66,66,66,True
,22,120,120,120,True
,23,120,120,120,True
,24,72,72,72,True
,25,90,90,90,True
,26,90,90,90,True
,27,27,27,27,True
,0,128,128,128,True
,1,192,192,192,True
,2,96,96,96,True
,3,144,144,144,True
,4,192,192,192,True
,5,96,96,96,True
,6,48,48,48,True
,7,48,48,48,True
,8,24,24,24,True
,9,132,132,132,True
,10,192,192,192,True
,11,96,96,96,True
,12,144,144,144,True
,13,192,192,192,True
,14,96,96,96,True
,15,48,48,48,True
,16,48,48,48,True
,17,24,24,24,True
,18,36,36,36,True
,19,48,48,48,True
,20,24,24,24,True
,21,36,36,36,True
,22,48,48,48,True
,23,24,24,24,True
,24,12,12,12,True
,25,12,12,12,True
,26,6,6,6,True
,27,1,1,1,True
,0,16,16,16,True
,1,40,40,40,True
,2,40,40,40,True
,3,44,44,44,True
,4,80,80,80,True
,5,80,80,80,True
,6,48,48,48,True
,7,60,60,60,True
,8,60,60,60,True
,9,50,50,50,True
,10,80,80,80,True
,11,80,80,80,True
,12,88,88,88,True
,13,160,160,160,True
,14,160,160,160,True
,15,96,96,96,True
,16,120,120,120,True
,17,120,120,120,True
,18,60,60,60,True
,19,60,60,60,True
,20,60,60,60,True
,21,66,66,66,True
,22,120,120,120,True
,23,120,120,120,True
,24,72,72,72,True
,25,90,90,90,True
,26,90,90,90,True
,27,27,27,27,True
,0,16,16,16,True
,1,40,40,40,True
,2,40,40,40,True
,3,44,44,44,True
,4,80,80,80,True
,5,80,80,80,True
,6,48,48,48,True
,7,60,60,60,True
,8,60,60,60,True
,9,50,50,50,True
,10,80,80,80,True
,11,80,80,80,True
,12,88,88,88,True
,13,160,160,160,True
,14,160,160,160,True
,15,96,96,96,True
,16,120,120,120,True
,17,120,120,120,True
,18,60,60,60,True
,19,60,60,60,True
,20,60,60,60,True
,21,66,66,66,True
,22,120,120,120,True
,23,120,120,120,True
,24,72,72,72,True
,25,90,90,90,True
,26,90,90,90,True
,27,27,27,27,True
,0,128,128,128,True
,1,192,192,192,True
,2,96,96,96,True
,3,144,144,144,True
,4,192,192,192,True
,5,96,96,96,True
,6,48,48,48,True
,7,48,48,48,True
,8,24,24,24,True
,9,132,132,132,True
,10,192,192,192,True
,11,96,96,96,True
,12,144,144,144,True
,13,192,192,192,True
,14,96,96,96,True
,15,48,48,48,True
,16,48,48,48,True
,17,24,24,24,True
,18,36,36,36,True
,19,48,48,48,True
,20,24,24,24,True
,21,36,36,36,True
,22,48,48,48,True
,23,24,24,24,True
,24,12,12,12,True
,25,12,12,12,True
,26,6,6,6,True
,27,1,1,1,True
,0,16,16,16,True
,1,40,40,40,True
,2,40,40,40,True
,3,44,44,44,True
,4,80,80,80,True
,5,80,80,80,True
,6,48,48,48,True
,7,60,60,60,True
,8,60,60,60,True
,9,50,50,50,True
,10,80,80,80,True
,11,80,80,80,True
,12,88,88,88,True
,13,160,160,160,True
,14,160,160,160,True
,15,96,96,96,True
,16,120,120,120,True
,17,120,120,120,True
,18,60,60,60,True
,19,60,60,60,True
,20,60,60,60,True
,21,66,66,66,True
,22,120,120,120,True
,23,120,120,120,True
,24,72,72,72,True
,25,90,90,90,True
,26,90,90,90,True
,27,27,27,27,True
,0,16,16,16,True
,1,40,40,40,True
,2,40,40,40,True
,3,44,44,44,True
,4,80,80,80,True
,5,80,80,80,True
,6,48,48,48,True
,7,60,60,60,True
,8,60,60,60,True
,9,50,50,50,True
,10,80,80,80,True
,11,80,80,80,True
,12,88,88,88,True
,13,160,160,160,True
,14,160,160,160,True
,15,96,96,96,True
,16,120,120,120,True
,17,120,120,120,True
,18,60,60,60,True
,19,60,60,60,True
,20,60,60,60,True
,21,66,66,66,True
,22,120,120,120,True
,23,120,120,120,True
,24,72,72,72,True
,25,90,90,90,True
,26,90,90,90,True
,27,27,27,27,True
,0,128,128,128,True
,1,192,192,192,True
,2,96,96,96,True
,3,144,144,144,True
,4,192,192,192,True
,5,96,96,96,True
,6,48,48,48,True
,7,48,48,48,True
,8,24,24,24,True
,9,132,132,132,True
,10,192,192,192,True
,11,96,96,96,True
,12,144,144,144,True
,13,192,192,192,True
,14,96,96,96,True
,15,48,48,48,True
,16,48,48,48,True
,17,24,24,24,True
,18,36,36,36,True
,19,48,48,48,True
,20,24,24,24,True
,21,36,36,36,True
,22,48,48,48,True
,23,24,24,24,True
,24,12,12,12,True
,25,12,12,12,True
,26,6,6,6,True
,27,1,1,1,True
,0,256,256,256,True
,1,512,512,512,True
,2,256,256,256,True
,5,1280,1280,1280,True
,6,2560,2560,2560,True
,7,1280,1280,1280,True
,10,2560,2560,2560,True
,11,5120,5120,5120,True
,12,2560,2560,2560,True
,15,2560,2560,2560,True
,16,5120,5120,5120,True
,17,2560,2560,2560,True
,20,1280,1280,1280,True
,21,2560,2560,2560,True
,22,1280,1280,1280,True
,25,256,256,256,True
,26,512,512,512,True
,27,256,256,256,True
,0,64,64,64,True
,1,384,384,384,True
,2,64,64,64,True
,5,768,768,768,True
,6,4608,4608,4608,True
,7,768,768,768,True
,10,2432,2432,2432,True
,11,14592,14592,14592,True
,12,2432,2432,2432,True
,15,768,768,768,True
,16,4608,4608,4608,True
,17,768,768,768,True
,20,64,64,64,True
,21,384,384,384,True
,22,64,64,64,True
,0,64,64,64,True
,1,384,384,384,True
,2,64,64,64,True
,5,768,768,768,True
,6,4608,4608,4608,True
,7,768,768,768,True
,10,2432,2432,2432,True
,11,14592,14592,14592,True
,12,2432,2432,2432,True
,15,768,768,768,True
,16,4608,4608,4608,True
,17,768,768,768,True
,20,64,64,64,True
,21,384,384,384,True
,22,64,64,64,True
,0,1024,1024,1024,True
,5,5120,5120,5120,True
,10,10240,10240,10240,True
,15,10240,10240,10240,True
,20,5120,5120,5120,True
,25,1024,1024,1024,True
,0,64,64,64,True
,1,384,384,384,True
,2,64,64,64,True
,5,768,768,768,True
,6,4608,4608,4608,True
,7,768,768,768,True
,10,2432,2432,2432,True
,11,14592,14592,14592,True
,12,2432,2432,2432,True
,15,768,768,768,True
,16,4608,4608,4608,True
,17,768,768,768,True
,20,64,64,64,True
,21,384,384,384,True
,22,64,64,64,True
,0,64,64,64,True
,1,384,384,384,True
,2,64,64,64,True
,5,768,768,768,True
,6,4608,4608,4608,True
,7,768,768,768,True
,10,2432,2432,2432,True
,11,14592,14592,14592,True
,12,2432,2432,2432,True
,15,768,768,768,True
,16,4608,4608,4608,True
,17,768,768,768,True
,20,64,64,64,True
,21,384,384,384,True
,22,64,64,64,True
,0,256,256,256,True
,1,512,512,512,True
,2,256,256,256,True
,5,1280,1280,1280,True
,6,2560,2560,2560,True
,7,1280,1280,1280,True
,10,2560,2560,2560,True
,11,5120,5120,5120,True
,12,2560,2560,2560,True
,15,2560,2560,2560,True
,16,5120,5120,5120,True
,17,2560,2560,2560,True
,20,1280,1280,1280,True
,21,2560,2560,2560,True
,22,1280,1280,1280,True
,25,256,256,256,True
,26,512,512,512,True
,27,256,256,256,True
,0,256,256,256,True
,1,512,512,512,True
,2,256,256,256,True
,5,1280,1280,1280,True
,6,2560,2560,2560,True
,7,1280,1280,1280,True
,10,2560,2560,2560,True
,11,5120,5120,5120,True
,12,2560,2560,2560,True
,15,2560,2560,2560,True
,16,5120,5120,5120,True
,17,2560,2560,2560,True
,20,1280,1280,1280,True
,21,2560,2560,2560,True
,22,1280,1280,1280,True
,25,256,256,256,True
,26,512,512,512,True
,27,256,256,256,True
,0,64,64,64,True
,1,384,384,384,True
,2,64,64,64,True
,5,768,768,768,True
,6,4608,4608,4608,True
,7,768,768,768,True
,10,2432,2432,2432,True
,11,14592,14592,14592,True
,12,2432,2432,2432,True
,15,768,768,768,True
,16,4608,4608,4608,True
,17,768,768,768,True
,20,64,64,64,True
,21,384,384,384,True
,22,64,64,64,True
,0,64,64,64,True
,1,384,384,384,True
,2,64,64,64,True
,5,768,768,768,True
,6,4608,4608,4608,True
,7,768,768,768,True
,10,2432,2432,2432,True
,11,14592,14592,14592,True
,12,2432,2432,2432,True
,15,768,768,768,True
,16,4608,4608,4608,True
,17,768,768,768,True
,20,64,64,64,True
,21,384,384,384,True
,22,64,64,64,True
,0,1024,1024,1024,True
,5,5120,5120,5120,True
,10,10240,10240,10240,True
,15,10240,10240,10240,True
,20,5120,5120,5120,True
,25,1024,1024,1024,True
,0,64,64,64,True
,1,384,384,384,True
,2,64,64,64,True
,5,768,768,768,True
,6,4608,4608,4608,True
,7,768,768,768,True
,10,2432,2432,2432,True
,11,14592,14592,14592,True
,12,2432,2432,2432,True
,15,768,768,768,True
,16,4608,4608,4608,True
,17,768,768,768,True
,20,64,64,64,True
,21,384,384,384,True
,22,64,64,64,True
,0,64,64,64,True
,1,384,384,384,True
,2,64,64,64,True
,5,768,768,768,True
,6,4608,4608,4608,True
,7,768,768,768,True
,10,2432,2432,2432,True
,11,14592,14592,14592,True
,12,2432,2432,2432,True
,15,768,768,768,True
,16,4608,4608,4608,True
,17,768,768,768,True
,20,64,64,64,True
,21,384,384,384,True
,22,64,64,64,True
,0,4,4,4,True
,1,4,4,4,True
,2,4,4,4,True
,3,12,12,12,True
,4,10,10,10,True
,5,8,8,8,True
,6,20,20,20,True
,7,16,16,16,True
,8,12,12,12,True
,9,28,28,28,True
,10,22,22,22,True
,11,16,16,16,True
,12,36,36,36,True
,13,28,28,28,True
,14,20,20,20,True
,15,44,44,44,True
,16,34,34,34,True
,17,24,24,24,True
,18,52,52,52,True
,19,40,40,40,True
,20,28,28,28,True
,21,60,60,60,True
,22,46,46,46,True
,23,32,32,32,True
,24,50,50,50,True
,25,34,34,34,True
,26,18,18,18,True
,27,18,18,18,True
,28,9,9,9,True
,0,4,4,4,True
,1,4,4,4,True
,2,4,4,4,True
,3,12,12,12,True
,4,10,10,10,True
,5,8,8,8,True
,6,20,20,20,True
,7,16,16,16,True
,8,12,12,12,True
,9,28,28,28,True
,10,22,22,22,True
,11,16,16,16,True
,12,36,36,36,True
,13,28,28,28,True
,14,20,20,20,True
,15,44,44,44,True
,16,34,34,34,True
,17,24,24,24,True
,18,52,52,52,True
,19,40,40,40,True
,20,28,28,28,True
,21,60,60,60,True
,22,46,46,46,True
,23,32,32,32,True
,24,50,50,50,True
,25,34,34,34,True
,26,18,18,18,True
,27,18,18,18,True
,28,9,9,9,True
,0,4,4,4,True
,1,4,4,4,True
,2,4,4,4,True
,3,12,12,12,True
,4,10,10,10,True
,5,8,8,8,True
,6,20,20,20,True
,7,16,16,16,True
,8,12,12,12,True
,9,28,28,28,True
,10,22,22,22,True
,11,16,16,16,True
,12,36,36,36,True
,13,28,28,28,True
,14,20,20,20,True
,15,44,44,44,True
,16,34,34,34,True
,17,24,24,24,True
,18,52,52,52,True
,19,40,40,40,True
,20,28,28,28,True
,21,60,60,60,True
,22,46,46,46,True
,23,32,32,32,True
,24,50,50,50,True
,25,34,34,34,True
,26,18,18,18,True
,27,18,18,18,True
,28,9,9,9,True
,0,4,4,4,True
,1,4,4,4,True
,2,4,4,4,True
,3,12,12,12,True
,4,10,10,10,True
,5,8,8,8,True
,6,20,20,20,True
,7,16,16,16,True
,8,12,12,12,True
,9,28,28,28,True
,10,22,22,22,True
,11,16,16,16,True
,12,36,36,36,True
,13,28,28,28,True
,14,20,20,20,True
,15,44,44,44,True
,16,34,34,34,True
,17,24,24,24,True
,18,52,52,52,True
,19,40,40,40,True
,20,28,28,28,True
,21,60,60,60,True
,22,46,46,46,True
,23,32,32,32,True
,24,50,50,50,True
,25,34,34,34,True
,26,18,18,18,True
,27,18,18,18,True
,28,9,9,9,True
,0,4,4,4,True
,1,4,4,4,True
,2,4,4,4,True
,3,12,12,12,True
,4,10,10,10,True
,5,8,8,8,True
,6,20,20,20,True
,7,16,16,16,True
,8,12,12,12,True
,9,28,28,28,True
,10,22,22,22,True
,11,16,16,16,True
,12,36,36,36,True
,13,28,28,28,True
,14,20,20,20,True
,15,44,44,44,True
,16,34,34,34,True
,17,24,24,24,True
,18,52,52,52,True
,19,40,40,40,True
,20,28,28,28,True
,21,60,60,60,True
,22,46,46,46,True
,23,32,32,32,True
,24,50,50,50,True
,25,34,34,34,True
,26,18,18,18,True
,27,18,18,18,True
,28,9,9,9,True
,0,4,4,4,True
,1,4,4,4,True
,2,4,4,4,True
,3,12,12,12,True
,4,10,10,10,True
,5,8,8,8,True
,6,20,20,20,True
,7,16,16,16,True
,8,12,12,12,True
,9,28,28,28,True
,10,22,22,22,True
,11,16,16,16,True
,12,36,36,36,True
,13,28,28,28,True
,14,20,20,20,True
,15,44,44,44,True
,16,34,34,34,True
,17,24,24,24,True
,18,52,52,52,True
,19,40,40,40,True
,20,28,28,28,True
,21,60,60,60,True
,22,46,46,46,True
,23,32,32,32,True
,24,50,50,50,True
,25,34,34,34,True
,26,18,18,18,True
,27,18,18,18,True
,28,9,9,9,True
,0,4,4,4,True
,1,4,4,4,True
,2,4,4,4,True
,3,12,12,12,True
,4,10,10,10,True
,5,8,8,8,True
,6,20,20,20,True
,7,16,16,16,True
,8,12,12,12,True
,9,28,28,28,True
,10,22,22,22,True
,11,16,16,16,True
,12,36,36,36,True
,13,28,28,28,True
,14,20,20,20,True
,15,44,44,44,True
,16,34,34,34,True
,17,24,24,24,True
,18,52,52,52,True
,19,40,40,40,True
,20,28,28,28,True
,21,60,60,60,True
,22,46,46,46,True
,23,32,32,32,True
,24,50,50,50,True
,25,34,34,34,True
,26,18,18,18,True
,27,18,18,18,True
,28,9,9,9,True
,0,4,4,4,True
,1,4,4,4,True
,2,4,4,4,True
,3,12,12,12,True
,4,10,10,10,True
,5,8,8,8,True
,6,20,20,20,True
,7,16,16,16,True
,8,12,12,12,True
,9,28,28,28,True
,10,22,22,22,True
,11,16,16,16,True
,12,36,36,36,True
,13,28,28,28,True
,14,20,20,20,True
,15,44,44,44,True
,16,34,34,34,True
,17,24,24,24,True
,18,52,52,52,True
,19,40,40,40,True
,20,28,28,28,True
,21,60,60,60,True
,22,46,46,46,True
,23,32,32,32,True
,24,50,50,50,True
,25,34,34,34,True
,26,18,18,18,True
,27,18,18,18,True
,28,9,9,9,True
,0,4,4,4,True
,1,4,4,4,True
,2,4,4,4,True
,3,12,12,12,True
,4,10,10,10,True
,5,8,8,8,True
,6,20,20,20,True
,7,16,16,16,True
,8,12,12,12,True
,9,28,28,28,True
,10,22,22,22,True
,11,16,16,16,True
,12,36,36,36,True
,13,28,28,28,True
,14,20,20,20,True
,15,44,44,44,True
,16,34,34,34,True
,17,24,24,24,True
,18,52,52,52,True
,19,40,40,40,True
,20,28,28,28,True
,21,60,60,60,True
,22,46,46,46,True
,23,32,32,32,True
,24,50,50,50,True
,25,34,34,34,True
,26,18,18,18,True
,27,18,18,18,True
,28,9,9,9,True
,0,4,4,4,True
,1,4,4,4,True
,2,4,4,4,True
,3,12,12,12,True
,4,10,10,10,True
,5,8,8,8,True
,6,20,20,20,True
,7,16,16,16,True
,8,12,12,12,True
,9,28,28,28,True
,10,22,22,22,True
,11,16,16,16,True
,12,36,36,36,True
,13,28,28,28,True
,14,20,20,20,True
,15,44,44,44,True
,16,34,34,34,True
,17,24,24,24,True
,18,52,52,52,True
,19,40,40,40,True
,20,28,28,28,True
,21,60,60,60,True
,22,46,46,46,True
,23,32,32,32,True
,24,50,50,50,True
,25,34,34,34,True
,26,18,18,18,True
,27,18,18,18,True
,28,9,9,9,True
,0,4,4,4,True
,1,4,4,4,True
,2,4,4,4,True
,3,12,12,12,True
,4,10,10,10,True
,5,8,8,8,True
,6,20,20,20,True
,7,16,16,16,True
,8,12,12,12,True
,9,28,28,28,True
,10,22,22,22,True
,11,16,16,16,True
,12,36,36,36,True
,13,28,28,28,True
,14,20,20,20,True
,15,44,44,44,True
,16,34,34,34,True
,17,24,24,24,True
,18,52,52,52,True
,19,40,40,40,True
,20,28,28,28,True
,21,60,60,60,True
,22,46,46,46,True
,23,32,32,32,True
,24,50,50,50,True
,25,34,34,34,True
,26,18,18,18,True
,27,18,18,18,True
,28,9,9,9,True
,0,4,4,4,True
,1,4,4,4,True
,2,4,4,4,True
,3,12,12,12,True
,4,10,10,10,True
,5,8,8,8,True
,6,20,20,20,True
,7,16,16,16,True
,8,12,12,12,True
,9,28,28,28,True
,10,22,22,22,True
,11,16,16,16,True
,12,36,36,36,True
,13,28,28,28,True
,14,20,20,20,True
,15,44,44,44,True
,16,34,34,34,True
,17,24,24,24,True
,18,52,52,52,True
,19,40,40,40,True
,20,28,28,28,True
,21,60,60,60,True
,22,46,46,46,True
,23,32,32,32,True
,24,50,50,50,True
,25,34,34,34,True
,26,18,18,18,True
,27,18,18,18,True
,28,9,9,9,True
,0,4,4,4,True
,1,4,4,4,True
,2,4,4,4,True
,3,12,12,12,True
,4,10,10,10,True
,5,8,8,8,True
,6,20,20,20,True
,7,16,16,16,True
,8,12,12,12,True
,9,28,28,28,True
,10,22,22,22,True
,11,16,16,16,True
,12,36,36,36,True
,13,28,28,28,True
,14,20,20,20,True
,15,44,44,44,True
,16,34,34,34,True
,17,24,24,24,True
,18,52,52,52,True
,19,40,40,40,True
,20,28,28,28,True
,21,60,60,60,True
,22,46,46,46,True
,23,32,32,32,True
,24,50,50,50,True
,25,34,34,34,True
,26,18,18,18,True
,27,18,18,18,True
,28,9,9,9,True
,0,4,4,4,True
,1,4,4,4,True
,2,4,4,4,True
,3,12,12,12,True
,4,10,10,10,True
,5,8,8,8,True
,6,20,20,20,True
,7,16,16,16,True
,8,12,12,12,True
,9,28,28,28,True
,10,22,22,22,True
,11,16,16,16,True
,12,36,36,36,True
,13,28,28,28,True
,14,20,20,20,True
,15,44,44,44,True
,16,34,34,34,True
,17,24,24,24,True
,18,52,52,52,True
,19,40,40,40,True
,20,28,28,28,True
,21,60,60,60,True
,22,46,46,46,True
,23,32,32,32,True
,24,50,50,50,True
,25,34,34,34,True
,26,18,18,18,True
,27,18,18,18,True
,28,9,9,9,True
,0,4,4,4,True
,1,4,4,4,True
,2,4,4,4,True
,3,12,12,12,True
,4,10,10,10,True
,5,8,8,8,True
,6,20,20,20,True
,7,16,16,16,True
,8,12,12,12,True
,9,28,28,28,True
,10,22,22,22,True
,11,16,16,16,True
,12,36,36,36,True
,13,28,28,28,True
,14,20,20,20,True
,15,44,44,44,True
,16,34,34,34,True
,17,24,24,24,True
,18,52,52,52,True
,19,40,40,40,True
,20,28,28,28,True
,21,60,60,60,True
,22,46,46,46,True
,23,32,32,32,True
,24,50,50,50,True
,25,34,34,34,True
,26,18,18,18,True
,27,18,18,18,True
,28,9,9,9,True
,0,32,32,32,True
,1,32,32,32,True
,9,96,96,96,True
,10,96,96,96,True
,18,96,96,96,True
,19,96,96,96,True
,27,32,32,32,True
,28,32,32,32,True
,0,512,512,512,True
,0,32,32,32,True
,1,32,32,32,True
,9,96,96,96,True
,10,96,96,96,True
,18,96,96,96,True
,19,96,96,96,True
,27,32,32,32,True
,28,32,32,32,True
,0,32,32,32,True
,1,32,32,32,True
,9,96,96,96,True
,10,96,96,96,True
,18,96,96,96,True
,19,96,96,96,True
,27,32,32,32,True
,28,32,32,32,True
,0,512,512,512,True
,0,32,32,32,True
,1,32,32,32,True
,9,96,96,96,True
,10,96,96,96,True
,18,96,96,96,True
,19,96,96,96,True
,27,32,32,32,True
,28,32,32,32,True
,0,32,32,32,True
,1,32,32,32,True
,9,96,96,96,True
,10,96,96,96,True
,18,96,96,96,True
,19,96,96,96,True
,27,32,32,32,True
,28,32,32,32,True
,0,512,512,512,True
,0,32,32,32,True
,1,32,32,32,True
,9,96,96,96,True
,10,96,96,96,True
,18,96,96,96,True
,19,96,96,96,True
,27,32,32,32,True
,28,32,32,32,True
,0,32,32,32,True
,1,32,32,32,True
,9,96,96,96,True
,10,96,96,96,True
,18,96,96,96,True
,19,96,96,96,True
,27,32,32,32,True
,28,32,32,32,True
,0,512,512,512,True
,0,8,8,8,True
,1,4,4,4,True
,7,32,32,32,True
,8,16,16,16,True
,14,56,56,56,True
,15,28,28,28,True
,21,48,48,48,True
,22,24,24,24,True
,28,18,18,18,True
,29,9,9,9,True
,0,4,4,4,True
,1,2,2,2,True
,7,16,16,16,True
,8,8,8,8,True
,14,88,88,88,True
,15,44,44,44,True
,21,48,48,48,True
,22,24,24,24,True
,28,6,6,6,True
,29,3,3,3,True
,0,4,4,4,True
,1,2,2,2,True
,7,16,16,16,True
,8,8,8,8,True
,14,88,88,88,True
,15,44,44,44,True
,21,48,48,48,True
,22,24,24,24,True
,28,6,6,6,True
,29,3,3,3,True
,0,32,32,32,True
,1,16,16,16,True
,7,64,64,64,True
,8,32,32,32,True
,14,48,48,48,True
,15,24,24,24,True
,21,16,16,16,True
,22,8,8,8,True
,28,2,2,2,True
,29,1,1,1,True
,0,32,32,32,True
,1,16,16,16,True
,7,64,64,64,True
,8,32,32,32,True
,14,48,48,48,True
,15,24,24,24,True
,21,16,16,16,True
,22,8,8,8,True
,28,2,2,2,True
,29,1,1,1,True
,0,4,4,4,True
,1,2,2,2,True
,7,16,16,16,True
,8,8,8,8,True
,14,88,88,88,True
,15,44,44,44,True
,21,48,48,48,True
,22,24,24,24,True
,28,6,6,6,True
,29,3,3,3,True
,0,4,4,4,True
,1,2,2,2,True
,7,16,16,16,True
,8,8,8,8,True
,14,88,88,88,True
,15,44,44,44,True
,21,48,48,48,True
,22,24,24,24,True
,28,6,6,6,True
,29,3,3,3,True
,0,8,8,8,True
,1,4,4,4,True
,7,32,32,32,True
,8,16,16,16,True
,14,56,56,56,True
,15,28,28,28,True
,21,48,48,48,True
,22,24,24,24,True
,28,18,18,18,True
,29,9,9,9,True
,0,8,8,8,True
,1,4,4,4,True
,7,32,32,32,True
,8,16,16,16,True
,14,56,56,56,True
,15,28,28,28,True
,21,48,48,48,True
,22,24,24,24,True
,28,18,18,18,True
,29,9,9,9,True
,0,4,4,4,True
,1,2,2,2,True
,7,16,16,16,True
,8,8,8,8,True
,14,88,88,88,True
,15,44,44,44,True
,21,48,48,48,True
,22,24,24,24,True
,28,6,6,6,True
,29,3,3,3,True
,0,4,4,4,True
,1,2,2,2,True
,7,16,16,16,True
,8,8,8,8,True
,14,88,88,88,True
,15,44,44,44,True
,21,48,48,48,True
,22,24,24,24,True
,28,6,6,6,True
,29,3,3,3,True
,0,32,32,32,True
,1,16,16,16,True
,7,64,64,64,True
,8,32,32,32,True
,14,48,48,48,True
,15,24,24,24,True
,21,16,16,16,True
,22,8,8,8,True
,28,2,2,2,True
,29,1,1,1,True
,0,32,32,32,True
,1,16,16,16,True
,7,64,64,64,True
,8,32,32,32,True
,14,48,48,48,True
,15,24,24,24,True
,21,16,16,16,True
,22,8,8,8,True
,28,2,2,2,True
,29,1,1,1,True
,0,4,4,4,True
,1,2,2,2,True
,7,16,16,16,True
,8,8,8,8,True
,14,88,88,88,True
,15,44,44,44,True
,21,48,48,48,True
,22,24,24,24,True
,28,6,6,6,True
,29,3,3,3,True
,0,4,4,4,True
,1,2,2,2,True
,7,16,16,16,True
,8,8,8,8,True
,14,88,88,88,True
,15,44,44,44,True
,21,48,48,48,True
,22,24,24,24,True
,28,6,6,6,True
,29,3,3,3,True
,0,4,4,4,True
,29,4,4,4,True
,0,8,8,8,True
,0,8,8,8,True
,0,4,4,4,True
,29,4,4,4,True
,0,4,4,4,True
,29,4,4,4,True
,0,8,8,8,True
,0,8,8,8,True
,0,4,4,4,True
,29,4,4,4,True
,0,4,4,4,True
,29,4,4,4,True
,0,8,8,8,True
,0,8,8,8,True
,0,4,4,4,True
,29,4,4,4,True
,0,4,4,4,True
,29,4,4,4,True
,0,8,8,8,True
,0,8,8,8,True
,0,2,2,2,True
,0,2,2,2,True
,0,2,2,2,True
,0,2,2,2,True
,1,1,1,1,True
,0,2,2,2,True
,1,1,1,1,True
,0,2,2,2,True
,1,1,1,1,True
,0,4,4,4,True
,1,4,4,4,True
,0,8,8,8,True
,0,2,2,2,True
,1,2,2,2,True
,2,1,1,1,True
,0,2,2,2,True
,1,2,2,2,True
,2,1,1,1,True
,0,2,2,2,True
,1,2,2,2,True
,2,1,1,1,True
,0,8,8,8,True
,0,4,4,4,True
,2,4,4,4,True
,0,4,4,4,True
,2,4,4,4,True
,0,4,4,4,True
,1,10,10,10,True
,2,10,10,10,True
,3,3,3,3,True
,0,8,8,8,True
,1,12,12,12,True
,2,6,6,6,True
,3,1,1,1,True
,0,4,4,4,True
,3,4,4,4,True
,0,4,4,4,True
,3,4,4,4,True
,0,4,4,4,True
,3,4,4,4,True
,0,2,2,2,True
,1,2,2,2,True
,2,2,2,2,True
,3,2,2,2,True
,4,1,1,1,True
,0,2,2,2,True
,1,2,2,2,True
,2,2,2,2,True
,3,2,2,2,True
,4,1,1,1,True
,0,2,2,2,True
,1,2,2,2,True
,2,2,2,2,True
,3,2,2,2,True
,4,1,1,1,True
,0,8,8,8,True
,1,8,8,8,True
,3,8,8,8,True
,4,8,8,8,True
,0,32,32,32,True
,0,8,8,8,True
,1,4,4,4,True
,2,8,8,8,True
,3,4,4,4,True
,4,2,2,2,True
,5,1,1,1,True
,0,4,4,4,True
,1,2,2,2,True
,2,8,8,8,True
,3,4,4,4,True
,4,6,6,6,True
,5,3,3,3,True
,0,4,4,4,True
,1,2,2,2,True
,2,8,8,8,True
,3,4,4,4,True
,4,6,6,6,True
,5,3,3,3,True
,0,4,4,4,True
,5,4,4,4,True
,0,8,8,8,True
,0,8,8,8,True
,0,4,4,4,True
,1,12,12,12,True
,2,22,22,22,True
,3,32,32,32,True
,4,32,32,32,True
,5,18,18,18,True
,6,5,5,5,True
,0,8,8,8,True
,1,24,24,24,True
,2,36,36,36,True
,3,32,32,32,True
,4,18,18,18,True
,5,6,6,6,True
,6,1,1,1,True
,0,8,8,8,True
,0,4,4,4,True
,6,4,4,4,True
,0,4,4,4,True
,6,4,4,4,True
,0,4,4,4,True
,1,2,2,2,True
,3,8,8,8,True
,4,4,4,4,True
,6,6,6,6,True
,7,3,3,3,True
,0,4,4,4,True
,1,2,2,2,True
,3,8,8,8,True
,4,4,4,4,True
,6,6,6,6,True
,7,3,3,3,True
,0,4,4,4,True
,1,2,2,2,True
,3,8,8,8,True
,4,4,4,4,True
,6,6,6,6,True
,7,3,3,3,True
,0,64,64,64,True
,1,64,64,64,True
,2,128,128,128,True
,3,128,128,128,True
,4,64,64,64,True
,5,64,64,64,True
,0,64,64,64,True
,2,192,192,192,True
,4,192,192,192,True
,6,64,64,64,True
,0,2,2,2,True
,1,2,2,2,True
,2,2,2,2,True
,3,2,2,2,True
,4,2,2,2,True
,5,2,2,2,True
,6,2,2,2,True
,7,2,2,2,True
,8,1,1,1,True
,0,2,2,2,True
,1,2,2,2,True
,2,2,2,2,True
,3,2,2,2,True
,4,2,2,2,True
,5,2,2,2,True
,6,2,2,2,True
,7,2,2,2,True
,8,1,1,1,True
,0,2,2,2,True
,1,2,2,2,True
,2,2,2,2,True
,3,2,2,2,True
,4,2,2,2,True
,5,2,2,2,True
,6,2,2,2,True
,7,2,2,2,True
,8,1,1,1,True
,0,32,32,32,True
,0,8,8,8,True
,4,16,16,16,True
,8,8,8,8,True
,0,8,8,8,True
,4,16,16,16,True
,8,8,8,8,True
,0,8,8,8,True
,1,20,20,20,True
,2,20,20,20,True
,3,22,22,22,True
,4,40,40,40,True
,5,40,40,40,True
,6,24,24,24,True
,7,30,30,30,True
,8,30,30,30,True
,9,9,9,9,True
,0,32,32,32,True
,1,48,48,48,True
,2,24,24,24,True
,3,36,36,36,True
,4,48,48,48,True
,5,24,24,24,True
,6,12,12,12,True
,7,12,12,12,True
,8,6,6,6,True
,9,1,1,1,True
,0,4,4,4,True
,9,4,4,4,True
,0,8,8,8,True
,0,8,8,8,True
,0,8,8,8,True
,1,8,8,8,True
,2,20,20,20,True
,3,16,16,16,True
,4,24,24,24,True
,5,16,16,16,True
,6,16,16,16,True
,7,8,8,8,True
,8,6,6,6,True
,9,2,2,2,True
,10,1,1,1,True
,0,4,4,4,True
,1,4,4,4,True
,2,10,10,10,True
,3,8,8,8,True
,4,16,16,16,True
,5,12,12,12,True
,6,22,22,22,True
,7,16,16,16,True
,8,18,18,18,True
,9,10,10,10,True
,10,5,5,5,True
,0,4,4,4,True
,1,4,4,4,True
,2,10,10,10,True
,3,8,8,8,True
,4,16,16,16,True
,5,12,12,12,True
,6,22,22,22,True
,7,16,16,16,True
,8,18,18,18,True
,9,10,10,10,True
,10,5,5,5,True
,0,32,32,32,True
,1,32,32,32,True
,3,96,96,96,True
,4,96,96,96,True
,6,96,96,96,True
,7,96,96,96,True
,9,32,32,32,True
,10,32,32,32,True
,0,64,64,64,True
,3,192,192,192,True
,6,192,192,192,True
,9,64,64,64,True
,0,4,4,4,True
,1,2,2,2,True
,5,8,8,8,True
,6,4,4,4,True
,10,6,6,6,True
,11,3,3,3,True
,0,8,8,8,True
,1,4,4,4,True
,5,8,8,8,True
,6,4,4,4,True
,10,2,2,2,True
,11,1,1,1,True
,0,8,8,8,True
,1,4,4,4,True
,5,8,8,8,True
,6,4,4,4,True
,10,2,2,2,True
,11,1,1,1,True
,0,4,4,4,True
,11,4,4,4,True
,0,4,4,4,True
,11,4,4,4,True
,0,4,4,4,True
,11,4,4,4,True
,0,4,4,4,True
,1,12,12,12,True
,2,24,24,24,True
,3,40,40,40,True
,4,58,58,58,True
,5,76,76,76,True
,6,94,94,94,True
,7,112,112,112,True
,8,112,112,112,True
,9,90,90,90,True
,10,64,64,64,True
,11,34,34,34,True
,12,9,9,9,True
,0,8,8,8,True
,1,24,24,24,True
,2,48,48,48,True
,3,80,80,80,True
,4,108,108,108,True
,5,120,120,120,True
,6,116,116,116,True
,7,96,96,96,True
,8,66,66,66,True
,9,38,38,38,True
,10,18,18,18,True
,11,6,6,6,True
,12,1,1,1,True
,0,32,32,32,True
,0,8,8,8,True
,2,8,8,8,True
,10,8,8,8,True
,12,8,8,8,True
,0,8,8,8,True
,2,8,8,8,True
,10,8,8,8,True
,12,8,8,8,True
,0,8,8,8,True
,1,4,4,4,True
,6,8,8,8,True
,7,4,4,4,True
,12,2,2,2,True
,13,1,1,1,True
,0,4,4,4,True
,1,2,2,2,True
,6,8,8,8,True
,7,4,4,4,True
,12,6,6,6,True
,13,3,3,3,True
,0,4,4,4,True
,1,2,2,2,True
,6,8,8,8,True
,7,4,4,4,True
,12,6,6,6,True
,13,3,3,3,True
,0,16,16,16,True
,1,16,16,16,True
,3,16,16,16,True
,4,16,16,16,True
,9,16,16,16,True
,10,16,16,16,True
,12,16,16,16,True
,13,16,16,16,True
,0,128,128,128,True
,0,4,4,4,True
,1,4,4,4,True
,2,2,2,2,True
,3,8,8,8,True
,4,8,8,8,True
,5,4,4,4,True
,6,12,12,12,True
,7,12,12,12,True
,8,6,6,6,True
,9,16,16,16,True
,10,16,16,16,True
,11,8,8,8,True
,12,10,10,10,True
,13,10,10,10,True
,14,5,5,5,True
,0,4,4,4,True
,1,4,4,4,True
,2,2,2,2,True
,3,8,8,8,True
,4,8,8,8,True
,5,4,4,4,True
,6,12,12,12,True
,7,12,12,12,True
,8,6,6,6,True
,9,16,16,16,True
,10,16,16,16,True
,11,8,8,8,True
,12,10,10,10,True
,13,10,10,10,True
,14,5,5,5,True
,0,4,4,4,True
,1,4,4,4,True
,2,2,2,2,True
,3,8,8,8,True
,4,8,8,8,True
,5,4,4,4,True
,6,12,12,12,True
,7,12,12,12,True
,8,6,6,6,True
,9,16,16,16,True
,10,16,16,16,True
,11,8,8,8,True
,12,10,10,10,True
,13,10,10,10,True
,14,5,5,5,True
,0,8,8,8,True
,0,4,4,4,True
,14,4,4,4,True
,0,4,4,4,True
,14,4,4,4,True
,0,64,64,64,True
,1,160,160,160,True
,2,480,480,480,True
,3,848,848,848,True
,4,1520,1520,1520,True
,5,2040,2040,2040,True
,6,2696,2696,2696,True
,7,2780,2780,2780,True
,8,2880,2880,2880,True
,9,2272,2272,2272,True
,10,1840,1840,1840,True
,11,1080,1080,1080,True
,12,636,636,636,True
,13,270,270,270,True
,14,90,90,90,True
,15,27,27,27,True
,0,64,64,64,True
,1,96,96,96,True
,2,432,432,432,True
,3,584,584,584,True
,4,1344,1344,1344,True
,5,1632,1632,1632,True
,6,2456,2456,2456,True
,7,2628,2628,2628,True
,8,2832,2832,2832,True
,9,2584,2584,2584,True
,10,2052,2052,2052,True
,11,1494,1494,1494,True
,12,864,864,864,True
,13,432,432,432,True
,14,162,162,162,True
,15,27,27,27,True
,0,16,16,16,True
,5,48,48,48,True
,10,48,48,48,True
,15,16,16,16,True
,0,16,16,16,True
,5,48,48,48,True
,10,48,48,48,True
,15,16,16,16,True
,0,16,16,16,True
,5,48,48,48,True
,10,48,48,48,True
,15,16,16,16,True
,0,2,2,2,True
,1,2,2,2,True
,2,2,2,2,True
,3,2,2,2,True
,4,2,2,2,True
,5,2,2,2,True
,6,2,2,2,True
,7,2,2,2,True
,8,2,2,2,True
,9,2,2,2,True
,10,2,2,2,True
,11,2,2,2,True
,12,2,2,2,True
,13,2,2,2,True
,14,2,2,2,True
,15,2,2,2,True
,16,1,1,1,True
,0,2,2,2,True
,1,2,2,2,True
,2,2,2,2,True
,3,2,2,2,True
,4,2,2,2,True
,5,2,2,2,True
,6,2,2,2,True
,7,2,2,2,True
,8,2,2,2,True
,9,2,2,2,True
,10,2,2,2,True
,11,2,2,2,True
,12,2,2,2,True
,13,2,2,2,True
,14,2,2,2,True
,15,2,2,2,True
,16,1,1,1,True
,0,2,2,2,True
,1,2,2,2,True
,2,2,2,2,True
,3,2,2,2,True
,4,2,2,2,True
,5,2,2,2,True
,6,2,2,2,True
,7,2,2,2,True
,8,2,2,2,True
,9,2,2,2,True
,10,2,2,2,True
,11,2,2,2,True
,12,2,2,2,True
,13,2,2,2,True
,14,2,2,2,True
,15,2,2,2,True
,16,1,1,1,True
,0,32,32,32,True
,1,32,32,32,True
,5,96,96,96,True
,6,96,96,96,True
,10,96,96,96,True
,11,96,96,96,True
,15,32,32,32,True
,16,32,32,32,True
,0,512,512,512,True
,0,32,32,32,True
,1,16,16,16,True
,4,64,64,64,True
,5,32,32,32,True
,8,48,48,48,True
,9,24,24,24,True
,12,16,16,16,True
,13,8,8,8,True
,16,2,2,2,True
,17,1,1,1,True
,0,8,8,8,True
,1,4,4,4,True
,4,32,32,32,True
,5,16,16,16,True
,8,56,56,56,True
,9,28,28,28,True
,12,48,48,48,True
,13,24,24,24,True
,16,18,18,18,True
,17,9,9,9,True
,0,8,8,8,True
,1,4,4,4,True
,4,32,32,32,True
,5,16,16,16,True
,8,56,56,56,True
,9,28,28,28,True
,12,48,48,48,True
,13,24,24,24,True
,16,18,18,18,True
,17,9,9,9,True
,0,64,64,64,True
,3,64,64,64,True
,6,128,128,128,True
,9,128,128,128,True
,12,64,64,64,True
,15,64,64,64,True
,0,32,32,32,True
,2,32,32,32,True
,3,32,32,32,True
,5,32,32,32,True
,6,64,64,64,True
,8,64,64,64,True
,9,64,64,64,True
,11,64,64,64,True
,12,32,32,32,True
,14,32,32,32,True
,15,32,32,32,True
,17,32,32,32,True
,0,32,32,32,True
,2,32,32,32,True
,3,32,32,32,True
,5,32,32,32,True
,6,64,64,64,True
,8,64,64,64,True
,9,64,64,64,True
,11,64,64,64,True
,12,32,32,32,True
,14,32,32,32,True
,15,32,32,32,True
,17,32,32,32,True
,0,8,8,8,True
,1,24,24,24,True
,2,44,44,44,True
,3,80,80,80,True
,4,112,112,112,True
,5,124,124,124,True
,6,162,162,162,True
,7,200,200,200,True
,8,204,204,204,True
,9,244,244,244,True
,10,288,288,288,True
,11,284,284,284,True
,12,306,306,306,True
,13,316,316,316,True
,14,254,254,254,True
,15,200,200,200,True
,16,160,160,160,True
,17,90,90,90,True
,18,25,25,25,True
,0,32,32,32,True
,1,96,96,96,True
,2,144,144,144,True
,3,192,192,192,True
,4,264,264,264,True
,5,312,312,312,True
,6,324,324,324,True
,7,336,336,336,True
,8,336,336,336,True
,9,296,296,296,True
,10,240,240,240,True
,11,192,192,192,True
,12,144,144,144,True
,13,96,96,96,True
,14,60,60,60,True
,15,36,36,36,True
,16,18,18,18,True
,17,6,6,6,True
,18,1,1,1,True
,0,8,8,8,True
,0,4,4,4,True
,18,4,4,4,True
,0,4,4,4,True
,18,4,4,4,True
,0,4,4,4,True
,1,2,2,2,True
,9,8,8,8,True
,10,4,4,4,True
,18,6,6,6,True
,19,3,3,3,True
,0,8,8,8,True
,1,4,4,4,True
,9,8,8,8,True
,10,4,4,4,True
,18,2,2,2,True
,19,1,1,1,True
,0,8,8,8,True
,1,4,4,4,True
,9,8,8,8,True
,10,4,4,4,True
,18,2,2,2,True
,19,1,1,1,True
,0,64,64,64,True
,1,64,64,64,True
,6,128,128,128,True
,7,128,128,128,True
,12,64,64,64,True
,13,64,64,64,True
,0,64,64,64,True
,6,192,192,192,True
,12,192,192,192,True
,18,64,64,64,True
,0,8,8,8,True
,1,8,8,8,True
,2,24,24,24,True
,3,24,24,24,True
,4,44,44,44,True
,5,40,40,40,True
,6,64,64,64,True
,7,56,56,56,True
,8,76,76,76,True
,9,64,64,64,True
,10,72,72,72,True
,11,56,56,56,True
,12,56,56,56,True
,13,40,40,40,True
,14,36,36,36,True
,15,24,24,24,True
,16,18,18,18,True
,17,10,10,10,True
,18,6,6,6,True
,19,2,2,2,True
,20,1,1,1,True
,0,4,4,4,True
,1,4,4,4,True
,2,12,12,12,True
,3,12,12,12,True
,4,22,22,22,True
,5,20,20,20,True
,6,32,32,32,True
,7,28,28,28,True
,8,42,42,42,True
,9,36,36,36,True
,10,52,52,52,True
,11,44,44,44,True
,12,62,62,62,True
,13,52,52,52,True
,14,72,72,72,True
,15,60,60,60,True
,16,64,64,64,True
,17,50,50,50,True
,18,34,34,34,True
,19,18,18,18,True
,20,9,9,9,True
,0,4,4,4,True
,1,4,4,4,True
,2,12,12,12,True
,3,12,12,12,True
,4,22,22,22,True
,5,20,20,20,True
,6,32,32,32,True
,7,28,28,28,True
,8,42,42,42,True
,9,36,36,36,True
,10,52,52,52,True
,11,44,44,44,True
,12,62,62,62,True
,13,52,52,52,True
,14,72,72,72,True
,15,60,60,60,True
,16,64,64,64,True
,17,50,50,50,True
,18,34,34,34,True
,19,18,18,18,True
,20,9,9,9,True
,0,32,32,32,True
,0,8,8,8,True
,10,16,16,16,True
,20,8,8,8,True
,0,8,8,8,True
,10,16,16,16,True
,20,8,8,8,True
,0,32,32,32,True
,1,80,80,80,True
,2,80,80,80,True
,3,216,216,216,True
,4,480,480,480,True
,5,480,480,480,True
,6,672,672,672,True
,7,1320,1320,1320,True
,8,1320,1320,1320,True
,9,1228,1228,1228,True
,10,2080,2080,2080,True
,11,2080,2080,2080,True
,12,1416,1416,1416,True
,13,1980,1980,1980,True
,14,1980,1980,1980,True
,15,1026,1026,1026,True
,16,1080,1080,1080,True
,17,1080,1080,1080,True
,18,432,432,432,True
,19,270,270,270,True
,20,270,270,270,True
,21,81,81,81,True
,0,64,64,64,True
,1,96,96,96,True
,2,48,48,48,True
,3,392,392,392,True
,4,576,576,576,True
,5,288,288,288,True
,6,1104,1104,1104,True
,7,1584,1584,1584,True
,8,792,792,792,True
,9,1796,1796,1796,True
,10,2496,2496,2496,True
,11,1248,1248,1248,True
,12,1792,1792,1792,True
,13,2376,2376,2376,True
,14,1188,1188,1188,True
,15,1062,1062,1062,True
,16,1296,1296,1296,True
,17,648,648,648,True
,18,324,324,324,True
,19,324,324,324,True
,20,162,162,162,True
,21,27,27,27,True
,0,16,16,16,True
,7,48,48,48,True
,14,48,48,48,True
,21,16,16,16,True
,0,128,128,128,True
,0,128,128,128,True
,0,4,4,4,True
,1,4,4,4,True
,2,2,2,2,True
,5,8,8,8,True
,6,8,8,8,True
,7,4,4,4,True
,10,12,12,12,True
,11,12,12,12,True
,12,6,6,6,True
,15,16,16,16,True
,16,16,16,16,True
,17,8,8,8,True
,20,10,10,10,True
,21,10,10,10,True
,22,5,5,5,True
,0,8,8,8,True
,1,8,8,8,True
,2,4,4,4,True
,5,16,16,16,True
,6,16,16,16,True
,7,8,8,8,True
,10,16,16,16,True
,11,16,16,16,True
,12,8,8,8,True
,15,8,8,8,True
,16,8,8,8,True
,17,4,4,4,True
,20,2,2,2,True
,21,2,2,2,True
,22,1,1,1,True
,0,8,8,8,True
,1,8,8,8,True
,2,4,4,4,True
,5,16,16,16,True
,6,16,16,16,True
,7,8,8,8,True
,10,16,16,16,True
,11,16,16,16,True
,12,8,8,8,True
,15,8,8,8,True
,16,8,8,8,True
,17,4,4,4,True
,20,2,2,2,True
,21,2,2,2,True
,22,1,1,1,True
,0,512,512,512,True
,1,512,512,512,True
,2,1024,1024,1024,True
,3,1536,1536,1536,True
,4,1024,1024,1024,True
,5,1536,1536,1536,True
,6,2048,2048,2048,True
,7,1536,1536,1536,True
,8,2560,2560,2560,True
,9,3072,3072,3072,True
,10,2048,2048,2048,True
,11,3072,3072,3072,True
,12,2560,2560,2560,True
,13,1536,1536,1536,True
,14,2048,2048,2048,True
,15,1536,1536,1536,True
,16,1024,1024,1024,True
,17,1536,1536,1536,True
,18,1024,1024,1024,True
,19,512,512,512,True
,20,512,512,512,True
,0,1024,1024,1024,True
,2,3072,3072,3072,True
,4,3072,3072,3072,True
,6,3072,3072,3072,True
,8,6144,6144,6144,True
,10,6144,6144,6144,True
,12,3072,3072,3072,True
,14,3072,3072,3072,True
,16,3072,3072,3072,True
,18,1024,1024,1024,True
,0,4,4,4,True
,1,2,2,2,True
,11,8,8,8,True
,12,4,4,4,True
,22,6,6,6,True
,23,3,3,3,True
,0,4,4,4,True
,1,2,2,2,True
,11,8,8,8,True
,12,4,4,4,True
,22,6,6,6,True
,23,3,3,3,True
,0,4,4,4,True
,1,2,2,2,True
,11,8,8,8,True
,12,4,4,4,True
,22,6,6,6,True
,23,3,3,3,True
,0,4,4,4,True
,23,4,4,4,True
,0,4,4,4,True
,23,4,4,4,True
,0,4,4,4,True
,23,4,4,4,True
,0,4,4,4,True
,1,12,12,12,True
,2,24,24,24,True
,3,40,40,40,True
,4,60,60,60,True
,5,84,84,84,True
,6,112,112,112,True
,7,144,144,144,True
,8,178,178,178,True
,9,212,212,212,True
,10,246,246,246,True
,11,280,280,280,True
,12,314,314,314,True
,13,348,348,348,True
,14,382,382,382,True
,15,416,416,416,True
,16,416,416,416,True
,17,378,378,378,True
,18,336,336,336,True
,19,290,290,290,True
,20,240,240,240,True
,21,186,186,186,True
,22,128,128,128,True
,23,66,66,66,True
,24,17,17,17,True
,0,8,8,8,True
,1,24,24,24,True
,2,48,48,48,True
,3,80,80,80,True
,4,120,120,120,True
,5,168,168,168,True
,6,224,224,224,True
,7,288,288,288,True
,8,348,348,348,True
,9,392,392,392,True
,10,420,420,420,True
,11,432,432,432,True
,12,428,428,428,True
,13,408,408,408,True
,14,372,372,372,True
,15,320,320,320,True
,16,258,258,258,True
,17,198,198,198,True
,18,146,146,146,True
,19,102,102,102,True
,20,66,66,66,True
,21,38,38,38,True
,22,18,18,18,True
,23,6,6,6,True
,24,1,1,1,True
,0,8,8,8,True
,3,8,8,8,True
,21,8,8,8,True
,24,8,8,8,True
,0,8,8,8,True
,3,8,8,8,True
,21,8,8,8,True
,24,8,8,8,True
,0,8,8,8,True
,3,8,8,8,True
,21,8,8,8,True
,24,8,8,8,True
,0,32,32,32,True
,1,16,16,16,True
,2,32,32,32,True
,3,16,16,16,True
,4,8,8,8,True
,5,4,4,4,True
,10,32,32,32,True
,11,16,16,16,True
,12,32,32,32,True
,13,16,16,16,True
,14,8,8,8,True
,15,4,4,4,True
,20,8,8,8,True
,21,4,4,4,True
,22,8,8,8,True
,23,4,4,4,True
,24,2,2,2,True
,25,1,1,1,True
,0,8,8,8,True
,1,4,4,4,True
,2,16,16,16,True
,3,8,8,8,True
,4,12,12,12,True
,5,6,6,6,True
,10,16,16,16,True
,11,8,8,8,True
,12,32,32,32,True
,13,16,16,16,True
,14,24,24,24,True
,15,12,12,12,True
,20,12,12,12,True
,21,6,6,6,True
,22,24,24,24,True
,23,12,12,12,True
,24,18,18,18,True
,25,9,9,9,True
,0,8,8,8,True
,1,4,4,4,True
,2,16,16,16,True
,3,8,8,8,True
,4,12,12,12,True
,5,6,6,6,True
,10,16,16,16,True
,11,8,8,8,True
,12,32,32,32,True
,13,16,16,16,True
,14,24,24,24,True
,15,12,12,12,True
,20,12,12,12,True
,21,6,6,6,True
,22,24,24,24,True
,23,12,12,12,True
,24,18,18,18,True
,25,9,9,9,True
,0,1024,1024,1024,True
,1,1024,1024,1024,True
,4,4096,4096,4096,True
,5,4096,4096,4096,True
,8,6144,6144,6144,True
,9,6144,6144,6144,True
,12,4096,4096,4096,True
,13,4096,4096,4096,True
,16,1024,1024,1024,True
,17,1024,1024,1024,True
,0,512,512,512,True
,4,3072,3072,3072,True
,8,7680,7680,7680,True
,12,10240,10240,10240,True
,16,7680,7680,7680,True
,20,3072,3072,3072,True
,24,512,512,512,True
,0,8,8,8,True
,1,8,8,8,True
,2,4,4,4,True
,6,16,16,16,True
,7,16,16,16,True
,8,8,8,8,True
,12,16,16,16,True
,13,16,16,16,True
,14,8,8,8,True
,18,8,8,8,True
,19,8,8,8,True
,20,4,4,4,True
,24,2,2,2,True
,25,2,2,2,True
,26,1,1,1,True
,0,4,4,4,True
,1,4,4,4,True
,2,2,2,2,True
,6,8,8,8,True
,7,8,8,8,True
,8,4,4,4,True
,12,12,12,12,True
,13,12,12,12,True
,14,6,6,6,True
,18,16,16,16,True
,19,16,16,16,True
,20,8,8,8,True
,24,10,10,10,True
,25,10,10,10,True
,26,5,5,5,True
,0,4,4,4,True
,1,4,4,4,True
,2,2,2,2,True
,6,8,8,8,True
,7,8,8,8,True
,8,4,4,4,True
,12,12,12,12,True
,13,12,12,12,True
,14,6,6,6,True
,18,16,16,16,True
,19,16,16,16,True
,20,8,8,8,True
,24,10,10,10,True
,25,10,10,10,True
,26,5,5,5,True
,0,8,8,8,True
,0,4,4,4,True
,26,4,4,4,True
,0,4,4,4,True
,26,4,4,4,True
,0,16,16,16,True
,1,40,40,40,True
,2,40,40,40,True
,3,44,44,44,True
,4,80,80,80,True
,5,80,80,80,True
,6,48,48,48,True
,7,60,60,60,True
,8,60,60,60,True
,9,50,50,50,True
,10,80,80,80,True
,11,80,80,80,True
,12,88,88,88,True
,13,160,160,160,True
,14,160,160,160,True
,15,96,96,96,True
,16,120,120,120,True
,17,120,120,120,True
,18,60,60,60,True
,19,60,60,60,True
,20,60,60,60,True
,21,66,66,66,True
,22,120,120,120,True
,23,120,120,120,True
,24,72,72,72,True
,25,90,90,90,True
,26,90,90,90,True
,27,27,27,27,True
,0,128,128,128,True
,1,192,192,192,True
,2,96,96,96,True
,3,144,144,144,True
,4,192,192,192,True
,5,96,96,96,True
,6,48,48,48,True
,7,48,48,48,True
,8,24,24,24,True
,9,132,132,132,True
,10,192,192,192,True
,11,96,96,96,True
,12,144,144,144,True
,13,192,192,192,True
,14,96,96,96,True
,15,48,48,48,True
,16,48,48,48,True
,17,24,24,24,True
,18,36,36,36,True
,19,48,48,48,True
,20,24,24,24,True
,21,36,36,36,True
,22,48,48,48,True
,23,24,24,24,True
,24,12,12,12,True
,25,12,12,12,True
,26,6,6,6,True
,27,1,1,1,True
,0,64,64,64,True
,5,64,64,64,True
,10,128,128,128,True
,15,128,128,128,True
,20,64,64,64,True
,25,64,64,64,True
,0,64,64,64,True
,2,64,64,64,True
,10,128,128,128,True
,12,128,128,128,True
,20,64,64,64,True
,22,64,64,64,True
,0,64,64,64,True
,2,64,64,64,True
,10,128,128,128,True
,12,128,128,128,True
,20,64,64,64,True
,22,64,64,64,True
,0,4,4,4,True
,1,4,4,4,True
,2,4,4,4,True
,3,12,12,12,True
,4,10,10,10,True
,5,8,8,8,True
,6,20,20,20,True
,7,16,16,16,True
,8,12,12,12,True
,9,28,28,28,True
,10,22,22,22,True
,11,16,16,16,True
,12,36,36,36,True
,13,28,28,28,True
,14,20,20,20,True
,15,44,44,44,True
,16,34,34,34,True
,17,24,24,24,True
,18,52,52,52,True
,19,40,40,40,True
,20,28,28,28,True
,21,60,60,60,True
,22,46,46,46,True
,23,32,32,32,True
,24,50,50,50,True
,25,34,34,34,True
,26,18,18,18,True
,27,18,18,18,True
,28,9,9,9,True
,0,4,4,4,True
,1,4,4,4,True
,2,4,4,4,True
,3,12,12,12,True
,4,10,10,10,True
,5,8,8,8,True
,6,20,20,20,True
,7,16,16,16,True
,8,12,12,12,True
,9,28,28,28,True
,10,22,22,22,True
,11,16,16,16,True
,12,36,36,36,True
,13,28,28,28,True
,14,20,20,20,True
,15,44,44,44,True
,16,34,34,34,True
,17,24,24,24,True
,18,52,52,52,True
,19,40,40,40,True
,20,28,28,28,True
,21,60,60,60,True
,22,46,46,46,True
,23,32,32,32,True
,24,50,50,50,True
,25,34,34,34,True
,26,18,18,18,True
,27,18,18,18,True
,28,9,9,9,True
,0,4,4,4,True
,1,4,4,4,True
,2,4,4,4,True
,3,12,12,12,True
,4,10,10,10,True
,5,8,8,8,True
,6,20,20,20,True
,7,16,16,16,True
,8,12,12,12,True
,9,28,28,28,True
,10,22,22,22,True
,11,16,16,16,True
,12,36,36,36,True
,13,28,28,28,True
,14,20,20,20,True
,15,44,44,44,True
,16,34,34,34,True
,17,24,24,24,True
,18,52,52,52,True
,19,40,40,40,True
,20,28,28,28,True
,21,60,60,60,True
,22,46,46,46,True
,23,32,32,32,True
,24,50,50,50,True
,25,34,34,34,True
,26,18,18,18,True
,27,18,18,18,True
,28,9,9,9,True
,0,32,32,32,True
,1,32,32,32,True
,9,96,96,96,True
,10,96,96,96,True
,18,96,96,96,True
,19,96,96,96,True
,27,32,32,32,True
,28,32,32,32,True
,0,512,512,512,True
,0,8,8,8,True
,1,4,4,4,True
,14,8,8,8,True
,15,4,4,4,True
,28,2,2,2,True
,29,1,1,1,True
,0,4,4,4,True
,1,2,2,2,True
,14,8,8,8,True
,15,4,4,4,True
,28,6,6,6,True
,29,3,3,3,True
,0,4,4,4,True
,1,2,2,2,True
,14,8,8,8,True
,15,4,4,4,True
,28,6,6,6,True
,29,3,3,3,True
,0,4,4,4,True
,29,4,4,4,True
,0,8,8,8,True
,0,8,8,8,True
,0,2,2,2,True
,0,2,2,2,True
,0,2,2,2,True
,0,2,2,2,True
,1,1,1,1,True
,0,2,2,2,True
,1,1,1,1,True
,0,2,2,2,True
,1,1,1,1,True
,0,4,4,4,True
,0,4,4,4,True
,0,4,4,4,True
,0,2,2,2,True
,1,2,2,2,True
,2,1,1,1,True
,0,2,2,2,True
,1,2,2,2,True
,2,1,1,1,True
,0,2,2,2,True
,1,2,2,2,True
,2,1,1,1,True
,0,4,4,4,True
,0,4,4,4,True
,0,4,4,4,True
,0,4,4,4,True
,1,2,2,2,True
,2,2,2,2,True
,3,1,1,1,True
,0,4,4,4,True
,1,2,2,2,True
,2,2,2,2,True
,3,1,1,1,True
,0,4,4,4,True
,1,2,2,2,True
,2,2,2,2,True
,3,1,1,1,True
,0,16,16,16,True
,1,48,48,48,True
,2,48,48,48,True
,3,16,16,16,True
,0,4,4,4,True
,1,60,60,60,True
,2,60,60,60,True
,3,4,4,4,True
,0,4,4,4,True
,1,60,60,60,True
,2,60,60,60,True
,3,4,4,4,True
,0,2,2,2,True
,1,2,2,2,True
,2,2,2,2,True
,3,2,2,2,True
,4,1,1,1,True
,0,2,2,2,True
,1,2,2,2,True
,2,2,2,2,True
,3,2,2,2,True
,4,1,1,1,True
,0,2,2,2,True
,1,2,2,2,True
,2,2,2,2,True
,3,2,2,2,True
,4,1,1,1,True
,0,32,32,32,True
,0,8,8,8,True
,2,24,24,24,True
,0,8,8,8,True
,2,24,24,24,True
,0,4,4,4,True
,1,2,2,2,True
,4,2,2,2,True
,5,1,1,1,True
,0,4,4,4,True
,1,2,2,2,True
,4,2,2,2,True
,5,1,1,1,True
,0,4,4,4,True
,1,2,2,2,True
,4,2,2,2,True
,5,1,1,1,True
,0,4,4,4,True
,0,4,4,4,True
,0,4,4,4,True
,0,4,4,4,True
,1,4,4,4,True
,2,6,6,6,True
,3,4,4,4,True
,4,4,4,4,True
,5,2,2,2,True
,6,1,1,1,True
,0,4,4,4,True
,1,4,4,4,True
,2,6,6,6,True
,3,4,4,4,True
,4,4,4,4,True
,5,2,2,2,True
,6,1,1,1,True
,0,4,4,4,True
,1,4,4,4,True
,2,6,6,6,True
,3,4,4,4,True
,4,4,4,4,True
,5,2,2,2,True
,6,1,1,1,True
,0,16,16,16,True
,0,4,4,4,True
,4,12,12,12,True
,0,4,4,4,True
,4,12,12,12,True
,0,16,16,16,True
,1,104,104,104,True
,2,312,312,312,True
,3,548,548,548,True
,4,604,604,604,True
,5,414,414,414,True
,6,162,162,162,True
,7,27,27,27,True
,0,4,4,4,True
,1,26,26,26,True
,2,264,264,264,True
,3,638,638,638,True
,4,796,796,796,True
,5,390,390,390,True
,6,66,66,66,True
,7,3,3,3,True
,0,4,4,4,True
,1,26,26,26,True
,2,264,264,264,True
,3,638,638,638,True
,4,796,796,796,True
,5,390,390,390,True
,6,66,66,66,True
,7,3,3,3,True
,0,16,16,16,True
,4,16,16,16,True
,0,16,16,16,True
,4,16,16,16,True
,0,16,16,16,True
,4,16,16,16,True
,0,2,2,2,True
,1,2,2,2,True
,2,2,2,2,True
,3,2,2,2,True
,4,2,2,2,True
,5,2,2,2,True
,6,2,2,2,True
,7,2,2,2,True
,8,1,1,1,True
,0,2,2,2,True
,1,2,2,2,True
,2,2,2,2,True
,3,2,2,2,True
,4,2,2,2,True
,5,2,2,2,True
,6,2,2,2,True
,7,2,2,2,True
,8,1,1,1,True
,0,2,2,2,True
,1,2,2,2,True
,2,2,2,2,True
,3,2,2,2,True
,4,2,2,2,True
,5,2,2,2,True
,6,2,2,2,True
,7,2,2,2,True
,8,1,1,1,True
,0,8,8,8,True
,0,8,8,8,True
,0,8,8,8,True
,0,32,32,32,True
,1,16,16,16,True
,2,64,64,64,True
,3,32,32,32,True
,4,48,48,48,True
,5,24,24,24,True
,6,16,16,16,True
,7,8,8,8,True
,8,2,2,2,True
,9,1,1,1,True
,0,8,8,8,True
,1,4,4,4,True
,2,28,28,28,True
,3,14,14,14,True
,4,84,84,84,True
,5,42,42,42,True
,6,40,40,40,True
,7,20,20,20,True
,8,2,2,2,True
,9,1,1,1,True
,0,8,8,8,True
,1,4,4,4,True
,2,28,28,28,True
,3,14,14,14,True
,4,84,84,84,True
,5,42,42,42,True
,6,40,40,40,True
,7,20,20,20,True
,8,2,2,2,True
,9,1,1,1,True
,0,16,16,16,True
,0,4,4,4,True
,6,12,12,12,True
,0,4,4,4,True
,6,12,12,12,True
,0,4,4,4,True
,1,4,4,4,True
,2,2,2,2,True
,4,4,4,4,True
,5,4,4,4,True
,6,2,2,2,True
,8,2,2,2,True
,9,2,2,2,True
,10,1,1,1,True
,0,4,4,4,True
,1,4,4,4,True
,2,2,2,2,True
,4,4,4,4,True
,5,4,4,4,True
,6,2,2,2,True
,8,2,2,2,True
,9,2,2,2,True
,10,1,1,1,True
,0,4,4,4,True
,1,4,4,4,True
,2,2,2,2,True
,4,4,4,4,True
,5,4,4,4,True
,6,2,2,2,True
,8,2,2,2,True
,9,2,2,2,True
,10,1,1,1,True
,0,256,256,256,True
,1,768,768,768,True
,2,1536,1536,1536,True
,3,2560,2560,2560,True
,4,3072,3072,3072,True
,5,3072,3072,3072,True
,6,2560,2560,2560,True
,7,1536,1536,1536,True
,8,768,768,768,True
,9,256,256,256,True
,0,16,16,16,True
,1,240,240,240,True
,2,480,480,480,True
,3,3616,3616,3616,True
,4,3840,3840,3840,True
,5,3840,3840,3840,True
,6,3616,3616,3616,True
,7,480,480,480,True
,8,240,240,240,True
,9,16,16,16,True
,0,16,16,16,True
,1,240,240,240,True
,2,480,480,480,True
,3,3616,3616,3616,True
,4,3840,3840,3840,True
,5,3840,3840,3840,True
,6,3616,3616,3616,True
,7,480,480,480,True
,8,240,240,240,True
,9,16,16,16,True
,0,4,4,4,True
,1,2,2,2,True
,10,2,2,2,True
,11,1,1,1,True
,0,4,4,4,True
,1,2,2,2,True
,10,2,2,2,True
,11,1,1,1,True
,0,4,4,4,True
,1,2,2,2,True
,10,2,2,2,True
,11,1,1,1,True
,0,4,4,4,True
,11,4,4,4,True
,0,4,4,4,True
,11,4,4,4,True
,0,4,4,4,True
,11,4,4,4,True
,0,4,4,4,True
,1,4,4,4,True
,2,8,8,8,True
,3,8,8,8,True
,4,10,10,10,True
,5,8,8,8,True
,6,10,10,10,True
,7,8,8,8,True
,8,8,8,8,True
,9,6,6,6,True
,10,4,4,4,True
,11,2,2,2,True
,12,1,1,1,True
,0,4,4,4,True
,1,4,4,4,True
,2,8,8,8,True
,3,8,8,8,True
,4,10,10,10,True
,5,8,8,8,True
,6,10,10,10,True
,7,8,8,8,True
,8,8,8,8,True
,9,6,6,6,True
,10,4,4,4,True
,11,2,2,2,True
,12,1,1,1,True
,0,4,4,4,True
,1,4,4,4,True
,2,8,8,8,True
,3,8,8,8,True
,4,10,10,10,True
,5,8,8,8,True
,6,10,10,10,True
,7,8,8,8,True
,8,8,8,8,True
,9,6,6,6,True
,10,4,4,4,True
,11,2,2,2,True
,12,1,1,1,True
,0,8,8,8,True
,0,8,8,8,True
,0,8,8,8,True
,0,16,16,16,True
,1,8,8,8,True
,4,24,24,24,True
,5,12,12,12,True
,8,12,12,12,True
,9,6,6,6,True
,12,2,2,2,True
,13,1,1,1,True
,0,4,4,4,True
,1,2,2,2,True
,4,12,12,12,True
,5,6,6,6,True
,8,36,36,36,True
,9,18,18,18,True
,12,2,2,2,True
,13,1,1,1,True
,0,4,4,4,True
,1,2,2,2,True
,4,12,12,12,True
,5,6,6,6,True
,8,36,36,36,True
,9,18,18,18,True
,12,2,2,2,True
,13,1,1,1,True
,0,256,256,256,True
,0,16,16,16,True
,2,48,48,48,True
,6,48,48,48,True
,8,144,144,144,True
,0,16,16,16,True
,2,48,48,48,True
,6,48,48,48,True
,8,144,144,144,True
,0,16,16,16,True
,1,112,112,112,True
,2,440,440,440,True
,3,1280,1280,1280,True
,4,2960,2960,2960,True
,5,5608,5608,5608,True
,6,8916,8916,8916,True
,7,12000,12000,12000,True
,8,13620,13620,13620,True
,9,12940,12940,12940,True
,10,10126,10126,10126,True
,11,6272,6272,6272,True
,12,2860,2860,2860,True
,13,850,850,850,True
,14,125,125,125,True
,0,4,4,4,True
,1,28,28,28,True
,2,110,110,110,True
,3,320,320,320,True
,4,1490,1490,1490,True
,5,4408,4408,4408,True
,6,8916,8916,8916,True
,7,13680,13680,13680,True
,8,17700,17700,17700,True
,9,16180,16180,16180,True
,10,10138,10138,10138,True
,11,4016,4016,4016,True
,12,1000,1000,1000,True
,13,130,130,130,True
,14,5,5,5,True
,0,4,4,4,True
,1,28,28,28,True
,2,110,110,110,True
,3,320,320,320,True
,4,1490,1490,1490,True
,5,4408,4408,4408,True
,6,8916,8916,8916,True
,7,13680,13680,13680,True
,8,17700,17700,17700,True
,9,16180,16180,16180,True
,10,10138,10138,10138,True
,11,4016,4016,4016,True
,12,1000,1000,1000,True
,13,130,130,130,True
,14,5,5,5,True
,0,4,4,4,True
,0,4,4,4,True
,0,4,4,4,True
,0,16,16,16,True
,1,8,8,8,True
,2,8,8,8,True
,3,4,4,4,True
,4,40,40,40,True
,5,20,20,20,True
,6,20,20,20,True
,7,10,10,10,True
,8,40,40,40,True
,9,20,20,20,True
,10,20,20,20,True
,11,10,10,10,True
,12,12,12,12,True
,13,6,6,6,True
,14,6,6,6,True
,15,3,3,3,True
,0,16,16,16,True
,1,8,8,8,True
,2,8,8,8,True
,3,4,4,4,True
,4,40,40,40,True
,5,20,20,20,True
,6,20,20,20,True
,7,10,10,10,True
,8,40,40,40,True
,9,20,20,20,True
,10,20,20,20,True
,11,10,10,10,True
,12,12,12,12,True
,13,6,6,6,True
,14,6,6,6,True
,15,3,3,3,True
,0,16,16,16,True
,1,8,8,8,True
,2,8,8,8,True
,3,4,4,4,True
,4,40,40,40,True
,5,20,20,20,True
,6,20,20,20,True
,7,10,10,10,True
,8,40,40,40,True
,9,20,20,20,True
,10,20,20,20,True
,11,10,10,10,True
,12,12,12,12,True
,13,6,6,6,True
,14,6,6,6,True
,15,3,3,3,True
,0,16,16,16,True
,5,48,48,48,True
,10,48,48,48,True
,15,16,16,16,True
,0,16,16,16,True
,5,48,48,48,True
,10,48,48,48,True
,15,16,16,16,True
,0,16,16,16,True
,5,48,48,48,True
,10,48,48,48,True
,15,16,16,16,True
,0,2,2,2,True
,1,2,2,2,True
,2,2,2,2,True
,3,2,2,2,True
,4,2,2,2,True
,5,2,2,2,True
,6,2,2,2,True
,7,2,2,2,True
,8,2,2,2,True
,9,2,2,2,True
,10,2,2,2,True
,11,2,2,2,True
,12,2,2,2,True
,13,2,2,2,True
,14,2,2,2,True
,15,2,2,2,True
,16,1,1,1,True
,0,2,2,2,True
,1,2,2,2,True
,2,2,2,2,True
,3,2,2,2,True
,4,2,2,2,True
,5,2,2,2,True
,6,2,2,2,True
,7,2,2,2,True
,8,2,2,2,True
,9,2,2,2,True
,10,2,2,2,True
,11,2,2,2,True
,12,2,2,2,True
,13,2,2,2,True
,14,2,2,2,True
,15,2,2,2,True
,16,1,1,1,True
,0,2,2,2,True
,1,2,2,2,True
,2,2,2,2,True
,3,2,2,2,True
,4,2,2,2,True
,5,2,2,2,True
,6,2,2,2,True
,7,2,2,2,True
,8,2,2,2,True
,9,2,2,2,True
,10,2,2,2,True
,11,2,2,2,True
,12,2,2,2,True
,13,2,2,2,True
,14,2,2,2,True
,15,2,2,2,True
,16,1,1,1,True
,0,32,32,32,True
,0,32,32,32,True
,0,32,32,32,True
,0,8,8,8,True
,1,4,4,4,True
,8,8,8,8,True
,9,4,4,4,True
,16,2,2,2,True
,17,1,1,1,True
,0,8,8,8,True
,1,4,4,4,True
,8,8,8,8,True
,9,4,4,4,True
,16,2,2,2,True
,17,1,1,1,True
,0,8,8,8,True
,1,4,4,4,True
,8,8,8,8,True
,9,4,4,4,True
,16,2,2,2,True
,17,1,1,1,True
,0,256,256,256,True
,1,768,768,768,True
,2,768,768,768,True
,3,256,256,256,True
,4,768,768,768,True
,5,2304,2304,2304,True
,6,2304,2304,2304,True
,7,768,768,768,True
,8,768,768,768,True
,9,2304,2304,2304,True
,10,2304,2304,2304,True
,11,768,768,768,True
,12,256,256,256,True
,13,768,768,768,True
,14,768,768,768,True
,15,256,256,256,True
,0,16,16,16,True
,1,240,240,240,True
,2,240,240,240,True
,3,16,16,16,True
,4,240,240,240,True
,5,3600,3600,3600,True
,6,3600,3600,3600,True
,7,240,240,240,True
,8,240,240,240,True
,9,3600,3600,3600,True
,10,3600,3600,3600,True
,11,240,240,240,True
,12,16,16,16,True
,13,240,240,240,True
,14,240,240,240,True
,15,16,16,16,True
,0,16,16,16,True
,1,240,240,240,True
,2,240,240,240,True
,3,16,16,16,True
,4,240,240,240,True
,5,3600,3600,3600,True
,6,3600,3600,3600,True
,7,240,240,240,True
,8,240,240,240,True
,9,3600,3600,3600,True
,10,3600,3600,3600,True
,11,240,240,240,True
,12,16,16,16,True
,13,240,240,240,True
,14,240,240,240,True
,15,16,16,16,True
,0,32,32,32,True
,1,32,32,32,True
,2,144,144,144,True
,3,128,128,128,True
,4,320,320,320,True
,5,256,256,256,True
,6,448,448,448,True
,7,320,320,320,True
,8,432,432,432,True
,9,272,272,272,True
,10,296,296,296,True
,11,160,160,160,True
,12,144,144,144,True
,13,64,64,64,True
,14,48,48,48,True
,15,16,16,16,True
,16,10,10,10,True
,17,2,2,2,True
,18,1,1,1,True
,0,8,8,8,True
,1,8,8,8,True
,2,36,36,36,True
,3,32,32,32,True
,4,92,92,92,True
,5,76,76,76,True
,6,178,178,178,True
,7,140,140,140,True
,8,438,438,438,True
,9,368,368,368,True
,10,560,560,560,True
,11,376,376,376,True
,12,396,396,396,True
,13,208,208,208,True
,14,144,144,144,True
,15,40,40,40,True
,16,22,22,22,True
,17,2,2,2,True
,18,1,1,1,True
,0,8,8,8,True
,1,8,8,8,True
,2,36,36,36,True
,3,32,32,32,True
,4,92,92,92,True
,5,76,76,76,True
,6,178,178,178,True
,7,140,140,140,True
,8,438,438,438,True
,9,368,368,368,True
,10,560,560,560,True
,11,376,376,376,True
,12,396,396,396,True
,13,208,208,208,True
,14,144,144,144,True
,15,40,40,40,True
,16,22,22,22,True
,17,2,2,2,True
,18,1,1,1,True
,0,16,16,16,True
,0,4,4,4,True
,12,12,12,12,True
,0,4,4,4,True
,12,12,12,12,True
,0,16,16,16,True
,1,8,8,8,True
,6,24,24,24,True
,7,12,12,12,True
,12,12,12,12,True
,13,6,6,6,True
,18,2,2,2,True
,19,1,1,1,True
,0,4,4,4,True
,1,2,2,2,True
,6,12,12,12,True
,7,6,6,6,True
,12,36,36,36,True
,13,18,18,18,True
,18,2,2,2,True
,19,1,1,1,True
,0,4,4,4,True
,1,2,2,2,True
,6,12,12,12,True
,7,6,6,6,True
,12,36,36,36,True
,13,18,18,18,True
,18,2,2,2,True
,19,1,1,1,True
,0,256,256,256,True
,4,768,768,768,True
,8,768,768,768,True
,12,256,256,256,True
,0,16,16,16,True
,4,288,288,288,True
,8,960,960,960,True
,12,736,736,736,True
,16,48,48,48,True
,0,16,16,16,True
,4,288,288,288,True
,8,960,960,960,True
,12,736,736,736,True
,16,48,48,48,True
,0,4,4,4,True
,1,4,4,4,True
,2,4,4,4,True
,3,4,4,4,True
,4,6,6,6,True
,5,4,4,4,True
,6,4,4,4,True
,7,4,4,4,True
,8,6,6,6,True
,9,4,4,4,True
,10,4,4,4,True
,11,4,4,4,True
,12,6,6,6,True
,13,4,4,4,True
,14,4,4,4,True
,15,4,4,4,True
,16,4,4,4,True
,17,2,2,2,True
,18,2,2,2,True
,19,2,2,2,True
,20,1,1,1,True
,0,4,4,4,True
,1,4,4,4,True
,2,4,4,4,True
,3,4,4,4,True
,4,6,6,6,True
,5,4,4,4,True
,6,4,4,4,True
,7,4,4,4,True
,8,6,6,6,True
,9,4,4,4,True
,10,4,4,4,True
,11,4,4,4,True
,12,6,6,6,True
,13,4,4,4,True
,14,4,4,4,True
,15,4,4,4,True
,16,4,4,4,True
,17,2,2,2,True
,18,2,2,2,True
,19,2,2,2,True
,20,1,1,1,True
,0,4,4,4,True
,1,4,4,4,True
,2,4,4,4,True
,3,4,4,4,True
,4,6,6,6,True
,5,4,4,4,True
,6,4,4,4,True
,7,4,4,4,True
,8,6,6,6,True
,9,4,4,4,True
,10,4,4,4,True
,11,4,4,4,True
,12,6,6,6,True
,13,4,4,4,True
,14,4,4,4,True
,15,4,4,4,True
,16,4,4,4,True
,17,2,2,2,True
,18,2,2,2,True
,19,2,2,2,True
,20,1,1,1,True
,0,8,8,8,True
,0,8,8,8,True
,0,8,8,8,True
,0,16,16,16,True
,0,16,16,16,True
,0,16,16,16,True
,0,4,4,4,True
,1,4,4,4,True
,2,2,2,2,True
,10,4,4,4,True
,11,4,4,4,True
,12,2,2,2,True
,20,2,2,2,True
,21,2,2,2,True
,22,1,1,1,True
,0,4,4,4,True
,1,4,4,4,True
,2,2,2,2,True
,10,4,4,4,True
,11,4,4,4,True
,12,2,2,2,True
,20,2,2,2,True
,21,2,2,2,True
,22,1,1,1,True
,0,4,4,4,True
,1,4,4,4,True
,2,2,2,2,True
,10,4,4,4,True
,11,4,4,4,True
,12,2,2,2,True
,20,2,2,2,True
,21,2,2,2,True
,22,1,1,1,True
,0,1024,1024,1024,True
,4,4096,4096,4096,True
,8,6144,6144,6144,True
,12,4096,4096,4096,True
,16,1024,1024,1024,True
,0,64,64,64,True
,2,192,192,192,True
,4,1024,1024,1024,True
,6,3072,3072,3072,True
,8,1920,1920,1920,True
,10,5760,5760,5760,True
,12,1024,1024,1024,True
,14,3072,3072,3072,True
,16,64,64,64,True
,18,192,192,192,True
,0,64,64,64,True
,2,192,192,192,True
,4,1024,1024,1024,True
,6,3072,3072,3072,True
,8,1920,1920,1920,True
,10,5760,5760,5760,True
,12,1024,1024,1024,True
,14,3072,3072,3072,True
,16,64,64,64,True
,18,192,192,192,True
,0,4,4,4,True
,1,2,2,2,True
,11,8,8,8,True
,12,4,4,4,True
,22,6,6,6,True
,23,3,3,3,True
,0,4,4,4,True
,1,2,2,2,True
,11,8,8,8,True
,12,4,4,4,True
,22,6,6,6,True
,23,3,3,3,True
,0,4,4,4,True
,1,2,2,2,True
,11,8,8,8,True
,12,4,4,4,True
,22,6,6,6,True
,23,3,3,3,True
,0,4,4,4,True
,23,4,4,4,True
,0,4,4,4,True
,23,4,4,4,True
,0,4,4,4,True
,23,4,4,4,True
,0,4,4,4,True
,1,4,4,4,True
,2,8,8,8,True
,3,8,8,8,True
,4,12,12,12,True
,5,12,12,12,True
,6,16,16,16,True
,7,16,16,16,True
,8,18,18,18,True
,9,16,16,16,True
,10,18,18,18,True
,11,16,16,16,True
,12,18,18,18,True
,13,16,16,16,True
,14,18,18,18,True
,15,16,16,16,True
,16,16,16,16,True
,17,14,14,14,True
,18,12,12,12,True
,19,10,10,10,True
,20,8,8,8,True
,21,6,6,6,True
,22,4,4,4,True
,23,2,2,2,True
,24,1,1,1,True
,0,4,4,4,True
,1,4,4,4,True
,2,8,8,8,True
,3,8,8,8,True
,4,12,12,12,True
,5,12,12,12,True
,6,16,16,16,True
,7,16,16,16,True
,8,18,18,18,True
,9,16,16,16,True
,10,18,18,18,True
,11,16,16,16,True
,12,18,18,18,True
,13,16,16,16,True
,14,18,18,18,True
,15,16,16,16,True
,16,16,16,16,True
,17,14,14,14,True
,18,12,12,12,True
,19,10,10,10,True
,20,8,8,8,True
,21,6,6,6,True
,22,4,4,4,True
,23,2,2,2,True
,24,1,1,1,True
,0,4,4,4,True
,1,4,4,4,True
,2,8,8,8,True
,3,8,8,8,True
,4,12,12,12,True
,5,12,12,12,True
,6,16,16,16,True
,7,16,16,16,True
,8,18,18,18,True
,9,16,16,16,True
,10,18,18,18,True
,11,16,16,16,True
,12,18,18,18,True
,13,16,16,16,True
,14,18,18,18,True
,15,16,16,16,True
,16,16,16,16,True
,17,14,14,14,True
,18,12,12,12,True
,19,10,10,10,True
,20,8,8,8,True
,21,6,6,6,True
,22,4,4,4,True
,23,2,2,2,True
,24,1,1,1,True
,0,128,128,128,True
,1,384,384,384,True
,2,384,384,384,True
,3,128,128,128,True
,7,384,384,384,True
,8,1152,1152,1152,True
,9,1152,1152,1152,True
,10,384,384,384,True
,14,384,384,384,True
,15,1152,1152,1152,True
,16,1152,1152,1152,True
,17,384,384,384,True
,21,128,128,128,True
,22,384,384,384,True
,23,384,384,384,True
,24,128,128,128,True
,0,8,8,8,True
,1,120,120,120,True
,2,120,120,120,True
,3,8,8,8,True
,7,120,120,120,True
,8,1800,1800,1800,True
,9,1800,1800,1800,True
,10,120,120,120,True
,14,120,120,120,True
,15,1800,1800,1800,True
,16,1800,1800,1800,True
,17,120,120,120,True
,21,8,8,8,True
,22,120,120,120,True
,23,120,120,120,True
,24,8,8,8,True
,0,8,8,8,True
,1,120,120,120,True
,2,120,120,120,True
,3,8,8,8,True
,7,120,120,120,True
,8,1800,1800,1800,True
,9,1800,1800,1800,True
,10,120,120,120,True
,14,120,120,120,True
,15,1800,1800,1800,True
,16,1800,1800,1800,True
,17,120,120,120,True
,21,8,8,8,True
,22,120,120,120,True
,23,120,120,120,True
,24,8,8,8,True
,0,8,8,8,True
,1,4,4,4,True
,4,4,4,4,True
,5,2,2,2,True
,20,4,4,4,True
,21,2,2,2,True
,24,2,2,2,True
,25,1,1,1,True
,0,8,8,8,True
,1,4,4,4,True
,4,4,4,4,True
,5,2,2,2,True
,20,4,4,4,True
,21,2,2,2,True
,24,2,2,2,True
,25,1,1,1,True
,0,8,8,8,True
,1,4,4,4,True
,4,4,4,4,True
,5,2,2,2,True
,20,4,4,4,True
,21,2,2,2,True
,24,2,2,2,True
,25,1,1,1,True
,0,64,64,64,True
,8,128,128,128,True
,16,64,64,64,True
,0,64,64,64,True
,8,128,128,128,True
,16,64,64,64,True
,0,64,64,64,True
,8,128,128,128,True
,16,64,64,64,True
,0,16,16,16,True
,1,16,16,16,True
,2,8,8,8,True
,4,48,48,48,True
,5,48,48,48,True
,6,24,24,24,True
,8,72,72,72,True
,9,72,72,72,True
,10,36,36,36,True
,12,64,64,64,True
,13,64,64,64,True
,14,32,32,32,True
,16,36,36,36,True
,17,36,36,36,True
,18,18,18,18,True
,20,12,12,12,True
,21,12,12,12,True
,22,6,6,6,True
,24,2,2,2,True
,25,2,2,2,True
,26,1,1,1,True
,0,4,4,4,True
,1,4,4,4,True
,2,2,2,2,True
,4,12,12,12,True
,5,12,12,12,True
,6,6,6,6,True
,8,24,24,24,True
,9,24,24,24,True
,10,12,12,12,True
,12,40,40,40,True
,13,40,40,40,True
,14,20,20,20,True
,16,132,132,132,True
,17,132,132,132,True
,18,66,66,66,True
,20,36,36,36,True
,21,36,36,36,True
,22,18,18,18,True
,24,2,2,2,True
,25,2,2,2,True
,26,1,1,1,True
,0,4,4,4,True
,1,4,4,4,True
,2,2,2,2,True
,4,12,12,12,True
,5,12,12,12,True
,6,6,6,6,True
,8,24,24,24,True
,9,24,24,24,True
,10,12,12,12,True
,12,40,40,40,True
,13,40,40,40,True
,14,20,20,20,True
,16,132,132,132,True
,17,132,132,132,True
,18,66,66,66,True
,20,36,36,36,True
,21,36,36,36,True
,22,18,18,18,True
,24,2,2,2,True
,25,2,2,2,True
,26,1,1,1,True
,0,4,4,4,True
,0,4,4,4,True
,0,4,4,4,True
,0,256,256,256,True
,1,128,128,128,True
,2,512,512,512,True
,3,256,256,256,True
,4,384,384,384,True
,5,192,192,192,True
,6,512,512,512,True
,7,256,256,256,True
,8,784,784,784,True
,9,392,392,392,True
,10,576,576,576,True
,11,288,288,288,True
,12,384,384,384,True
,13,192,192,192,True
,14,408,408,408,True
,15,204,204,204,True
,16,288,288,288,True
,17,144,144,144,True
,18,128,128,128,True
,19,64,64,64,True
,20,76,76,76,True
,21,38,38,38,True
,22,48,48,48,True
,23,24,24,24,True
,24,16,16,16,True
,25,8,8,8,True
,26,2,2,2,True
,27,1,1,1,True
,0,16,16,16,True
,1,8,8,8,True
,2,56,56,56,True
,3,28,28,28,True
,4,168,168,168,True
,5,84,84,84,True
,6,128,128,128,True
,7,64,64,64,True
,8,172,172,172,True
,9,86,86,86,True
,10,504,504,504,True
,11,252,252,252,True
,12,384,384,384,True
,13,192,192,192,True
,14,516,516,516,True
,15,258,258,258,True
,16,1512,1512,1512,True
,17,756,756,756,True
,18,728,728,728,True
,19,364,364,364,True
,20,64,64,64,True
,21,32,32,32,True
,22,84,84,84,True
,23,42,42,42,True
,24,40,40,40,True
,25,20,20,20,True
,26,2,2,2,True
,27,1,1,1,True
,0,16,16,16,True
,1,8,8,8,True
,2,56,56,56,True
,3,28,28,28,True
,4,168,168,168,True
,5,84,84,84,True
,6,128,128,128,True
,7,64,64,64,True
,8,172,172,172,True
,9,86,86,86,True
,10,504,504,504,True
,11,252,252,252,True
,12,384,384,384,True
,13,192,192,192,True
,14,516,516,516,True
,15,258,258,258,True
,16,1512,1512,1512,True
,17,756,756,756,True
,18,728,728,728,True
,19,364,364,364,True
,20,64,64,64,True
,21,32,32,32,True
,22,84,84,84,True
,23,42,42,42,True
,24,40,40,40,True
,25,20,20,20,True
,26,2,2,2,True
,27,1,1,1,True
,0,16,16,16,True
,20,16,16,16,True
,0,16,16,16,True
,20,16,16,16,True
,0,16,16,16,True
,20,16,16,16,True
,0,2048,2048,2048,True
,0,32,32,32,True
,6,288,288,288,True
,12,864,864,864,True
,18,864,864,864,True
,0,32,32,32,True
,6,288,288,288,True
,12,864,864,864,True
,18,864,864,864,True
,0,4,4,4,True
,1,2,2,2,True
,28,2,2,2,True
,29,1,1,1,True
,0,4,4,4,True
,1,2,2,2,True
,28,2,2,2,True
,29,1,1,1,True
,0,4,4,4,True
,1,2,2,2,True
,28,2,2,2,True
,29,1,1,1,True
,0,4,4,4,True
,0,4,4,4,True
,0,4,4,4,True
,0,16,16,16,True
,1,16,16,16,True
,2,24,24,24,True
,3,16,16,16,True
,4,64,64,64,True
,5,56,56,56,True
,6,76,76,76,True
,7,48,48,48,True
,8,136,136,136,True
,9,112,112,112,True
,10,144,144,144,True
,11,88,88,88,True
,12,216,216,216,True
,13,172,172,172,True
,14,214,214,214,True
,15,128,128,128,True
,16,256,256,256,True
,17,192,192,192,True
,18,224,224,224,True
,19,128,128,128,True
,20,200,200,200,True
,21,136,136,136,True
,22,140,140,140,True
,23,72,72,72,True
,24,92,92,92,True
,25,56,56,56,True
,26,48,48,48,True
,27,20,20,20,True
,28,20,20,20,True
,29,10,10,10,True
,30,5,5,5,True
,0,16,16,16,True
,1,16,16,16,True
,2,24,24,24,True
,3,16,16,16,True
,4,64,64,64,True
,5,56,56,56,True
,6,76,76,76,True
,7,48,48,48,True
,8,136,136,136,True
,9,112,112,112,True
,10,144,144,144,True
,11,88,88,88,True
,12,216,216,216,True
,13,172,172,172,True
,14,214,214,214,True
,15,128,128,128,True
,16,256,256,256,True
,17,192,192,192,True
,18,224,224,224,True
,19,128,128,128,True
,20,200,200,200,True
,21,136,136,136,True
,22,140,140,140,True
,23,72,72,72,True
,24,92,92,92,True
,25,56,56,56,True
,26,48,48,48,True
,27,20,20,20,True
,28,20,20,20,True
,29,10,10,10,True
,30,5,5,5,True
,0,16,16,16,True
,1,16,16,16,True
,2,24,24,24,True
,3,16,16,16,True
,4,64,64,64,True
,5,56,56,56,True
,6,76,76,76,True
,7,48,48,48,True
,8,136,136,136,True
,9,112,112,112,True
,10,144,144,144,True
,11,88,88,88,True
,12,216,216,216,True
,13,172,172,172,True
,14,214,214,214,True
,15,128,128,128,True
,16,256,256,256,True
,17,192,192,192,True
,18,224,224,224,True
,19,128,128,128,True
,20,200,200,200,True
,21,136,136,136,True
,22,140,140,140,True
,23,72,72,72,True
,24,92,92,92,True
,25,56,56,56,True
,26,48,48,48,True
,27,20,20,20,True
,28,20,20,20,True
,29,10,10,10,True
,30,5,5,5,True
,0,2,2,2,True
,0,2,2,2,True
,0,2,2,2,True
,0,2,2,2,True
,0,2,2,2,True
,0,4,4,4,True
,0,4,4,4,True
,0,2,2,2,True
,1,2,2,2,True
,0,2,2,2,True
,1,2,2,2,True
,0,2,2,2,True
,1,2,2,2,True
,0,2,2,2,True
,1,2,2,2,True
,0,8,8,8,True
,1,8,8,8,True
,0,16,16,16,True
,0,8,8,8,True
,0,8,8,8,True
,0,4,4,4,True
,2,4,4,4,True
,0,4,4,4,True
,2,4,4,4,True
,0,4,4,4,True
,2,4,4,4,True
,0,4,4,4,True
,1,8,8,8,True
,2,4,4,4,True
,0,4,4,4,True
,1,8,8,8,True
,2,4,4,4,True
,0,4,4,4,True
,3,4,4,4,True
,0,4,4,4,True
,3,4,4,4,True
,0,8,8,8,True
,0,8,8,8,True
,0,8,8,8,True
,0,32,32,32,True
,1,96,96,96,True
,2,96,96,96,True
,3,32,32,32,True
,0,64,64,64,True
,1,128,128,128,True
,2,64,64,64,True
,0,2,2,2,True
,1,2,2,2,True
,2,2,2,2,True
,3,2,2,2,True
,4,2,2,2,True
,0,2,2,2,True
,1,2,2,2,True
,2,2,2,2,True
,3,2,2,2,True
,4,2,2,2,True
,0,2,2,2,True
,1,2,2,2,True
,2,2,2,2,True
,3,2,2,2,True
,4,2,2,2,True
,0,2,2,2,True
,1,2,2,2,True
,2,2,2,2,True
,3,2,2,2,True
,4,2,2,2,True
,0,2,2,2,True
,1,2,2,2,True
,2,2,2,2,True
,3,2,2,2,True
,4,2,2,2,True
,0,64,64,64,True
,0,16,16,16,True
,2,32,32,32,True
,4,16,16,16,True
,0,4,4,4,True
,5,4,4,4,True
,0,4,4,4,True
,5,4,4,4,True
,0,4,4,4,True
,5,4,4,4,True
,0,4,4,4,True
,5,4,4,4,True
,0,4,4,4,True
,5,4,4,4,True
,0,8,8,8,True
,1,32,32,32,True
,2,64,64,64,True
,3,80,80,80,True
,4,56,56,56,True
,5,16,16,16,True
,0,16,16,16,True
,1,64,64,64,True
,2,96,96,96,True
,3,64,64,64,True
,4,16,16,16,True
,0,8,8,8,True
,3,16,16,16,True
,6,8,8,8,True
,0,8,8,8,True
,3,16,16,16,True
,6,8,8,8,True
,0,8,8,8,True
,3,16,16,16,True
,6,8,8,8,True
,0,8,8,8,True
,3,16,16,16,True
,6,8,8,8,True
,0,8,8,8,True
,3,16,16,16,True
,6,8,8,8,True
,0,16,16,16,True
,3,32,32,32,True
,6,16,16,16,True
,0,64,64,64,True
,0,8,8,8,True
,1,8,8,8,True
,2,16,16,16,True
,3,16,16,16,True
,4,8,8,8,True
,5,8,8,8,True
,0,8,8,8,True
,1,8,8,8,True
,2,16,16,16,True
,3,16,16,16,True
,4,8,8,8,True
,5,8,8,8,True
,0,4,4,4,True
,1,4,4,4,True
,2,8,8,8,True
,3,8,8,8,True
,4,12,12,12,True
,5,12,12,12,True
,6,8,8,8,True
,7,8,8,8,True
,0,4,4,4,True
,1,4,4,4,True
,2,8,8,8,True
,3,8,8,8,True
,4,12,12,12,True
,5,12,12,12,True
,6,8,8,8,True
,7,8,8,8,True
,0,4,4,4,True
,1,4,4,4,True
,2,8,8,8,True
,3,8,8,8,True
,4,12,12,12,True
,5,12,12,12,True
,6,8,8,8,True
,7,8,8,8,True
,0,128,128,128,True
,1,384,384,384,True
,2,640,640,640,True
,3,896,896,896,True
,4,896,896,896,True
,5,640,640,640,True
,6,384,384,384,True
,7,128,128,128,True
,0,256,256,256,True
,1,512,512,512,True
,2,768,768,768,True
,3,1024,1024,1024,True
,4,768,768,768,True
,5,512,512,512,True
,6,256,256,256,True
,0,8,8,8,True
,0,8,8,8,True
,0,4,4,4,True
,8,4,4,4,True
,0,4,4,4,True
,8,4,4,4,True
,0,4,4,4,True
,8,4,4,4,True
,0,4,4,4,True
,1,8,8,8,True
,2,12,12,12,True
,3,16,16,16,True
,4,20,20,20,True
,5,16,16,16,True
,6,12,12,12,True
,7,8,8,8,True
,8,4,4,4,True
,0,4,4,4,True
,1,8,8,8,True
,2,12,12,12,True
,3,16,16,16,True
,4,20,20,20,True
,5,16,16,16,True
,6,12,12,12,True
,7,8,8,8,True
,8,4,4,4,True
,0,4,4,4,True
,9,4,4,4,True
,0,4,4,4,True
,9,4,4,4,True
,0,8,8,8,True
,0,8,8,8,True
,0,8,8,8,True
,0,512,512,512,True
,1,512,512,512,True
,2,1024,1024,1024,True
,3,1024,1024,1024,True
,4,512,512,512,True
,5,512,512,512,True
,0,256,256,256,True
,2,1024,1024,1024,True
,4,1536,1536,1536,True
,6,1024,1024,1024,True
,8,256,256,256,True
,0,4,4,4,True
,1,4,4,4,True
,3,8,8,8,True
,4,8,8,8,True
,6,12,12,12,True
,7,12,12,12,True
,9,8,8,8,True
,10,8,8,8,True
,0,4,4,4,True
,1,4,4,4,True
,3,8,8,8,True
,4,8,8,8,True
,6,12,12,12,True
,7,12,12,12,True
,9,8,8,8,True
,10,8,8,8,True
,0,8,8,8,True
,1,8,8,8,True
,3,16,16,16,True
,4,16,16,16,True
,6,8,8,8,True
,7,8,8,8,True
,0,8,8,8,True
,1,8,8,8,True
,3,16,16,16,True
,4,16,16,16,True
,6,8,8,8,True
,7,8,8,8,True
,0,8,8,8,True
,1,8,8,8,True
,3,16,16,16,True
,4,16,16,16,True
,6,8,8,8,True
,7,8,8,8,True
,0,16,16,16,True
,5,32,32,32,True
,10,16,16,16,True
,0,16,16,16,True
,5,32,32,32,True
,10,16,16,16,True
,0,4,4,4,True
,11,4,4,4,True
,0,4,4,4,True
,11,4,4,4,True
,0,4,4,4,True
,11,4,4,4,True
,0,4,4,4,True
,11,4,4,4,True
,0,4,4,4,True
,11,4,4,4,True
,0,32,32,32,True
,1,256,256,256,True
,2,1088,1088,1088,True
,3,3136,3136,3136,True
,4,6656,6656,6656,True
,5,10816,10816,10816,True
,6,13632,13632,13632,True
,7,13248,13248,13248,True
,8,9696,9696,9696,True
,9,5056,5056,5056,True
,10,1664,1664,1664,True
,11,256,256,256,True
,0,64,64,64,True
,1,512,512,512,True
,2,2048,2048,2048,True
,3,5376,5376,5376,True
,4,10112,10112,10112,True
,5,14080,14080,14080,True
,6,14592,14592,14592,True
,7,11008,11008,11008,True
,8,5696,5696,5696,True
,9,1792,1792,1792,True
,10,256,256,256,True
,0,32,32,32,True
,0,32,32,32,True
,0,8,8,8,True
,2,8,8,8,True
,10,8,8,8,True
,12,8,8,8,True
,0,8,8,8,True
,2,8,8,8,True
,10,8,8,8,True
,12,8,8,8,True
,0,8,8,8,True
,2,8,8,8,True
,10,8,8,8,True
,12,8,8,8,True
,0,64,64,64,True
,3,256,256,256,True
,6,384,384,384,True
,9,256,256,256,True
,12,64,64,64,True
,0,64,64,64,True
,3,256,256,256,True
,6,384,384,384,True
,9,256,256,256,True
,12,64,64,64,True
,0,2,2,2,True
,1,2,2,2,True
,2,2,2,2,True
,3,2,2,2,True
,4,2,2,2,True
,5,2,2,2,True
,6,2,2,2,True
,7,2,2,2,True
,8,2,2,2,True
,9,2,2,2,True
,10,2,2,2,True
,11,2,2,2,True
,12,2,2,2,True
,13,2,2,2,True
,0,2,2,2,True
,1,2,2,2,True
,2,2,2,2,True
,3,2,2,2,True
,4,2,2,2,True
,5,2,2,2,True
,6,2,2,2,True
,7,2,2,2,True
,8,2,2,2,True
,9,2,2,2,True
,10,2,2,2,True
,11,2,2,2,True
,12,2,2,2,True
,13,2,2,2,True
,0,2,2,2,True
,1,2,2,2,True
,2,2,2,2,True
,3,2,2,2,True
,4,2,2,2,True
,5,2,2,2,True
,6,2,2,2,True
,7,2,2,2,True
,8,2,2,2,True
,9,2,2,2,True
,10,2,2,2,True
,11,2,2,2,True
,12,2,2,2,True
,13,2,2,2,True
,0,2,2,2,True
,1,2,2,2,True
,2,2,2,2,True
,3,2,2,2,True
,4,2,2,2,True
,5,2,2,2,True
,6,2,2,2,True
,7,2,2,2,True
,8,2,2,2,True
,9,2,2,2,True
,10,2,2,2,True
,11,2,2,2,True
,12,2,2,2,True
,13,2,2,2,True
,0,2,2,2,True
,1,2,2,2,True
,2,2,2,2,True
,3,2,2,2,True
,4,2,2,2,True
,5,2,2,2,True
,6,2,2,2,True
,7,2,2,2,True
,8,2,2,2,True
,9,2,2,2,True
,10,2,2,2,True
,11,2,2,2,True
,12,2,2,2,True
,13,2,2,2,True
,0,128,128,128,True
,1,128,128,128,True
,3,512,512,512,True
,4,512,512,512,True
,6,768,768,768,True
,7,768,768,768,True
,9,512,512,512,True
,10,512,512,512,True
,12,128,128,128,True
,13,128,128,128,True
,0,4096,4096,4096,True
,0,8,8,8,True
,0,8,8,8,True
,0,4,4,4,True
,14,4,4,4,True
,0,4,4,4,True
,14,4,4,4,True
,0,4,4,4,True
,14,4,4,4,True
,0,64,64,64,True
,1,128,128,128,True
,2,320,320,320,True
,3,512,512,512,True
,4,640,640,640,True
,5,768,768,768,True
,6,640,640,640,True
,7,512,512,512,True
,8,320,320,320,True
,9,128,128,128,True
,10,64,64,64,True
,0,16,16,16,True
,1,32,32,32,True
,2,80,80,80,True
,3,128,128,128,True
,4,224,224,224,True
,5,320,320,320,True
,6,416,416,416,True
,7,512,512,512,True
,8,528,528,528,True
,9,544,544,544,True
,10,464,464,464,True
,11,384,384,384,True
,12,256,256,256,True
,13,128,128,128,True
,14,64,64,64,True
,0,4,4,4,True
,15,4,4,4,True
,0,4,4,4,True
,15,4,4,4,True
,0,8,8,8,True
,0,8,8,8,True
,0,8,8,8,True
,0,512,512,512,True
,1,1536,1536,1536,True
,2,2560,2560,2560,True
,3,3584,3584,3584,True
,4,4608,4608,4608,True
,5,5632,5632,5632,True
,6,6656,6656,6656,True
,7,7680,7680,7680,True
,8,7680,7680,7680,True
,9,6656,6656,6656,True
,10,5632,5632,5632,True
,11,4608,4608,4608,True
,12,3584,3584,3584,True
,13,2560,2560,2560,True
,14,1536,1536,1536,True
,15,512,512,512,True
,0,1024,1024,1024,True
,1,2048,2048,2048,True
,2,3072,3072,3072,True
,3,4096,4096,4096,True
,4,5120,5120,5120,True
,5,6144,6144,6144,True
,6,7168,7168,7168,True
,7,8192,8192,8192,True
,8,7168,7168,7168,True
,9,6144,6144,6144,True
,10,5120,5120,5120,True
,11,4096,4096,4096,True
,12,3072,3072,3072,True
,13,2048,2048,2048,True
,14,1024,1024,1024,True
,0,4,4,4,True
,1,4,4,4,True
,5,8,8,8,True
,6,8,8,8,True
,10,12,12,12,True
,11,12,12,12,True
,15,8,8,8,True
,16,8,8,8,True
,0,4,4,4,True
,1,4,4,4,True
,5,8,8,8,True
,6,8,8,8,True
,10,12,12,12,True
,11,12,12,12,True
,15,8,8,8,True
,16,8,8,8,True
,0,4,4,4,True
,1,4,4,4,True
,5,8,8,8,True
,6,8,8,8,True
,10,12,12,12,True
,11,12,12,12,True
,15,8,8,8,True
,16,8,8,8,True
,0,4,4,4,True
,1,4,4,4,True
,5,8,8,8,True
,6,8,8,8,True
,10,12,12,12,True
,11,12,12,12,True
,15,8,8,8,True
,16,8,8,8,True
,0,4,4,4,True
,1,4,4,4,True
,5,8,8,8,True
,6,8,8,8,True
,10,12,12,12,True
,11,12,12,12,True
,15,8,8,8,True
,16,8,8,8,True
,0,64,64,64,True
,0,16,16,16,True
,8,32,32,32,True
,16,16,16,16,True
,0,64,64,64,True
,3,64,64,64,True
,6,128,128,128,True
,9,128,128,128,True
,12,64,64,64,True
,15,64,64,64,True
,0,64,64,64,True
,3,64,64,64,True
,6,128,128,128,True
,9,128,128,128,True
,12,64,64,64,True
,15,64,64,64,True
,0,64,64,64,True
,2,64,64,64,True
,6,128,128,128,True
,8,128,128,128,True
,12,64,64,64,True
,14,64,64,64,True
,0,64,64,64,True
,2,64,64,64,True
,6,128,128,128,True
,8,128,128,128,True
,12,64,64,64,True
,14,64,64,64,True
,0,64,64,64,True
,2,64,64,64,True
,6,128,128,128,True
,8,128,128,128,True
,12,64,64,64,True
,14,64,64,64,True
,0,8,8,8,True
,1,32,32,32,True
,2,80,80,80,True
,3,160,160,160,True
,4,280,280,280,True
,5,432,432,432,True
,6,608,608,608,True
,7,800,800,800,True
,8,1000,1000,1000,True
,9,1160,1160,1160,True
,10,1232,1232,1232,True
,11,1208,1208,1208,True
,12,1080,1080,1080,True
,13,840,840,840,True
,14,560,560,560,True
,15,328,328,328,True
,16,152,152,152,True
,17,40,40,40,True
,0,16,16,16,True
,1,64,64,64,True
,2,160,160,160,True
,3,320,320,320,True
,4,560,560,560,True
,5,832,832,832,True
,6,1088,1088,1088,True
,7,1280,1280,1280,True
,8,1360,1360,1360,True
,9,1280,1280,1280,True
,10,1088,1088,1088,True
,11,832,832,832,True
,12,560,560,560,True
,13,320,320,320,True
,14,160,160,160,True
,15,64,64,64,True
,16,16,16,16,True
,0,8,8,8,True
,9,16,16,16,True
,18,8,8,8,True
,0,8,8,8,True
,9,16,16,16,True
,18,8,8,8,True
,0,32,32,32,True
,0,32,32,32,True
,0,32,32,32,True
,0,16,16,16,True
,9,32,32,32,True
,18,16,16,16,True
,0,64,64,64,True
,0,8,8,8,True
,1,8,8,8,True
,3,32,32,32,True
,4,32,32,32,True
,6,80,80,80,True
,7,80,80,80,True
,9,128,128,128,True
,10,128,128,128,True
,12,136,136,136,True
,13,136,136,136,True
,15,96,96,96,True
,16,96,96,96,True
,18,32,32,32,True
,19,32,32,32,True
,0,8,8,8,True
,1,8,8,8,True
,3,32,32,32,True
,4,32,32,32,True
,6,80,80,80,True
,7,80,80,80,True
,9,128,128,128,True
,10,128,128,128,True
,12,136,136,136,True
,13,136,136,136,True
,15,96,96,96,True
,16,96,96,96,True
,18,32,32,32,True
,19,32,32,32,True
,0,8,8,8,True
,1,8,8,8,True
,3,32,32,32,True
,4,32,32,32,True
,6,80,80,80,True
,7,80,80,80,True
,9,128,128,128,True
,10,128,128,128,True
,12,136,136,136,True
,13,136,136,136,True
,15,96,96,96,True
,16,96,96,96,True
,18,32,32,32,True
,19,32,32,32,True
,0,8,8,8,True
,1,8,8,8,True
,3,32,32,32,True
,4,32,32,32,True
,6,80,80,80,True
,7,80,80,80,True
,9,128,128,128,True
,10,128,128,128,True
,12,136,136,136,True
,13,136,136,136,True
,15,96,96,96,True
,16,96,96,96,True
,18,32,32,32,True
,19,32,32,32,True
,0,8,8,8,True
,1,8,8,8,True
,3,32,32,32,True
,4,32,32,32,True
,6,80,80,80,True
,7,80,80,80,True
,9,128,128,128,True
,10,128,128,128,True
,12,136,136,136,True
,13,136,136,136,True
,15,96,96,96,True
,16,96,96,96,True
,18,32,32,32,True
,19,32,32,32,True
,0,2048,2048,2048,True
,0,2048,2048,2048,True
,0,64,64,64,True
,4,320,320,320,True
,8,640,640,640,True
,12,640,640,640,True
,16,320,320,320,True
,20,64,64,64,True
,0,64,64,64,True
,4,320,320,320,True
,8,640,640,640,True
,12,640,640,640,True
,16,320,320,320,True
,20,64,64,64,True
,0,64,64,64,True
,4,320,320,320,True
,8,640,640,640,True
,12,640,640,640,True
,16,320,320,320,True
,20,64,64,64,True
,0,16,16,16,True
,1,32,32,32,True
,2,16,16,16,True
,3,64,64,64,True
,4,128,128,128,True
,5,64,64,64,True
,6,160,160,160,True
,7,320,320,320,True
,8,160,160,160,True
,9,256,256,256,True
,10,512,512,512,True
,11,256,256,256,True
,12,272,272,272,True
,13,544,544,544,True
,14,272,272,272,True
,15,192,192,192,True
,16,384,384,384,True
,17,192,192,192,True
,18,64,64,64,True
,19,128,128,128,True
,20,64,64,64,True
,0,64,64,64,True
,1,128,128,128,True
,2,64,64,64,True
,3,256,256,256,True
,4,512,512,512,True
,5,256,256,256,True
,6,384,384,384,True
,7,768,768,768,True
,8,384,384,384,True
,9,256,256,256,True
,10,512,512,512,True
,11,256,256,256,True
,12,64,64,64,True
,13,128,128,128,True
,14,64,64,64,True
,0,4,4,4,True
,21,4,4,4,True
,0,4,4,4,True
,21,4,4,4,True
,0,8,8,8,True
,0,8,8,8,True
,0,8,8,8,True
,0,128,128,128,True
,1,128,128,128,True
,5,512,512,512,True
,6,512,512,512,True
,10,768,768,768,True
,11,768,768,768,True
,15,512,512,512,True
,16,512,512,512,True
,20,128,128,128,True
,21,128,128,128,True
,0,256,256,256,True
,5,1024,1024,1024,True
,10,1536,1536,1536,True
,15,1024,1024,1024,True
,20,256,256,256,True
,0,8,8,8,True
,1,8,8,8,True
,2,24,24,24,True
,3,24,24,24,True
,4,48,48,48,True
,5,40,40,40,True
,6,72,72,72,True
,7,56,56,56,True
,8,96,96,96,True
,9,72,72,72,True
,10,104,104,104,True
,11,72,72,72,True
,12,96,96,96,True
,13,56,56,56,True
,14,72,72,72,True
,15,40,40,40,True
,16,48,48,48,True
,17,24,24,24,True
,18,24,24,24,True
,19,8,8,8,True
,20,8,8,8,True
,0,8,8,8,True
,1,8,8,8,True
,2,24,24,24,True
,3,24,24,24,True
,4,48,48,48,True
,5,40,40,40,True
,6,72,72,72,True
,7,56,56,56,True
,8,96,96,96,True
,9,72,72,72,True
,10,104,104,104,True
,11,72,72,72,True
,12,96,96,96,True
,13,56,56,56,True
,14,72,72,72,True
,15,40,40,40,True
,16,48,48,48,True
,17,24,24,24,True
,18,24,24,24,True
,19,8,8,8,True
,20,8,8,8,True
,0,4,4,4,True
,1,4,4,4,True
,2,12,12,12,True
,3,12,12,12,True
,4,24,24,24,True
,5,20,20,20,True
,6,36,36,36,True
,7,28,28,28,True
,8,48,48,48,True
,9,36,36,36,True
,10,60,60,60,True
,11,44,44,44,True
,12,72,72,72,True
,13,52,52,52,True
,14,84,84,84,True
,15,60,60,60,True
,16,96,96,96,True
,17,68,68,68,True
,18,88,88,88,True
,19,56,56,56,True
,20,56,56,56,True
,21,20,20,20,True
,22,20,20,20,True
,0,4,4,4,True
,1,4,4,4,True
,2,12,12,12,True
,3,12,12,12,True
,4,24,24,24,True
,5,20,20,20,True
,6,36,36,36,True
,7,28,28,28,True
,8,48,48,48,True
,9,36,36,36,True
,10,60,60,60,True
,11,44,44,44,True
,12,72,72,72,True
,13,52,52,52,True
,14,84,84,84,True
,15,60,60,60,True
,16,96,96,96,True
,17,68,68,68,True
,18,88,88,88,True
,19,56,56,56,True
,20,56,56,56,True
,21,20,20,20,True
,22,20,20,20,True
,0,4,4,4,True
,1,4,4,4,True
,2,12,12,12,True
,3,12,12,12,True
,4,24,24,24,True
,5,20,20,20,True
,6,36,36,36,True
,7,28,28,28,True
,8,48,48,48,True
,9,36,36,36,True
,10,60,60,60,True
,11,44,44,44,True
,12,72,72,72,True
,13,52,52,52,True
,14,84,84,84,True
,15,60,60,60,True
,16,96,96,96,True
,17,68,68,68,True
,18,88,88,88,True
,19,56,56,56,True
,20,56,56,56,True
,21,20,20,20,True
,22,20,20,20,True
,0,16,16,16,True
,11,32,32,32,True
,22,16,16,16,True
,0,16,16,16,True
,11,32,32,32,True
,22,16,16,16,True
,0,4,4,4,True
,23,4,4,4,True
,0,4,4,4,True
,23,4,4,4,True
,0,4,4,4,True
,23,4,4,4,True
,0,4,4,4,True
,23,4,4,4,True
,0,4,4,4,True
,23,4,4,4,True
,0,8,8,8,True
,3,8,8,8,True
,21,8,8,8,True
,24,8,8,8,True
,0,8,8,8,True
,3,8,8,8,True
,21,8,8,8,True
,24,8,8,8,True
,0,32,32,32,True
,0,32,32,32,True
,0,32,32,32,True
,0,1024,1024,1024,True
,0,64,64,64,True
,2,128,128,128,True
,4,64,64,64,True
,10,128,128,128,True
,12,256,256,256,True
,14,128,128,128,True
,20,64,64,64,True
,22,128,128,128,True
,24,64,64,64,True
,0,8,8,8,True
,1,8,8,8,True
,8,16,16,16,True
,9,16,16,16,True
,16,8,8,8,True
,17,8,8,8,True
,0,8,8,8,True
,1,8,8,8,True
,8,16,16,16,True
,9,16,16,16,True
,16,8,8,8,True
,17,8,8,8,True
,0,4,4,4,True
,1,4,4,4,True
,8,8,8,8,True
,9,8,8,8,True
,16,12,12,12,True
,17,12,12,12,True
,24,8,8,8,True
,25,8,8,8,True
,0,4,4,4,True
,1,4,4,4,True
,8,8,8,8,True
,9,8,8,8,True
,16,12,12,12,True
,17,12,12,12,True
,24,8,8,8,True
,25,8,8,8,True
,0,4,4,4,True
,1,4,4,4,True
,8,8,8,8,True
,9,8,8,8,True
,16,12,12,12,True
,17,12,12,12,True
,24,8,8,8,True
,25,8,8,8,True
,0,8,8,8,True
,0,8,8,8,True
,0,4,4,4,True
,26,4,4,4,True
,0,4,4,4,True
,26,4,4,4,True
,0,4,4,4,True
,26,4,4,4,True
,0,4,4,4,True
,1,8,8,8,True
,2,12,12,12,True
,3,16,16,16,True
,4,20,20,20,True
,5,24,24,24,True
,6,28,28,28,True
,7,32,32,32,True
,8,36,36,36,True
,9,40,40,40,True
,10,44,44,44,True
,11,48,48,48,True
,12,52,52,52,True
,13,56,56,56,True
,14,52,52,52,True
,15,48,48,48,True
,16,44,44,44,True
,17,40,40,40,True
,18,36,36,36,True
,19,32,32,32,True
,20,28,28,28,True
,21,24,24,24,True
,22,20,20,20,True
,23,16,16,16,True
,24,12,12,12,True
,25,8,8,8,True
,26,4,4,4,True
,0,4,4,4,True
,1,8,8,8,True
,2,12,12,12,True
,3,16,16,16,True
,4,20,20,20,True
,5,24,24,24,True
,6,28,28,28,True
,7,32,32,32,True
,8,36,36,36,True
,9,40,40,40,True
,10,44,44,44,True
,11,48,48,48,True
,12,52,52,52,True
,13,56,56,56,True
,14,52,52,52,True
,15,48,48,48,True
,16,44,44,44,True
,17,40,40,40,True
,18,36,36,36,True
,19,32,32,32,True
,20,28,28,28,True
,21,24,24,24,True
,22,20,20,20,True
,23,16,16,16,True
,24,12,12,12,True
,25,8,8,8,True
,26,4,4,4,True
,0,64,64,64,True
,5,64,64,64,True
,10,128,128,128,True
,15,128,128,128,True
,20,64,64,64,True
,25,64,64,64,True
,0,64,64,64,True
,5,64,64,64,True
,10,128,128,128,True
,15,128,128,128,True
,20,64,64,64,True
,25,64,64,64,True
,0,32,32,32,True
,2,32,32,32,True
,5,32,32,32,True
,7,32,32,32,True
,10,64,64,64,True
,12,64,64,64,True
,15,64,64,64,True
,17,64,64,64,True
,20,32,32,32,True
,22,32,32,32,True
,25,32,32,32,True
,27,32,32,32,True
,0,32,32,32,True
,2,32,32,32,True
,5,32,32,32,True
,7,32,32,32,True
,10,64,64,64,True
,12,64,64,64,True
,15,64,64,64,True
,17,64,64,64,True
,20,32,32,32,True
,22,32,32,32,True
,25,32,32,32,True
,27,32,32,32,True
,0,32,32,32,True
,2,32,32,32,True
,5,32,32,32,True
,7,32,32,32,True
,10,64,64,64,True
,12,64,64,64,True
,15,64,64,64,True
,17,64,64,64,True
,20,32,32,32,True
,22,32,32,32,True
,25,32,32,32,True
,27,32,32,32,True
,0,4,4,4,True
,1,4,4,4,True
,9,8,8,8,True
,10,8,8,8,True
,18,12,12,12,True
,19,12,12,12,True
,27,8,8,8,True
,28,8,8,8,True
,0,4,4,4,True
,1,4,4,4,True
,9,8,8,8,True
,10,8,8,8,True
,18,12,12,12,True
,19,12,12,12,True
,27,8,8,8,True
,28,8,8,8,True
,0,8,8,8,True
,1,8,8,8,True
,9,16,16,16,True
,10,16,16,16,True
,18,8,8,8,True
,19,8,8,8,True
,0,8,8,8,True
,1,8,8,8,True
,9,16,16,16,True
,10,16,16,16,True
,18,8,8,8,True
,19,8,8,8,True
,0,8,8,8,True
,1,8,8,8,True
,9,16,16,16,True
,10,16,16,16,True
,18,8,8,8,True
,19,8,8,8,True
,0,64,64,64,True
,0,16,16,16,True
,14,32,32,32,True
,28,16,16,16,True
,0,4,4,4,True
,29,4,4,4,True
,0,4,4,4,True
,29,4,4,4,True
,0,4,4,4,True
,29,4,4,4,True
,0,4,4,4,True
,29,4,4,4,True
,0,4,4,4,True
,29,4,4,4,True
,0,2,2,2,True
,0,2,2,2,True
,0,2,2,2,True
,0,2,2,2,True
,0,2,2,2,True
,0,2,2,2,True
,0,2,2,2,True
,0,2,2,2,True
,1,1,1,1,True
,0,2,2,2,True
,1,1,1,1,True
,0,2,2,2,True
,1,1,1,1,True
,0,2,2,2,True
,1,1,1,1,True
,0,2,2,2,True
,1,1,1,1,True
,0,2,2,2,True
,1,1,1,1,True
,0,2,2,2,True
,1,1,1,1,True
,0,4,4,4,True
,1,4,4,4,True
,0,8,8,8,True
,0,4,4,4,True
,1,4,4,4,True
,0,4,4,4,True
,1,4,4,4,True
,0,8,8,8,True
,0,2,2,2,True
,1,2,2,2,True
,2,1,1,1,True
,0,2,2,2,True
,1,2,2,2,True
,2,1,1,1,True
,0,2,2,2,True
,1,2,2,2,True
,2,1,1,1,True
,0,2,2,2,True
,1,2,2,2,True
,2,1,1,1,True
,0,2,2,2,True
,1,2,2,2,True
,2,1,1,1,True
,0,2,2,2,True
,1,2,2,2,True
,2,1,1,1,True
,0,2,2,2,True
,1,2,2,2,True
,2,1,1,1,True
,0,8,8,8,True
,1,16,16,16,True
,2,8,8,8,True
,0,4,4,4,True
,1,24,24,24,True
,2,4,4,4,True
,0,4,4,4,True
,1,24,24,24,True
,2,4,4,4,True
,0,32,32,32,True
,0,4,4,4,True
,1,24,24,24,True
,2,4,4,4,True
,0,4,4,4,True
,1,10,10,10,True
,2,10,10,10,True
,3,3,3,3,True
,0,8,8,8,True
,1,12,12,12,True
,2,6,6,6,True
,3,1,1,1,True
,0,4,4,4,True
,1,10,10,10,True
,2,10,10,10,True
,3,3,3,3,True
,0,4,4,4,True
,1,10,10,10,True
,2,10,10,10,True
,3,3,3,3,True
,0,8,8,8,True
,1,12,12,12,True
,2,6,6,6,True
,3,1,1,1,True
,0,4,4,4,True
,3,4,4,4,True
,0,4,4,4,True
,3,4,4,4,True
,0,4,4,4,True
,3,4,4,4,True
,0,4,4,4,True
,3,4,4,4,True
,0,4,4,4,True
,3,4,4,4,True
,0,4,4,4,True
,3,4,4,4,True
,0,4,4,4,True
,3,4,4,4,True
,0,2,2,2,True
,1,2,2,2,True
,2,2,2,2,True
,3,2,2,2,True
,4,1,1,1,True
,0,2,2,2,True
,1,2,2,2,True
,2,2,2,2,True
,3,2,2,2,True
,4,1,1,1,True
,0,2,2,2,True
,1,2,2,2,True
,2,2,2,2,True
,3,2,2,2,True
,4,1,1,1,True
,0,2,2,2,True
,1,2,2,2,True
,2,2,2,2,True
,3,2,2,2,True
,4,1,1,1,True
,0,2,2,2,True
,1,2,2,2,True
,2,2,2,2,True
,3,2,2,2,True
,4,1,1,1,True
,0,2,2,2,True
,1,2,2,2,True
,2,2,2,2,True
,3,2,2,2,True
,4,1,1,1,True
,0,2,2,2,True
,1,2,2,2,True
,2,2,2,2,True
,3,2,2,2,True
,4,1,1,1,True
,0,8,8,8,True
,1,8,8,8,True
,3,8,8,8,True
,4,8,8,8,True
,0,32,32,32,True
,0,8,8,8,True
,1,8,8,8,True
,3,8,8,8,True
,4,8,8,8,True
,0,8,8,8,True
,1,8,8,8,True
,3,8,8,8,True
,4,8,8,8,True
,0,32,32,32,True
,0,8,8,8,True
,1,36,36,36,True
,2,72,72,72,True
,3,76,76,76,True
,4,42,42,42,True
,5,9,9,9,True
,0,4,4,4,True
,1,18,18,18,True
,2,96,96,96,True
,3,92,92,92,True
,4,30,30,30,True
,5,3,3,3,True
,0,4,4,4,True
,1,18,18,18,True
,2,96,96,96,True
,3,92,92,92,True
,4,30,30,30,True
,5,3,3,3,True
,0,32,32,32,True
,1,80,80,80,True
,2,80,80,80,True
,3,40,40,40,True
,4,10,10,10,True
,5,1,1,1,True
,0,4,4,4,True
,1,18,18,18,True
,2,96,96,96,True
,3,92,92,92,True
,4,30,30,30,True
,5,3,3,3,True
,0,4,4,4,True
,1,18,18,18,True
,2,96,96,96,True
,3,92,92,92,True
,4,30,30,30,True
,5,3,3,3,True
,0,4,4,4,True
,5,4,4,4,True
,0,8,8,8,True
,0,8,8,8,True
,0,4,4,4,True
,5,4,4,4,True
,0,4,4,4,True
,5,4,4,4,True
,0,8,8,8,True
,0,8,8,8,True
,0,4,4,4,True
,1,12,12,12,True
,2,22,22,22,True
,3,32,32,32,True
,4,32,32,32,True
,5,18,18,18,True
,6,5,5,5,True
,0,8,8,8,True
,1,24,24,24,True
,2,36,36,36,True
,3,32,32,32,True
,4,18,18,18,True
,5,6,6,6,True
,6,1,1,1,True
,0,4,4,4,True
,1,12,12,12,True
,2,22,22,22,True
,3,32,32,32,True
,4,32,32,32,True
,5,18,18,18,True
,6,5,5,5,True
,0,4,4,4,True
,1,12,12,12,True
,2,22,22,22,True
,3,32,32,32,True
,4,32,32,32,True
,5,18,18,18,True
,6,5,5,5,True
,0,8,8,8,True
,1,24,24,24,True
,2,36,36,36,True
,3,32,32,32,True
,4,18,18,18,True
,5,6,6,6,True
,6,1,1,1,True
,0,8,8,8,True
,3,16,16,16,True
,6,8,8,8,True
,0,4,4,4,True
,3,24,24,24,True
,6,4,4,4,True
,0,4,4,4,True
,3,24,24,24,True
,6,4,4,4,True
,0,32,32,32,True
,0,32,32,32,True
,0,4,4,4,True
,3,24,24,24,True
,6,4,4,4,True
,0,4,4,4,True
,3,24,24,24,True
,6,4,4,4,True
,0,4,4,4,True
,1,2,2,2,True
,3,8,8,8,True
,4,4,4,4,True
,6,6,6,6,True
,7,3,3,3,True
,0,4,4,4,True
,1,2,2,2,True
,3,8,8,8,True
,4,4,4,4,True
,6,6,6,6,True
,7,3,3,3,True
,0,4,4,4,True
,1,2,2,2,True
,3,8,8,8,True
,4,4,4,4,True
,6,6,6,6,True
,7,3,3,3,True
,0,4,4,4,True
,1,2,2,2,True
,3,8,8,8,True
,4,4,4,4,True
,6,6,6,6,True
,7,3,3,3,True
,0,4,4,4,True
,1,2,2,2,True
,3,8,8,8,True
,4,4,4,4,True
,6,6,6,6,True
,7,3,3,3,True
,0,4,4,4,True
,1,2,2,2,True
,3,8,8,8,True
,4,4,4,4,True
,6,6,6,6,True
,7,3,3,3,True
,0,4,4,4,True
,1,2,2,2,True
,3,8,8,8,True
,4,4,4,4,True
,6,6,6,6,True
,7,3,3,3,True
,0,256,256,256,True
,1,1792,1792,1792,True
,2,5376,5376,5376,True
,3,8960,8960,8960,True
,4,8960,8960,8960,True
,5,5376,5376,5376,True
,6,1792,1792,1792,True
,7,256,256,256,True
,0,64,64,64,True
,1,1152,1152,1152,True
,2,7104,7104,7104,True
,3,16128,16128,16128,True
,4,7104,7104,7104,True
,5,1152,1152,1152,True
,6,64,64,64,True
,0,1024,1024,1024,True
,1,5120,5120,5120,True
,2,10240,10240,10240,True
,3,10240,10240,10240,True
,4,5120,5120,5120,True
,5,1024,1024,1024,True
,0,2,2,2,True
,1,2,2,2,True
,2,2,2,2,True
,3,2,2,2,True
,4,2,2,2,True
,5,2,2,2,True
,6,2,2,2,True
,7,2,2,2,True
,8,1,1,1,True
,0,2,2,2,True
,1,2,2,2,True
,2,2,2,2,True
,3,2,2,2,True
,4,2,2,2,True
,5,2,2,2,True
,6,2,2,2,True
,7,2,2,2,True
,8,1,1,1,True
,0,2,2,2,True
,1,2,2,2,True
,2,2,2,2,True
,3,2,2,2,True
,4,2,2,2,True
,5,2,2,2,True
,6,2,2,2,True
,7,2,2,2,True
,8,1,1,1,True
,0,2,2,2,True
,1,2,2,2,True
,2,2,2,2,True
,3,2,2,2,True
,4,2,2,2,True
,5,2,2,2,True
,6,2,2,2,True
,7,2,2,2,True
,8,1,1,1,True
,0,2,2,2,True
,1,2,2,2,True
,2,2,2,2,True
,3,2,2,2,True
,4,2,2,2,True
,5,2,2,2,True
,6,2,2,2,True
,7,2,2,2,True
,8,1,1,1,True
,0,2,2,2,True
,1,2,2,2,True
,2,2,2,2,True
,3,2,2,2,True
,4,2,2,2,True
,5,2,2,2,True
,6,2,2,2,True
,7,2,2,2,True
,8,1,1,1,True
,0,2,2,2,True
,1,2,2,2,True
,2,2,2,2,True
,3,2,2,2,True
,4,2,2,2,True
,5,2,2,2,True
,6,2,2,2,True
,7,2,2,2,True
,8,1,1,1,True
,0,512,512,512,True
,0,8,8,8,True
,2,96,96,96,True
,4,304,304,304,True
,6,96,96,96,True
,8,8,8,8,True
,0,8,8,8,True
,2,96,96,96,True
,4,304,304,304,True
,6,96,96,96,True
,8,8,8,8,True
,0,32,32,32,True
,2,128,128,128,True
,4,192,192,192,True
,6,128,128,128,True
,8,32,32,32,True
,0,32,32,32,True
,2,128,128,128,True
,4,192,192,192,True
,6,128,128,128,True
,8,32,32,32,True
,0,8,8,8,True
,2,96,96,96,True
,4,304,304,304,True
,6,96,96,96,True
,8,8,8,8,True
,0,8,8,8,True
,1,20,20,20,True
,2,20,20,20,True
,3,22,22,22,True
,4,40,40,40,True
,5,40,40,40,True
,6,24,24,24,True
,7,30,30,30,True
,8,30,30,30,True
,9,9,9,9,True
,0,32,32,32,True
,1,48,48,48,True
,2,24,24,24,True
,3,36,36,36,True
,4,48,48,48,True
,5,24,24,24,True
,6,12,12,12,True
,7,12,12,12,True
,8,6,6,6,True
,9,1,1,1,True
,0,8,8,8,True
,1,20,20,20,True
,2,20,20,20,True
,3,22,22,22,True
,4,40,40,40,True
,5,40,40,40,True
,6,24,24,24,True
,7,30,30,30,True
,8,30,30,30,True
,9,9,9,9,True
,0,8,8,8,True
,1,20,20,20,True
,2,20,20,20,True
,3,22,22,22,True
,4,40,40,40,True
,5,40,40,40,True
,6,24,24,24,True
,7,30,30,30,True
,8,30,30,30,True
,9,9,9,9,True
,0,32,32,32,True
,1,48,48,48,True
,2,24,24,24,True
,3,36,36,36,True
,4,48,48,48,True
,5,24,24,24,True
,6,12,12,12,True
,7,12,12,12,True
,8,6,6,6,True
,9,1,1,1,True
,0,4,4,4,True
,9,4,4,4,True
,0,8,8,8,True
,0,8,8,8,True
,0,4,4,4,True
,9,4,4,4,True
,0,4,4,4,True
,9,4,4,4,True
,0,8,8,8,True
,0,8,8,8,True
,0,8,8,8,True
,1,40,40,40,True
,2,116,116,116,True
,3,256,256,256,True
,4,440,440,440,True
,5,592,592,592,True
,6,640,640,640,True
,7,544,544,544,True
,8,334,334,334,True
,9,130,130,130,True
,10,25,25,25,True
,0,4,4,4,True
,1,20,20,20,True
,2,58,58,58,True
,3,128,128,128,True
,4,464,464,464,True
,5,788,788,788,True
,6,822,822,822,True
,7,544,544,544,True
,8,234,234,234,True
,9,58,58,58,True
,10,5,5,5,True
,0,4,4,4,True
,1,20,20,20,True
,2,58,58,58,True
,3,128,128,128,True
,4,464,464,464,True
,5,788,788,788,True
,6,822,822,822,True
,7,544,544,544,True
,8,234,234,234,True
,9,58,58,58,True
,10,5,5,5,True
,0,32,32,32,True
,1,160,160,160,True
,2,400,400,400,True
,3,640,640,640,True
,4,720,720,720,True
,5,592,592,592,True
,6,360,360,360,True
,7,160,160,160,True
,8,50,50,50,True
,9,10,10,10,True
,10,1,1,1,True
,0,4,4,4,True
,1,20,20,20,True
,2,58,58,58,True
,3,128,128,128,True
,4,464,464,464,True
,5,788,788,788,True
,6,822,822,822,True
,7,544,544,544,True
,8,234,234,234,True
,9,58,58,58,True
,10,5,5,5,True
,0,4,4,4,True
,1,20,20,20,True
,2,58,58,58,True
,3,128,128,128,True
,4,464,464,464,True
,5,788,788,788,True
,6,822,822,822,True
,7,544,544,544,True
,8,234,234,234,True
,9,58,58,58,True
,10,5,5,5,True
,0,32,32,32,True
,1,32,32,32,True
,3,96,96,96,True
,4,96,96,96,True
,6,96,96,96,True
,7,96,96,96,True
,9,32,32,32,True
,10,32,32,32,True
,0,64,64,64,True
,3,192,192,192,True
,6,192,192,192,True
,9,64,64,64,True
,0,32,32,32,True
,1,32,32,32,True
,3,96,96,96,True
,4,96,96,96,True
,6,96,96,96,True
,7,96,96,96,True
,9,32,32,32,True
,10,32,32,32,True
,0,32,32,32,True
,1,32,32,32,True
,3,96,96,96,True
,4,96,96,96,True
,6,96,96,96,True
,7,96,96,96,True
,9,32,32,32,True
,10,32,32,32,True
,0,64,64,64,True
,3,192,192,192,True
,6,192,192,192,True
,9,64,64,64,True
,0,4,4,4,True
,1,2,2,2,True
,5,8,8,8,True
,6,4,4,4,True
,10,6,6,6,True
,11,3,3,3,True
,0,8,8,8,True
,1,4,4,4,True
,5,8,8,8,True
,6,4,4,4,True
,10,2,2,2,True
,11,1,1,1,True
,0,8,8,8,True
,1,4,4,4,True
,5,8,8,8,True
,6,4,4,4,True
,10,2,2,2,True
,11,1,1,1,True
,0,4,4,4,True
,1,2,2,2,True
,5,8,8,8,True
,6,4,4,4,True
,10,6,6,6,True
,11,3,3,3,True
,0,4,4,4,True
,1,2,2,2,True
,5,8,8,8,True
,6,4,4,4,True
,10,6,6,6,True
,11,3,3,3,True
,0,8,8,8,True
,1,4,4,4,True
,5,8,8,8,True
,6,4,4,4,True
,10,2,2,2,True
,11,1,1,1,True
,0,8,8,8,True
,1,4,4,4,True
,5,8,8,8,True
,6,4,4,4,True
,10,2,2,2,True
,11,1,1,1,True
,0,4,4,4,True
,11,4,4,4,True
,0,4,4,4,True
,11,4,4,4,True
,0,4,4,4,True
,11,4,4,4,True
,0,4,4,4,True
,11,4,4,4,True
,0,4,4,4,True
,11,4,4,4,True
,0,4,4,4,True
,11,4,4,4,True
,0,4,4,4,True
,11,4,4,4,True
,0,4,4,4,True
,1,12,12,12,True
,2,24,24,24,True
,3,40,40,40,True
,4,58,58,58,True
,5,76,76,76,True
,6,94,94,94,True
,7,112,112,112,True
,8,112,112,112,True
,9,90,90,90,True
,10,64,64,64,True
,11,34,34,34,True
,12,9,9,9,True
,0,8,8,8,True
,1,24,24,24,True
,2,48,48,48,True
,3,80,80,80,True
,4,108,108,108,True
,5,120,120,120,True
,6,116,116,116,True
,7,96,96,96,True
,8,66,66,66,True
,9,38,38,38,True
,10,18,18,18,True
,11,6,6,6,True
,12,1,1,1,True
,0,4,4,4,True
,1,12,12,12,True
,2,24,24,24,True
,3,40,40,40,True
,4,58,58,58,True
,5,76,76,76,True
,6,94,94,94,True
,7,112,112,112,True
,8,112,112,112,True
,9,90,90,90,True
,10,64,64,64,True
,11,34,34,34,True
,12,9,9,9,True
,0,4,4,4,True
,1,12,12,12,True
,2,24,24,24,True
,3,40,40,40,True
,4,58,58,58,True
,5,76,76,76,True
,6,94,94,94,True
,7,112,112,112,True
,8,112,112,112,True
,9,90,90,90,True
,10,64,64,64,True
,11,34,34,34,True
,12,9,9,9,True
,0,8,8,8,True
,1,24,24,24,True
,2,48,48,48,True
,3,80,80,80,True
,4,108,108,108,True
,5,120,120,120,True
,6,116,116,116,True
,7,96,96,96,True
,8,66,66,66,True
,9,38,38,38,True
,10,18,18,18,True
,11,6,6,6,True
,12,1,1,1,True
,0,32,32,32,True
,1,64,64,64,True
,2,32,32,32,True
,5,64,64,64,True
,6,128,128,128,True
,7,64,64,64,True
,10,32,32,32,True
,11,64,64,64,True
,12,32,32,32,True
,0,8,8,8,True
,1,48,48,48,True
,2,8,8,8,True
,5,48,48,48,True
,6,288,288,288,True
,7,48,48,48,True
,10,8,8,8,True
,11,48,48,48,True
,12,8,8,8,True
,0,8,8,8,True
,1,48,48,48,True
,2,8,8,8,True
,5,48,48,48,True
,6,288,288,288,True
,7,48,48,48,True
,10,8,8,8,True
,11,48,48,48,True
,12,8,8,8,True
,0,512,512,512,True
,0,8,8,8,True
,1,48,48,48,True
,2,8,8,8,True
,5,48,48,48,True
,6,288,288,288,True
,7,48,48,48,True
,10,8,8,8,True
,11,48,48,48,True
,12,8,8,8,True
,0,8,8,8,True
,1,48,48,48,True
,2,8,8,8,True
,5,48,48,48,True
,6,288,288,288,True
,7,48,48,48,True
,10,8,8,8,True
,11,48,48,48,True
,12,8,8,8,True
,0,8,8,8,True
,1,4,4,4,True
,3,32,32,32,True
,4,16,16,16,True
,6,56,56,56,True
,7,28,28,28,True
,9,48,48,48,True
,10,24,24,24,True
,12,18,18,18,True
,13,9,9,9,True
,0,4,4,4,True
,1,2,2,2,True
,3,16,16,16,True
,4,8,8,8,True
,6,88,88,88,True
,7,44,44,44,True
,9,48,48,48,True
,10,24,24,24,True
,12,6,6,6,True
,13,3,3,3,True
,0,4,4,4,True
,1,2,2,2,True
,3,16,16,16,True
,4,8,8,8,True
,6,88,88,88,True
,7,44,44,44,True
,9,48,48,48,True
,10,24,24,24,True
,12,6,6,6,True
,13,3,3,3,True
,0,32,32,32,True
,1,16,16,16,True
,3,64,64,64,True
,4,32,32,32,True
,6,48,48,48,True
,7,24,24,24,True
,9,16,16,16,True
,10,8,8,8,True
,12,2,2,2,True
,13,1,1,1,True
,0,32,32,32,True
,1,16,16,16,True
,3,64,64,64,True
,4,32,32,32,True
,6,48,48,48,True
,7,24,24,24,True
,9,16,16,16,True
,10,8,8,8,True
,12,2,2,2,True
,13,1,1,1,True
,0,4,4,4,True
,1,2,2,2,True
,3,16,16,16,True
,4,8,8,8,True
,6,88,88,88,True
,7,44,44,44,True
,9,48,48,48,True
,10,24,24,24,True
,12,6,6,6,True
,13,3,3,3,True
,0,4,4,4,True
,1,2,2,2,True
,3,16,16,16,True
,4,8,8,8,True
,6,88,88,88,True
,7,44,44,44,True
,9,48,48,48,True
,10,24,24,24,True
,12,6,6,6,True
,13,3,3,3,True
,0,16,16,16,True
,1,16,16,16,True
,3,16,16,16,True
,4,16,16,16,True
,9,16,16,16,True
,10,16,16,16,True
,12,16,16,16,True
,13,16,16,16,True
,0,128,128,128,True
,0,16,16,16,True
,1,16,16,16,True
,3,16,16,16,True
,4,16,16,16,True
,9,16,16,16,True
,10,16,16,16,True
,12,16,16,16,True
,13,16,16,16,True
,0,16,16,16,True
,1,16,16,16,True
,3,16,16,16,True
,4,16,16,16,True
,9,16,16,16,True
,10,16,16,16,True
,12,16,16,16,True
,13,16,16,16,True
,0,128,128,128,True
,0,4,4,4,True
,1,4,4,4,True
,2,2,2,2,True
,3,8,8,8,True
,4,8,8,8,True
,5,4,4,4,True
,6,12,12,12,True
,7,12,12,12,True
,8,6,6,6,True
,9,16,16,16,True
,10,16,16,16,True
,11,8,8,8,True
,12,10,10,10,True
,13,10,10,10,True
,14,5,5,5,True
,0,4,4,4,True
,1,4,4,4,True
,2,2,2,2,True
,3,8,8,8,True
,4,8,8,8,True
,5,4,4,4,True
,6,12,12,12,True
,7,12,12,12,True
,8,6,6,6,True
,9,16,16,16,True
,10,16,16,16,True
,11,8,8,8,True
,12,10,10,10,True
,13,10,10,10,True
,14,5,5,5,True
,0,4,4,4,True
,1,4,4,4,True
,2,2,2,2,True
,3,8,8,8,True
,4,8,8,8,True
,5,4,4,4,True
,6,12,12,12,True
,7,12,12,12,True
,8,6,6,6,True
,9,16,16,16,True
,10,16,16,16,True
,11,8,8,8,True
,12,10,10,10,True
,13,10,10,10,True
,14,5,5,5,True
,0,4,4,4,True
,1,4,4,4,True
,2,2,2,2,True
,3,8,8,8,True
,4,8,8,8,True
,5,4,4,4,True
,6,12,12,12,True
,7,12,12,12,True
,8,6,6,6,True
,9,16,16,16,True
,10,16,16,16,True
,11,8,8,8,True
,12,10,10,10,True
,13,10,10,10,True
,14,5,5,5,True
,0,4,4,4,True
,1,4,4,4,True
,2,2,2,2,True
,3,8,8,8,True
,4,8,8,8,True
,5,4,4,4,True
,6,12,12,12,True
,7,12,12,12,True
,8,6,6,6,True
,9,16,16,16,True
,10,16,16,16,True
,11,8,8,8,True
,12,10,10,10,True
,13,10,10,10,True
,14,5,5,5,True
,0,4,4,4,True
,1,4,4,4,True
,2,2,2,2,True
,3,8,8,8,True
,4,8,8,8,True
,5,4,4,4,True
,6,12,12,12,True
,7,12,12,12,True
,8,6,6,6,True
,9,16,16,16,True
,10,16,16,16,True
,11,8,8,8,True
,12,10,10,10,True
,13,10,10,10,True
,14,5,5,5,True
,0,4,4,4,True
,1,4,4,4,True
,2,2,2,2,True
,3,8,8,8,True
,4,8,8,8,True
,5,4,4,4,True
,6,12,12,12,True
,7,12,12,12,True
,8,6,6,6,True
,9,16,16,16,True
,10,16,16,16,True
,11,8,8,8,True
,12,10,10,10,True
,13,10,10,10,True
,14,5,5,5,True
,0,8,8,8,True
,7,16,16,16,True
,14,8,8,8,True
,0,4,4,4,True
,7,24,24,24,True
,14,4,4,4,True
,0,4,4,4,True
,7,24,24,24,True
,14,4,4,4,True
,0,32,32,32,True
,0,32,32,32,True
,0,4,4,4,True
,7,24,24,24,True
,14,4,4,4,True
,0,4,4,4,True
,7,24,24,24,True
,14,4,4,4,True
,0,16,16,16,True
,5,48,48,48,True
,10,48,48,48,True
,15,16,16,16,True
,0,16,16,16,True
,5,48,48,48,True
,10,48,48,48,True
,15,16,16,16,True
,0,16,16,16,True
,5,48,48,48,True
,10,48,48,48,True
,15,16,16,16,True
,0,16,16,16,True
,5,48,48,48,True
,10,48,48,48,True
,15,16,16,16,True
,0,16,16,16,True
,5,48,48,48,True
,10,48,48,48,True
,15,16,16,16,True
,0,16,16,16,True
,5,48,48,48,True
,10,48,48,48,True
,15,16,16,16,True
,0,16,16,16,True
,5,48,48,48,True
,10,48,48,48,True
,15,16,16,16,True
,0,2,2,2,True
,1,2,2,2,True
,2,2,2,2,True
,3,2,2,2,True
,4,2,2,2,True
,5,2,2,2,True
,6,2,2,2,True
,7,2,2,2,True
,8,2,2,2,True
,9,2,2,2,True
,10,2,2,2,True
,11,2,2,2,True
,12,2,2,2,True
,13,2,2,2,True
,14,2,2,2,True
,15,2,2,2,True
,16,1,1,1,True
,0,2,2,2,True
,1,2,2,2,True
,2,2,2,2,True
,3,2,2,2,True
,4,2,2,2,True
,5,2,2,2,True
,6,2,2,2,True
,7,2,2,2,True
,8,2,2,2,True
,9,2,2,2,True
,10,2,2,2,True
,11,2,2,2,True
,12,2,2,2,True
,13,2,2,2,True
,14,2,2,2,True
,15,2,2,2,True
,16,1,1,1,True
,0,2,2,2,True
,1,2,2,2,True
,2,2,2,2,True
,3,2,2,2,True
,4,2,2,2,True
,5,2,2,2,True
,6,2,2,2,True
,7,2,2,2,True
,8,2,2,2,True
,9,2,2,2,True
,10,2,2,2,True
,11,2,2,2,True
,12,2,2,2,True
,13,2,2,2,True
,14,2,2,2,True
,15,2,2,2,True
,16,1,1,1,True
,0,2,2,2,True
,1,2,2,2,True
,2,2,2,2,True
,3,2,2,2,True
,4,2,2,2,True
,5,2,2,2,True
,6,2,2,2,True
,7,2,2,2,True
,8,2,2,2,True
,9,2,2,2,True
,10,2,2,2,True
,11,2,2,2,True
,12,2,2,2,True
,13,2,2,2,True
,14,2,2,2,True
,15,2,2,2,True
,16,1,1,1,True
,0,2,2,2,True
,1,2,2,2,True
,2,2,2,2,True
,3,2,2,2,True
,4,2,2,2,True
,5,2,2,2,True
,6,2,2,2,True
,7,2,2,2,True
,8,2,2,2,True
,9,2,2,2,True
,10,2,2,2,True
,11,2,2,2,True
,12,2,2,2,True
,13,2,2,2,True
,14,2,2,2,True
,15,2,2,2,True
,16,1,1,1,True
,0,2,2,2,True
,1,2,2,2,True
,2,2,2,2,True
,3,2,2,2,True
,4,2,2,2,True
,5,2,2,2,True
,6,2,2,2,True
,7,2,2,2,True
,8,2,2,2,True
,9,2,2,2,True
,10,2,2,2,True
,11,2,2,2,True
,12,2,2,2,True
,13,2,2,2,True
,14,2,2,2,True
,15,2,2,2,True
,16,1,1,1,True
,0,2,2,2,True
,1,2,2,2,True
,2,2,2,2,True
,3,2,2,2,True
,4,2,2,2,True
,5,2,2,2,True
,6,2,2,2,True
,7,2,2,2,True
,8,2,2,2,True
,9,2,2,2,True
,10,2,2,2,True
,11,2,2,2,True
,12,2,2,2,True
,13,2,2,2,True
,14,2,2,2,True
,15,2,2,2,True
,16,1,1,1,True
,0,32,32,32,True
,1,32,32,32,True
,5,96,96,96,True
,6,96,96,96,True
,10,96,96,96,True
,11,96,96,96,True
,15,32,32,32,True
,16,32,32,32,True
,0,512,512,512,True
,0,32,32,32,True
,1,32,32,32,True
,5,96,96,96,True
,6,96,96,96,True
,10,96,96,96,True
,11,96,96,96,True
,15,32,32,32,True
,16,32,32,32,True
,0,32,32,32,True
,1,32,32,32,True
,5,96,96,96,True
,6,96,96,96,True
,10,96,96,96,True
,11,96,96,96,True
,15,32,32,32,True
,16,32,32,32,True
,0,512,512,512,True
,0,512,512,512,True
,1,256,256,256,True
,2,2048,2048,2048,True
,3,1024,1024,1024,True
,4,3584,3584,3584,True
,5,1792,1792,1792,True
,6,3584,3584,3584,True
,7,1792,1792,1792,True
,8,2240,2240,2240,True
,9,1120,1120,1120,True
,10,896,896,896,True
,11,448,448,448,True
,12,224,224,224,True
,13,112,112,112,True
,14,32,32,32,True
,15,16,16,16,True
,16,2,2,2,True
,17,1,1,1,True
,0,8,8,8,True
,1,4,4,4,True
,2,64,64,64,True
,3,32,32,32,True
,4,480,480,480,True
,5,240,240,240,True
,6,1600,1600,1600,True
,7,800,800,800,True
,8,4664,4664,4664,True
,9,2332,2332,2332,True
,10,4320,4320,4320,True
,11,2160,2160,2160,True
,12,1680,1680,1680,True
,13,840,840,840,True
,14,288,288,288,True
,15,144,144,144,True
,16,18,18,18,True
,17,9,9,9,True
,0,8,8,8,True
,1,4,4,4,True
,2,64,64,64,True
,3,32,32,32,True
,4,480,480,480,True
,5,240,240,240,True
,6,1600,1600,1600,True
,7,800,800,800,True
,8,4664,4664,4664,True
,9,2332,2332,2332,True
,10,4320,4320,4320,True
,11,2160,2160,2160,True
,12,1680,1680,1680,True
,13,840,840,840,True
,14,288,288,288,True
,15,144,144,144,True
,16,18,18,18,True
,17,9,9,9,True
,0,32,32,32,True
,1,16,16,16,True
,2,256,256,256,True
,3,128,128,128,True
,4,960,960,960,True
,5,480,480,480,True
,6,2176,2176,2176,True
,7,1088,1088,1088,True
,8,3248,3248,3248,True
,9,1624,1624,1624,True
,10,3264,3264,3264,True
,11,1632,1632,1632,True
,12,2160,2160,2160,True
,13,1080,1080,1080,True
,14,864,864,864,True
,15,432,432,432,True
,16,162,162,162,True
,17,81,81,81,True
,0,32,32,32,True
,1,16,16,16,True
,2,256,256,256,True
,3,128,128,128,True
,4,960,960,960,True
,5,480,480,480,True
,6,2176,2176,2176,True
,7,1088,1088,1088,True
,8,3248,3248,3248,True
,9,1624,1624,1624,True
,10,3264,3264,3264,True
,11,1632,1632,1632,True
,12,2160,2160,2160,True
,13,1080,1080,1080,True
,14,864,864,864,True
,15,432,432,432,True
,16,162,162,162,True
,17,81,81,81,True
,0,8,8,8,True
,1,4,4,4,True
,2,64,64,64,True
,3,32,32,32,True
,4,480,480,480,True
,5,240,240,240,True
,6,1600,1600,1600,True
,7,800,800,800,True
,8,4664,4664,4664,True
,9,2332,2332,2332,True
,10,4320,4320,4320,True
,11,2160,2160,2160,True
,12,1680,1680,1680,True
,13,840,840,840,True
,14,288,288,288,True
,15,144,144,144,True
,16,18,18,18,True
,17,9,9,9,True
,0,8,8,8,True
,1,4,4,4,True
,2,64,64,64,True
,3,32,32,32,True
,4,480,480,480,True
,5,240,240,240,True
,6,1600,1600,1600,True
,7,800,800,800,True
,8,4664,4664,4664,True
,9,2332,2332,2332,True
,10,4320,4320,4320,True
,11,2160,2160,2160,True
,12,1680,1680,1680,True
,13,840,840,840,True
,14,288,288,288,True
,15,144,144,144,True
,16,18,18,18,True
,17,9,9,9,True
,0,256,256,256,True
,1,512,512,512,True
,2,256,256,256,True
,3,1280,1280,1280,True
,4,2560,2560,2560,True
,5,1280,1280,1280,True
,6,2560,2560,2560,True
,7,5120,5120,5120,True
,8,2560,2560,2560,True
,9,2560,2560,2560,True
,10,5120,5120,5120,True
,11,2560,2560,2560,True
,12,1280,1280,1280,True
,13,2560,2560,2560,True
,14,1280,1280,1280,True
,15,256,256,256,True
,16,512,512,512,True
,17,256,256,256,True
,0,32,32,32,True
,1,192,192,192,True
,2,32,32,32,True
,3,416,416,416,True
,4,2496,2496,2496,True
,5,416,416,416,True
,6,1600,1600,1600,True
,7,9600,9600,9600,True
,8,1600,1600,1600,True
,9,1600,1600,1600,True
,10,9600,9600,9600,True
,11,1600,1600,1600,True
,12,416,416,416,True
,13,2496,2496,2496,True
,14,416,416,416,True
,15,32,32,32,True
,16,192,192,192,True
,17,32,32,32,True
,0,32,32,32,True
,1,192,192,192,True
,2,32,32,32,True
,3,416,416,416,True
,4,2496,2496,2496,True
,5,416,416,416,True
,6,1600,1600,1600,True
,7,9600,9600,9600,True
,8,1600,1600,1600,True
,9,1600,1600,1600,True
,10,9600,9600,9600,True
,11,1600,1600,1600,True
,12,416,416,416,True
,13,2496,2496,2496,True
,14,416,416,416,True
,15,32,32,32,True
,16,192,192,192,True
,17,32,32,32,True
,0,1024,1024,1024,True
,3,5120,5120,5120,True
,6,10240,10240,10240,True
,9,10240,10240,10240,True
,12,5120,5120,5120,True
,15,1024,1024,1024,True
,0,32,32,32,True
,1,192,192,192,True
,2,32,32,32,True
,3,416,416,416,True
,4,2496,2496,2496,True
,5,416,416,416,True
,6,1600,1600,1600,True
,7,9600,9600,9600,True
,8,1600,1600,1600,True
,9,1600,1600,1600,True
,10,9600,9600,9600,True
,11,1600,1600,1600,True
,12,416,416,416,True
,13,2496,2496,2496,True
,14,416,416,416,True
,15,32,32,32,True
,16,192,192,192,True
,17,32,32,32,True
,0,32,32,32,True
,1,192,192,192,True
,2,32,32,32,True
,3,416,416,416,True
,4,2496,2496,2496,True
,5,416,416,416,True
,6,1600,1600,1600,True
,7,9600,9600,9600,True
,8,1600,1600,1600,True
,9,1600,1600,1600,True
,10,9600,9600,9600,True
,11,1600,1600,1600,True
,12,416,416,416,True
,13,2496,2496,2496,True
,14,416,416,416,True
,15,32,32,32,True
,16,192,192,192,True
,17,32,32,32,True
,0,8,8,8,True
,1,24,24,24,True
,2,44,44,44,True
,3,80,80,80,True
,4,112,112,112,True
,5,124,124,124,True
,6,162,162,162,True
,7,200,200,200,True
,8,204,204,204,True
,9,244,244,244,True
,10,288,288,288,True
,11,284,284,284,True
,12,306,306,306,True
,13,316,316,316,True
,14,254,254,254,True
,15,200,200,200,True
,16,160,160,160,True
,17,90,90,90,True
,18,25,25,25,True
,0,32,32,32,True
,1,96,96,96,True
,2,144,144,144,True
,3,192,192,192,True
,4,264,264,264,True
,5,312,312,312,True
,6,324,324,324,True
,7,336,336,336,True
,8,336,336,336,True
,9,296,296,296,True
,10,240,240,240,True
,11,192,192,192,True
,12,144,144,144,True
,13,96,96,96,True
,14,60,60,60,True
,15,36,36,36,True
,16,18,18,18,True
,17,6,6,6,True
,18,1,1,1,True
,0,8,8,8,True
,1,24,24,24,True
,2,44,44,44,True
,3,80,80,80,True
,4,112,112,112,True
,5,124,124,124,True
,6,162,162,162,True
,7,200,200,200,True
,8,204,204,204,True
,9,244,244,244,True
,10,288,288,288,True
,11,284,284,284,True
,12,306,306,306,True
,13,316,316,316,True
,14,254,254,254,True
,15,200,200,200,True
,16,160,160,160,True
,17,90,90,90,True
,18,25,25,25,True
,0,8,8,8,True
,1,24,24,24,True
,2,44,44,44,True
,3,80,80,80,True
,4,112,112,112,True
,5,124,124,124,True
,6,162,162,162,True
,7,200,200,200,True
,8,204,204,204,True
,9,244,244,244,True
,10,288,288,288,True
,11,284,284,284,True
,12,306,306,306,True
,13,316,316,316,True
,14,254,254,254,True
,15,200,200,200,True
,16,160,160,160,True
,17,90,90,90,True
,18,25,25,25,True
,0,32,32,32,True
,1,96,96,96,True
,2,144,144,144,True
,3,192,192,192,True
,4,264,264,264,True
,5,312,312,312,True
,6,324,324,324,True
,7,336,336,336,True
,8,336,336,336,True
,9,296,296,296,True
,10,240,240,240,True
,11,192,192,192,True
,12,144,144,144,True
,13,96,96,96,True
,14,60,60,60,True
,15,36,36,36,True
,16,18,18,18,True
,17,6,6,6,True
,18,1,1,1,True
,0,8,8,8,True
,9,16,16,16,True
,18,8,8,8,True
,0,4,4,4,True
,9,24,24,24,True
,18,4,4,4,True
,0,4,4,4,True
,9,24,24,24,True
,18,4,4,4,True
,0,32,32,32,True
,0,32,32,32,True
,0,4,4,4,True
,9,24,24,24,True
,18,4,4,4,True
,0,4,4,4,True
,9,24,24,24,True
,18,4,4,4,True
,0,4,4,4,True
,1,2,2,2,True
,9,8,8,8,True
,10,4,4,4,True
,18,6,6,6,True
,19,3,3,3,True
,0,8,8,8,True
,1,4,4,4,True
,9,8,8,8,True
,10,4,4,4,True
,18,2,2,2,True
,19,1,1,1,True
,0,8,8,8,True
,1,4,4,4,True
,9,8,8,8,True
,10,4,4,4,True
,18,2,2,2,True
,19,1,1,1,True
,0,4,4,4,True
,1,2,2,2,True
,9,8,8,8,True
,10,4,4,4,True
,18,6,6,6,True
,19,3,3,3,True
,0,4,4,4,True
,1,2,2,2,True
,9,8,8,8,True
,10,4,4,4,True
,18,6,6,6,True
,19,3,3,3,True
,0,8,8,8,True
,1,4,4,4,True
,9,8,8,8,True
,10,4,4,4,True
,18,2,2,2,True
,19,1,1,1,True
,0,8,8,8,True
,1,4,4,4,True
,9,8,8,8,True
,10,4,4,4,True
,18,2,2,2,True
,19,1,1,1,True
,0,256,256,256,True
,1,256,256,256,True
,3,1536,1536,1536,True
,4,1536,1536,1536,True
,6,3840,3840,3840,True
,7,3840,3840,3840,True
,9,5120,5120,5120,True
,10,5120,5120,5120,True
,12,3840,3840,3840,True
,13,3840,3840,3840,True
,15,1536,1536,1536,True
,16,1536,1536,1536,True
,18,256,256,256,True
,19,256,256,256,True
,0,64,64,64,True
,3,1152,1152,1152,True
,6,7104,7104,7104,True
,9,16128,16128,16128,True
,12,7104,7104,7104,True
,15,1152,1152,1152,True
,18,64,64,64,True
,0,1024,1024,1024,True
,1,1024,1024,1024,True
,3,4096,4096,4096,True
,4,4096,4096,4096,True
,6,6144,6144,6144,True
,7,6144,6144,6144,True
,9,4096,4096,4096,True
,10,4096,4096,4096,True
,12,1024,1024,1024,True
,13,1024,1024,1024,True
,0,1024,1024,1024,True
,1,1024,1024,1024,True
,3,4096,4096,4096,True
,4,4096,4096,4096,True
,6,6144,6144,6144,True
,7,6144,6144,6144,True
,9,4096,4096,4096,True
,10,4096,4096,4096,True
,12,1024,1024,1024,True
,13,1024,1024,1024,True
,0,64,64,64,True
,3,1152,1152,1152,True
,6,7104,7104,7104,True
,9,16128,16128,16128,True
,12,7104,7104,7104,True
,15,1152,1152,1152,True
,18,64,64,64,True
,0,8,8,8,True
,1,40,40,40,True
,2,120,120,120,True
,3,280,280,280,True
,4,556,556,556,True
,5,984,984,984,True
,6,1600,1600,1600,True
,7,2440,2440,2440,True
,8,3468,3468,3468,True
,9,4560,4560,4560,True
,10,5576,5576,5576,True
,11,6360,6360,6360,True
,12,6776,6776,6776,True
,13,6752,6752,6752,True
,14,6252,6252,6252,True
,15,5240,5240,5240,True
,16,3842,3842,3842,True
,17,2418,2418,2418,True
,18,1246,1246,1246,True
,19,450,450,450,True
,20,81,81,81,True
,0,4,4,4,True
,1,20,20,20,True
,2,60,60,60,True
,3,140,140,140,True
,4,278,278,278,True
,5,492,492,492,True
,6,800,800,800,True
,7,1220,1220,1220,True
,8,2730,2730,2730,True
,9,4740,4740,4740,True
,10,6772,6772,6772,True
,11,8460,8460,8460,True
,12,9070,9070,9070,True
,13,8284,8284,8284,True
,14,6624,6624,6624,True
,15,4612,4612,4612,True
,16,2752,2752,2752,True
,17,1362,1362,1362,True
,18,506,506,506,True
,19,114,114,114,True
,20,9,9,9,True
,0,4,4,4,True
,1,20,20,20,True
,2,60,60,60,True
,3,140,140,140,True
,4,278,278,278,True
,5,492,492,492,True
,6,800,800,800,True
,7,1220,1220,1220,True
,8,2730,2730,2730,True
,9,4740,4740,4740,True
,10,6772,6772,6772,True
,11,8460,8460,8460,True
,12,9070,9070,9070,True
,13,8284,8284,8284,True
,14,6624,6624,6624,True
,15,4612,4612,4612,True
,16,2752,2752,2752,True
,17,1362,1362,1362,True
,18,506,506,506,True
,19,114,114,114,True
,20,9,9,9,True
,0,32,32,32,True
,1,160,160,160,True
,2,480,480,480,True
,3,1120,1120,1120,True
,4,2160,2160,2160,True
,5,3552,3552,3552,True
,6,5120,5120,5120,True
,7,6560,6560,6560,True
,8,7520,7520,7520,True
,9,7760,7760,7760,True
,10,7232,7232,7232,True
,11,6080,6080,6080,True
,12,4600,4600,4600,True
,13,3120,3120,3120,True
,14,1880,1880,1880,True
,15,992,992,992,True
,16,450,450,450,True
,17,170,170,170,True
,18,50,50,50,True
,19,10,10,10,True
,20,1,1,1,True
,0,4,4,4,True
,1,20,20,20,True
,2,60,60,60,True
,3,140,140,140,True
,4,278,278,278,True
,5,492,492,492,True
,6,800,800,800,True
,7,1220,1220,1220,True
,8,2730,2730,2730,True
,9,4740,4740,4740,True
,10,6772,6772,6772,True
,11,8460,8460,8460,True
,12,9070,9070,9070,True
,13,8284,8284,8284,True
,14,6624,6624,6624,True
,15,4612,4612,4612,True
,16,2752,2752,2752,True
,17,1362,1362,1362,True
,18,506,506,506,True
,19,114,114,114,True
,20,9,9,9,True
,0,4,4,4,True
,1,20,20,20,True
,2,60,60,60,True
,3,140,140,140,True
,4,278,278,278,True
,5,492,492,492,True
,6,800,800,800,True
,7,1220,1220,1220,True
,8,2730,2730,2730,True
,9,4740,4740,4740,True
,10,6772,6772,6772,True
,11,8460,8460,8460,True
,12,9070,9070,9070,True
,13,8284,8284,8284,True
,14,6624,6624,6624,True
,15,4612,4612,4612,True
,16,2752,2752,2752,True
,17,1362,1362,1362,True
,18,506,506,506,True
,19,114,114,114,True
,20,9,9,9,True
,0,32,32,32,True
,5,128,128,128,True
,10,192,192,192,True
,15,128,128,128,True
,20,32,32,32,True
,0,8,8,8,True
,5,96,96,96,True
,10,304,304,304,True
,15,96,96,96,True
,20,8,8,8,True
,0,8,8,8,True
,5,96,96,96,True
,10,304,304,304,True
,15,96,96,96,True
,20,8,8,8,True
,0,512,512,512,True
,0,512,512,512,True
,0,8,8,8,True
,5,96,96,96,True
,10,304,304,304,True
,15,96,96,96,True
,20,8,8,8,True
,0,8,8,8,True
,5,96,96,96,True
,10,304,304,304,True
,15,96,96,96,True
,20,8,8,8,True
,0,32,32,32,True
,1,80,80,80,True
,2,80,80,80,True
,3,216,216,216,True
,4,480,480,480,True
,5,480,480,480,True
,6,672,672,672,True
,7,1320,1320,1320,True
,8,1320,1320,1320,True
,9,1228,1228,1228,True
,10,2080,2080,2080,True
,11,2080,2080,2080,True
,12,1416,1416,1416,True
,13,1980,1980,1980,True
,14,1980,1980,1980,True
,15,1026,1026,1026,True
,16,1080,1080,1080,True
,17,1080,1080,1080,True
,18,432,432,432,True
,19,270,270,270,True
,20,270,270,270,True
,21,81,81,81,True
,0,64,64,64,True
,1,96,96,96,True
,2,48,48,48,True
,3,392,392,392,True
,4,576,576,576,True
,5,288,288,288,True
,6,1104,1104,1104,True
,7,1584,1584,1584,True
,8,792,792,792,True
,9,1796,1796,1796,True
,10,2496,2496,2496,True
,11,1248,1248,1248,True
,12,1792,1792,1792,True
,13,2376,2376,2376,True
,14,1188,1188,1188,True
,15,1062,1062,1062,True
,16,1296,1296,1296,True
,17,648,648,648,True
,18,324,324,324,True
,19,324,324,324,True
,20,162,162,162,True
,21,27,27,27,True
,0,32,32,32,True
,1,80,80,80,True
,2,80,80,80,True
,3,216,216,216,True
,4,480,480,480,True
,5,480,480,480,True
,6,672,672,672,True
,7,1320,1320,1320,True
,8,1320,1320,1320,True
,9,1228,1228,1228,True
,10,2080,2080,2080,True
,11,2080,2080,2080,True
,12,1416,1416,1416,True
,13,1980,1980,1980,True
,14,1980,1980,1980,True
,15,1026,1026,1026,True
,16,1080,1080,1080,True
,17,1080,1080,1080,True
,18,432,432,432,True
,19,270,270,270,True
,20,270,270,270,True
,21,81,81,81,True
,0,32,32,32,True
,1,80,80,80,True
,2,80,80,80,True
,3,216,216,216,True
,4,480,480,480,True
,5,480,480,480,True
,6,672,672,672,True
,7,1320,1320,1320,True
,8,1320,1320,1320,True
,9,1228,1228,1228,True
,10,2080,2080,2080,True
,11,2080,2080,2080,True
,12,1416,1416,1416,True
,13,1980,1980,1980,True
,14,1980,1980,1980,True
,15,1026,1026,1026,True
,16,1080,1080,1080,True
,17,1080,1080,1080,True
,18,432,432,432,True
,19,270,270,270,True
,20,270,270,270,True
,21,81,81,81,True
,0,64,64,64,True
,1,96,96,96,True
,2,48,48,48,True
,3,392,392,392,True
,4,576,576,576,True
,5,288,288,288,True
,6,1104,1104,1104,True
,7,1584,1584,1584,True
,8,792,792,792,True
,9,1796,1796,1796,True
,10,2496,2496,2496,True
,11,1248,1248,1248,True
,12,1792,1792,1792,True
,13,2376,2376,2376,True
,14,1188,1188,1188,True
,15,1062,1062,1062,True
,16,1296,1296,1296,True
,17,648,648,648,True
,18,324,324,324,True
,19,324,324,324,True
,20,162,162,162,True
,21,27,27,27,True
,0,16,16,16,True
,7,48,48,48,True
,14,48,48,48,True
,21,16,16,16,True
,0,128,128,128,True
,0,128,128,128,True
,0,16,16,16,True
,7,48,48,48,True
,14,48,48,48,True
,21,16,16,16,True
,0,16,16,16,True
,7,48,48,48,True
,14,48,48,48,True
,21,16,16,16,True
,0,128,128,128,True
,0,128,128,128,True
,0,4,4,4,True
,1,4,4,4,True
,2,2,2,2,True
,5,8,8,8,True
,6,8,8,8,True
,7,4,4,4,True
,10,12,12,12,True
,11,12,12,12,True
,12,6,6,6,True
,15,16,16,16,True
,16,16,16,16,True
,17,8,8,8,True
,20,10,10,10,True
,21,10,10,10,True
,22,5,5,5,True
,0,8,8,8,True
,1,8,8,8,True
,2,4,4,4,True
,5,16,16,16,True
,6,16,16,16,True
,7,8,8,8,True
,10,16,16,16,True
,11,16,16,16,True
,12,8,8,8,True
,15,8,8,8,True
,16,8,8,8,True
,17,4,4,4,True
,20,2,2,2,True
,21,2,2,2,True
,22,1,1,1,True
,0,8,8,8,True
,1,8,8,8,True
,2,4,4,4,True
,5,16,16,16,True
,6,16,16,16,True
,7,8,8,8,True
,10,16,16,16,True
,11,16,16,16,True
,12,8,8,8,True
,15,8,8,8,True
,16,8,8,8,True
,17,4,4,4,True
,20,2,2,2,True
,21,2,2,2,True
,22,1,1,1,True
,0,4,4,4,True
,1,4,4,4,True
,2,2,2,2,True
,5,8,8,8,True
,6,8,8,8,True
,7,4,4,4,True
,10,12,12,12,True
,11,12,12,12,True
,12,6,6,6,True
,15,16,16,16,True
,16,16,16,16,True
,17,8,8,8,True
,20,10,10,10,True
,21,10,10,10,True
,22,5,5,5,True
,0,4,4,4,True
,1,4,4,4,True
,2,2,2,2,True
,5,8,8,8,True
,6,8,8,8,True
,7,4,4,4,True
,10,12,12,12,True
,11,12,12,12,True
,12,6,6,6,True
,15,16,16,16,True
,16,16,16,16,True
,17,8,8,8,True
,20,10,10,10,True
,21,10,10,10,True
,22,5,5,5,True
,0,8,8,8,True
,1,8,8,8,True
,2,4,4,4,True
,5,16,16,16,True
,6,16,16,16,True
,7,8,8,8,True
,10,16,16,16,True
,11,16,16,16,True
,12,8,8,8,True
,15,8,8,8,True
,16,8,8,8,True
,17,4,4,4,True
,20,2,2,2,True
,21,2,2,2,True
,22,1,1,1,True
,0,8,8,8,True
,1,8,8,8,True
,2,4,4,4,True
,5,16,16,16,True
,6,16,16,16,True
,7,8,8,8,True
,10,16,16,16,True
,11,16,16,16,True
,12,8,8,8,True
,15,8,8,8,True
,16,8,8,8,True
,17,4,4,4,True
,20,2,2,2,True
,21,2,2,2,True
,22,1,1,1,True
,0,4,4,4,True
,1,2,2,2,True
,11,8,8,8,True
,12,4,4,4,True
,22,6,6,6,True
,23,3,3,3,True
,0,4,4,4,True
,1,2,2,2,True
,11,8,8,8,True
,12,4,4,4,True
,22,6,6,6,True
,23,3,3,3,True
,0,4,4,4,True
,1,2,2,2,True
,11,8,8,8,True
,12,4,4,4,True
,22,6,6,6,True
,23,3,3,3,True
,0,4,4,4,True
,1,2,2,2,True
,11,8,8,8,True
,12,4,4,4,True
,22,6,6,6,True
,23,3,3,3,True
,0,4,4,4,True
,1,2,2,2,True
,11,8,8,8,True
,12,4,4,4,True
,22,6,6,6,True
,23,3,3,3,True
,0,4,4,4,True
,1,2,2,2,True
,11,8,8,8,True
,12,4,4,4,True
,22,6,6,6,True
,23,3,3,3,True
,0,4,4,4,True
,1,2,2,2,True
,11,8,8,8,True
,12,4,4,4,True
,22,6,6,6,True
,23,3,3,3,True
,0,4,4,4,True
,23,4,4,4,True
,0,4,4,4,True
,23,4,4,4,True
,0,4,4,4,True
,23,4,4,4,True
,0,4,4,4,True
,23,4,4,4,True
,0,4,4,4,True
,23,4,4,4,True
,0,4,4,4,True
,23,4,4,4,True
,0,4,4,4,True
,23,4,4,4,True
,0,4,4,4,True
,1,12,12,12,True
,2,24,24,24,True
,3,40,40,40,True
,4,60,60,60,True
,5,84,84,84,True
,6,112,112,112,True
,7,144,144,144,True
,8,178,178,178,True
,9,212,212,212,True
,10,246,246,246,True
,11,280,280,280,True
,12,314,314,314,True
,13,348,348,348,True
,14,382,382,382,True
,15,416,416,416,True
,16,416,416,416,True
,17,378,378,378,True
,18,336,336,336,True
,19,290,290,290,True
,20,240,240,240,True
,21,186,186,186,True
,22,128,128,128,True
,23,66,66,66,True
,24,17,17,17,True
,0,8,8,8,True
,1,24,24,24,True
,2,48,48,48,True
,3,80,80,80,True
,4,120,120,120,True
,5,168,168,168,True
,6,224,224,224,True
,7,288,288,288,True
,8,348,348,348,True
,9,392,392,392,True
,10,420,420,420,True
,11,432,432,432,True
,12,428,428,428,True
,13,408,408,408,True
,14,372,372,372,True
,15,320,320,320,True
,16,258,258,258,True
,17,198,198,198,True
,18,146,146,146,True
,19,102,102,102,True
,20,66,66,66,True
,21,38,38,38,True
,22,18,18,18,True
,23,6,6,6,True
,24,1,1,1,True
,0,4,4,4,True
,1,12,12,12,True
,2,24,24,24,True
,3,40,40,40,True
,4,60,60,60,True
,5,84,84,84,True
,6,112,112,112,True
,7,144,144,144,True
,8,178,178,178,True
,9,212,212,212,True
,10,246,246,246,True
,11,280,280,280,True
,12,314,314,314,True
,13,348,348,348,True
,14,382,382,382,True
,15,416,416,416,True
,16,416,416,416,True
,17,378,378,378,True
,18,336,336,336,True
,19,290,290,290,True
,20,240,240,240,True
,21,186,186,186,True
,22,128,128,128,True
,23,66,66,66,True
,24,17,17,17,True
,0,4,4,4,True
,1,12,12,12,True
,2,24,24,24,True
,3,40,40,40,True
,4,60,60,60,True
,5,84,84,84,True
,6,112,112,112,True
,7,144,144,144,True
,8,178,178,178,True
,9,212,212,212,True
,10,246,246,246,True
,11,280,280,280,True
,12,314,314,314,True
,13,348,348,348,True
,14,382,382,382,True
,15,416,416,416,True
,16,416,416,416,True
,17,378,378,378,True
,18,336,336,336,True
,19,290,290,290,True
,20,240,240,240,True
,21,186,186,186,True
,22,128,128,128,True
,23,66,66,66,True
,24,17,17,17,True
,0,8,8,8,True
,1,24,24,24,True
,2,48,48,48,True
,3,80,80,80,True
,4,120,120,120,True
,5,168,168,168,True
,6,224,224,224,True
,7,288,288,288,True
,8,348,348,348,True
,9,392,392,392,True
,10,420,420,420,True
,11,432,432,432,True
,12,428,428,428,True
,13,408,408,408,True
,14,372,372,372,True
,15,320,320,320,True
,16,258,258,258,True
,17,198,198,198,True
,18,146,146,146,True
,19,102,102,102,True
,20,66,66,66,True
,21,38,38,38,True
,22,18,18,18,True
,23,6,6,6,True
,24,1,1,1,True
,0,8,8,8,True
,3,8,8,8,True
,21,8,8,8,True
,24,8,8,8,True
,0,8,8,8,True
,3,8,8,8,True
,21,8,8,8,True
,24,8,8,8,True
,0,8,8,8,True
,3,8,8,8,True
,21,8,8,8,True
,24,8,8,8,True
,0,8,8,8,True
,3,8,8,8,True
,21,8,8,8,True
,24,8,8,8,True
,0,8,8,8,True
,3,8,8,8,True
,21,8,8,8,True
,24,8,8,8,True
,0,8,8,8,True
,3,8,8,8,True
,21,8,8,8,True
,24,8,8,8,True
,0,8,8,8,True
,3,8,8,8,True
,21,8,8,8,True
,24,8,8,8,True
,0,32,32,32,True
,1,144,144,144,True
,2,288,288,288,True
,3,304,304,304,True
,4,168,168,168,True
,5,164,164,164,True
,6,576,576,576,True
,7,1152,1152,1152,True
,8,1216,1216,1216,True
,9,672,672,672,True
,10,368,368,368,True
,11,1008,1008,1008,True
,12,2016,2016,2016,True
,13,2128,2128,2128,True
,14,1176,1176,1176,True
,15,444,444,444,True
,16,864,864,864,True
,17,1728,1728,1728,True
,18,1824,1824,1824,True
,19,1008,1008,1008,True
,20,288,288,288,True
,21,324,324,324,True
,22,648,648,648,True
,23,684,684,684,True
,24,378,378,378,True
,25,81,81,81,True
,0,8,8,8,True
,1,36,36,36,True
,2,192,192,192,True
,3,184,184,184,True
,4,60,60,60,True
,5,38,38,38,True
,6,144,144,144,True
,7,768,768,768,True
,8,736,736,736,True
,9,240,240,240,True
,10,200,200,200,True
,11,792,792,792,True
,12,4224,4224,4224,True
,13,4048,4048,4048,True
,14,1320,1320,1320,True
,15,228,228,228,True
,16,432,432,432,True
,17,2304,2304,2304,True
,18,2208,2208,2208,True
,19,720,720,720,True
,20,84,84,84,True
,21,54,54,54,True
,22,288,288,288,True
,23,276,276,276,True
,24,90,90,90,True
,25,9,9,9,True
,0,8,8,8,True
,1,36,36,36,True
,2,192,192,192,True
,3,184,184,184,True
,4,60,60,60,True
,5,38,38,38,True
,6,144,144,144,True
,7,768,768,768,True
,8,736,736,736,True
,9,240,240,240,True
,10,200,200,200,True
,11,792,792,792,True
,12,4224,4224,4224,True
,13,4048,4048,4048,True
,14,1320,1320,1320,True
,15,228,228,228,True
,16,432,432,432,True
,17,2304,2304,2304,True
,18,2208,2208,2208,True
,19,720,720,720,True
,20,84,84,84,True
,21,54,54,54,True
,22,288,288,288,True
,23,276,276,276,True
,24,90,90,90,True
,25,9,9,9,True
,0,512,512,512,True
,1,1280,1280,1280,True
,2,1280,1280,1280,True
,3,640,640,640,True
,4,160,160,160,True
,5,1040,1040,1040,True
,6,2560,2560,2560,True
,7,2560,2560,2560,True
,8,1280,1280,1280,True
,9,320,320,320,True
,10,800,800,800,True
,11,1920,1920,1920,True
,12,1920,1920,1920,True
,13,960,960,960,True
,14,240,240,240,True
,15,280,280,280,True
,16,640,640,640,True
,17,640,640,640,True
,18,320,320,320,True
,19,80,80,80,True
,20,40,40,40,True
,21,80,80,80,True
,22,80,80,80,True
,23,40,40,40,True
,24,10,10,10,True
,25,1,1,1,True
,0,8,8,8,True
,1,36,36,36,True
,2,192,192,192,True
,3,184,184,184,True
,4,60,60,60,True
,5,38,38,38,True
,6,144,144,144,True
,7,768,768,768,True
,8,736,736,736,True
,9,240,240,240,True
,10,200,200,200,True
,11,792,792,792,True
,12,4224,4224,4224,True
,13,4048,4048,4048,True
,14,1320,1320,1320,True
,15,228,228,228,True
,16,432,432,432,True
,17,2304,2304,2304,True
,18,2208,2208,2208,True
,19,720,720,720,True
,20,84,84,84,True
,21,54,54,54,True
,22,288,288,288,True
,23,276,276,276,True
,24,90,90,90,True
,25,9,9,9,True
,0,8,8,8,True
,1,36,36,36,True
,2,192,192,192,True
,3,184,184,184,True
,4,60,60,60,True
,5,38,38,38,True
,6,144,144,144,True
,7,768,768,768,True
,8,736,736,736,True
,9,240,240,240,True
,10,200,200,200,True
,11,792,792,792,True
,12,4224,4224,4224,True
,13,4048,4048,4048,True
,14,1320,1320,1320,True
,15,228,228,228,True
,16,432,432,432,True
,17,2304,2304,2304,True
,18,2208,2208,2208,True
,19,720,720,720,True
,20,84,84,84,True
,21,54,54,54,True
,22,288,288,288,True
,23,276,276,276,True
,24,90,90,90,True
,25,9,9,9,True
,0,8,8,8,True
,1,8,8,8,True
,2,4,4,4,True
,3,32,32,32,True
,4,32,32,32,True
,5,16,16,16,True
,6,80,80,80,True
,7,80,80,80,True
,8,40,40,40,True
,9,160,160,160,True
,10,160,160,160,True
,11,80,80,80,True
,12,240,240,240,True
,13,240,240,240,True
,14,120,120,120,True
,15,272,272,272,True
,16,272,272,272,True
,17,136,136,136,True
,18,248,248,248,True
,19,248,248,248,True
,20,124,124,124,True
,21,160,160,160,True
,22,160,160,160,True
,23,80,80,80,True
,24,50,50,50,True
,25,50,50,50,True
,26,25,25,25,True
,0,4,4,4,True
,1,4,4,4,True
,2,2,2,2,True
,3,16,16,16,True
,4,16,16,16,True
,5,8,8,8,True
,6,40,40,40,True
,7,40,40,40,True
,8,20,20,20,True
,9,80,80,80,True
,10,80,80,80,True
,11,40,40,40,True
,12,364,364,364,True
,13,364,364,364,True
,14,182,182,182,True
,15,384,384,384,True
,16,384,384,384,True
,17,192,192,192,True
,18,256,256,256,True
,19,256,256,256,True
,20,128,128,128,True
,21,96,96,96,True
,22,96,96,96,True
,23,48,48,48,True
,24,10,10,10,True
,25,10,10,10,True
,26,5,5,5,True
,0,4,4,4,True
,1,4,4,4,True
,2,2,2,2,True
,3,16,16,16,True
,4,16,16,16,True
,5,8,8,8,True
,6,40,40,40,True
,7,40,40,40,True
,8,20,20,20,True
,9,80,80,80,True
,10,80,80,80,True
,11,40,40,40,True
,12,364,364,364,True
,13,364,364,364,True
,14,182,182,182,True
,15,384,384,384,True
,16,384,384,384,True
,17,192,192,192,True
,18,256,256,256,True
,19,256,256,256,True
,20,128,128,128,True
,21,96,96,96,True
,22,96,96,96,True
,23,48,48,48,True
,24,10,10,10,True
,25,10,10,10,True
,26,5,5,5,True
,0,32,32,32,True
,1,32,32,32,True
,2,16,16,16,True
,3,128,128,128,True
,4,128,128,128,True
,5,64,64,64,True
,6,256,256,256,True
,7,256,256,256,True
,8,128,128,128,True
,9,320,320,320,True
,10,320,320,320,True
,11,160,160,160,True
,12,272,272,272,True
,13,272,272,272,True
,14,136,136,136,True
,15,160,160,160,True
,16,160,160,160,True
,17,80,80,80,True
,18,64,64,64,True
,19,64,64,64,True
,20,32,32,32,True
,21,16,16,16,True
,22,16,16,16,True
,23,8,8,8,True
,24,2,2,2,True
,25,2,2,2,True
,26,1,1,1,True
,0,32,32,32,True
,1,32,32,32,True
,2,16,16,16,True
,3,128,128,128,True
,4,128,128,128,True
,5,64,64,64,True
,6,256,256,256,True
,7,256,256,256,True
,8,128,128,128,True
,9,320,320,320,True
,10,320,320,320,True
,11,160,160,160,True
,12,272,272,272,True
,13,272,272,272,True
,14,136,136,136,True
,15,160,160,160,True
,16,160,160,160,True
,17,80,80,80,True
,18,64,64,64,True
,19,64,64,64,True
,20,32,32,32,True
,21,16,16,16,True
,22,16,16,16,True
,23,8,8,8,True
,24,2,2,2,True
,25,2,2,2,True
,26,1,1,1,True
,0,4,4,4,True
,1,4,4,4,True
,2,2,2,2,True
,3,16,16,16,True
,4,16,16,16,True
,5,8,8,8,True
,6,40,40,40,True
,7,40,40,40,True
,8,20,20,20,True
,9,80,80,80,True
,10,80,80,80,True
,11,40,40,40,True
,12,364,364,364,True
,13,364,364,364,True
,14,182,182,182,True
,15,384,384,384,True
,16,384,384,384,True
,17,192,192,192,True
,18,256,256,256,True
,19,256,256,256,True
,20,128,128,128,True
,21,96,96,96,True
,22,96,96,96,True
,23,48,48,48,True
,24,10,10,10,True
,25,10,10,10,True
,26,5,5,5,True
,0,4,4,4,True
,1,4,4,4,True
,2,2,2,2,True
,3,16,16,16,True
,4,16,16,16,True
,5,8,8,8,True
,6,40,40,40,True
,7,40,40,40,True
,8,20,20,20,True
,9,80,80,80,True
,10,80,80,80,True
,11,40,40,40,True
,12,364,364,364,True
,13,364,364,364,True
,14,182,182,182,True
,15,384,384,384,True
,16,384,384,384,True
,17,192,192,192,True
,18,256,256,256,True
,19,256,256,256,True
,20,128,128,128,True
,21,96,96,96,True
,22,96,96,96,True
,23,48,48,48,True
,24,10,10,10,True
,25,10,10,10,True
,26,5,5,5,True
,0,8,8,8,True
,13,16,16,16,True
,26,8,8,8,True
,0,4,4,4,True
,13,24,24,24,True
,26,4,4,4,True
,0,4,4,4,True
,13,24,24,24,True
,26,4,4,4,True
,0,32,32,32,True
,0,32,32,32,True
,0,4,4,4,True
,13,24,24,24,True
,26,4,4,4,True
,0,4,4,4,True
,13,24,24,24,True
,26,4,4,4,True
,0,16,16,16,True
,1,40,40,40,True
,2,40,40,40,True
,3,44,44,44,True
,4,80,80,80,True
,5,80,80,80,True
,6,48,48,48,True
,7,60,60,60,True
,8,60,60,60,True
,9,50,50,50,True
,10,80,80,80,True
,11,80,80,80,True
,12,88,88,88,True
,13,160,160,160,True
,14,160,160,160,True
,15,96,96,96,True
,16,120,120,120,True
,17,120,120,120,True
,18,60,60,60,True
,19,60,60,60,True
,20,60,60,60,True
,21,66,66,66,True
,22,120,120,120,True
,23,120,120,120,True
,24,72,72,72,True
,25,90,90,90,True
,26,90,90,90,True
,27,27,27,27,True
,0,128,128,128,True
,1,192,192,192,True
,2,96,96,96,True
,3,144,144,144,True
,4,192,192,192,True
,5,96,96,96,True
,6,48,48,48,True
,7,48,48,48,True
,8,24,24,24,True
,9,132,132,132,True
,10,192,192,192,True
,11,96,96,96,True
,12,144,144,144,True
,13,192,192,192,True
,14,96,96,96,True
,15,48,48,48,True
,16,48,48,48,True
,17,24,24,24,True
,18,36,36,36,True
,19,48,48,48,True
,20,24,24,24,True
,21,36,36,36,True
,22,48,48,48,True
,23,24,24,24,True
,24,12,12,12,True
,25,12,12,12,True
,26,6,6,6,True
,27,1,1,1,True
,0,16,16,16,True
,1,40,40,40,True
,2,40,40,40,True
,3,44,44,44,True
,4,80,80,80,True
,5,80,80,80,True
,6,48,48,48,True
,7,60,60,60,True
,8,60,60,60,True
,9,50,50,50,True
,10,80,80,80,True
,11,80,80,80,True
,12,88,88,88,True
,13,160,160,160,True
,14,160,160,160,True
,15,96,96,96,True
,16,120,120,120,True
,17,120,120,120,True
,18,60,60,60,True
,19,60,60,60,True
,20,60,60,60,True
,21,66,66,66,True
,22,120,120,120,True
,23,120,120,120,True
,24,72,72,72,True
,25,90,90,90,True
,26,90,90,90,True
,27,27,27,27,True
,0,16,16,16,True
,1,40,40,40,True
,2,40,40,40,True
,3,44,44,44,True
,4,80,80,80,True
,5,80,80,80,True
,6,48,48,48,True
,7,60,60,60,True
,8,60,60,60,True
,9,50,50,50,True
,10,80,80,80,True
,11,80,80,80,True
,12,88,88,88,True
,13,160,160,160,True
,14,160,160,160,True
,15,96,96,96,True
,16,120,120,120,True
,17,120,120,120,True
,18,60,60,60,True
,19,60,60,60,True
,20,60,60,60,True
,21,66,66,66,True
,22,120,120,120,True
,23,120,120,120,True
,24,72,72,72,True
,25,90,90,90,True
,26,90,90,90,True
,27,27,27,27,True
,0,128,128,128,True
,1,192,192,192,True
,2,96,96,96,True
,3,144,144,144,True
,4,192,192,192,True
,5,96,96,96,True
,6,48,48,48,True
,7,48,48,48,True
,8,24,24,24,True
,9,132,132,132,True
,10,192,192,192,True
,11,96,96,96,True
,12,144,144,144,True
,13,192,192,192,True
,14,96,96,96,True
,15,48,48,48,True
,16,48,48,48,True
,17,24,24,24,True
,18,36,36,36,True
,19,48,48,48,True
,20,24,24,24,True
,21,36,36,36,True
,22,48,48,48,True
,23,24,24,24,True
,24,12,12,12,True
,25,12,12,12,True
,26,6,6,6,True
,27,1,1,1,True
,0,256,256,256,True
,1,512,512,512,True
,2,256,256,256,True
,5,1280,1280,1280,True
,6,2560,2560,2560,True
,7,1280,1280,1280,True
,10,2560,2560,2560,True
,11,5120,5120,5120,True
,12,2560,2560,2560,True
,15,2560,2560,2560,True
,16,5120,5120,5120,True
,17,2560,2560,2560,True
,20,1280,1280,1280,True
,21,2560,2560,2560,True
,22,1280,1280,1280,True
,25,256,256,256,True
,26,512,512,512,True
,27,256,256,256,True
,0,64,64,64,True
,1,384,384,384,True
,2,64,64,64,True
,5,768,768,768,True
,6,4608,4608,4608,True
,7,768,768,768,True
,10,2432,2432,2432,True
,11,14592,14592,14592,True
,12,2432,2432,2432,True
,15,768,768,768,True
,16,4608,4608,4608,True
,17,768,768,768,True
,20,64,64,64,True
,21,384,384,384,True
,22,64,64,64,True
,0,64,64,64,True
,1,384,384,384,True
,2,64,64,64,True
,5,768,768,768,True
,6,4608,4608,4608,True
,7,768,768,768,True
,10,2432,2432,2432,True
,11,14592,14592,14592,True
,12,2432,2432,2432,True
,15,768,768,768,True
,16,4608,4608,4608,True
,17,768,768,768,True
,20,64,64,64,True
,21,384,384,384,True
,22,64,64,64,True
,0,1024,1024,1024,True
,5,5120,5120,5120,True
,10,10240,10240,10240,True
,15,10240,10240,10240,True
,20,5120,5120,5120,True
,25,1024,1024,1024,True
,0,64,64,64,True
,1,384,384,384,True
,2,64,64,64,True
,5,768,768,768,True
,6,4608,4608,4608,True
,7,768,768,768,True
,10,2432,2432,2432,True
,11,14592,14592,14592,True
,12,2432,2432,2432,True
,15,768,768,768,True
,16,4608,4608,4608,True
,17,768,768,768,True
,20,64,64,64,True
,21,384,384,384,True
,22,64,64,64,True
,0,64,64,64,True
,1,384,384,384,True
,2,64,64,64,True
,5,768,768,768,True
,6,4608,4608,4608,True
,7,768,768,768,True
,10,2432,2432,2432,True
,11,14592,14592,14592,True
,12,2432,2432,2432,True
,15,768,768,768,True
,16,4608,4608,4608,True
,17,768,768,768,True
,20,64,64,64,True
,21,384,384,384,True
,22,64,64,64,True
,0,4,4,4,True
,1,4,4,4,True
,2,4,4,4,True
,3,12,12,12,True
,4,10,10,10,True
,5,8,8,8,True
,6,20,20,20,True
,7,16,16,16,True
,8,12,12,12,True
,9,28,28,28,True
,10,22,22,22,True
,11,16,16,16,True
,12,36,36,36,True
,13,28,28,28,True
,14,20,20,20,True
,15,44,44,44,True
,16,34,34,34,True
,17,24,24,24,True
,18,52,52,52,True
,19,40,40,40,True
,20,28,28,28,True
,21,60,60,60,True
,22,46,46,46,True
,23,32,32,32,True
,24,50,50,50,True
,25,34,34,34,True
,26,18,18,18,True
,27,18,18,18,True
,28,9,9,9,True
,0,4,4,4,True
,1,4,4,4,True
,2,4,4,4,True
,3,12,12,12,True
,4,10,10,10,True
,5,8,8,8,True
,6,20,20,20,True
,7,16,16,16,True
,8,12,12,12,True
,9,28,28,28,True
,10,22,22,22,True
,11,16,16,16,True
,12,36,36,36,True
,13,28,28,28,True
,14,20,20,20,True
,15,44,44,44,True
,16,34,34,34,True
,17,24,24,24,True
,18,52,52,52,True
,19,40,40,40,True
,20,28,28,28,True
,21,60,60,60,True
,22,46,46,46,True
,23,32,32,32,True
,24,50,50,50,True
,25,34,34,34,True
,26,18,18,18,True
,27,18,18,18,True
,28,9,9,9,True
,0,4,4,4,True
,1,4,4,4,True
,2,4,4,4,True
,3,12,12,12,True
,4,10,10,10,True
,5,8,8,8,True
,6,20,20,20,True
,7,16,16,16,True
,8,12,12,12,True
,9,28,28,28,True
,10,22,22,22,True
,11,16,16,16,True
,12,36,36,36,True
,13,28,28,28,True
,14,20,20,20,True
,15,44,44,44,True
,16,34,34,34,True
,17,24,24,24,True
,18,52,52,52,True
,19,40,40,40,True
,20,28,28,28,True
,21,60,60,60,True
,22,46,46,46,True
,23,32,32,32,True
,24,50,50,50,True
,25,34,34,34,True
,26,18,18,18,True
,27,18,18,18,True
,28,9,9,9,True
,0,4,4,4,True
,1,4,4,4,True
,2,4,4,4,True
,3,12,12,12,True
,4,10,10,10,True
,5,8,8,8,True
,6,20,20,20,True
,7,16,16,16,True
,8,12,12,12,True
,9,28,28,28,True
,10,22,22,22,True
,11,16,16,16,True
,12,36,36,36,True
,13,28,28,28,True
,14,20,20,20,True
,15,44,44,44,True
,16,34,34,34,True
,17,24,24,24,True
,18,52,52,52,True
,19,40,40,40,True
,20,28,28,28,True
,21,60,60,60,True
,22,46,46,46,True
,23,32,32,32,True
,24,50,50,50,True
,25,34,34,34,True
,26,18,18,18,True
,27,18,18,18,True
,28,9,9,9,True
,0,4,4,4,True
,1,4,4,4,True
,2,4,4,4,True
,3,12,12,12,True
,4,10,10,10,True
,5,8,8,8,True
,6,20,20,20,True
,7,16,16,16,True
,8,12,12,12,True
,9,28,28,28,True
,10,22,22,22,True
,11,16,16,16,True
,12,36,36,36,True
,13,28,28,28,True
,14,20,20,20,True
,15,44,44,44,True
,16,34,34,34,True
,17,24,24,24,True
,18,52,52,52,True
,19,40,40,40,True
,20,28,28,28,True
,21,60,60,60,True
,22,46,46,46,True
,23,32,32,32,True
,24,50,50,50,True
,25,34,34,34,True
,26,18,18,18,True
,27,18,18,18,True
,28,9,9,9,True
,0,4,4,4,True
,1,4,4,4,True
,2,4,4,4,True
,3,12,12,12,True
,4,10,10,10,True
,5,8,8,8,True
,6,20,20,20,True
,7,16,16,16,True
,8,12,12,12,True
,9,28,28,28,True
,10,22,22,22,True
,11,16,16,16,True
,12,36,36,36,True
,13,28,28,28,True
,14,20,20,20,True
,15,44,44,44,True
,16,34,34,34,True
,17,24,24,24,True
,18,52,52,52,True
,19,40,40,40,True
,20,28,28,28,True
,21,60,60,60,True
,22,46,46,46,True
,23,32,32,32,True
,24,50,50,50,True
,25,34,34,34,True
,26,18,18,18,True
,27,18,18,18,True
,28,9,9,9,True
,0,4,4,4,True
,1,4,4,4,True
,2,4,4,4,True
,3,12,12,12,True
,4,10,10,10,True
,5,8,8,8,True
,6,20,20,20,True
,7,16,16,16,True
,8,12,12,12,True
,9,28,28,28,True
,10,22,22,22,True
,11,16,16,16,True
,12,36,36,36,True
,13,28,28,28,True
,14,20,20,20,True
,15,44,44,44,True
,16,34,34,34,True
,17,24,24,24,True
,18,52,52,52,True
,19,40,40,40,True
,20,28,28,28,True
,21,60,60,60,True
,22,46,46,46,True
,23,32,32,32,True
,24,50,50,50,True
,25,34,34,34,True
,26,18,18,18,True
,27,18,18,18,True
,28,9,9,9,True
,0,32,32,32,True
,1,32,32,32,True
,9,96,96,96,True
,10,96,96,96,True
,18,96,96,96,True
,19,96,96,96,True
,27,32,32,32,True
,28,32,32,32,True
,0,512,512,512,True
,0,32,32,32,True
,1,32,32,32,True
,9,96,96,96,True
,10,96,96,96,True
,18,96,96,96,True
,19,96,96,96,True
,27,32,32,32,True
,28,32,32,32,True
,0,32,32,32,True
,1,32,32,32,True
,9,96,96,96,True
,10,96,96,96,True
,18,96,96,96,True
,19,96,96,96,True
,27,32,32,32,True
,28,32,32,32,True
,0,512,512,512,True
,0,8,8,8,True
,1,4,4,4,True
,7,32,32,32,True
,8,16,16,16,True
,14,56,56,56,True
,15,28,28,28,True
,21,48,48,48,True
,22,24,24,24,True
,28,18,18,18,True
,29,9,9,9,True
,0,4,4,4,True
,1,2,2,2,True
,7,16,16,16,True
,8,8,8,8,True
,14,88,88,88,True
,15,44,44,44,True
,21,48,48,48,True
,22,24,24,24,True
,28,6,6,6,True
,29,3,3,3,True
,0,4,4,4,True
,1,2,2,2,True
,7,16,16,16,True
,8,8,8,8,True
,14,88,88,88,True
,15,44,44,44,True
,21,48,48,48,True
,22,24,24,24,True
,28,6,6,6,True
,29,3,3,3,True
,0,32,32,32,True
,1,16,16,16,True
,7,64,64,64,True
,8,32,32,32,True
,14,48,48,48,True
,15,24,24,24,True
,21,16,16,16,True
,22,8,8,8,True
,28,2,2,2,True
,29,1,1,1,True
,0,32,32,32,True
,1,16,16,16,True
,7,64,64,64,True
,8,32,32,32,True
,14,48,48,48,True
,15,24,24,24,True
,21,16,16,16,True
,22,8,8,8,True
,28,2,2,2,True
,29,1,1,1,True
,0,4,4,4,True
,1,2,2,2,True
,7,16,16,16,True
,8,8,8,8,True
,14,88,88,88,True
,15,44,44,44,True
,21,48,48,48,True
,22,24,24,24,True
,28,6,6,6,True
,29,3,3,3,True
,0,4,4,4,True
,1,2,2,2,True
,7,16,16,16,True
,8,8,8,8,True
,14,88,88,88,True
,15,44,44,44,True
,21,48,48,48,True
,22,24,24,24,True
,28,6,6,6,True
,29,3,3,3,True
,0,4,4,4,True
,29,4,4,4,True
,0,8,8,8,True
,0,8,8,8,True
,0,4,4,4,True
,29,4,4,4,True
,0,4,4,4,True
,29,4,4,4,True
,0,8,8,8,True
,0,8,8,8,True
,0,2,2,2,True
,0,2,2,2,True
,0,2,2,2,True
,0,2,2,2,True
,0,2,2,2,True
,0,2,2,2,True
,0,4,4,4,True
,0,4,4,4,True
,0,4,4,4,True
,0,4,4,4,True
,1,4,4,4,True
,0,4,4,4,True
,1,4,4,4,True
,0,8,8,8,True
,0,8,8,8,True
,0,8,8,8,True
,1,8,8,8,True
,0,8,8,8,True
,1,8,8,8,True
,0,8,8,8,True
,1,8,8,8,True
,0,2,2,2,True
,1,2,2,2,True
,2,2,2,2,True
,0,2,2,2,True
,1,2,2,2,True
,2,2,2,2,True
,0,2,2,2,True
,1,2,2,2,True
,2,2,2,2,True
,0,2,2,2,True
,1,2,2,2,True
,2,2,2,2,True
,0,2,2,2,True
,1,2,2,2,True
,2,2,2,2,True
,0,2,2,2,True
,1,2,2,2,True
,2,2,2,2,True
,0,16,16,16,True
,1,32,32,32,True
,2,16,16,16,True
,0,64,64,64,True
,0,4,4,4,True
,3,4,4,4,True
,0,4,4,4,True
,3,4,4,4,True
,0,8,8,8,True
,0,8,8,8,True
,0,8,8,8,True
,0,32,32,32,True
,1,96,96,96,True
,2,96,96,96,True
,3,32,32,32,True
,0,32,32,32,True
,1,96,96,96,True
,2,96,96,96,True
,3,32,32,32,True
,0,32,32,32,True
,1,96,96,96,True
,2,96,96,96,True
,3,32,32,32,True
,0,8,8,8,True
,1,8,8,8,True
,3,8,8,8,True
,4,8,8,8,True
,0,8,8,8,True
,1,8,8,8,True
,3,8,8,8,True
,4,8,8,8,True
,0,32,32,32,True
,0,32,32,32,True
,0,4,4,4,True
,1,8,8,8,True
,2,12,12,12,True
,3,8,8,8,True
,4,4,4,4,True
,0,4,4,4,True
,1,8,8,8,True
,2,12,12,12,True
,3,8,8,8,True
,4,4,4,4,True
,0,4,4,4,True
,1,8,8,8,True
,2,12,12,12,True
,3,8,8,8,True
,4,4,4,4,True
,0,4,4,4,True
,5,4,4,4,True
,0,4,4,4,True
,5,4,4,4,True
,0,4,4,4,True
,5,4,4,4,True
,0,4,4,4,True
,5,4,4,4,True
,0,4,4,4,True
,5,4,4,4,True
,0,4,4,4,True
,5,4,4,4,True
,0,128,128,128,True
,1,640,640,640,True
,2,1280,1280,1280,True
,3,1280,1280,1280,True
,4,640,640,640,True
,5,128,128,128,True
,0,512,512,512,True
,1,1536,1536,1536,True
,2,1536,1536,1536,True
,3,512,512,512,True
,0,128,128,128,True
,0,128,128,128,True
,0,16,16,16,True
,2,48,48,48,True
,4,48,48,48,True
,6,16,16,16,True
,0,16,16,16,True
,2,48,48,48,True
,4,48,48,48,True
,6,16,16,16,True
,0,16,16,16,True
,2,48,48,48,True
,4,48,48,48,True
,6,16,16,16,True
,0,16,16,16,True
,2,48,48,48,True
,4,48,48,48,True
,6,16,16,16,True
,0,16,16,16,True
,3,32,32,32,True
,6,16,16,16,True
,0,64,64,64,True
,0,64,64,64,True
,0,4,4,4,True
,1,12,12,12,True
,2,24,24,24,True
,3,36,36,36,True
,4,48,48,48,True
,5,48,48,48,True
,6,32,32,32,True
,7,12,12,12,True
,0,4,4,4,True
,1,12,12,12,True
,2,24,24,24,True
,3,36,36,36,True
,4,48,48,48,True
,5,48,48,48,True
,6,32,32,32,True
,7,12,12,12,True
,0,8,8,8,True
,1,24,24,24,True
,2,48,48,48,True
,3,56,56,56,True
,4,48,48,48,True
,5,24,24,24,True
,6,8,8,8,True
,0,8,8,8,True
,1,24,24,24,True
,2,48,48,48,True
,3,56,56,56,True
,4,48,48,48,True
,5,24,24,24,True
,6,8,8,8,True
,0,128,128,128,True
,1,384,384,384,True
,2,640,640,640,True
,3,896,896,896,True
,4,896,896,896,True
,5,640,640,640,True
,6,384,384,384,True
,7,128,128,128,True
,0,128,128,128,True
,1,384,384,384,True
,2,640,640,640,True
,3,896,896,896,True
,4,896,896,896,True
,5,640,640,640,True
,6,384,384,384,True
,7,128,128,128,True
,0,128,128,128,True
,1,384,384,384,True
,2,640,640,640,True
,3,896,896,896,True
,4,896,896,896,True
,5,640,640,640,True
,6,384,384,384,True
,7,128,128,128,True
,0,8,8,8,True
,0,8,8,8,True
,0,4,4,4,True
,8,4,4,4,True
,0,4,4,4,True
,8,4,4,4,True
,0,4,4,4,True
,8,4,4,4,True
,0,4,4,4,True
,8,4,4,4,True
,0,64,64,64,True
,1,128,128,128,True
,2,64,64,64,True
,3,128,128,128,True
,4,256,256,256,True
,5,128,128,128,True
,6,64,64,64,True
,7,128,128,128,True
,8,64,64,64,True
,0,1024,1024,1024,True
,0,4,4,4,True
,9,4,4,4,True
,0,4,4,4,True
,9,4,4,4,True
,0,4,4,4,True
,9,4,4,4,True
,0,4,4,4,True
,9,4,4,4,True
,0,4,4,4,True
,9,4,4,4,True
,0,4,4,4,True
,9,4,4,4,True
,0,8,8,8,True
,1,32,32,32,True
,2,80,80,80,True
,3,144,144,144,True
,4,216,216,216,True
,5,264,264,264,True
,6,256,256,256,True
,7,184,184,184,True
,8,88,88,88,True
,9,24,24,24,True
,0,8,8,8,True
,1,32,32,32,True
,2,80,80,80,True
,3,144,144,144,True
,4,216,216,216,True
,5,264,264,264,True
,6,256,256,256,True
,7,184,184,184,True
,8,88,88,88,True
,9,24,24,24,True
,0,8,8,8,True
,1,32,32,32,True
,2,80,80,80,True
,3,144,144,144,True
,4,216,216,216,True
,5,264,264,264,True
,6,256,256,256,True
,7,184,184,184,True
,8,88,88,88,True
,9,24,24,24,True
,0,32,32,32,True
,1,32,32,32,True
,3,96,96,96,True
,4,96,96,96,True
,6,96,96,96,True
,7,96,96,96,True
,9,32,32,32,True
,10,32,32,32,True
,0,32,32,32,True
,1,32,32,32,True
,3,96,96,96,True
,4,96,96,96,True
,6,96,96,96,True
,7,96,96,96,True
,9,32,32,32,True
,10,32,32,32,True
,0,512,512,512,True
,0,512,512,512,True
,0,16,16,16,True
,5,32,32,32,True
,10,16,16,16,True
,0,16,16,16,True
,5,32,32,32,True
,10,16,16,16,True
,0,16,16,16,True
,5,32,32,32,True
,10,16,16,16,True
,0,4,4,4,True
,11,4,4,4,True
,0,4,4,4,True
,11,4,4,4,True
,0,8,8,8,True
,0,8,8,8,True
,0,8,8,8,True
,0,8,8,8,True
,0,2,2,2,True
,1,2,2,2,True
,2,2,2,2,True
,3,2,2,2,True
,4,2,2,2,True
,5,2,2,2,True
,6,2,2,2,True
,7,2,2,2,True
,8,2,2,2,True
,9,2,2,2,True
,10,2,2,2,True
,11,2,2,2,True
,12,2,2,2,True
,0,2,2,2,True
,1,2,2,2,True
,2,2,2,2,True
,3,2,2,2,True
,4,2,2,2,True
,5,2,2,2,True
,6,2,2,2,True
,7,2,2,2,True
,8,2,2,2,True
,9,2,2,2,True
,10,2,2,2,True
,11,2,2,2,True
,12,2,2,2,True
,0,2,2,2,True
,1,2,2,2,True
,2,2,2,2,True
,3,2,2,2,True
,4,2,2,2,True
,5,2,2,2,True
,6,2,2,2,True
,7,2,2,2,True
,8,2,2,2,True
,9,2,2,2,True
,10,2,2,2,True
,11,2,2,2,True
,12,2,2,2,True
,0,2,2,2,True
,1,2,2,2,True
,2,2,2,2,True
,3,2,2,2,True
,4,2,2,2,True
,5,2,2,2,True
,6,2,2,2,True
,7,2,2,2,True
,8,2,2,2,True
,9,2,2,2,True
,10,2,2,2,True
,11,2,2,2,True
,12,2,2,2,True
,0,2,2,2,True
,1,2,2,2,True
,2,2,2,2,True
,3,2,2,2,True
,4,2,2,2,True
,5,2,2,2,True
,6,2,2,2,True
,7,2,2,2,True
,8,2,2,2,True
,9,2,2,2,True
,10,2,2,2,True
,11,2,2,2,True
,12,2,2,2,True
,0,2,2,2,True
,1,2,2,2,True
,2,2,2,2,True
,3,2,2,2,True
,4,2,2,2,True
,5,2,2,2,True
,6,2,2,2,True
,7,2,2,2,True
,8,2,2,2,True
,9,2,2,2,True
,10,2,2,2,True
,11,2,2,2,True
,12,2,2,2,True
,0,16384,16384,16384,True
,0,256,256,256,True
,2,1536,1536,1536,True
,4,3840,3840,3840,True
,6,5120,5120,5120,True
,8,3840,3840,3840,True
,10,1536,1536,1536,True
,12,256,256,256,True
,0,256,256,256,True
,2,1536,1536,1536,True
,4,3840,3840,3840,True
,6,5120,5120,5120,True
,8,3840,3840,3840,True
,10,1536,1536,1536,True
,12,256,256,256,True
,0,16,16,16,True
,1,16,16,16,True
,3,16,16,16,True
,4,16,16,16,True
,9,16,16,16,True
,10,16,16,16,True
,12,16,16,16,True
,13,16,16,16,True
,0,16,16,16,True
,1,16,16,16,True
,3,16,16,16,True
,4,16,16,16,True
,9,16,16,16,True
,10,16,16,16,True
,12,16,16,16,True
,13,16,16,16,True
,0,128,128,128,True
,0,128,128,128,True
,0,128,128,128,True
,1,128,128,128,True
,3,512,512,512,True
,4,512,512,512,True
,6,768,768,768,True
,7,768,768,768,True
,9,512,512,512,True
,10,512,512,512,True
,12,128,128,128,True
,13,128,128,128,True
,0,512,512,512,True
,1,512,512,512,True
,3,1024,1024,1024,True
,4,1024,1024,1024,True
,6,512,512,512,True
,7,512,512,512,True
,0,512,512,512,True
,1,512,512,512,True
,3,1024,1024,1024,True
,4,1024,1024,1024,True
,6,512,512,512,True
,7,512,512,512,True
,0,8,8,8,True
,7,16,16,16,True
,14,8,8,8,True
,0,8,8,8,True
,7,16,16,16,True
,14,8,8,8,True
,0,32,32,32,True
,0,32,32,32,True
,0,32,32,32,True
,0,32,32,32,True
,0,16,16,16,True
,1,96,96,96,True
,2,336,336,336,True
,3,864,864,864,True
,4,1824,1824,1824,True
,5,3264,3264,3264,True
,6,5008,5008,5008,True
,7,6624,6624,6624,True
,8,7584,7584,7584,True
,9,7488,7488,7488,True
,10,6240,6240,6240,True
,11,4224,4224,4224,True
,12,2176,2176,2176,True
,13,768,768,768,True
,14,144,144,144,True
,0,64,64,64,True
,1,384,384,384,True
,2,1344,1344,1344,True
,3,3200,3200,3200,True
,4,5760,5760,5760,True
,5,8064,8064,8064,True
,6,9024,9024,9024,True
,7,8064,8064,8064,True
,8,5760,5760,5760,True
,9,3200,3200,3200,True
,10,1344,1344,1344,True
,11,384,384,384,True
,12,64,64,64,True
,0,64,64,64,True
,3,320,320,320,True
,6,640,640,640,True
,9,640,640,640,True
,12,320,320,320,True
,15,64,64,64,True
,0,64,64,64,True
,3,320,320,320,True
,6,640,640,640,True
,9,640,640,640,True
,12,320,320,320,True
,15,64,64,64,True
,0,64,64,64,True
,3,320,320,320,True
,6,640,640,640,True
,9,640,640,640,True
,12,320,320,320,True
,15,64,64,64,True
,0,64,64,64,True
,3,320,320,320,True
,6,640,640,640,True
,9,640,640,640,True
,12,320,320,320,True
,15,64,64,64,True
,0,64,64,64,True
,3,320,320,320,True
,6,640,640,640,True
,9,640,640,640,True
,12,320,320,320,True
,15,64,64,64,True
,0,64,64,64,True
,3,320,320,320,True
,6,640,640,640,True
,9,640,640,640,True
,12,320,320,320,True
,15,64,64,64,True
,0,512,512,512,True
,1,1536,1536,1536,True
,2,2560,2560,2560,True
,3,3584,3584,3584,True
,4,4608,4608,4608,True
,5,5632,5632,5632,True
,6,6656,6656,6656,True
,7,7680,7680,7680,True
,8,7680,7680,7680,True
,9,6656,6656,6656,True
,10,5632,5632,5632,True
,11,4608,4608,4608,True
,12,3584,3584,3584,True
,13,2560,2560,2560,True
,14,1536,1536,1536,True
,15,512,512,512,True
,0,512,512,512,True
,1,1536,1536,1536,True
,2,2560,2560,2560,True
,3,3584,3584,3584,True
,4,4608,4608,4608,True
,5,5632,5632,5632,True
,6,6656,6656,6656,True
,7,7680,7680,7680,True
,8,7680,7680,7680,True
,9,6656,6656,6656,True
,10,5632,5632,5632,True
,11,4608,4608,4608,True
,12,3584,3584,3584,True
,13,2560,2560,2560,True
,14,1536,1536,1536,True
,15,512,512,512,True
,0,512,512,512,True
,1,1536,1536,1536,True
,2,2560,2560,2560,True
,3,3584,3584,3584,True
,4,4608,4608,4608,True
,5,5632,5632,5632,True
,6,6656,6656,6656,True
,7,7680,7680,7680,True
,8,7680,7680,7680,True
,9,6656,6656,6656,True
,10,5632,5632,5632,True
,11,4608,4608,4608,True
,12,3584,3584,3584,True
,13,2560,2560,2560,True
,14,1536,1536,1536,True
,15,512,512,512,True
,0,32,32,32,True
,1,32,32,32,True
,5,96,96,96,True
,6,96,96,96,True
,10,96,96,96,True
,11,96,96,96,True
,15,32,32,32,True
,16,32,32,32,True
,0,32,32,32,True
,1,32,32,32,True
,5,96,96,96,True
,6,96,96,96,True
,10,96,96,96,True
,11,96,96,96,True
,15,32,32,32,True
,16,32,32,32,True
,0,64,64,64,True
,5,192,192,192,True
,10,192,192,192,True
,15,64,64,64,True
,0,64,64,64,True
,5,192,192,192,True
,10,192,192,192,True
,15,64,64,64,True
,0,64,64,64,True
,0,16,16,16,True
,8,32,32,32,True
,16,16,16,16,True
,0,16,16,16,True
,8,32,32,32,True
,16,16,16,16,True
,0,4,4,4,True
,1,4,4,4,True
,2,4,4,4,True
,3,8,8,8,True
,4,8,8,8,True
,5,8,8,8,True
,6,12,12,12,True
,7,12,12,12,True
,8,12,12,12,True
,9,16,16,16,True
,10,16,16,16,True
,11,16,16,16,True
,12,20,20,20,True
,13,20,20,20,True
,14,20,20,20,True
,15,12,12,12,True
,16,12,12,12,True
,17,12,12,12,True
,0,4,4,4,True
,1,4,4,4,True
,2,4,4,4,True
,3,8,8,8,True
,4,8,8,8,True
,5,8,8,8,True
,6,12,12,12,True
,7,12,12,12,True
,8,12,12,12,True
,9,16,16,16,True
,10,16,16,16,True
,11,16,16,16,True
,12,20,20,20,True
,13,20,20,20,True
,14,20,20,20,True
,15,12,12,12,True
,16,12,12,12,True
,17,12,12,12,True
,0,8,8,8,True
,1,8,8,8,True
,2,8,8,8,True
,3,16,16,16,True
,4,16,16,16,True
,5,16,16,16,True
,6,24,24,24,True
,7,24,24,24,True
,8,24,24,24,True
,9,16,16,16,True
,10,16,16,16,True
,11,16,16,16,True
,12,8,8,8,True
,13,8,8,8,True
,14,8,8,8,True
,0,8,8,8,True
,1,8,8,8,True
,2,8,8,8,True
,3,16,16,16,True
,4,16,16,16,True
,5,16,16,16,True
,6,24,24,24,True
,7,24,24,24,True
,8,24,24,24,True
,9,16,16,16,True
,10,16,16,16,True
,11,16,16,16,True
,12,8,8,8,True
,13,8,8,8,True
,14,8,8,8,True
,0,8,8,8,True
,1,8,8,8,True
,2,8,8,8,True
,3,16,16,16,True
,4,16,16,16,True
,5,16,16,16,True
,6,24,24,24,True
,7,24,24,24,True
,8,24,24,24,True
,9,16,16,16,True
,10,16,16,16,True
,11,16,16,16,True
,12,8,8,8,True
,13,8,8,8,True
,14,8,8,8,True
,0,8,8,8,True
,1,8,8,8,True
,2,8,8,8,True
,3,16,16,16,True
,4,16,16,16,True
,5,16,16,16,True
,6,24,24,24,True
,7,24,24,24,True
,8,24,24,24,True
,9,16,16,16,True
,10,16,16,16,True
,11,16,16,16,True
,12,8,8,8,True
,13,8,8,8,True
,14,8,8,8,True
,0,8,8,8,True
,0,8,8,8,True
,0,4,4,4,True
,18,4,4,4,True
,0,4,4,4,True
,18,4,4,4,True
,0,4,4,4,True
,18,4,4,4,True
,0,4,4,4,True
,18,4,4,4,True
,0,16,16,16,True
,9,32,32,32,True
,18,16,16,16,True
,0,16,16,16,True
,9,32,32,32,True
,18,16,16,16,True
,0,16,16,16,True
,9,32,32,32,True
,18,16,16,16,True
,0,32,32,32,True
,0,32,32,32,True
,0,8,8,8,True
,10,16,16,16,True
,20,8,8,8,True
,0,8,8,8,True
,10,16,16,16,True
,20,8,8,8,True
,0,8,8,8,True
,10,16,16,16,True
,20,8,8,8,True
,0,8,8,8,True
,10,16,16,16,True
,20,8,8,8,True
,0,4,4,4,True
,21,4,4,4,True
,0,4,4,4,True
,21,4,4,4,True
,0,8,8,8,True
,0,8,8,8,True
,0,8,8,8,True
,0,8,8,8,True
,0,128,128,128,True
,1,128,128,128,True
,5,512,512,512,True
,6,512,512,512,True
,10,768,768,768,True
,11,768,768,768,True
,15,512,512,512,True
,16,512,512,512,True
,20,128,128,128,True
,21,128,128,128,True
,0,128,128,128,True
,1,128,128,128,True
,5,512,512,512,True
,6,512,512,512,True
,10,768,768,768,True
,11,768,768,768,True
,15,512,512,512,True
,16,512,512,512,True
,20,128,128,128,True
,21,128,128,128,True
,0,128,128,128,True
,1,128,128,128,True
,5,512,512,512,True
,6,512,512,512,True
,10,768,768,768,True
,11,768,768,768,True
,15,512,512,512,True
,16,512,512,512,True
,20,128,128,128,True
,21,128,128,128,True
,0,8,8,8,True
,1,24,24,24,True
,2,48,48,48,True
,3,88,88,88,True
,4,144,144,144,True
,5,192,192,192,True
,6,232,232,232,True
,7,288,288,288,True
,8,336,336,336,True
,9,376,376,376,True
,10,432,432,432,True
,11,480,480,480,True
,12,520,520,520,True
,13,576,576,576,True
,14,624,624,624,True
,15,640,640,640,True
,16,648,648,648,True
,17,624,624,624,True
,18,536,536,536,True
,19,408,408,408,True
,20,288,288,288,True
,21,192,192,192,True
,22,72,72,72,True
,0,8,8,8,True
,1,24,24,24,True
,2,48,48,48,True
,3,88,88,88,True
,4,144,144,144,True
,5,192,192,192,True
,6,232,232,232,True
,7,288,288,288,True
,8,336,336,336,True
,9,376,376,376,True
,10,432,432,432,True
,11,480,480,480,True
,12,520,520,520,True
,13,576,576,576,True
,14,624,624,624,True
,15,640,640,640,True
,16,648,648,648,True
,17,624,624,624,True
,18,536,536,536,True
,19,408,408,408,True
,20,288,288,288,True
,21,192,192,192,True
,22,72,72,72,True
,0,32,32,32,True
,1,96,96,96,True
,2,192,192,192,True
,3,288,288,288,True
,4,384,384,384,True
,5,480,480,480,True
,6,576,576,576,True
,7,672,672,672,True
,8,768,768,768,True
,9,800,800,800,True
,10,768,768,768,True
,11,672,672,672,True
,12,576,576,576,True
,13,480,480,480,True
,14,384,384,384,True
,15,288,288,288,True
,16,192,192,192,True
,17,96,96,96,True
,18,32,32,32,True
,0,32,32,32,True
,1,96,96,96,True
,2,192,192,192,True
,3,288,288,288,True
,4,384,384,384,True
,5,480,480,480,True
,6,576,576,576,True
,7,672,672,672,True
,8,768,768,768,True
,9,800,800,800,True
,10,768,768,768,True
,11,672,672,672,True
,12,576,576,576,True
,13,480,480,480,True
,14,384,384,384,True
,15,288,288,288,True
,16,192,192,192,True
,17,96,96,96,True
,18,32,32,32,True
,0,16,16,16,True
,11,32,32,32,True
,22,16,16,16,True
,0,64,64,64,True
,0,64,64,64,True
,0,4,4,4,True
,23,4,4,4,True
,0,4,4,4,True
,23,4,4,4,True
,0,8,8,8,True
,0,8,8,8,True
,0,8,8,8,True
,0,8,8,8,True
,0,8,8,8,True
,3,8,8,8,True
,21,8,8,8,True
,24,8,8,8,True
,0,8,8,8,True
,3,8,8,8,True
,21,8,8,8,True
,24,8,8,8,True
,0,32,32,32,True
,0,32,32,32,True
,0,32,32,32,True
,0,32,32,32,True
,0,4,4,4,True
,1,8,8,8,True
,2,12,12,12,True
,3,16,16,16,True
,4,20,20,20,True
,5,24,24,24,True
,6,28,28,28,True
,7,32,32,32,True
,8,36,36,36,True
,9,40,40,40,True
,10,44,44,44,True
,11,48,48,48,True
,12,52,52,52,True
,13,48,48,48,True
,14,44,44,44,True
,15,40,40,40,True
,16,36,36,36,True
,17,32,32,32,True
,18,28,28,28,True
,19,24,24,24,True
,20,20,20,20,True
,21,16,16,16,True
,22,12,12,12,True
,23,8,8,8,True
,24,4,4,4,True
,0,4,4,4,True
,1,8,8,8,True
,2,12,12,12,True
,3,16,16,16,True
,4,20,20,20,True
,5,24,24,24,True
,6,28,28,28,True
,7,32,32,32,True
,8,36,36,36,True
,9,40,40,40,True
,10,44,44,44,True
,11,48,48,48,True
,12,52,52,52,True
,13,48,48,48,True
,14,44,44,44,True
,15,40,40,40,True
,16,36,36,36,True
,17,32,32,32,True
,18,28,28,28,True
,19,24,24,24,True
,20,20,20,20,True
,21,16,16,16,True
,22,12,12,12,True
,23,8,8,8,True
,24,4,4,4,True
,0,4,4,4,True
,1,8,8,8,True
,2,12,12,12,True
,3,16,16,16,True
,4,20,20,20,True
,5,24,24,24,True
,6,28,28,28,True
,7,32,32,32,True
,8,36,36,36,True
,9,40,40,40,True
,10,44,44,44,True
,11,48,48,48,True
,12,52,52,52,True
,13,48,48,48,True
,14,44,44,44,True
,15,40,40,40,True
,16,36,36,36,True
,17,32,32,32,True
,18,28,28,28,True
,19,24,24,24,True
,20,20,20,20,True
,21,16,16,16,True
,22,12,12,12,True
,23,8,8,8,True
,24,4,4,4,True
,0,64,64,64,True
,1,64,64,64,True
,8,128,128,128,True
,9,128,128,128,True
,16,64,64,64,True
,17,64,64,64,True
,0,64,64,64,True
,1,64,64,64,True
,8,128,128,128,True
,9,128,128,128,True
,16,64,64,64,True
,17,64,64,64,True
,0,64,64,64,True
,8,192,192,192,True
,16,192,192,192,True
,24,64,64,64,True
,0,64,64,64,True
,8,192,192,192,True
,16,192,192,192,True
,24,64,64,64,True
,0,8,8,8,True
,0,8,8,8,True
,0,4,4,4,True
,26,4,4,4,True
,0,4,4,4,True
,26,4,4,4,True
,0,4,4,4,True
,26,4,4,4,True
,0,4,4,4,True
,26,4,4,4,True
,0,256,256,256,True
,1,512,512,512,True
,2,256,256,256,True
,3,512,512,512,True
,4,1024,1024,1024,True
,5,512,512,512,True
,6,256,256,256,True
,7,512,512,512,True
,8,256,256,256,True
,9,512,512,512,True
,10,1024,1024,1024,True
,11,512,512,512,True
,12,1024,1024,1024,True
,13,2048,2048,2048,True
,14,1024,1024,1024,True
,15,512,512,512,True
,16,1024,1024,1024,True
,17,512,512,512,True
,18,256,256,256,True
,19,512,512,512,True
,20,256,256,256,True
,21,512,512,512,True
,22,1024,1024,1024,True
,23,512,512,512,True
,24,256,256,256,True
,25,512,512,512,True
,26,256,256,256,True
,0,16384,16384,16384,True
,0,4,4,4,True
,1,4,4,4,True
,2,4,4,4,True
,5,8,8,8,True
,6,8,8,8,True
,7,8,8,8,True
,10,12,12,12,True
,11,12,12,12,True
,12,12,12,12,True
,15,16,16,16,True
,16,16,16,16,True
,17,16,16,16,True
,20,20,20,20,True
,21,20,20,20,True
,22,20,20,20,True
,25,12,12,12,True
,26,12,12,12,True
,27,12,12,12,True
,0,4,4,4,True
,1,4,4,4,True
,2,4,4,4,True
,5,8,8,8,True
,6,8,8,8,True
,7,8,8,8,True
,10,12,12,12,True
,11,12,12,12,True
,12,12,12,12,True
,15,16,16,16,True
,16,16,16,16,True
,17,16,16,16,True
,20,20,20,20,True
,21,20,20,20,True
,22,20,20,20,True
,25,12,12,12,True
,26,12,12,12,True
,27,12,12,12,True
,0,4,4,4,True
,1,4,4,4,True
,2,4,4,4,True
,5,8,8,8,True
,6,8,8,8,True
,7,8,8,8,True
,10,12,12,12,True
,11,12,12,12,True
,12,12,12,12,True
,15,16,16,16,True
,16,16,16,16,True
,17,16,16,16,True
,20,20,20,20,True
,21,20,20,20,True
,22,20,20,20,True
,25,12,12,12,True
,26,12,12,12,True
,27,12,12,12,True
,0,4,4,4,True
,1,4,4,4,True
,2,4,4,4,True
,5,8,8,8,True
,6,8,8,8,True
,7,8,8,8,True
,10,12,12,12,True
,11,12,12,12,True
,12,12,12,12,True
,15,16,16,16,True
,16,16,16,16,True
,17,16,16,16,True
,20,20,20,20,True
,21,20,20,20,True
,22,20,20,20,True
,25,12,12,12,True
,26,12,12,12,True
,27,12,12,12,True
,0,4,4,4,True
,1,4,4,4,True
,2,4,4,4,True
,5,8,8,8,True
,6,8,8,8,True
,7,8,8,8,True
,10,12,12,12,True
,11,12,12,12,True
,12,12,12,12,True
,15,16,16,16,True
,16,16,16,16,True
,17,16,16,16,True
,20,20,20,20,True
,21,20,20,20,True
,22,20,20,20,True
,25,12,12,12,True
,26,12,12,12,True
,27,12,12,12,True
,0,4,4,4,True
,1,4,4,4,True
,2,4,4,4,True
,5,8,8,8,True
,6,8,8,8,True
,7,8,8,8,True
,10,12,12,12,True
,11,12,12,12,True
,12,12,12,12,True
,15,16,16,16,True
,16,16,16,16,True
,17,16,16,16,True
,20,20,20,20,True
,21,20,20,20,True
,22,20,20,20,True
,25,12,12,12,True
,26,12,12,12,True
,27,12,12,12,True
,0,32,32,32,True
,1,32,32,32,True
,9,96,96,96,True
,10,96,96,96,True
,18,96,96,96,True
,19,96,96,96,True
,27,32,32,32,True
,28,32,32,32,True
,0,32,32,32,True
,1,32,32,32,True
,9,96,96,96,True
,10,96,96,96,True
,18,96,96,96,True
,19,96,96,96,True
,27,32,32,32,True
,28,32,32,32,True
,0,64,64,64,True
,9,192,192,192,True
,18,192,192,192,True
,27,64,64,64,True
,0,64,64,64,True
,9,192,192,192,True
,18,192,192,192,True
,27,64,64,64,True
,0,64,64,64,True
,7,256,256,256,True
,14,384,384,384,True
,21,256,256,256,True
,28,64,64,64,True
,0,1024,1024,1024,True
,0,1024,1024,1024,True
,0,4,4,4,True
,29,4,4,4,True
,0,4,4,4,True
,29,4,4,4,True
,0,4,4,4,True
,29,4,4,4,True
,0,4,4,4,True
,29,4,4,4,True
,0,4,4,4,True
,29,4,4,4,True
,0,4,4,4,True
,29,4,4,4,True
,0,2,2,2,True
,0,2,2,2,True
,0,2,2,2,True
,0,2,2,2,True
,0,2,2,2,True
,0,2,2,2,True
,0,4,4,4,True
,0,4,4,4,True
,0,4,4,4,True
,0,2,2,2,True
,1,2,2,2,True
,0,2,2,2,True
,1,2,2,2,True
,0,2,2,2,True
,1,2,2,2,True
,0,2,2,2,True
,1,2,2,2,True
,0,2,2,2,True
,1,2,2,2,True
,0,2,2,2,True
,1,2,2,2,True
,0,8,8,8,True
,0,8,8,8,True
,0,8,8,8,True
,0,4,4,4,True
,0,4,4,4,True
,0,4,4,4,True
,0,4,4,4,True
,0,4,4,4,True
,0,4,4,4,True
,0,4,4,4,True
,1,8,8,8,True
,2,4,4,4,True
,0,4,4,4,True
,1,8,8,8,True
,2,4,4,4,True
,0,4,4,4,True
,1,8,8,8,True
,2,4,4,4,True
,0,16,16,16,True
,0,16,16,16,True
,0,4,4,4,True
,2,12,12,12,True
,0,4,4,4,True
,2,12,12,12,True
,0,4,4,4,True
,2,12,12,12,True
,0,4,4,4,True
,2,12,12,12,True
,0,16,16,16,True
,2,16,16,16,True
,0,16,16,16,True
,2,16,16,16,True
,0,16,16,16,True
,2,16,16,16,True
,0,2,2,2,True
,1,2,2,2,True
,2,2,2,2,True
,3,2,2,2,True
,4,2,2,2,True
,0,2,2,2,True
,1,2,2,2,True
,2,2,2,2,True
,3,2,2,2,True
,4,2,2,2,True
,0,2,2,2,True
,1,2,2,2,True
,2,2,2,2,True
,3,2,2,2,True
,4,2,2,2,True
,0,2,2,2,True
,1,2,2,2,True
,2,2,2,2,True
,3,2,2,2,True
,4,2,2,2,True
,0,2,2,2,True
,1,2,2,2,True
,2,2,2,2,True
,3,2,2,2,True
,4,2,2,2,True
,0,2,2,2,True
,1,2,2,2,True
,2,2,2,2,True
,3,2,2,2,True
,4,2,2,2,True
,0,16,16,16,True
,0,16,16,16,True
,0,16,16,16,True
,0,4,4,4,True
,5,4,4,4,True
,0,4,4,4,True
,5,4,4,4,True
,0,4,4,4,True
,5,4,4,4,True
,0,4,4,4,True
,5,4,4,4,True
,0,4,4,4,True
,5,4,4,4,True
,0,4,4,4,True
,5,4,4,4,True
,0,8,8,8,True
,1,16,16,16,True
,2,16,16,16,True
,3,16,16,16,True
,4,8,8,8,True
,0,8,8,8,True
,1,16,16,16,True
,2,16,16,16,True
,3,16,16,16,True
,4,8,8,8,True
,0,8,8,8,True
,1,16,16,16,True
,2,16,16,16,True
,3,16,16,16,True
,4,8,8,8,True
,0,128,128,128,True
,1,768,768,768,True
,2,1920,1920,1920,True
,3,2560,2560,2560,True
,4,1920,1920,1920,True
,5,768,768,768,True
,6,128,128,128,True
,0,128,128,128,True
,1,768,768,768,True
,2,1920,1920,1920,True
,3,2560,2560,2560,True
,4,1920,1920,1920,True
,5,768,768,768,True
,6,128,128,128,True
,0,8,8,8,True
,1,240,240,240,True
,2,2040,2040,2040,True
,3,3616,3616,3616,True
,4,2040,2040,2040,True
,5,240,240,240,True
,6,8,8,8,True
,0,8,8,8,True
,1,240,240,240,True
,2,2040,2040,2040,True
,3,3616,3616,3616,True
,4,2040,2040,2040,True
,5,240,240,240,True
,6,8,8,8,True
,0,8,8,8,True
,1,240,240,240,True
,2,2040,2040,2040,True
,3,3616,3616,3616,True
,4,2040,2040,2040,True
,5,240,240,240,True
,6,8,8,8,True
,0,8,8,8,True
,1,240,240,240,True
,2,2040,2040,2040,True
,3,3616,3616,3616,True
,4,2040,2040,2040,True
,5,240,240,240,True
,6,8,8,8,True
,0,256,256,256,True
,0,16,16,16,True
,2,96,96,96,True
,4,144,144,144,True
,0,16,16,16,True
,2,96,96,96,True
,4,144,144,144,True
,0,4,4,4,True
,1,4,4,4,True
,4,4,4,4,True
,5,4,4,4,True
,0,4,4,4,True
,1,4,4,4,True
,4,4,4,4,True
,5,4,4,4,True
,0,4,4,4,True
,1,4,4,4,True
,4,4,4,4,True
,5,4,4,4,True
,0,4,4,4,True
,1,4,4,4,True
,4,4,4,4,True
,5,4,4,4,True
,0,4,4,4,True
,1,4,4,4,True
,4,4,4,4,True
,5,4,4,4,True
,0,32,32,32,True
,2,32,32,32,True
,4,32,32,32,True
,6,32,32,32,True
,0,32,32,32,True
,2,32,32,32,True
,4,32,32,32,True
,6,32,32,32,True
,0,32,32,32,True
,2,32,32,32,True
,4,32,32,32,True
,6,32,32,32,True
,0,4,4,4,True
,0,4,4,4,True
,0,4,4,4,True
,0,4,4,4,True
,0,4,4,4,True
,0,4,4,4,True
,0,4,4,4,True
,1,8,8,8,True
,2,12,12,12,True
,3,16,16,16,True
,4,20,20,20,True
,5,16,16,16,True
,6,12,12,12,True
,7,8,8,8,True
,8,4,4,4,True
,0,4,4,4,True
,1,8,8,8,True
,2,12,12,12,True
,3,16,16,16,True
,4,20,20,20,True
,5,16,16,16,True
,6,12,12,12,True
,7,8,8,8,True
,8,4,4,4,True
,0,4,4,4,True
,1,8,8,8,True
,2,12,12,12,True
,3,16,16,16,True
,4,20,20,20,True
,5,16,16,16,True
,6,12,12,12,True
,7,8,8,8,True
,8,4,4,4,True
,0,16,16,16,True
,0,16,16,16,True
,0,4,4,4,True
,6,12,12,12,True
,0,4,4,4,True
,6,12,12,12,True
,0,4,4,4,True
,6,12,12,12,True
,0,4,4,4,True
,6,12,12,12,True
,0,64,64,64,True
,4,64,64,64,True
,0,64,64,64,True
,4,64,64,64,True
,0,64,64,64,True
,4,64,64,64,True
,0,16,16,16,True
,1,16,16,16,True
,2,48,48,48,True
,3,48,48,48,True
,4,48,48,48,True
,5,48,48,48,True
,6,16,16,16,True
,7,16,16,16,True
,0,16,16,16,True
,1,16,16,16,True
,2,48,48,48,True
,3,48,48,48,True
,4,48,48,48,True
,5,48,48,48,True
,6,16,16,16,True
,7,16,16,16,True
,0,4,4,4,True
,1,4,4,4,True
,2,12,12,12,True
,3,12,12,12,True
,4,24,24,24,True
,5,24,24,24,True
,6,76,76,76,True
,7,76,76,76,True
,8,12,12,12,True
,9,12,12,12,True
,0,4,4,4,True
,1,4,4,4,True
,2,12,12,12,True
,3,12,12,12,True
,4,24,24,24,True
,5,24,24,24,True
,6,76,76,76,True
,7,76,76,76,True
,8,12,12,12,True
,9,12,12,12,True
,0,4,4,4,True
,1,4,4,4,True
,2,12,12,12,True
,3,12,12,12,True
,4,24,24,24,True
,5,24,24,24,True
,6,76,76,76,True
,7,76,76,76,True
,8,12,12,12,True
,9,12,12,12,True
,0,4,4,4,True
,1,4,4,4,True
,2,12,12,12,True
,3,12,12,12,True
,4,24,24,24,True
,5,24,24,24,True
,6,76,76,76,True
,7,76,76,76,True
,8,12,12,12,True
,9,12,12,12,True
,0,16,16,16,True
,5,32,32,32,True
,10,16,16,16,True
,0,16,16,16,True
,5,32,32,32,True
,10,16,16,16,True
,0,16,16,16,True
,5,32,32,32,True
,10,16,16,16,True
,0,4,4,4,True
,11,4,4,4,True
,0,4,4,4,True
,11,4,4,4,True
,0,4,4,4,True
,11,4,4,4,True
,0,4,4,4,True
,11,4,4,4,True
,0,4,4,4,True
,11,4,4,4,True
,0,4,4,4,True
,11,4,4,4,True
,0,16,16,16,True
,1,32,32,32,True
,2,64,64,64,True
,3,96,96,96,True
,4,128,128,128,True
,5,160,160,160,True
,6,160,160,160,True
,7,160,160,160,True
,8,112,112,112,True
,9,64,64,64,True
,10,32,32,32,True
,0,16,16,16,True
,1,32,32,32,True
,2,64,64,64,True
,3,96,96,96,True
,4,128,128,128,True
,5,160,160,160,True
,6,160,160,160,True
,7,160,160,160,True
,8,112,112,112,True
,9,64,64,64,True
,10,32,32,32,True
,0,16,16,16,True
,1,32,32,32,True
,2,64,64,64,True
,3,96,96,96,True
,4,128,128,128,True
,5,160,160,160,True
,6,160,160,160,True
,7,160,160,160,True
,8,112,112,112,True
,9,64,64,64,True
,10,32,32,32,True
,0,8,8,8,True
,0,8,8,8,True
,0,8,8,8,True
,0,8,8,8,True
,0,8,8,8,True
,0,8,8,8,True
,0,2,2,2,True
,1,2,2,2,True
,2,2,2,2,True
,3,2,2,2,True
,4,2,2,2,True
,5,2,2,2,True
,6,2,2,2,True
,7,2,2,2,True
,8,2,2,2,True
,9,2,2,2,True
,10,2,2,2,True
,11,2,2,2,True
,12,2,2,2,True
,13,2,2,2,True
,0,2,2,2,True
,1,2,2,2,True
,2,2,2,2,True
,3,2,2,2,True
,4,2,2,2,True
,5,2,2,2,True
,6,2,2,2,True
,7,2,2,2,True
,8,2,2,2,True
,9,2,2,2,True
,10,2,2,2,True
,11,2,2,2,True
,12,2,2,2,True
,13,2,2,2,True
,0,2,2,2,True
,1,2,2,2,True
,2,2,2,2,True
,3,2,2,2,True
,4,2,2,2,True
,5,2,2,2,True
,6,2,2,2,True
,7,2,2,2,True
,8,2,2,2,True
,9,2,2,2,True
,10,2,2,2,True
,11,2,2,2,True
,12,2,2,2,True
,13,2,2,2,True
,0,2,2,2,True
,1,2,2,2,True
,2,2,2,2,True
,3,2,2,2,True
,4,2,2,2,True
,5,2,2,2,True
,6,2,2,2,True
,7,2,2,2,True
,8,2,2,2,True
,9,2,2,2,True
,10,2,2,2,True
,11,2,2,2,True
,12,2,2,2,True
,13,2,2,2,True
,0,2,2,2,True
,1,2,2,2,True
,2,2,2,2,True
,3,2,2,2,True
,4,2,2,2,True
,5,2,2,2,True
,6,2,2,2,True
,7,2,2,2,True
,8,2,2,2,True
,9,2,2,2,True
,10,2,2,2,True
,11,2,2,2,True
,12,2,2,2,True
,13,2,2,2,True
,0,2,2,2,True
,1,2,2,2,True
,2,2,2,2,True
,3,2,2,2,True
,4,2,2,2,True
,5,2,2,2,True
,6,2,2,2,True
,7,2,2,2,True
,8,2,2,2,True
,9,2,2,2,True
,10,2,2,2,True
,11,2,2,2,True
,12,2,2,2,True
,13,2,2,2,True
,0,32768,32768,32768,True
,0,128,128,128,True
,2,1536,1536,1536,True
,4,6912,6912,6912,True
,6,13824,13824,13824,True
,8,10368,10368,10368,True
,0,128,128,128,True
,2,1536,1536,1536,True
,4,6912,6912,6912,True
,6,13824,13824,13824,True
,8,10368,10368,10368,True
,0,4,4,4,True
,0,4,4,4,True
,0,4,4,4,True
,0,4,4,4,True
,0,4,4,4,True
,0,4,4,4,True
,0,16,16,16,True
,1,32,32,32,True
,2,16,16,16,True
,4,32,32,32,True
,5,64,64,64,True
,6,32,32,32,True
,8,16,16,16,True
,9,32,32,32,True
,10,16,16,16,True
,0,16,16,16,True
,1,32,32,32,True
,2,16,16,16,True
,4,32,32,32,True
,5,64,64,64,True
,6,32,32,32,True
,8,16,16,16,True
,9,32,32,32,True
,10,16,16,16,True
,0,16,16,16,True
,1,32,32,32,True
,2,16,16,16,True
,4,32,32,32,True
,5,64,64,64,True
,6,32,32,32,True
,8,16,16,16,True
,9,32,32,32,True
,10,16,16,16,True
,0,16,16,16,True
,0,16,16,16,True
,0,4,4,4,True
,10,12,12,12,True
,0,4,4,4,True
,10,12,12,12,True
,0,4,4,4,True
,10,12,12,12,True
,0,4,4,4,True
,10,12,12,12,True
,0,64,64,64,True
,2,64,64,64,True
,4,64,64,64,True
,6,64,64,64,True
,8,64,64,64,True
,10,64,64,64,True
,12,64,64,64,True
,14,64,64,64,True
,0,64,64,64,True
,2,64,64,64,True
,4,64,64,64,True
,6,64,64,64,True
,8,64,64,64,True
,10,64,64,64,True
,12,64,64,64,True
,14,64,64,64,True
,0,64,64,64,True
,2,64,64,64,True
,4,64,64,64,True
,6,64,64,64,True
,8,64,64,64,True
,10,64,64,64,True
,12,64,64,64,True
,14,64,64,64,True
,0,4,4,4,True
,1,4,4,4,True
,5,8,8,8,True
,6,8,8,8,True
,10,12,12,12,True
,11,12,12,12,True
,15,8,8,8,True
,16,8,8,8,True
,0,4,4,4,True
,1,4,4,4,True
,5,8,8,8,True
,6,8,8,8,True
,10,12,12,12,True
,11,12,12,12,True
,15,8,8,8,True
,16,8,8,8,True
,0,4,4,4,True
,1,4,4,4,True
,5,8,8,8,True
,6,8,8,8,True
,10,12,12,12,True
,11,12,12,12,True
,15,8,8,8,True
,16,8,8,8,True
,0,4,4,4,True
,1,4,4,4,True
,5,8,8,8,True
,6,8,8,8,True
,10,12,12,12,True
,11,12,12,12,True
,15,8,8,8,True
,16,8,8,8,True
,0,4,4,4,True
,1,4,4,4,True
,5,8,8,8,True
,6,8,8,8,True
,10,12,12,12,True
,11,12,12,12,True
,15,8,8,8,True
,16,8,8,8,True
,0,4,4,4,True
,1,4,4,4,True
,5,8,8,8,True
,6,8,8,8,True
,10,12,12,12,True
,11,12,12,12,True
,15,8,8,8,True
,16,8,8,8,True
,0,16,16,16,True
,0,16,16,16,True
,0,16,16,16,True
,0,256,256,256,True
,4,768,768,768,True
,8,768,768,768,True
,12,256,256,256,True
,0,256,256,256,True
,4,768,768,768,True
,8,768,768,768,True
,12,256,256,256,True
,0,16,16,16,True
,2,48,48,48,True
,4,240,240,240,True
,6,720,720,720,True
,8,240,240,240,True
,10,720,720,720,True
,12,16,16,16,True
,14,48,48,48,True
,0,16,16,16,True
,2,48,48,48,True
,4,240,240,240,True
,6,720,720,720,True
,8,240,240,240,True
,10,720,720,720,True
,12,16,16,16,True
,14,48,48,48,True
,0,16,16,16,True
,2,48,48,48,True
,4,240,240,240,True
,6,720,720,720,True
,8,240,240,240,True
,10,720,720,720,True
,12,16,16,16,True
,14,48,48,48,True
,0,16,16,16,True
,2,48,48,48,True
,4,240,240,240,True
,6,720,720,720,True
,8,240,240,240,True
,10,720,720,720,True
,12,16,16,16,True
,14,48,48,48,True
,0,8,8,8,True
,1,16,16,16,True
,2,32,32,32,True
,3,48,48,48,True
,4,72,72,72,True
,5,80,80,80,True
,6,96,96,96,True
,7,96,96,96,True
,8,104,104,104,True
,9,96,96,96,True
,10,96,96,96,True
,11,80,80,80,True
,12,72,72,72,True
,13,48,48,48,True
,14,32,32,32,True
,15,16,16,16,True
,16,8,8,8,True
,0,8,8,8,True
,1,16,16,16,True
,2,32,32,32,True
,3,48,48,48,True
,4,72,72,72,True
,5,80,80,80,True
,6,96,96,96,True
,7,96,96,96,True
,8,104,104,104,True
,9,96,96,96,True
,10,96,96,96,True
,11,80,80,80,True
,12,72,72,72,True
,13,48,48,48,True
,14,32,32,32,True
,15,16,16,16,True
,16,8,8,8,True
,0,8,8,8,True
,1,16,16,16,True
,2,32,32,32,True
,3,48,48,48,True
,4,72,72,72,True
,5,80,80,80,True
,6,96,96,96,True
,7,96,96,96,True
,8,104,104,104,True
,9,96,96,96,True
,10,96,96,96,True
,11,80,80,80,True
,12,72,72,72,True
,13,48,48,48,True
,14,32,32,32,True
,15,16,16,16,True
,16,8,8,8,True
,0,128,128,128,True
,0,128,128,128,True
,0,8,8,8,True
,6,48,48,48,True
,12,72,72,72,True
,0,8,8,8,True
,6,48,48,48,True
,12,72,72,72,True
,0,8,8,8,True
,6,48,48,48,True
,12,72,72,72,True
,0,8,8,8,True
,6,48,48,48,True
,12,72,72,72,True
,0,256,256,256,True
,0,16,16,16,True
,6,96,96,96,True
,12,144,144,144,True
,0,16,16,16,True
,6,96,96,96,True
,12,144,144,144,True
,0,512,512,512,True
,2,512,512,512,True
,4,1536,1536,1536,True
,6,1536,1536,1536,True
,8,1536,1536,1536,True
,10,1536,1536,1536,True
,12,512,512,512,True
,14,512,512,512,True
,0,512,512,512,True
,2,512,512,512,True
,4,1536,1536,1536,True
,6,1536,1536,1536,True
,8,1536,1536,1536,True
,10,1536,1536,1536,True
,12,512,512,512,True
,14,512,512,512,True
,0,512,512,512,True
,2,512,512,512,True
,4,1536,1536,1536,True
,6,1536,1536,1536,True
,8,1536,1536,1536,True
,10,1536,1536,1536,True
,12,512,512,512,True
,14,512,512,512,True
,0,64,64,64,True
,0,64,64,64,True
,0,64,64,64,True
,0,64,64,64,True
,0,64,64,64,True
,0,64,64,64,True
,0,256,256,256,True
,1,512,512,512,True
,2,1792,1792,1792,True
,3,3072,3072,3072,True
,4,5376,5376,5376,True
,5,7680,7680,7680,True
,6,8960,8960,8960,True
,7,10240,10240,10240,True
,8,8960,8960,8960,True
,9,7680,7680,7680,True
,10,5376,5376,5376,True
,11,3072,3072,3072,True
,12,1792,1792,1792,True
,13,512,512,512,True
,14,256,256,256,True
,0,16,16,16,True
,1,32,32,32,True
,2,112,112,112,True
,3,192,192,192,True
,4,432,432,432,True
,5,672,672,672,True
,6,1520,1520,1520,True
,7,2368,2368,2368,True
,8,3680,3680,3680,True
,9,4992,4992,4992,True
,10,6432,6432,6432,True
,11,7872,7872,7872,True
,12,10288,10288,10288,True
,13,12704,12704,12704,True
,14,8176,8176,8176,True
,15,3648,3648,3648,True
,16,1968,1968,1968,True
,17,288,288,288,True
,18,144,144,144,True
,0,16,16,16,True
,1,32,32,32,True
,2,112,112,112,True
,3,192,192,192,True
,4,432,432,432,True
,5,672,672,672,True
,6,1520,1520,1520,True
,7,2368,2368,2368,True
,8,3680,3680,3680,True
,9,4992,4992,4992,True
,10,6432,6432,6432,True
,11,7872,7872,7872,True
,12,10288,10288,10288,True
,13,12704,12704,12704,True
,14,8176,8176,8176,True
,15,3648,3648,3648,True
,16,1968,1968,1968,True
,17,288,288,288,True
,18,144,144,144,True
,0,16,16,16,True
,0,16,16,16,True
,0,4,4,4,True
,14,12,12,12,True
,0,4,4,4,True
,14,12,12,12,True
,0,4,4,4,True
,14,12,12,12,True
,0,4,4,4,True
,14,12,12,12,True
,0,64,64,64,True
,5,128,128,128,True
,10,128,128,128,True
,15,128,128,128,True
,20,64,64,64,True
,0,64,64,64,True
,5,128,128,128,True
,10,128,128,128,True
,15,128,128,128,True
,20,64,64,64,True
,0,64,64,64,True
,5,128,128,128,True
,10,128,128,128,True
,15,128,128,128,True
,20,64,64,64,True
,0,4,4,4,True
,1,4,4,4,True
,2,4,4,4,True
,3,4,4,4,True
,4,8,8,8,True
,5,4,4,4,True
,6,4,4,4,True
,7,4,4,4,True
,8,8,8,8,True
,9,4,4,4,True
,10,4,4,4,True
,11,4,4,4,True
,12,8,8,8,True
,13,4,4,4,True
,14,4,4,4,True
,15,4,4,4,True
,16,8,8,8,True
,17,4,4,4,True
,18,4,4,4,True
,19,4,4,4,True
,20,4,4,4,True
,0,4,4,4,True
,1,4,4,4,True
,2,4,4,4,True
,3,4,4,4,True
,4,8,8,8,True
,5,4,4,4,True
,6,4,4,4,True
,7,4,4,4,True
,8,8,8,8,True
,9,4,4,4,True
,10,4,4,4,True
,11,4,4,4,True
,12,8,8,8,True
,13,4,4,4,True
,14,4,4,4,True
,15,4,4,4,True
,16,8,8,8,True
,17,4,4,4,True
,18,4,4,4,True
,19,4,4,4,True
,20,4,4,4,True
,0,4,4,4,True
,1,4,4,4,True
,2,4,4,4,True
,3,4,4,4,True
,4,8,8,8,True
,5,4,4,4,True
,6,4,4,4,True
,7,4,4,4,True
,8,8,8,8,True
,9,4,4,4,True
,10,4,4,4,True
,11,4,4,4,True
,12,8,8,8,True
,13,4,4,4,True
,14,4,4,4,True
,15,4,4,4,True
,16,8,8,8,True
,17,4,4,4,True
,18,4,4,4,True
,19,4,4,4,True
,20,4,4,4,True
,0,4,4,4,True
,1,4,4,4,True
,2,4,4,4,True
,3,4,4,4,True
,4,8,8,8,True
,5,4,4,4,True
,6,4,4,4,True
,7,4,4,4,True
,8,8,8,8,True
,9,4,4,4,True
,10,4,4,4,True
,11,4,4,4,True
,12,8,8,8,True
,13,4,4,4,True
,14,4,4,4,True
,15,4,4,4,True
,16,8,8,8,True
,17,4,4,4,True
,18,4,4,4,True
,19,4,4,4,True
,20,4,4,4,True
,0,4,4,4,True
,1,4,4,4,True
,2,4,4,4,True
,3,4,4,4,True
,4,8,8,8,True
,5,4,4,4,True
,6,4,4,4,True
,7,4,4,4,True
,8,8,8,8,True
,9,4,4,4,True
,10,4,4,4,True
,11,4,4,4,True
,12,8,8,8,True
,13,4,4,4,True
,14,4,4,4,True
,15,4,4,4,True
,16,8,8,8,True
,17,4,4,4,True
,18,4,4,4,True
,19,4,4,4,True
,20,4,4,4,True
,0,4,4,4,True
,1,4,4,4,True
,2,4,4,4,True
,3,4,4,4,True
,4,8,8,8,True
,5,4,4,4,True
,6,4,4,4,True
,7,4,4,4,True
,8,8,8,8,True
,9,4,4,4,True
,10,4,4,4,True
,11,4,4,4,True
,12,8,8,8,True
,13,4,4,4,True
,14,4,4,4,True
,15,4,4,4,True
,16,8,8,8,True
,17,4,4,4,True
,18,4,4,4,True
,19,4,4,4,True
,20,4,4,4,True
,0,16,16,16,True
,11,32,32,32,True
,22,16,16,16,True
,0,16,16,16,True
,11,32,32,32,True
,22,16,16,16,True
,0,16,16,16,True
,11,32,32,32,True
,22,16,16,16,True
,0,4,4,4,True
,23,4,4,4,True
,0,4,4,4,True
,23,4,4,4,True
,0,4,4,4,True
,23,4,4,4,True
,0,4,4,4,True
,23,4,4,4,True
,0,4,4,4,True
,23,4,4,4,True
,0,4,4,4,True
,23,4,4,4,True
,0,32,32,32,True
,1,64,64,64,True
,2,128,128,128,True
,3,192,192,192,True
,4,320,320,320,True
,5,448,448,448,True
,6,576,576,576,True
,7,704,704,704,True
,8,832,832,832,True
,9,960,960,960,True
,10,1088,1088,1088,True
,11,1216,1216,1216,True
,12,1280,1280,1280,True
,13,1344,1344,1344,True
,14,1344,1344,1344,True
,15,1344,1344,1344,True
,16,1184,1184,1184,True
,17,1024,1024,1024,True
,18,832,832,832,True
,19,640,640,640,True
,20,448,448,448,True
,21,256,256,256,True
,22,128,128,128,True
,0,32,32,32,True
,1,64,64,64,True
,2,128,128,128,True
,3,192,192,192,True
,4,320,320,320,True
,5,448,448,448,True
,6,576,576,576,True
,7,704,704,704,True
,8,832,832,832,True
,9,960,960,960,True
,10,1088,1088,1088,True
,11,1216,1216,1216,True
,12,1280,1280,1280,True
,13,1344,1344,1344,True
,14,1344,1344,1344,True
,15,1344,1344,1344,True
,16,1184,1184,1184,True
,17,1024,1024,1024,True
,18,832,832,832,True
,19,640,640,640,True
,20,448,448,448,True
,21,256,256,256,True
,22,128,128,128,True
,0,32,32,32,True
,1,64,64,64,True
,2,128,128,128,True
,3,192,192,192,True
,4,320,320,320,True
,5,448,448,448,True
,6,576,576,576,True
,7,704,704,704,True
,8,832,832,832,True
,9,960,960,960,True
,10,1088,1088,1088,True
,11,1216,1216,1216,True
,12,1280,1280,1280,True
,13,1344,1344,1344,True
,14,1344,1344,1344,True
,15,1344,1344,1344,True
,16,1184,1184,1184,True
,17,1024,1024,1024,True
,18,832,832,832,True
,19,640,640,640,True
,20,448,448,448,True
,21,256,256,256,True
,22,128,128,128,True
,0,128,128,128,True
,0,128,128,128,True
,0,8,8,8,True
,2,24,24,24,True
,14,24,24,24,True
,16,72,72,72,True
,0,8,8,8,True
,2,24,24,24,True
,14,24,24,24,True
,16,72,72,72,True
,0,8,8,8,True
,2,24,24,24,True
,14,24,24,24,True
,16,72,72,72,True
,0,8,8,8,True
,2,24,24,24,True
,14,24,24,24,True
,16,72,72,72,True
,0,64,64,64,True
,0,64,64,64,True
,0,64,64,64,True
,0,4,4,4,True
,1,4,4,4,True
,16,4,4,4,True
,17,4,4,4,True
,0,4,4,4,True
,1,4,4,4,True
,16,4,4,4,True
,17,4,4,4,True
,0,4,4,4,True
,1,4,4,4,True
,16,4,4,4,True
,17,4,4,4,True
,0,4,4,4,True
,1,4,4,4,True
,16,4,4,4,True
,17,4,4,4,True
,0,4,4,4,True
,1,4,4,4,True
,16,4,4,4,True
,17,4,4,4,True
,0,4,4,4,True
,1,4,4,4,True
,16,4,4,4,True
,17,4,4,4,True
,0,4,4,4,True
,0,4,4,4,True
,0,4,4,4,True
,0,4,4,4,True
,0,4,4,4,True
,0,4,4,4,True
,0,4,4,4,True
,1,8,8,8,True
,2,12,12,12,True
,3,16,16,16,True
,4,20,20,20,True
,5,24,24,24,True
,6,28,28,28,True
,7,32,32,32,True
,8,36,36,36,True
,9,40,40,40,True
,10,44,44,44,True
,11,48,48,48,True
,12,52,52,52,True
,13,56,56,56,True
,14,52,52,52,True
,15,48,48,48,True
,16,44,44,44,True
,17,40,40,40,True
,18,36,36,36,True
,19,32,32,32,True
,20,28,28,28,True
,21,24,24,24,True
,22,20,20,20,True
,23,16,16,16,True
,24,12,12,12,True
,25,8,8,8,True
,26,4,4,4,True
,0,4,4,4,True
,1,8,8,8,True
,2,12,12,12,True
,3,16,16,16,True
,4,20,20,20,True
,5,24,24,24,True
,6,28,28,28,True
,7,32,32,32,True
,8,36,36,36,True
,9,40,40,40,True
,10,44,44,44,True
,11,48,48,48,True
,12,52,52,52,True
,13,56,56,56,True
,14,52,52,52,True
,15,48,48,48,True
,16,44,44,44,True
,17,40,40,40,True
,18,36,36,36,True
,19,32,32,32,True
,20,28,28,28,True
,21,24,24,24,True
,22,20,20,20,True
,23,16,16,16,True
,24,12,12,12,True
,25,8,8,8,True
,26,4,4,4,True
,0,4,4,4,True
,1,8,8,8,True
,2,12,12,12,True
,3,16,16,16,True
,4,20,20,20,True
,5,24,24,24,True
,6,28,28,28,True
,7,32,32,32,True
,8,36,36,36,True
,9,40,40,40,True
,10,44,44,44,True
,11,48,48,48,True
,12,52,52,52,True
,13,56,56,56,True
,14,52,52,52,True
,15,48,48,48,True
,16,44,44,44,True
,17,40,40,40,True
,18,36,36,36,True
,19,32,32,32,True
,20,28,28,28,True
,21,24,24,24,True
,22,20,20,20,True
,23,16,16,16,True
,24,12,12,12,True
,25,8,8,8,True
,26,4,4,4,True
,0,16,16,16,True
,5,16,16,16,True
,20,16,16,16,True
,25,16,16,16,True
,0,16,16,16,True
,5,16,16,16,True
,20,16,16,16,True
,25,16,16,16,True
,0,16,16,16,True
,5,16,16,16,True
,20,16,16,16,True
,25,16,16,16,True
,0,16,16,16,True
,5,16,16,16,True
,20,16,16,16,True
,25,16,16,16,True
,0,16,16,16,True
,5,16,16,16,True
,20,16,16,16,True
,25,16,16,16,True
,0,16,16,16,True
,5,16,16,16,True
,20,16,16,16,True
,25,16,16,16,True
,0,16,16,16,True
,1,16,16,16,True
,6,48,48,48,True
,7,48,48,48,True
,12,48,48,48,True
,13,48,48,48,True
,18,16,16,16,True
,19,16,16,16,True
,0,16,16,16,True
,1,16,16,16,True
,6,48,48,48,True
,7,48,48,48,True
,12,48,48,48,True
,13,48,48,48,True
,18,16,16,16,True
,19,16,16,16,True
,0,4,4,4,True
,1,4,4,4,True
,6,12,12,12,True
,7,12,12,12,True
,12,24,24,24,True
,13,24,24,24,True
,18,76,76,76,True
,19,76,76,76,True
,24,12,12,12,True
,25,12,12,12,True
,0,4,4,4,True
,1,4,4,4,True
,6,12,12,12,True
,7,12,12,12,True
,12,24,24,24,True
,13,24,24,24,True
,18,76,76,76,True
,19,76,76,76,True
,24,12,12,12,True
,25,12,12,12,True
,0,4,4,4,True
,1,4,4,4,True
,6,12,12,12,True
,7,12,12,12,True
,12,24,24,24,True
,13,24,24,24,True
,18,76,76,76,True
,19,76,76,76,True
,24,12,12,12,True
,25,12,12,12,True
,0,4,4,4,True
,1,4,4,4,True
,6,12,12,12,True
,7,12,12,12,True
,12,24,24,24,True
,13,24,24,24,True
,18,76,76,76,True
,19,76,76,76,True
,24,12,12,12,True
,25,12,12,12,True
,0,16,16,16,True
,0,16,16,16,True
,0,16,16,16,True
,0,4,4,4,True
,29,4,4,4,True
,0,4,4,4,True
,29,4,4,4,True
,0,4,4,4,True
,29,4,4,4,True
,0,4,4,4,True
,29,4,4,4,True
,0,4,4,4,True
,29,4,4,4,True
,0,4,4,4,True
,29,4,4,4,True
,0,64,64,64,True
,1,128,128,128,True
,2,128,128,128,True
,3,128,128,128,True
,4,320,320,320,True
,5,512,512,512,True
,6,512,512,512,True
,7,512,512,512,True
,8,768,768,768,True
,9,1024,1024,1024,True
,10,1024,1024,1024,True
,11,1024,1024,1024,True
,12,1152,1152,1152,True
,13,1280,1280,1280,True
,14,1280,1280,1280,True
,15,1280,1280,1280,True
,16,1088,1088,1088,True
,17,896,896,896,True
,18,896,896,896,True
,19,896,896,896,True
,20,576,576,576,True
,21,256,256,256,True
,22,256,256,256,True
,23,256,256,256,True
,24,128,128,128,True
,0,64,64,64,True
,1,128,128,128,True
,2,128,128,128,True
,3,128,128,128,True
,4,320,320,320,True
,5,512,512,512,True
,6,512,512,512,True
,7,512,512,512,True
,8,768,768,768,True
,9,1024,1024,1024,True
,10,1024,1024,1024,True
,11,1024,1024,1024,True
,12,1152,1152,1152,True
,13,1280,1280,1280,True
,14,1280,1280,1280,True
,15,1280,1280,1280,True
,16,1088,1088,1088,True
,17,896,896,896,True
,18,896,896,896,True
,19,896,896,896,True
,20,576,576,576,True
,21,256,256,256,True
,22,256,256,256,True
,23,256,256,256,True
,24,128,128,128,True
,0,64,64,64,True
,1,128,128,128,True
,2,128,128,128,True
,3,128,128,128,True
,4,320,320,320,True
,5,512,512,512,True
,6,512,512,512,True
,7,512,512,512,True
,8,768,768,768,True
,9,1024,1024,1024,True
,10,1024,1024,1024,True
,11,1024,1024,1024,True
,12,1152,1152,1152,True
,13,1280,1280,1280,True
,14,1280,1280,1280,True
,15,1280,1280,1280,True
,16,1088,1088,1088,True
,17,896,896,896,True
,18,896,896,896,True
,19,896,896,896,True
,20,576,576,576,True
,21,256,256,256,True
,22,256,256,256,True
,23,256,256,256,True
,24,128,128,128,True
,0,2,2,2,True
,0,2,2,2,True
,0,2,2,2,True
,0,2,2,2,True
,0,2,2,2,True
,0,2,2,2,True
,1,1,1,1,True
,0,2,2,2,True
,1,1,1,1,True
,0,2,2,2,True
,1,1,1,1,True
,0,2,2,2,True
,1,1,1,1,True
,0,2,2,2,True
,1,1,1,1,True
,0,4,4,4,True
,0,4,4,4,True
,0,4,4,4,True
,0,4,4,4,True
,0,4,4,4,True
,0,2,2,2,True
,1,2,2,2,True
,2,1,1,1,True
,0,2,2,2,True
,1,2,2,2,True
,2,1,1,1,True
,0,2,2,2,True
,1,2,2,2,True
,2,1,1,1,True
,0,2,2,2,True
,1,2,2,2,True
,2,1,1,1,True
,0,2,2,2,True
,1,2,2,2,True
,2,1,1,1,True
,0,4,4,4,True
,0,4,4,4,True
,0,4,4,4,True
,0,4,4,4,True
,0,4,4,4,True
,0,4,4,4,True
,1,2,2,2,True
,2,2,2,2,True
,3,1,1,1,True
,0,4,4,4,True
,1,2,2,2,True
,2,2,2,2,True
,3,1,1,1,True
,0,4,4,4,True
,1,2,2,2,True
,2,2,2,2,True
,3,1,1,1,True
,0,4,4,4,True
,1,2,2,2,True
,2,2,2,2,True
,3,1,1,1,True
,0,4,4,4,True
,1,2,2,2,True
,2,2,2,2,True
,3,1,1,1,True
,0,4,4,4,True
,3,4,4,4,True
,0,4,4,4,True
,3,4,4,4,True
,0,4,4,4,True
,3,4,4,4,True
,0,4,4,4,True
,3,4,4,4,True
,0,4,4,4,True
,3,4,4,4,True
,0,2,2,2,True
,1,2,2,2,True
,2,2,2,2,True
,3,2,2,2,True
,4,1,1,1,True
,0,2,2,2,True
,1,2,2,2,True
,2,2,2,2,True
,3,2,2,2,True
,4,1,1,1,True
,0,2,2,2,True
,1,2,2,2,True
,2,2,2,2,True
,3,2,2,2,True
,4,1,1,1,True
,0,2,2,2,True
,1,2,2,2,True
,2,2,2,2,True
,3,2,2,2,True
,4,1,1,1,True
,0,2,2,2,True
,1,2,2,2,True
,2,2,2,2,True
,3,2,2,2,True
,4,1,1,1,True
,0,8,8,8,True
,0,8,8,8,True
,0,8,8,8,True
,0,8,8,8,True
,0,8,8,8,True
,0,4,4,4,True
,1,2,2,2,True
,4,2,2,2,True
,5,1,1,1,True
,0,4,4,4,True
,1,2,2,2,True
,4,2,2,2,True
,5,1,1,1,True
,0,4,4,4,True
,1,2,2,2,True
,4,2,2,2,True
,5,1,1,1,True
,0,4,4,4,True
,1,2,2,2,True
,4,2,2,2,True
,5,1,1,1,True
,0,4,4,4,True
,1,2,2,2,True
,4,2,2,2,True
,5,1,1,1,True
,0,64,64,64,True
,0,4,4,4,True
,2,40,40,40,True
,4,20,20,20,True
,0,4,4,4,True
,2,40,40,40,True
,4,20,20,20,True
,0,4,4,4,True
,2,40,40,40,True
,4,20,20,20,True
,0,4,4,4,True
,2,40,40,40,True
,4,20,20,20,True
,0,4,4,4,True
,1,4,4,4,True
,2,6,6,6,True
,3,4,4,4,True
,4,4,4,4,True
,5,2,2,2,True
,6,1,1,1,True
,0,4,4,4,True
,1,4,4,4,True
,2,6,6,6,True
,3,4,4,4,True
,4,4,4,4,True
,5,2,2,2,True
,6,1,1,1,True
,0,4,4,4,True
,1,4,4,4,True
,2,6,6,6,True
,3,4,4,4,True
,4,4,4,4,True
,5,2,2,2,True
,6,1,1,1,True
,0,4,4,4,True
,1,4,4,4,True
,2,6,6,6,True
,3,4,4,4,True
,4,4,4,4,True
,5,2,2,2,True
,6,1,1,1,True
,0,4,4,4,True
,1,4,4,4,True
,2,6,6,6,True
,3,4,4,4,True
,4,4,4,4,True
,5,2,2,2,True
,6,1,1,1,True
,0,4,4,4,True
,0,4,4,4,True
,0,4,4,4,True
,0,4,4,4,True
,0,4,4,4,True
,0,4,4,4,True
,1,2,2,2,True
,3,8,8,8,True
,4,4,4,4,True
,6,6,6,6,True
,7,3,3,3,True
,0,4,4,4,True
,1,2,2,2,True
,3,8,8,8,True
,4,4,4,4,True
,6,6,6,6,True
,7,3,3,3,True
,0,4,4,4,True
,1,2,2,2,True
,3,8,8,8,True
,4,4,4,4,True
,6,6,6,6,True
,7,3,3,3,True
,0,4,4,4,True
,1,2,2,2,True
,3,8,8,8,True
,4,4,4,4,True
,6,6,6,6,True
,7,3,3,3,True
,0,4,4,4,True
,1,2,2,2,True
,3,8,8,8,True
,4,4,4,4,True
,6,6,6,6,True
,7,3,3,3,True
,0,16,16,16,True
,4,16,16,16,True
,0,16,16,16,True
,4,16,16,16,True
,0,16,16,16,True
,4,16,16,16,True
,0,16,16,16,True
,4,16,16,16,True
,0,16,16,16,True
,4,16,16,16,True
,0,2,2,2,True
,1,2,2,2,True
,2,2,2,2,True
,3,2,2,2,True
,4,2,2,2,True
,5,2,2,2,True
,6,2,2,2,True
,7,2,2,2,True
,8,1,1,1,True
,0,2,2,2,True
,1,2,2,2,True
,2,2,2,2,True
,3,2,2,2,True
,4,2,2,2,True
,5,2,2,2,True
,6,2,2,2,True
,7,2,2,2,True
,8,1,1,1,True
,0,2,2,2,True
,1,2,2,2,True
,2,2,2,2,True
,3,2,2,2,True
,4,2,2,2,True
,5,2,2,2,True
,6,2,2,2,True
,7,2,2,2,True
,8,1,1,1,True
,0,2,2,2,True
,1,2,2,2,True
,2,2,2,2,True
,3,2,2,2,True
,4,2,2,2,True
,5,2,2,2,True
,6,2,2,2,True
,7,2,2,2,True
,8,1,1,1,True
,0,2,2,2,True
,1,2,2,2,True
,2,2,2,2,True
,3,2,2,2,True
,4,2,2,2,True
,5,2,2,2,True
,6,2,2,2,True
,7,2,2,2,True
,8,1,1,1,True
,0,8,8,8,True
,0,8,8,8,True
,0,8,8,8,True
,0,8,8,8,True
,0,8,8,8,True
,0,8,8,8,True
,1,4,4,4,True
,2,4,4,4,True
,3,2,2,2,True
,6,4,4,4,True
,7,2,2,2,True
,8,2,2,2,True
,9,1,1,1,True
,0,8,8,8,True
,1,4,4,4,True
,2,4,4,4,True
,3,2,2,2,True
,6,4,4,4,True
,7,2,2,2,True
,8,2,2,2,True
,9,1,1,1,True
,0,8,8,8,True
,1,4,4,4,True
,2,4,4,4,True
,3,2,2,2,True
,6,4,4,4,True
,7,2,2,2,True
,8,2,2,2,True
,9,1,1,1,True
,0,8,8,8,True
,1,4,4,4,True
,2,4,4,4,True
,3,2,2,2,True
,6,4,4,4,True
,7,2,2,2,True
,8,2,2,2,True
,9,1,1,1,True
,0,8,8,8,True
,1,4,4,4,True
,2,4,4,4,True
,3,2,2,2,True
,6,4,4,4,True
,7,2,2,2,True
,8,2,2,2,True
,9,1,1,1,True
,0,4,4,4,True
,0,4,4,4,True
,0,4,4,4,True
,0,4,4,4,True
,0,4,4,4,True
,0,4,4,4,True
,1,4,4,4,True
,2,2,2,2,True
,4,4,4,4,True
,5,4,4,4,True
,6,2,2,2,True
,8,2,2,2,True
,9,2,2,2,True
,10,1,1,1,True
,0,4,4,4,True
,1,4,4,4,True
,2,2,2,2,True
,4,4,4,4,True
,5,4,4,4,True
,6,2,2,2,True
,8,2,2,2,True
,9,2,2,2,True
,10,1,1,1,True
,0,4,4,4,True
,1,4,4,4,True
,2,2,2,2,True
,4,4,4,4,True
,5,4,4,4,True
,6,2,2,2,True
,8,2,2,2,True
,9,2,2,2,True
,10,1,1,1,True
,0,4,4,4,True
,1,4,4,4,True
,2,2,2,2,True
,4,4,4,4,True
,5,4,4,4,True
,6,2,2,2,True
,8,2,2,2,True
,9,2,2,2,True
,10,1,1,1,True
,0,4,4,4,True
,1,4,4,4,True
,2,2,2,2,True
,4,4,4,4,True
,5,4,4,4,True
,6,2,2,2,True
,8,2,2,2,True
,9,2,2,2,True
,10,1,1,1,True
,0,16,16,16,True
,3,16,16,16,True
,6,16,16,16,True
,9,16,16,16,True
,0,16,16,16,True
,3,16,16,16,True
,6,16,16,16,True
,9,16,16,16,True
,0,16,16,16,True
,3,16,16,16,True
,6,16,16,16,True
,9,16,16,16,True
,0,16,16,16,True
,3,16,16,16,True
,6,16,16,16,True
,9,16,16,16,True
,0,16,16,16,True
,3,16,16,16,True
,6,16,16,16,True
,9,16,16,16,True
,0,64,64,64,True
,1,32,32,32,True
,2,160,160,160,True
,3,80,80,80,True
,4,160,160,160,True
,5,80,80,80,True
,6,80,80,80,True
,7,40,40,40,True
,8,20,20,20,True
,9,10,10,10,True
,10,2,2,2,True
,11,1,1,1,True
,0,4,4,4,True
,1,2,2,2,True
,2,20,20,20,True
,3,10,10,10,True
,4,160,160,160,True
,5,80,80,80,True
,6,200,200,200,True
,7,100,100,100,True
,8,100,100,100,True
,9,50,50,50,True
,10,2,2,2,True
,11,1,1,1,True
,0,4,4,4,True
,1,2,2,2,True
,2,20,20,20,True
,3,10,10,10,True
,4,160,160,160,True
,5,80,80,80,True
,6,200,200,200,True
,7,100,100,100,True
,8,100,100,100,True
,9,50,50,50,True
,10,2,2,2,True
,11,1,1,1,True
,0,4,4,4,True
,1,2,2,2,True
,2,20,20,20,True
,3,10,10,10,True
,4,160,160,160,True
,5,80,80,80,True
,6,200,200,200,True
,7,100,100,100,True
,8,100,100,100,True
,9,50,50,50,True
,10,2,2,2,True
,11,1,1,1,True
,0,4,4,4,True
,1,2,2,2,True
,2,20,20,20,True
,3,10,10,10,True
,4,160,160,160,True
,5,80,80,80,True
,6,200,200,200,True
,7,100,100,100,True
,8,100,100,100,True
,9,50,50,50,True
,10,2,2,2,True
,11,1,1,1,True
,0,4,4,4,True
,11,4,4,4,True
,0,4,4,4,True
,11,4,4,4,True
,0,4,4,4,True
,11,4,4,4,True
,0,4,4,4,True
,11,4,4,4,True
,0,4,4,4,True
,11,4,4,4,True
,0,4,4,4,True
,1,4,4,4,True
,2,8,8,8,True
,3,8,8,8,True
,4,10,10,10,True
,5,8,8,8,True
,6,10,10,10,True
,7,8,8,8,True
,8,8,8,8,True
,9,6,6,6,True
,10,4,4,4,True
,11,2,2,2,True
,12,1,1,1,True
,0,4,4,4,True
,1,4,4,4,True
,2,8,8,8,True
,3,8,8,8,True
,4,10,10,10,True
,5,8,8,8,True
,6,10,10,10,True
,7,8,8,8,True
,8,8,8,8,True
,9,6,6,6,True
,10,4,4,4,True
,11,2,2,2,True
,12,1,1,1,True
,0,4,4,4,True
,1,4,4,4,True
,2,8,8,8,True
,3,8,8,8,True
,4,10,10,10,True
,5,8,8,8,True
,6,10,10,10,True
,7,8,8,8,True
,8,8,8,8,True
,9,6,6,6,True
,10,4,4,4,True
,11,2,2,2,True
,12,1,1,1,True
,0,4,4,4,True
,1,4,4,4,True
,2,8,8,8,True
,3,8,8,8,True
,4,10,10,10,True
,5,8,8,8,True
,6,10,10,10,True
,7,8,8,8,True
,8,8,8,8,True
,9,6,6,6,True
,10,4,4,4,True
,11,2,2,2,True
,12,1,1,1,True
,0,4,4,4,True
,1,4,4,4,True
,2,8,8,8,True
,3,8,8,8,True
,4,10,10,10,True
,5,8,8,8,True
,6,10,10,10,True
,7,8,8,8,True
,8,8,8,8,True
,9,6,6,6,True
,10,4,4,4,True
,11,2,2,2,True
,12,1,1,1,True
,0,128,128,128,True
,0,8,8,8,True
,4,80,80,80,True
,8,40,40,40,True
,0,8,8,8,True
,4,80,80,80,True
,8,40,40,40,True
,0,8,8,8,True
,4,80,80,80,True
,8,40,40,40,True
,0,8,8,8,True
,4,80,80,80,True
,8,40,40,40,True
,0,4,4,4,True
,1,2,2,2,True
,12,2,2,2,True
,13,1,1,1,True
,0,4,4,4,True
,1,2,2,2,True
,12,2,2,2,True
,13,1,1,1,True
,0,4,4,4,True
,1,2,2,2,True
,12,2,2,2,True
,13,1,1,1,True
,0,4,4,4,True
,1,2,2,2,True
,12,2,2,2,True
,13,1,1,1,True
,0,4,4,4,True
,1,2,2,2,True
,12,2,2,2,True
,13,1,1,1,True
,0,16,16,16,True
,0,16,16,16,True
,0,16,16,16,True
,0,16,16,16,True
,0,16,16,16,True
,0,4,4,4,True
,1,4,4,4,True
,2,2,2,2,True
,3,8,8,8,True
,4,8,8,8,True
,5,4,4,4,True
,6,12,12,12,True
,7,12,12,12,True
,8,6,6,6,True
,9,16,16,16,True
,10,16,16,16,True
,11,8,8,8,True
,12,10,10,10,True
,13,10,10,10,True
,14,5,5,5,True
,0,4,4,4,True
,1,4,4,4,True
,2,2,2,2,True
,3,8,8,8,True
,4,8,8,8,True
,5,4,4,4,True
,6,12,12,12,True
,7,12,12,12,True
,8,6,6,6,True
,9,16,16,16,True
,10,16,16,16,True
,11,8,8,8,True
,12,10,10,10,True
,13,10,10,10,True
,14,5,5,5,True
,0,4,4,4,True
,1,4,4,4,True
,2,2,2,2,True
,3,8,8,8,True
,4,8,8,8,True
,5,4,4,4,True
,6,12,12,12,True
,7,12,12,12,True
,8,6,6,6,True
,9,16,16,16,True
,10,16,16,16,True
,11,8,8,8,True
,12,10,10,10,True
,13,10,10,10,True
,14,5,5,5,True
,0,4,4,4,True
,1,4,4,4,True
,2,2,2,2,True
,3,8,8,8,True
,4,8,8,8,True
,5,4,4,4,True
,6,12,12,12,True
,7,12,12,12,True
,8,6,6,6,True
,9,16,16,16,True
,10,16,16,16,True
,11,8,8,8,True
,12,10,10,10,True
,13,10,10,10,True
,14,5,5,5,True
,0,4,4,4,True
,1,4,4,4,True
,2,2,2,2,True
,3,8,8,8,True
,4,8,8,8,True
,5,4,4,4,True
,6,12,12,12,True
,7,12,12,12,True
,8,6,6,6,True
,9,16,16,16,True
,10,16,16,16,True
,11,8,8,8,True
,12,10,10,10,True
,13,10,10,10,True
,14,5,5,5,True
,0,4,4,4,True
,0,4,4,4,True
,0,4,4,4,True
,0,4,4,4,True
,0,4,4,4,True
,0,16,16,16,True
,1,8,8,8,True
,2,8,8,8,True
,3,4,4,4,True
,4,40,40,40,True
,5,20,20,20,True
,6,20,20,20,True
,7,10,10,10,True
,8,40,40,40,True
,9,20,20,20,True
,10,20,20,20,True
,11,10,10,10,True
,12,12,12,12,True
,13,6,6,6,True
,14,6,6,6,True
,15,3,3,3,True
,0,16,16,16,True
,1,8,8,8,True
,2,8,8,8,True
,3,4,4,4,True
,4,40,40,40,True
,5,20,20,20,True
,6,20,20,20,True
,7,10,10,10,True
,8,40,40,40,True
,9,20,20,20,True
,10,20,20,20,True
,11,10,10,10,True
,12,12,12,12,True
,13,6,6,6,True
,14,6,6,6,True
,15,3,3,3,True
,0,16,16,16,True
,1,8,8,8,True
,2,8,8,8,True
,3,4,4,4,True
,4,40,40,40,True
,5,20,20,20,True
,6,20,20,20,True
,7,10,10,10,True
,8,40,40,40,True
,9,20,20,20,True
,10,20,20,20,True
,11,10,10,10,True
,12,12,12,12,True
,13,6,6,6,True
,14,6,6,6,True
,15,3,3,3,True
,0,16,16,16,True
,1,8,8,8,True
,2,8,8,8,True
,3,4,4,4,True
,4,40,40,40,True
,5,20,20,20,True
,6,20,20,20,True
,7,10,10,10,True
,8,40,40,40,True
,9,20,20,20,True
,10,20,20,20,True
,11,10,10,10,True
,12,12,12,12,True
,13,6,6,6,True
,14,6,6,6,True
,15,3,3,3,True
,0,16,16,16,True
,1,8,8,8,True
,2,8,8,8,True
,3,4,4,4,True
,4,40,40,40,True
,5,20,20,20,True
,6,20,20,20,True
,7,10,10,10,True
,8,40,40,40,True
,9,20,20,20,True
,10,20,20,20,True
,11,10,10,10,True
,12,12,12,12,True
,13,6,6,6,True
,14,6,6,6,True
,15,3,3,3,True
,0,2,2,2,True
,1,2,2,2,True
,2,2,2,2,True
,3,2,2,2,True
,4,2,2,2,True
,5,2,2,2,True
,6,2,2,2,True
,7,2,2,2,True
,8,2,2,2,True
,9,2,2,2,True
,10,2,2,2,True
,11,2,2,2,True
,12,2,2,2,True
,13,2,2,2,True
,14,2,2,2,True
,15,2,2,2,True
,16,1,1,1,True
,0,2,2,2,True
,1,2,2,2,True
,2,2,2,2,True
,3,2,2,2,True
,4,2,2,2,True
,5,2,2,2,True
,6,2,2,2,True
,7,2,2,2,True
,8,2,2,2,True
,9,2,2,2,True
,10,2,2,2,True
,11,2,2,2,True
,12,2,2,2,True
,13,2,2,2,True
,14,2,2,2,True
,15,2,2,2,True
,16,1,1,1,True
,0,2,2,2,True
,1,2,2,2,True
,2,2,2,2,True
,3,2,2,2,True
,4,2,2,2,True
,5,2,2,2,True
,6,2,2,2,True
,7,2,2,2,True
,8,2,2,2,True
,9,2,2,2,True
,10,2,2,2,True
,11,2,2,2,True
,12,2,2,2,True
,13,2,2,2,True
,14,2,2,2,True
,15,2,2,2,True
,16,1,1,1,True
,0,2,2,2,True
,1,2,2,2,True
,2,2,2,2,True
,3,2,2,2,True
,4,2,2,2,True
,5,2,2,2,True
,6,2,2,2,True
,7,2,2,2,True
,8,2,2,2,True
,9,2,2,2,True
,10,2,2,2,True
,11,2,2,2,True
,12,2,2,2,True
,13,2,2,2,True
,14,2,2,2,True
,15,2,2,2,True
,16,1,1,1,True
,0,2,2,2,True
,1,2,2,2,True
,2,2,2,2,True
,3,2,2,2,True
,4,2,2,2,True
,5,2,2,2,True
,6,2,2,2,True
,7,2,2,2,True
,8,2,2,2,True
,9,2,2,2,True
,10,2,2,2,True
,11,2,2,2,True
,12,2,2,2,True
,13,2,2,2,True
,14,2,2,2,True
,15,2,2,2,True
,16,1,1,1,True
,0,8,8,8,True
,1,4,4,4,True
,8,8,8,8,True
,9,4,4,4,True
,16,2,2,2,True
,17,1,1,1,True
,0,8,8,8,True
,1,4,4,4,True
,8,8,8,8,True
,9,4,4,4,True
,16,2,2,2,True
,17,1,1,1,True
,0,8,8,8,True
,1,4,4,4,True
,8,8,8,8,True
,9,4,4,4,True
,16,2,2,2,True
,17,1,1,1,True
,0,8,8,8,True
,1,4,4,4,True
,8,8,8,8,True
,9,4,4,4,True
,16,2,2,2,True
,17,1,1,1,True
,0,8,8,8,True
,1,4,4,4,True
,8,8,8,8,True
,9,4,4,4,True
,16,2,2,2,True
,17,1,1,1,True
,0,16,16,16,True
,3,16,16,16,True
,12,16,16,16,True
,15,16,16,16,True
,0,16,16,16,True
,3,16,16,16,True
,12,16,16,16,True
,15,16,16,16,True
,0,16,16,16,True
,3,16,16,16,True
,12,16,16,16,True
,15,16,16,16,True
,0,16,16,16,True
,3,16,16,16,True
,12,16,16,16,True
,15,16,16,16,True
,0,16,16,16,True
,3,16,16,16,True
,12,16,16,16,True
,15,16,16,16,True
,0,8,8,8,True
,1,8,8,8,True
,2,12,12,12,True
,3,8,8,8,True
,4,8,8,8,True
,5,4,4,4,True
,6,10,10,10,True
,7,8,8,8,True
,8,12,12,12,True
,9,8,8,8,True
,10,8,8,8,True
,11,4,4,4,True
,12,6,6,6,True
,13,4,4,4,True
,14,6,6,6,True
,15,4,4,4,True
,16,4,4,4,True
,17,2,2,2,True
,18,1,1,1,True
,0,8,8,8,True
,1,8,8,8,True
,2,12,12,12,True
,3,8,8,8,True
,4,8,8,8,True
,5,4,4,4,True
,6,10,10,10,True
,7,8,8,8,True
,8,12,12,12,True
,9,8,8,8,True
,10,8,8,8,True
,11,4,4,4,True
,12,6,6,6,True
,13,4,4,4,True
,14,6,6,6,True
,15,4,4,4,True
,16,4,4,4,True
,17,2,2,2,True
,18,1,1,1,True
,0,8,8,8,True
,1,8,8,8,True
,2,12,12,12,True
,3,8,8,8,True
,4,8,8,8,True
,5,4,4,4,True
,6,10,10,10,True
,7,8,8,8,True
,8,12,12,12,True
,9,8,8,8,True
,10,8,8,8,True
,11,4,4,4,True
,12,6,6,6,True
,13,4,4,4,True
,14,6,6,6,True
,15,4,4,4,True
,16,4,4,4,True
,17,2,2,2,True
,18,1,1,1,True
,0,8,8,8,True
,1,8,8,8,True
,2,12,12,12,True
,3,8,8,8,True
,4,8,8,8,True
,5,4,4,4,True
,6,10,10,10,True
,7,8,8,8,True
,8,12,12,12,True
,9,8,8,8,True
,10,8,8,8,True
,11,4,4,4,True
,12,6,6,6,True
,13,4,4,4,True
,14,6,6,6,True
,15,4,4,4,True
,16,4,4,4,True
,17,2,2,2,True
,18,1,1,1,True
,0,8,8,8,True
,1,8,8,8,True
,2,12,12,12,True
,3,8,8,8,True
,4,8,8,8,True
,5,4,4,4,True
,6,10,10,10,True
,7,8,8,8,True
,8,12,12,12,True
,9,8,8,8,True
,10,8,8,8,True
,11,4,4,4,True
,12,6,6,6,True
,13,4,4,4,True
,14,6,6,6,True
,15,4,4,4,True
,16,4,4,4,True
,17,2,2,2,True
,18,1,1,1,True
,0,4,4,4,True
,0,4,4,4,True
,0,4,4,4,True
,0,4,4,4,True
,0,4,4,4,True
,0,4,4,4,True
,1,2,2,2,True
,18,2,2,2,True
,19,1,1,1,True
,0,4,4,4,True
,1,2,2,2,True
,18,2,2,2,True
,19,1,1,1,True
,0,4,4,4,True
,1,2,2,2,True
,18,2,2,2,True
,19,1,1,1,True
,0,4,4,4,True
,1,2,2,2,True
,18,2,2,2,True
,19,1,1,1,True
,0,4,4,4,True
,1,2,2,2,True
,18,2,2,2,True
,19,1,1,1,True
,0,16,16,16,True
,12,16,16,16,True
,0,16,16,16,True
,12,16,16,16,True
,0,16,16,16,True
,12,16,16,16,True
,0,16,16,16,True
,12,16,16,16,True
,0,16,16,16,True
,12,16,16,16,True
,0,4,4,4,True
,1,4,4,4,True
,2,4,4,4,True
,3,4,4,4,True
,4,6,6,6,True
,5,4,4,4,True
,6,4,4,4,True
,7,4,4,4,True
,8,6,6,6,True
,9,4,4,4,True
,10,4,4,4,True
,11,4,4,4,True
,12,6,6,6,True
,13,4,4,4,True
,14,4,4,4,True
,15,4,4,4,True
,16,4,4,4,True
,17,2,2,2,True
,18,2,2,2,True
,19,2,2,2,True
,20,1,1,1,True
,0,4,4,4,True
,1,4,4,4,True
,2,4,4,4,True
,3,4,4,4,True
,4,6,6,6,True
,5,4,4,4,True
,6,4,4,4,True
,7,4,4,4,True
,8,6,6,6,True
,9,4,4,4,True
,10,4,4,4,True
,11,4,4,4,True
,12,6,6,6,True
,13,4,4,4,True
,14,4,4,4,True
,15,4,4,4,True
,16,4,4,4,True
,17,2,2,2,True
,18,2,2,2,True
,19,2,2,2,True
,20,1,1,1,True
,0,4,4,4,True
,1,4,4,4,True
,2,4,4,4,True
,3,4,4,4,True
,4,6,6,6,True
,5,4,4,4,True
,6,4,4,4,True
,7,4,4,4,True
,8,6,6,6,True
,9,4,4,4,True
,10,4,4,4,True
,11,4,4,4,True
,12,6,6,6,True
,13,4,4,4,True
,14,4,4,4,True
,15,4,4,4,True
,16,4,4,4,True
,17,2,2,2,True
,18,2,2,2,True
,19,2,2,2,True
,20,1,1,1,True
,0,4,4,4,True
,1,4,4,4,True
,2,4,4,4,True
,3,4,4,4,True
,4,6,6,6,True
,5,4,4,4,True
,6,4,4,4,True
,7,4,4,4,True
,8,6,6,6,True
,9,4,4,4,True
,10,4,4,4,True
,11,4,4,4,True
,12,6,6,6,True
,13,4,4,4,True
,14,4,4,4,True
,15,4,4,4,True
,16,4,4,4,True
,17,2,2,2,True
,18,2,2,2,True
,19,2,2,2,True
,20,1,1,1,True
,0,4,4,4,True
,1,4,4,4,True
,2,4,4,4,True
,3,4,4,4,True
,4,6,6,6,True
,5,4,4,4,True
,6,4,4,4,True
,7,4,4,4,True
,8,6,6,6,True
,9,4,4,4,True
,10,4,4,4,True
,11,4,4,4,True
,12,6,6,6,True
,13,4,4,4,True
,14,4,4,4,True
,15,4,4,4,True
,16,4,4,4,True
,17,2,2,2,True
,18,2,2,2,True
,19,2,2,2,True
,20,1,1,1,True
,0,2048,2048,2048,True
,0,8,8,8,True
,4,160,160,160,True
,8,880,880,880,True
,12,800,800,800,True
,16,200,200,200,True
,0,8,8,8,True
,4,160,160,160,True
,8,880,880,880,True
,12,800,800,800,True
,16,200,200,200,True
,0,8,8,8,True
,4,160,160,160,True
,8,880,880,880,True
,12,800,800,800,True
,16,200,200,200,True
,0,8,8,8,True
,4,160,160,160,True
,8,880,880,880,True
,12,800,800,800,True
,16,200,200,200,True
,0,16,16,16,True
,1,8,8,8,True
,2,8,8,8,True
,3,36,36,36,True
,4,16,16,16,True
,5,16,16,16,True
,6,64,64,64,True
,7,28,28,28,True
,8,28,28,28,True
,9,78,78,78,True
,10,32,32,32,True
,11,32,32,32,True
,12,88,88,88,True
,13,36,36,36,True
,14,36,36,36,True
,15,66,66,66,True
,16,24,24,24,True
,17,24,24,24,True
,18,48,48,48,True
,19,18,18,18,True
,20,18,18,18,True
,21,9,9,9,True
,0,16,16,16,True
,1,8,8,8,True
,2,8,8,8,True
,3,36,36,36,True
,4,16,16,16,True
,5,16,16,16,True
,6,64,64,64,True
,7,28,28,28,True
,8,28,28,28,True
,9,78,78,78,True
,10,32,32,32,True
,11,32,32,32,True
,12,88,88,88,True
,13,36,36,36,True
,14,36,36,36,True
,15,66,66,66,True
,16,24,24,24,True
,17,24,24,24,True
,18,48,48,48,True
,19,18,18,18,True
,20,18,18,18,True
,21,9,9,9,True
,0,16,16,16,True
,1,8,8,8,True
,2,8,8,8,True
,3,36,36,36,True
,4,16,16,16,True
,5,16,16,16,True
,6,64,64,64,True
,7,28,28,28,True
,8,28,28,28,True
,9,78,78,78,True
,10,32,32,32,True
,11,32,32,32,True
,12,88,88,88,True
,13,36,36,36,True
,14,36,36,36,True
,15,66,66,66,True
,16,24,24,24,True
,17,24,24,24,True
,18,48,48,48,True
,19,18,18,18,True
,20,18,18,18,True
,21,9,9,9,True
,0,16,16,16,True
,1,8,8,8,True
,2,8,8,8,True
,3,36,36,36,True
,4,16,16,16,True
,5,16,16,16,True
,6,64,64,64,True
,7,28,28,28,True
,8,28,28,28,True
,9,78,78,78,True
,10,32,32,32,True
,11,32,32,32,True
,12,88,88,88,True
,13,36,36,36,True
,14,36,36,36,True
,15,66,66,66,True
,16,24,24,24,True
,17,24,24,24,True
,18,48,48,48,True
,19,18,18,18,True
,20,18,18,18,True
,21,9,9,9,True
,0,16,16,16,True
,1,8,8,8,True
,2,8,8,8,True
,3,36,36,36,True
,4,16,16,16,True
,5,16,16,16,True
,6,64,64,64,True
,7,28,28,28,True
,8,28,28,28,True
,9,78,78,78,True
,10,32,32,32,True
,11,32,32,32,True
,12,88,88,88,True
,13,36,36,36,True
,14,36,36,36,True
,15,66,66,66,True
,16,24,24,24,True
,17,24,24,24,True
,18,48,48,48,True
,19,18,18,18,True
,20,18,18,18,True
,21,9,9,9,True
,0,16,16,16,True
,0,16,16,16,True
,0,16,16,16,True
,0,16,16,16,True
,0,16,16,16,True
,0,64,64,64,True
,1,64,64,64,True
,2,352,352,352,True
,3,320,320,320,True
,4,960,960,960,True
,5,800,800,800,True
,6,1680,1680,1680,True
,7,1280,1280,1280,True
,8,2080,2080,2080,True
,9,1440,1440,1440,True
,10,1904,1904,1904,True
,11,1184,1184,1184,True
,12,1312,1312,1312,True
,13,720,720,720,True
,14,680,680,680,True
,15,320,320,320,True
,16,260,260,260,True
,17,100,100,100,True
,18,70,70,70,True
,19,20,20,20,True
,20,12,12,12,True
,21,2,2,2,True
,22,1,1,1,True
,0,4,4,4,True
,1,4,4,4,True
,2,22,22,22,True
,3,20,20,20,True
,4,70,70,70,True
,5,60,60,60,True
,6,170,170,170,True
,7,140,140,140,True
,8,790,790,790,True
,9,720,720,720,True
,10,1664,1664,1664,True
,11,1304,1304,1304,True
,12,2232,2232,2232,True
,13,1580,1580,1580,True
,14,2210,2210,2210,True
,15,1420,1420,1420,True
,16,1610,1610,1610,True
,17,900,900,900,True
,18,550,550,550,True
,19,100,100,100,True
,20,52,52,52,True
,21,2,2,2,True
,22,1,1,1,True
,0,4,4,4,True
,1,4,4,4,True
,2,22,22,22,True
,3,20,20,20,True
,4,70,70,70,True
,5,60,60,60,True
,6,170,170,170,True
,7,140,140,140,True
,8,790,790,790,True
,9,720,720,720,True
,10,1664,1664,1664,True
,11,1304,1304,1304,True
,12,2232,2232,2232,True
,13,1580,1580,1580,True
,14,2210,2210,2210,True
,15,1420,1420,1420,True
,16,1610,1610,1610,True
,17,900,900,900,True
,18,550,550,550,True
,19,100,100,100,True
,20,52,52,52,True
,21,2,2,2,True
,22,1,1,1,True
,0,4,4,4,True
,1,4,4,4,True
,2,22,22,22,True
,3,20,20,20,True
,4,70,70,70,True
,5,60,60,60,True
,6,170,170,170,True
,7,140,140,140,True
,8,790,790,790,True
,9,720,720,720,True
,10,1664,1664,1664,True
,11,1304,1304,1304,True
,12,2232,2232,2232,True
,13,1580,1580,1580,True
,14,2210,2210,2210,True
,15,1420,1420,1420,True
,16,1610,1610,1610,True
,17,900,900,900,True
,18,550,550,550,True
,19,100,100,100,True
,20,52,52,52,True
,21,2,2,2,True
,22,1,1,1,True
,0,4,4,4,True
,1,4,4,4,True
,2,22,22,22,True
,3,20,20,20,True
,4,70,70,70,True
,5,60,60,60,True
,6,170,170,170,True
,7,140,140,140,True
,8,790,790,790,True
,9,720,720,720,True
,10,1664,1664,1664,True
,11,1304,1304,1304,True
,12,2232,2232,2232,True
,13,1580,1580,1580,True
,14,2210,2210,2210,True
,15,1420,1420,1420,True
,16,1610,1610,1610,True
,17,900,900,900,True
,18,550,550,550,True
,19,100,100,100,True
,20,52,52,52,True
,21,2,2,2,True
,22,1,1,1,True
,0,64,64,64,True
,4,64,64,64,True
,12,64,64,64,True
,16,64,64,64,True
,0,64,64,64,True
,4,64,64,64,True
,12,64,64,64,True
,16,64,64,64,True
,0,64,64,64,True
,4,64,64,64,True
,12,64,64,64,True
,16,64,64,64,True
,0,64,64,64,True
,4,64,64,64,True
,12,64,64,64,True
,16,64,64,64,True
,0,64,64,64,True
,4,64,64,64,True
,12,64,64,64,True
,16,64,64,64,True
,0,4,4,4,True
,1,2,2,2,True
,11,8,8,8,True
,12,4,4,4,True
,22,6,6,6,True
,23,3,3,3,True
,0,4,4,4,True
,1,2,2,2,True
,11,8,8,8,True
,12,4,4,4,True
,22,6,6,6,True
,23,3,3,3,True
,0,4,4,4,True
,1,2,2,2,True
,11,8,8,8,True
,12,4,4,4,True
,22,6,6,6,True
,23,3,3,3,True
,0,4,4,4,True
,1,2,2,2,True
,11,8,8,8,True
,12,4,4,4,True
,22,6,6,6,True
,23,3,3,3,True
,0,4,4,4,True
,1,2,2,2,True
,11,8,8,8,True
,12,4,4,4,True
,22,6,6,6,True
,23,3,3,3,True
,0,4,4,4,True
,23,4,4,4,True
,0,4,4,4,True
,23,4,4,4,True
,0,4,4,4,True
,23,4,4,4,True
,0,4,4,4,True
,23,4,4,4,True
,0,4,4,4,True
,23,4,4,4,True
,0,4,4,4,True
,1,4,4,4,True
,2,8,8,8,True
,3,8,8,8,True
,4,12,12,12,True
,5,12,12,12,True
,6,16,16,16,True
,7,16,16,16,True
,8,18,18,18,True
,9,16,16,16,True
,10,18,18,18,True
,11,16,16,16,True
,12,18,18,18,True
,13,16,16,16,True
,14,18,18,18,True
,15,16,16,16,True
,16,16,16,16,True
,17,14,14,14,True
,18,12,12,12,True
,19,10,10,10,True
,20,8,8,8,True
,21,6,6,6,True
,22,4,4,4,True
,23,2,2,2,True
,24,1,1,1,True
,0,4,4,4,True
,1,4,4,4,True
,2,8,8,8,True
,3,8,8,8,True
,4,12,12,12,True
,5,12,12,12,True
,6,16,16,16,True
,7,16,16,16,True
,8,18,18,18,True
,9,16,16,16,True
,10,18,18,18,True
,11,16,16,16,True
,12,18,18,18,True
,13,16,16,16,True
,14,18,18,18,True
,15,16,16,16,True
,16,16,16,16,True
,17,14,14,14,True
,18,12,12,12,True
,19,10,10,10,True
,20,8,8,8,True
,21,6,6,6,True
,22,4,4,4,True
,23,2,2,2,True
,24,1,1,1,True
,0,4,4,4,True
,1,4,4,4,True
,2,8,8,8,True
,3,8,8,8,True
,4,12,12,12,True
,5,12,12,12,True
,6,16,16,16,True
,7,16,16,16,True
,8,18,18,18,True
,9,16,16,16,True
,10,18,18,18,True
,11,16,16,16,True
,12,18,18,18,True
,13,16,16,16,True
,14,18,18,18,True
,15,16,16,16,True
,16,16,16,16,True
,17,14,14,14,True
,18,12,12,12,True
,19,10,10,10,True
,20,8,8,8,True
,21,6,6,6,True
,22,4,4,4,True
,23,2,2,2,True
,24,1,1,1,True
,0,4,4,4,True
,1,4,4,4,True
,2,8,8,8,True
,3,8,8,8,True
,4,12,12,12,True
,5,12,12,12,True
,6,16,16,16,True
,7,16,16,16,True
,8,18,18,18,True
,9,16,16,16,True
,10,18,18,18,True
,11,16,16,16,True
,12,18,18,18,True
,13,16,16,16,True
,14,18,18,18,True
,15,16,16,16,True
,16,16,16,16,True
,17,14,14,14,True
,18,12,12,12,True
,19,10,10,10,True
,20,8,8,8,True
,21,6,6,6,True
,22,4,4,4,True
,23,2,2,2,True
,24,1,1,1,True
,0,4,4,4,True
,1,4,4,4,True
,2,8,8,8,True
,3,8,8,8,True
,4,12,12,12,True
,5,12,12,12,True
,6,16,16,16,True
,7,16,16,16,True
,8,18,18,18,True
,9,16,16,16,True
,10,18,18,18,True
,11,16,16,16,True
,12,18,18,18,True
,13,16,16,16,True
,14,18,18,18,True
,15,16,16,16,True
,16,16,16,16,True
,17,14,14,14,True
,18,12,12,12,True
,19,10,10,10,True
,20,8,8,8,True
,21,6,6,6,True
,22,4,4,4,True
,23,2,2,2,True
,24,1,1,1,True
,0,8,8,8,True
,3,8,8,8,True
,21,8,8,8,True
,24,8,8,8,True
,0,8,8,8,True
,3,8,8,8,True
,21,8,8,8,True
,24,8,8,8,True
,0,8,8,8,True
,3,8,8,8,True
,21,8,8,8,True
,24,8,8,8,True
,0,8,8,8,True
,3,8,8,8,True
,21,8,8,8,True
,24,8,8,8,True
,0,8,8,8,True
,3,8,8,8,True
,21,8,8,8,True
,24,8,8,8,True
,0,128,128,128,True
,1,64,64,64,True
,4,384,384,384,True
,5,192,192,192,True
,8,480,480,480,True
,9,240,240,240,True
,12,320,320,320,True
,13,160,160,160,True
,16,120,120,120,True
,17,60,60,60,True
,20,24,24,24,True
,21,12,12,12,True
,24,2,2,2,True
,25,1,1,1,True
,0,8,8,8,True
,1,4,4,4,True
,4,44,44,44,True
,5,22,22,22,True
,8,340,340,340,True
,9,170,170,170,True
,12,560,560,560,True
,13,280,280,280,True
,16,400,400,400,True
,17,200,200,200,True
,20,104,104,104,True
,21,52,52,52,True
,24,2,2,2,True
,25,1,1,1,True
,0,8,8,8,True
,1,4,4,4,True
,4,44,44,44,True
,5,22,22,22,True
,8,340,340,340,True
,9,170,170,170,True
,12,560,560,560,True
,13,280,280,280,True
,16,400,400,400,True
,17,200,200,200,True
,20,104,104,104,True
,21,52,52,52,True
,24,2,2,2,True
,25,1,1,1,True
,0,8,8,8,True
,1,4,4,4,True
,4,44,44,44,True
,5,22,22,22,True
,8,340,340,340,True
,9,170,170,170,True
,12,560,560,560,True
,13,280,280,280,True
,16,400,400,400,True
,17,200,200,200,True
,20,104,104,104,True
,21,52,52,52,True
,24,2,2,2,True
,25,1,1,1,True
,0,8,8,8,True
,1,4,4,4,True
,4,44,44,44,True
,5,22,22,22,True
,8,340,340,340,True
,9,170,170,170,True
,12,560,560,560,True
,13,280,280,280,True
,16,400,400,400,True
,17,200,200,200,True
,20,104,104,104,True
,21,52,52,52,True
,24,2,2,2,True
,25,1,1,1,True
,0,64,64,64,True
,8,128,128,128,True
,16,64,64,64,True
,0,64,64,64,True
,8,128,128,128,True
,16,64,64,64,True
,0,64,64,64,True
,8,128,128,128,True
,16,64,64,64,True
,0,64,64,64,True
,8,128,128,128,True
,16,64,64,64,True
,0,64,64,64,True
,8,128,128,128,True
,16,64,64,64,True
,0,4,4,4,True
,1,4,4,4,True
,2,2,2,2,True
,12,4,4,4,True
,13,4,4,4,True
,14,2,2,2,True
,24,2,2,2,True
,25,2,2,2,True
,26,1,1,1,True
,0,4,4,4,True
,1,4,4,4,True
,2,2,2,2,True
,12,4,4,4,True
,13,4,4,4,True
,14,2,2,2,True
,24,2,2,2,True
,25,2,2,2,True
,26,1,1,1,True
,0,4,4,4,True
,1,4,4,4,True
,2,2,2,2,True
,12,4,4,4,True
,13,4,4,4,True
,14,2,2,2,True
,24,2,2,2,True
,25,2,2,2,True
,26,1,1,1,True
,0,4,4,4,True
,1,4,4,4,True
,2,2,2,2,True
,12,4,4,4,True
,13,4,4,4,True
,14,2,2,2,True
,24,2,2,2,True
,25,2,2,2,True
,26,1,1,1,True
,0,4,4,4,True
,1,4,4,4,True
,2,2,2,2,True
,12,4,4,4,True
,13,4,4,4,True
,14,2,2,2,True
,24,2,2,2,True
,25,2,2,2,True
,26,1,1,1,True
,0,4,4,4,True
,0,4,4,4,True
,0,4,4,4,True
,0,4,4,4,True
,0,4,4,4,True
,0,16,16,16,True
,1,8,8,8,True
,2,8,8,8,True
,3,4,4,4,True
,6,8,8,8,True
,7,4,4,4,True
,8,4,4,4,True
,9,2,2,2,True
,18,8,8,8,True
,19,4,4,4,True
,20,4,4,4,True
,21,2,2,2,True
,24,4,4,4,True
,25,2,2,2,True
,26,2,2,2,True
,27,1,1,1,True
,0,16,16,16,True
,1,8,8,8,True
,2,8,8,8,True
,3,4,4,4,True
,6,8,8,8,True
,7,4,4,4,True
,8,4,4,4,True
,9,2,2,2,True
,18,8,8,8,True
,19,4,4,4,True
,20,4,4,4,True
,21,2,2,2,True
,24,4,4,4,True
,25,2,2,2,True
,26,2,2,2,True
,27,1,1,1,True
,0,16,16,16,True
,1,8,8,8,True
,2,8,8,8,True
,3,4,4,4,True
,6,8,8,8,True
,7,4,4,4,True
,8,4,4,4,True
,9,2,2,2,True
,18,8,8,8,True
,19,4,4,4,True
,20,4,4,4,True
,21,2,2,2,True
,24,4,4,4,True
,25,2,2,2,True
,26,2,2,2,True
,27,1,1,1,True
,0,16,16,16,True
,1,8,8,8,True
,2,8,8,8,True
,3,4,4,4,True
,6,8,8,8,True
,7,4,4,4,True
,8,4,4,4,True
,9,2,2,2,True
,18,8,8,8,True
,19,4,4,4,True
,20,4,4,4,True
,21,2,2,2,True
,24,4,4,4,True
,25,2,2,2,True
,26,2,2,2,True
,27,1,1,1,True
,0,16,16,16,True
,1,8,8,8,True
,2,8,8,8,True
,3,4,4,4,True
,6,8,8,8,True
,7,4,4,4,True
,8,4,4,4,True
,9,2,2,2,True
,18,8,8,8,True
,19,4,4,4,True
,20,4,4,4,True
,21,2,2,2,True
,24,4,4,4,True
,25,2,2,2,True
,26,2,2,2,True
,27,1,1,1,True
,0,4,4,4,True
,1,4,4,4,True
,2,4,4,4,True
,3,12,12,12,True
,4,10,10,10,True
,5,8,8,8,True
,6,20,20,20,True
,7,16,16,16,True
,8,12,12,12,True
,9,28,28,28,True
,10,22,22,22,True
,11,16,16,16,True
,12,36,36,36,True
,13,28,28,28,True
,14,20,20,20,True
,15,44,44,44,True
,16,34,34,34,True
,17,24,24,24,True
,18,52,52,52,True
,19,40,40,40,True
,20,28,28,28,True
,21,60,60,60,True
,22,46,46,46,True
,23,32,32,32,True
,24,50,50,50,True
,25,34,34,34,True
,26,18,18,18,True
,27,18,18,18,True
,28,9,9,9,True
,0,4,4,4,True
,1,4,4,4,True
,2,4,4,4,True
,3,12,12,12,True
,4,10,10,10,True
,5,8,8,8,True
,6,20,20,20,True
,7,16,16,16,True
,8,12,12,12,True
,9,28,28,28,True
,10,22,22,22,True
,11,16,16,16,True
,12,36,36,36,True
,13,28,28,28,True
,14,20,20,20,True
,15,44,44,44,True
,16,34,34,34,True
,17,24,24,24,True
,18,52,52,52,True
,19,40,40,40,True
,20,28,28,28,True
,21,60,60,60,True
,22,46,46,46,True
,23,32,32,32,True
,24,50,50,50,True
,25,34,34,34,True
,26,18,18,18,True
,27,18,18,18,True
,28,9,9,9,True
,0,4,4,4,True
,1,4,4,4,True
,2,4,4,4,True
,3,12,12,12,True
,4,10,10,10,True
,5,8,8,8,True
,6,20,20,20,True
,7,16,16,16,True
,8,12,12,12,True
,9,28,28,28,True
,10,22,22,22,True
,11,16,16,16,True
,12,36,36,36,True
,13,28,28,28,True
,14,20,20,20,True
,15,44,44,44,True
,16,34,34,34,True
,17,24,24,24,True
,18,52,52,52,True
,19,40,40,40,True
,20,28,28,28,True
,21,60,60,60,True
,22,46,46,46,True
,23,32,32,32,True
,24,50,50,50,True
,25,34,34,34,True
,26,18,18,18,True
,27,18,18,18,True
,28,9,9,9,True
,0,4,4,4,True
,1,4,4,4,True
,2,4,4,4,True
,3,12,12,12,True
,4,10,10,10,True
,5,8,8,8,True
,6,20,20,20,True
,7,16,16,16,True
,8,12,12,12,True
,9,28,28,28,True
,10,22,22,22,True
,11,16,16,16,True
,12,36,36,36,True
,13,28,28,28,True
,14,20,20,20,True
,15,44,44,44,True
,16,34,34,34,True
,17,24,24,24,True
,18,52,52,52,True
,19,40,40,40,True
,20,28,28,28,True
,21,60,60,60,True
,22,46,46,46,True
,23,32,32,32,True
,24,50,50,50,True
,25,34,34,34,True
,26,18,18,18,True
,27,18,18,18,True
,28,9,9,9,True
,0,4,4,4,True
,1,4,4,4,True
,2,4,4,4,True
,3,12,12,12,True
,4,10,10,10,True
,5,8,8,8,True
,6,20,20,20,True
,7,16,16,16,True
,8,12,12,12,True
,9,28,28,28,True
,10,22,22,22,True
,11,16,16,16,True
,12,36,36,36,True
,13,28,28,28,True
,14,20,20,20,True
,15,44,44,44,True
,16,34,34,34,True
,17,24,24,24,True
,18,52,52,52,True
,19,40,40,40,True
,20,28,28,28,True
,21,60,60,60,True
,22,46,46,46,True
,23,32,32,32,True
,24,50,50,50,True
,25,34,34,34,True
,26,18,18,18,True
,27,18,18,18,True
,28,9,9,9,True
,0,32,32,32,True
,0,32,32,32,True
,0,32,32,32,True
,0,32,32,32,True
,0,32,32,32,True
,0,4,4,4,True
,1,2,2,2,True
,28,2,2,2,True
,29,1,1,1,True
,0,4,4,4,True
,1,2,2,2,True
,28,2,2,2,True
,29,1,1,1,True
,0,4,4,4,True
,1,2,2,2,True
,28,2,2,2,True
,29,1,1,1,True
,0,4,4,4,True
,1,2,2,2,True
,28,2,2,2,True
,29,1,1,1,True
,0,4,4,4,True
,1,2,2,2,True
,28,2,2,2,True
,29,1,1,1,True
,0,4,4,4,True
,0,4,4,4,True
,0,4,4,4,True
,0,4,4,4,True
,0,4,4,4,True
,0,16,16,16,True
,1,16,16,16,True
,2,24,24,24,True
,3,16,16,16,True
,4,64,64,64,True
,5,56,56,56,True
,6,76,76,76,True
,7,48,48,48,True
,8,136,136,136,True
,9,112,112,112,True
,10,144,144,144,True
,11,88,88,88,True
,12,216,216,216,True
,13,172,172,172,True
,14,214,214,214,True
,15,128,128,128,True
,16,256,256,256,True
,17,192,192,192,True
,18,224,224,224,True
,19,128,128,128,True
,20,200,200,200,True
,21,136,136,136,True
,22,140,140,140,True
,23,72,72,72,True
,24,92,92,92,True
,25,56,56,56,True
,26,48,48,48,True
,27,20,20,20,True
,28,20,20,20,True
,29,10,10,10,True
,30,5,5,5,True
,0,16,16,16,True
,1,16,16,16,True
,2,24,24,24,True
,3,16,16,16,True
,4,64,64,64,True
,5,56,56,56,True
,6,76,76,76,True
,7,48,48,48,True
,8,136,136,136,True
,9,112,112,112,True
,10,144,144,144,True
,11,88,88,88,True
,12,216,216,216,True
,13,172,172,172,True
,14,214,214,214,True
,15,128,128,128,True
,16,256,256,256,True
,17,192,192,192,True
,18,224,224,224,True
,19,128,128,128,True
,20,200,200,200,True
,21,136,136,136,True
,22,140,140,140,True
,23,72,72,72,True
,24,92,92,92,True
,25,56,56,56,True
,26,48,48,48,True
,27,20,20,20,True
,28,20,20,20,True
,29,10,10,10,True
,30,5,5,5,True
,0,16,16,16,True
,1,16,16,16,True
,2,24,24,24,True
,3,16,16,16,True
,4,64,64,64,True
,5,56,56,56,True
,6,76,76,76,True
,7,48,48,48,True
,8,136,136,136,True
,9,112,112,112,True
,10,144,144,144,True
,11,88,88,88,True
,12,216,216,216,True
,13,172,172,172,True
,14,214,214,214,True
,15,128,128,128,True
,16,256,256,256,True
,17,192,192,192,True
,18,224,224,224,True
,19,128,128,128,True
,20,200,200,200,True
,21,136,136,136,True
,22,140,140,140,True
,23,72,72,72,True
,24,92,92,92,True
,25,56,56,56,True
,26,48,48,48,True
,27,20,20,20,True
,28,20,20,20,True
,29,10,10,10,True
,30,5,5,5,True
,0,16,16,16,True
,1,16,16,16,True
,2,24,24,24,True
,3,16,16,16,True
,4,64,64,64,True
,5,56,56,56,True
,6,76,76,76,True
,7,48,48,48,True
,8,136,136,136,True
,9,112,112,112,True
,10,144,144,144,True
,11,88,88,88,True
,12,216,216,216,True
,13,172,172,172,True
,14,214,214,214,True
,15,128,128,128,True
,16,256,256,256,True
,17,192,192,192,True
,18,224,224,224,True
,19,128,128,128,True
,20,200,200,200,True
,21,136,136,136,True
,22,140,140,140,True
,23,72,72,72,True
,24,92,92,92,True
,25,56,56,56,True
,26,48,48,48,True
,27,20,20,20,True
,28,20,20,20,True
,29,10,10,10,True
,30,5,5,5,True
,0,16,16,16,True
,1,16,16,16,True
,2,24,24,24,True
,3,16,16,16,True
,4,64,64,64,True
,5,56,56,56,True
,6,76,76,76,True
,7,48,48,48,True
,8,136,136,136,True
,9,112,112,112,True
,10,144,144,144,True
,11,88,88,88,True
,12,216,216,216,True
,13,172,172,172,True
,14,214,214,214,True
,15,128,128,128,True
,16,256,256,256,True
,17,192,192,192,True
,18,224,224,224,True
,19,128,128,128,True
,20,200,200,200,True
,21,136,136,136,True
,22,140,140,140,True
,23,72,72,72,True
,24,92,92,92,True
,25,56,56,56,True
,26,48,48,48,True
,27,20,20,20,True
,28,20,20,20,True
,29,10,10,10,True
,30,5,5,5,True
,0,2,2,2,True
,0,2,2,2,True
,0,2,2,2,True
,0,2,2,2,True
,0,2,2,2,True
,0,2,2,2,True
,0,4,4,4,True
,0,4,4,4,True
,0,4,4,4,True
,1,4,4,4,True
,0,4,4,4,True
,1,4,4,4,True
,0,4,4,4,True
,1,4,4,4,True
,0,4,4,4,True
,1,4,4,4,True
,0,4,4,4,True
,1,4,4,4,True
,0,4,4,4,True
,1,4,4,4,True
,0,8,8,8,True
,1,8,8,8,True
,0,16,16,16,True
,0,8,8,8,True
,0,8,8,8,True
,0,4,4,4,True
,2,4,4,4,True
,0,4,4,4,True
,2,4,4,4,True
,0,4,4,4,True
,2,4,4,4,True
,0,4,4,4,True
,2,4,4,4,True
,0,16,16,16,True
,1,32,32,32,True
,2,16,16,16,True
,0,16,16,16,True
,1,32,32,32,True
,2,16,16,16,True
,0,2,2,2,True
,1,2,2,2,True
,2,2,2,2,True
,3,2,2,2,True
,0,2,2,2,True
,1,2,2,2,True
,2,2,2,2,True
,3,2,2,2,True
,0,2,2,2,True
,1,2,2,2,True
,2,2,2,2,True
,3,2,2,2,True
,0,2,2,2,True
,1,2,2,2,True
,2,2,2,2,True
,3,2,2,2,True
,0,2,2,2,True
,1,2,2,2,True
,2,2,2,2,True
,3,2,2,2,True
,0,2,2,2,True
,1,2,2,2,True
,2,2,2,2,True
,3,2,2,2,True
,0,32,32,32,True
,1,96,96,96,True
,2,96,96,96,True
,3,32,32,32,True
,0,256,256,256,True
,0,8,8,8,True
,1,8,8,8,True
,3,8,8,8,True
,4,8,8,8,True
,0,8,8,8,True
,1,8,8,8,True
,3,8,8,8,True
,4,8,8,8,True
,0,8,8,8,True
,1,8,8,8,True
,3,8,8,8,True
,4,8,8,8,True
,0,8,8,8,True
,1,8,8,8,True
,3,8,8,8,True
,4,8,8,8,True
,0,8,8,8,True
,1,8,8,8,True
,3,8,8,8,True
,4,8,8,8,True
,0,8,8,8,True
,1,8,8,8,True
,3,8,8,8,True
,4,8,8,8,True
,0,64,64,64,True
,0,16,16,16,True
,2,32,32,32,True
,4,16,16,16,True
,0,4,4,4,True
,5,4,4,4,True
,0,4,4,4,True
,5,4,4,4,True
,0,8,8,8,True
,0,8,8,8,True
,0,8,8,8,True
,0,8,8,8,True
,0,128,128,128,True
,1,640,640,640,True
,2,1280,1280,1280,True
,3,1280,1280,1280,True
,4,640,640,640,True
,5,128,128,128,True
,0,256,256,256,True
,1,1024,1024,1024,True
,2,1536,1536,1536,True
,3,1024,1024,1024,True
,4,256,256,256,True
,0,8,8,8,True
,0,8,8,8,True
,0,4,4,4,True
,6,4,4,4,True
,0,4,4,4,True
,6,4,4,4,True
,0,4,4,4,True
,6,4,4,4,True
,0,4,4,4,True
,6,4,4,4,True
,0,4,4,4,True
,1,8,8,8,True
,2,12,12,12,True
,3,16,16,16,True
,4,12,12,12,True
,5,8,8,8,True
,6,4,4,4,True
,0,4,4,4,True
,1,8,8,8,True
,2,12,12,12,True
,3,16,16,16,True
,4,12,12,12,True
,5,8,8,8,True
,6,4,4,4,True
,0,64,64,64,True
,1,64,64,64,True
,2,128,128,128,True
,3,128,128,128,True
,4,64,64,64,True
,5,64,64,64,True
,0,64,64,64,True
,1,64,64,64,True
,2,128,128,128,True
,3,128,128,128,True
,4,64,64,64,True
,5,64,64,64,True
,0,32,32,32,True
,1,32,32,32,True
,2,96,96,96,True
,3,96,96,96,True
,4,96,96,96,True
,5,96,96,96,True
,6,32,32,32,True
,7,32,32,32,True
,0,32,32,32,True
,1,32,32,32,True
,2,96,96,96,True
,3,96,96,96,True
,4,96,96,96,True
,5,96,96,96,True
,6,32,32,32,True
,7,32,32,32,True
,0,32,32,32,True
,1,32,32,32,True
,2,96,96,96,True
,3,96,96,96,True
,4,96,96,96,True
,5,96,96,96,True
,6,32,32,32,True
,7,32,32,32,True
,0,32,32,32,True
,1,32,32,32,True
,2,96,96,96,True
,3,96,96,96,True
,4,96,96,96,True
,5,96,96,96,True
,6,32,32,32,True
,7,32,32,32,True
,0,512,512,512,True
,1,3584,3584,3584,True
,2,10752,10752,10752,True
,3,17920,17920,17920,True
,4,17920,17920,17920,True
,5,10752,10752,10752,True
,6,3584,3584,3584,True
,7,512,512,512,True
,0,4096,4096,4096,True
,1,16384,16384,16384,True
,2,24576,24576,24576,True
,3,16384,16384,16384,True
,4,4096,4096,4096,True
,0,8,8,8,True
,0,8,8,8,True
,0,4,4,4,True
,8,4,4,4,True
,0,4,4,4,True
,8,4,4,4,True
,0,4,4,4,True
,8,4,4,4,True
,0,4,4,4,True
,8,4,4,4,True
,0,64,64,64,True
,1,128,128,128,True
,2,64,64,64,True
,3,128,128,128,True
,4,256,256,256,True
,5,128,128,128,True
,6,64,64,64,True
,7,128,128,128,True
,8,64,64,64,True
,0,64,64,64,True
,1,128,128,128,True
,2,64,64,64,True
,3,128,128,128,True
,4,256,256,256,True
,5,128,128,128,True
,6,64,64,64,True
,7,128,128,128,True
,8,64,64,64,True
,0,16,16,16,True
,3,48,48,48,True
,6,48,48,48,True
,9,16,16,16,True
,0,16,16,16,True
,3,48,48,48,True
,6,48,48,48,True
,9,16,16,16,True
,0,16,16,16,True
,3,48,48,48,True
,6,48,48,48,True
,9,16,16,16,True
,0,16,16,16,True
,3,48,48,48,True
,6,48,48,48,True
,9,16,16,16,True
,0,16,16,16,True
,3,48,48,48,True
,6,48,48,48,True
,9,16,16,16,True
,0,16,16,16,True
,3,48,48,48,True
,6,48,48,48,True
,9,16,16,16,True
,0,512,512,512,True
,1,512,512,512,True
,2,1024,1024,1024,True
,3,1024,1024,1024,True
,4,512,512,512,True
,5,512,512,512,True
,0,256,256,256,True
,2,1024,1024,1024,True
,4,1536,1536,1536,True
,6,1024,1024,1024,True
,8,256,256,256,True
,0,4,4,4,True
,1,12,12,12,True
,2,24,24,24,True
,3,40,40,40,True
,4,56,56,56,True
,5,72,72,72,True
,6,88,88,88,True
,7,88,88,88,True
,8,68,68,68,True
,9,44,44,44,True
,10,16,16,16,True
,0,4,4,4,True
,1,12,12,12,True
,2,24,24,24,True
,3,40,40,40,True
,4,56,56,56,True
,5,72,72,72,True
,6,88,88,88,True
,7,88,88,88,True
,8,68,68,68,True
,9,44,44,44,True
,10,16,16,16,True
,0,4,4,4,True
,1,12,12,12,True
,2,24,24,24,True
,3,40,40,40,True
,4,56,56,56,True
,5,72,72,72,True
,6,88,88,88,True
,7,88,88,88,True
,8,68,68,68,True
,9,44,44,44,True
,10,16,16,16,True
,0,4,4,4,True
,1,12,12,12,True
,2,24,24,24,True
,3,40,40,40,True
,4,56,56,56,True
,5,72,72,72,True
,6,88,88,88,True
,7,88,88,88,True
,8,68,68,68,True
,9,44,44,44,True
,10,16,16,16,True
,0,4,4,4,True
,1,12,12,12,True
,2,24,24,24,True
,3,40,40,40,True
,4,56,56,56,True
,5,72,72,72,True
,6,88,88,88,True
,7,88,88,88,True
,8,68,68,68,True
,9,44,44,44,True
,10,16,16,16,True
,0,4,4,4,True
,1,12,12,12,True
,2,24,24,24,True
,3,40,40,40,True
,4,56,56,56,True
,5,72,72,72,True
,6,88,88,88,True
,7,88,88,88,True
,8,68,68,68,True
,9,44,44,44,True
,10,16,16,16,True
,0,16,16,16,True
,5,32,32,32,True
,10,16,16,16,True
,0,64,64,64,True
,0,4,4,4,True
,11,4,4,4,True
,0,4,4,4,True
,11,4,4,4,True
,0,8,8,8,True
,0,8,8,8,True
,0,8,8,8,True
,0,8,8,8,True
,0,8192,8192,8192,True
,0,8192,8192,8192,True
,0,128,128,128,True
,2,768,768,768,True
,4,1920,1920,1920,True
,6,2560,2560,2560,True
,8,1920,1920,1920,True
,10,768,768,768,True
,12,128,128,128,True
,0,128,128,128,True
,2,768,768,768,True
,4,1920,1920,1920,True
,6,2560,2560,2560,True
,8,1920,1920,1920,True
,10,768,768,768,True
,12,128,128,128,True
,0,128,128,128,True
,2,768,768,768,True
,4,1920,1920,1920,True
,6,2560,2560,2560,True
,8,1920,1920,1920,True
,10,768,768,768,True
,12,128,128,128,True
,0,128,128,128,True
,2,768,768,768,True
,4,1920,1920,1920,True
,6,2560,2560,2560,True
,8,1920,1920,1920,True
,10,768,768,768,True
,12,128,128,128,True
,0,64,64,64,True
,0,16,16,16,True
,6,32,32,32,True
,12,16,16,16,True
,0,16,16,16,True
,1,16,16,16,True
,3,16,16,16,True
,4,16,16,16,True
,9,16,16,16,True
,10,16,16,16,True
,12,16,16,16,True
,13,16,16,16,True
,0,16,16,16,True
,1,16,16,16,True
,3,16,16,16,True
,4,16,16,16,True
,9,16,16,16,True
,10,16,16,16,True
,12,16,16,16,True
,13,16,16,16,True
,0,16,16,16,True
,1,16,16,16,True
,3,16,16,16,True
,4,16,16,16,True
,9,16,16,16,True
,10,16,16,16,True
,12,16,16,16,True
,13,16,16,16,True
,0,16,16,16,True
,1,16,16,16,True
,3,16,16,16,True
,4,16,16,16,True
,9,16,16,16,True
,10,16,16,16,True
,12,16,16,16,True
,13,16,16,16,True
,0,16,16,16,True
,1,16,16,16,True
,3,16,16,16,True
,4,16,16,16,True
,9,16,16,16,True
,10,16,16,16,True
,12,16,16,16,True
,13,16,16,16,True
,0,16,16,16,True
,1,16,16,16,True
,3,16,16,16,True
,4,16,16,16,True
,9,16,16,16,True
,10,16,16,16,True
,12,16,16,16,True
,13,16,16,16,True
,0,8,8,8,True
,1,32,32,32,True
,2,80,80,80,True
,3,160,160,160,True
,4,264,264,264,True
,5,384,384,384,True
,6,512,512,512,True
,7,608,608,608,True
,8,632,632,632,True
,9,576,576,576,True
,10,432,432,432,True
,11,256,256,256,True
,12,120,120,120,True
,13,32,32,32,True
,0,16,16,16,True
,1,64,64,64,True
,2,160,160,160,True
,3,320,320,320,True
,4,496,496,496,True
,5,640,640,640,True
,6,704,704,704,True
,7,640,640,640,True
,8,496,496,496,True
,9,320,320,320,True
,10,160,160,160,True
,11,64,64,64,True
,12,16,16,16,True
,0,8,8,8,True
,7,16,16,16,True
,14,8,8,8,True
,0,8,8,8,True
,7,16,16,16,True
,14,8,8,8,True
,0,8,8,8,True
,7,16,16,16,True
,14,8,8,8,True
,0,8,8,8,True
,7,16,16,16,True
,14,8,8,8,True
,0,8,8,8,True
,7,16,16,16,True
,14,8,8,8,True
,0,8,8,8,True
,7,16,16,16,True
,14,8,8,8,True
,0,4,4,4,True
,15,4,4,4,True
,0,4,4,4,True
,15,4,4,4,True
,0,4,4,4,True
,15,4,4,4,True
,0,4,4,4,True
,15,4,4,4,True
,0,4,4,4,True
,15,4,4,4,True
,0,4,4,4,True
,15,4,4,4,True
,0,32,32,32,True
,1,32,32,32,True
,5,96,96,96,True
,6,96,96,96,True
,10,96,96,96,True
,11,96,96,96,True
,15,32,32,32,True
,16,32,32,32,True
,0,32,32,32,True
,1,32,32,32,True
,5,96,96,96,True
,6,96,96,96,True
,10,96,96,96,True
,11,96,96,96,True
,15,32,32,32,True
,16,32,32,32,True
,0,64,64,64,True
,1,64,64,64,True
,5,128,128,128,True
,6,128,128,128,True
,10,64,64,64,True
,11,64,64,64,True
,0,64,64,64,True
,1,64,64,64,True
,5,128,128,128,True
,6,128,128,128,True
,10,64,64,64,True
,11,64,64,64,True
,0,64,64,64,True
,1,64,64,64,True
,5,128,128,128,True
,6,128,128,128,True
,10,64,64,64,True
,11,64,64,64,True
,0,64,64,64,True
,1,64,64,64,True
,5,128,128,128,True
,6,128,128,128,True
,10,64,64,64,True
,11,64,64,64,True
,0,64,64,64,True
,0,16,16,16,True
,8,32,32,32,True
,16,16,16,16,True
,0,8,8,8,True
,1,8,8,8,True
,2,24,24,24,True
,3,24,24,24,True
,4,40,40,40,True
,5,40,40,40,True
,6,56,56,56,True
,7,56,56,56,True
,8,56,56,56,True
,9,56,56,56,True
,10,40,40,40,True
,11,40,40,40,True
,12,24,24,24,True
,13,24,24,24,True
,14,8,8,8,True
,15,8,8,8,True
,0,8,8,8,True
,1,8,8,8,True
,2,24,24,24,True
,3,24,24,24,True
,4,40,40,40,True
,5,40,40,40,True
,6,56,56,56,True
,7,56,56,56,True
,8,56,56,56,True
,9,56,56,56,True
,10,40,40,40,True
,11,40,40,40,True
,12,24,24,24,True
,13,24,24,24,True
,14,8,8,8,True
,15,8,8,8,True
,0,4,4,4,True
,1,4,4,4,True
,2,12,12,12,True
,3,12,12,12,True
,4,20,20,20,True
,5,20,20,20,True
,6,28,28,28,True
,7,28,28,28,True
,8,36,36,36,True
,9,36,36,36,True
,10,44,44,44,True
,11,44,44,44,True
,12,52,52,52,True
,13,52,52,52,True
,14,44,44,44,True
,15,44,44,44,True
,16,16,16,16,True
,17,16,16,16,True
,0,4,4,4,True
,1,4,4,4,True
,2,12,12,12,True
,3,12,12,12,True
,4,20,20,20,True
,5,20,20,20,True
,6,28,28,28,True
,7,28,28,28,True
,8,36,36,36,True
,9,36,36,36,True
,10,44,44,44,True
,11,44,44,44,True
,12,52,52,52,True
,13,52,52,52,True
,14,44,44,44,True
,15,44,44,44,True
,16,16,16,16,True
,17,16,16,16,True
,0,4,4,4,True
,1,4,4,4,True
,2,12,12,12,True
,3,12,12,12,True
,4,20,20,20,True
,5,20,20,20,True
,6,28,28,28,True
,7,28,28,28,True
,8,36,36,36,True
,9,36,36,36,True
,10,44,44,44,True
,11,44,44,44,True
,12,52,52,52,True
,13,52,52,52,True
,14,44,44,44,True
,15,44,44,44,True
,16,16,16,16,True
,17,16,16,16,True
,0,4,4,4,True
,1,4,4,4,True
,2,12,12,12,True
,3,12,12,12,True
,4,20,20,20,True
,5,20,20,20,True
,6,28,28,28,True
,7,28,28,28,True
,8,36,36,36,True
,9,36,36,36,True
,10,44,44,44,True
,11,44,44,44,True
,12,52,52,52,True
,13,52,52,52,True
,14,44,44,44,True
,15,44,44,44,True
,16,16,16,16,True
,17,16,16,16,True
,0,8,8,8,True
,9,16,16,16,True
,18,8,8,8,True
,0,8,8,8,True
,9,16,16,16,True
,18,8,8,8,True
,0,8,8,8,True
,9,16,16,16,True
,18,8,8,8,True
,0,8,8,8,True
,9,16,16,16,True
,18,8,8,8,True
,0,8,8,8,True
,9,16,16,16,True
,18,8,8,8,True
,0,8,8,8,True
,9,16,16,16,True
,18,8,8,8,True
,0,256,256,256,True
,3,1536,1536,1536,True
,6,3840,3840,3840,True
,9,5120,5120,5120,True
,12,3840,3840,3840,True
,15,1536,1536,1536,True
,18,256,256,256,True
,0,256,256,256,True
,3,1536,1536,1536,True
,6,3840,3840,3840,True
,9,5120,5120,5120,True
,12,3840,3840,3840,True
,15,1536,1536,1536,True
,18,256,256,256,True
,0,64,64,64,True
,1,64,64,64,True
,6,128,128,128,True
,7,128,128,128,True
,12,64,64,64,True
,13,64,64,64,True
,0,64,64,64,True
,1,64,64,64,True
,6,128,128,128,True
,7,128,128,128,True
,12,64,64,64,True
,13,64,64,64,True
,0,32,32,32,True
,1,32,32,32,True
,6,96,96,96,True
,7,96,96,96,True
,12,96,96,96,True
,13,96,96,96,True
,18,32,32,32,True
,19,32,32,32,True
,0,32,32,32,True
,1,32,32,32,True
,6,96,96,96,True
,7,96,96,96,True
,12,96,96,96,True
,13,96,96,96,True
,18,32,32,32,True
,19,32,32,32,True
,0,32,32,32,True
,1,32,32,32,True
,6,96,96,96,True
,7,96,96,96,True
,12,96,96,96,True
,13,96,96,96,True
,18,32,32,32,True
,19,32,32,32,True
,0,32,32,32,True
,1,32,32,32,True
,6,96,96,96,True
,7,96,96,96,True
,12,96,96,96,True
,13,96,96,96,True
,18,32,32,32,True
,19,32,32,32,True
,0,8,8,8,True
,0,8,8,8,True
,0,4,4,4,True
,20,4,4,4,True
,0,4,4,4,True
,20,4,4,4,True
,0,4,4,4,True
,20,4,4,4,True
,0,4,4,4,True
,20,4,4,4,True
,0,256,256,256,True
,3,1792,1792,1792,True
,6,5376,5376,5376,True
,9,8960,8960,8960,True
,12,8960,8960,8960,True
,15,5376,5376,5376,True
,18,1792,1792,1792,True
,21,256,256,256,True
,0,256,256,256,True
,3,1792,1792,1792,True
,6,5376,5376,5376,True
,9,8960,8960,8960,True
,12,8960,8960,8960,True
,15,5376,5376,5376,True
,18,1792,1792,1792,True
,21,256,256,256,True
,0,32768,32768,32768,True
,0,32768,32768,32768,True
,0,32768,32768,32768,True
,0,32768,32768,32768,True
,0,128,128,128,True
,1,128,128,128,True
,5,512,512,512,True
,6,512,512,512,True
,10,768,768,768,True
,11,768,768,768,True
,15,512,512,512,True
,16,512,512,512,True
,20,128,128,128,True
,21,128,128,128,True
,0,4096,4096,4096,True
,0,512,512,512,True
,1,512,512,512,True
,2,1024,1024,1024,True
,3,1536,1536,1536,True
,4,1024,1024,1024,True
,5,1536,1536,1536,True
,6,2048,2048,2048,True
,7,1536,1536,1536,True
,8,2560,2560,2560,True
,9,3072,3072,3072,True
,10,2048,2048,2048,True
,11,3072,3072,3072,True
,12,2560,2560,2560,True
,13,1536,1536,1536,True
,14,2048,2048,2048,True
,15,1536,1536,1536,True
,16,1024,1024,1024,True
,17,1536,1536,1536,True
,18,1024,1024,1024,True
,19,512,512,512,True
,20,512,512,512,True
,0,512,512,512,True
,1,512,512,512,True
,2,1024,1024,1024,True
,3,1536,1536,1536,True
,4,1024,1024,1024,True
,5,1536,1536,1536,True
,6,2048,2048,2048,True
,7,1536,1536,1536,True
,8,2560,2560,2560,True
,9,3072,3072,3072,True
,10,2048,2048,2048,True
,11,3072,3072,3072,True
,12,2560,2560,2560,True
,13,1536,1536,1536,True
,14,2048,2048,2048,True
,15,1536,1536,1536,True
,16,1024,1024,1024,True
,17,1536,1536,1536,True
,18,1024,1024,1024,True
,19,512,512,512,True
,20,512,512,512,True
,0,256,256,256,True
,1,256,256,256,True
,2,768,768,768,True
,3,1024,1024,1024,True
,4,1024,1024,1024,True
,5,1536,1536,1536,True
,6,1536,1536,1536,True
,7,1536,1536,1536,True
,8,2304,2304,2304,True
,9,2304,2304,2304,True
,10,2304,2304,2304,True
,11,3072,3072,3072,True
,12,2304,2304,2304,True
,13,2304,2304,2304,True
,14,2304,2304,2304,True
,15,1536,1536,1536,True
,16,1536,1536,1536,True
,17,1536,1536,1536,True
,18,1024,1024,1024,True
,19,1024,1024,1024,True
,20,768,768,768,True
,21,256,256,256,True
,22,256,256,256,True
,0,256,256,256,True
,1,256,256,256,True
,2,768,768,768,True
,3,1024,1024,1024,True
,4,1024,1024,1024,True
,5,1536,1536,1536,True
,6,1536,1536,1536,True
,7,1536,1536,1536,True
,8,2304,2304,2304,True
,9,2304,2304,2304,True
,10,2304,2304,2304,True
,11,3072,3072,3072,True
,12,2304,2304,2304,True
,13,2304,2304,2304,True
,14,2304,2304,2304,True
,15,1536,1536,1536,True
,16,1536,1536,1536,True
,17,1536,1536,1536,True
,18,1024,1024,1024,True
,19,1024,1024,1024,True
,20,768,768,768,True
,21,256,256,256,True
,22,256,256,256,True
,0,256,256,256,True
,1,256,256,256,True
,2,768,768,768,True
,3,1024,1024,1024,True
,4,1024,1024,1024,True
,5,1536,1536,1536,True
,6,1536,1536,1536,True
,7,1536,1536,1536,True
,8,2304,2304,2304,True
,9,2304,2304,2304,True
,10,2304,2304,2304,True
,11,3072,3072,3072,True
,12,2304,2304,2304,True
,13,2304,2304,2304,True
,14,2304,2304,2304,True
,15,1536,1536,1536,True
,16,1536,1536,1536,True
,17,1536,1536,1536,True
,18,1024,1024,1024,True
,19,1024,1024,1024,True
,20,768,768,768,True
,21,256,256,256,True
,22,256,256,256,True
,0,256,256,256,True
,1,256,256,256,True
,2,768,768,768,True
,3,1024,1024,1024,True
,4,1024,1024,1024,True
,5,1536,1536,1536,True
,6,1536,1536,1536,True
,7,1536,1536,1536,True
,8,2304,2304,2304,True
,9,2304,2304,2304,True
,10,2304,2304,2304,True
,11,3072,3072,3072,True
,12,2304,2304,2304,True
,13,2304,2304,2304,True
,14,2304,2304,2304,True
,15,1536,1536,1536,True
,16,1536,1536,1536,True
,17,1536,1536,1536,True
,18,1024,1024,1024,True
,19,1024,1024,1024,True
,20,768,768,768,True
,21,256,256,256,True
,22,256,256,256,True
,0,16,16,16,True
,11,32,32,32,True
,22,16,16,16,True
,0,64,64,64,True
,0,4,4,4,True
,23,4,4,4,True
,0,4,4,4,True
,23,4,4,4,True
,0,4,4,4,True
,23,4,4,4,True
,0,4,4,4,True
,23,4,4,4,True
,0,4,4,4,True
,23,4,4,4,True
,0,4,4,4,True
,23,4,4,4,True
,0,2,2,2,True
,1,2,2,2,True
,2,2,2,2,True
,3,2,2,2,True
,4,2,2,2,True
,5,2,2,2,True
,6,2,2,2,True
,7,2,2,2,True
,8,2,2,2,True
,9,2,2,2,True
,10,2,2,2,True
,11,2,2,2,True
,12,2,2,2,True
,13,2,2,2,True
,14,2,2,2,True
,15,2,2,2,True
,16,2,2,2,True
,17,2,2,2,True
,18,2,2,2,True
,19,2,2,2,True
,20,2,2,2,True
,21,2,2,2,True
,22,2,2,2,True
,23,2,2,2,True
,24,2,2,2,True
,0,2,2,2,True
,1,2,2,2,True
,2,2,2,2,True
,3,2,2,2,True
,4,2,2,2,True
,5,2,2,2,True
,6,2,2,2,True
,7,2,2,2,True
,8,2,2,2,True
,9,2,2,2,True
,10,2,2,2,True
,11,2,2,2,True
,12,2,2,2,True
,13,2,2,2,True
,14,2,2,2,True
,15,2,2,2,True
,16,2,2,2,True
,17,2,2,2,True
,18,2,2,2,True
,19,2,2,2,True
,20,2,2,2,True
,21,2,2,2,True
,22,2,2,2,True
,23,2,2,2,True
,24,2,2,2,True
,0,2,2,2,True
,1,2,2,2,True
,2,2,2,2,True
,3,2,2,2,True
,4,2,2,2,True
,5,2,2,2,True
,6,2,2,2,True
,7,2,2,2,True
,8,2,2,2,True
,9,2,2,2,True
,10,2,2,2,True
,11,2,2,2,True
,12,2,2,2,True
,13,2,2,2,True
,14,2,2,2,True
,15,2,2,2,True
,16,2,2,2,True
,17,2,2,2,True
,18,2,2,2,True
,19,2,2,2,True
,20,2,2,2,True
,21,2,2,2,True
,22,2,2,2,True
,23,2,2,2,True
,24,2,2,2,True
,0,2,2,2,True
,1,2,2,2,True
,2,2,2,2,True
,3,2,2,2,True
,4,2,2,2,True
,5,2,2,2,True
,6,2,2,2,True
,7,2,2,2,True
,8,2,2,2,True
,9,2,2,2,True
,10,2,2,2,True
,11,2,2,2,True
,12,2,2,2,True
,13,2,2,2,True
,14,2,2,2,True
,15,2,2,2,True
,16,2,2,2,True
,17,2,2,2,True
,18,2,2,2,True
,19,2,2,2,True
,20,2,2,2,True
,21,2,2,2,True
,22,2,2,2,True
,23,2,2,2,True
,24,2,2,2,True
,0,2,2,2,True
,1,2,2,2,True
,2,2,2,2,True
,3,2,2,2,True
,4,2,2,2,True
,5,2,2,2,True
,6,2,2,2,True
,7,2,2,2,True
,8,2,2,2,True
,9,2,2,2,True
,10,2,2,2,True
,11,2,2,2,True
,12,2,2,2,True
,13,2,2,2,True
,14,2,2,2,True
,15,2,2,2,True
,16,2,2,2,True
,17,2,2,2,True
,18,2,2,2,True
,19,2,2,2,True
,20,2,2,2,True
,21,2,2,2,True
,22,2,2,2,True
,23,2,2,2,True
,24,2,2,2,True
,0,2,2,2,True
,1,2,2,2,True
,2,2,2,2,True
,3,2,2,2,True
,4,2,2,2,True
,5,2,2,2,True
,6,2,2,2,True
,7,2,2,2,True
,8,2,2,2,True
,9,2,2,2,True
,10,2,2,2,True
,11,2,2,2,True
,12,2,2,2,True
,13,2,2,2,True
,14,2,2,2,True
,15,2,2,2,True
,16,2,2,2,True
,17,2,2,2,True
,18,2,2,2,True
,19,2,2,2,True
,20,2,2,2,True
,21,2,2,2,True
,22,2,2,2,True
,23,2,2,2,True
,24,2,2,2,True
,0,64,64,64,True
,1,64,64,64,True
,8,128,128,128,True
,9,128,128,128,True
,16,64,64,64,True
,17,64,64,64,True
,0,64,64,64,True
,1,64,64,64,True
,8,128,128,128,True
,9,128,128,128,True
,16,64,64,64,True
,17,64,64,64,True
,0,32,32,32,True
,1,32,32,32,True
,8,96,96,96,True
,9,96,96,96,True
,16,96,96,96,True
,17,96,96,96,True
,24,32,32,32,True
,25,32,32,32,True
,0,32,32,32,True
,1,32,32,32,True
,8,96,96,96,True
,9,96,96,96,True
,16,96,96,96,True
,17,96,96,96,True
,24,32,32,32,True
,25,32,32,32,True
,0,32,32,32,True
,1,32,32,32,True
,8,96,96,96,True
,9,96,96,96,True
,16,96,96,96,True
,17,96,96,96,True
,24,32,32,32,True
,25,32,32,32,True
,0,32,32,32,True
,1,32,32,32,True
,8,96,96,96,True
,9,96,96,96,True
,16,96,96,96,True
,17,96,96,96,True
,24,32,32,32,True
,25,32,32,32,True
,0,512,512,512,True
,1,512,512,512,True
,6,1024,1024,1024,True
,7,1024,1024,1024,True
,12,512,512,512,True
,13,512,512,512,True
,0,256,256,256,True
,6,1024,1024,1024,True
,12,1536,1536,1536,True
,18,1024,1024,1024,True
,24,256,256,256,True
,0,8,8,8,True
,13,16,16,16,True
,26,8,8,8,True
,0,8,8,8,True
,13,16,16,16,True
,26,8,8,8,True
,0,32,32,32,True
,0,32,32,32,True
,0,32,32,32,True
,0,32,32,32,True
,0,256,256,256,True
,1,512,512,512,True
,2,256,256,256,True
,3,512,512,512,True
,4,1024,1024,1024,True
,5,512,512,512,True
,6,256,256,256,True
,7,512,512,512,True
,8,256,256,256,True
,9,512,512,512,True
,10,1024,1024,1024,True
,11,512,512,512,True
,12,1024,1024,1024,True
,13,2048,2048,2048,True
,14,1024,1024,1024,True
,15,512,512,512,True
,16,1024,1024,1024,True
,17,512,512,512,True
,18,256,256,256,True
,19,512,512,512,True
,20,256,256,256,True
,21,512,512,512,True
,22,1024,1024,1024,True
,23,512,512,512,True
,24,256,256,256,True
,25,512,512,512,True
,26,256,256,256,True
,0,256,256,256,True
,1,512,512,512,True
,2,256,256,256,True
,3,512,512,512,True
,4,1024,1024,1024,True
,5,512,512,512,True
,6,256,256,256,True
,7,512,512,512,True
,8,256,256,256,True
,9,512,512,512,True
,10,1024,1024,1024,True
,11,512,512,512,True
,12,1024,1024,1024,True
,13,2048,2048,2048,True
,14,1024,1024,1024,True
,15,512,512,512,True
,16,1024,1024,1024,True
,17,512,512,512,True
,18,256,256,256,True
,19,512,512,512,True
,20,256,256,256,True
,21,512,512,512,True
,22,1024,1024,1024,True
,23,512,512,512,True
,24,256,256,256,True
,25,512,512,512,True
,26,256,256,256,True
,0,64,64,64,True
,5,64,64,64,True
,10,128,128,128,True
,15,128,128,128,True
,20,64,64,64,True
,25,64,64,64,True
,0,64,64,64,True
,5,64,64,64,True
,10,128,128,128,True
,15,128,128,128,True
,20,64,64,64,True
,25,64,64,64,True
,0,64,64,64,True
,2,64,64,64,True
,10,128,128,128,True
,12,128,128,128,True
,20,64,64,64,True
,22,64,64,64,True
,0,64,64,64,True
,2,64,64,64,True
,10,128,128,128,True
,12,128,128,128,True
,20,64,64,64,True
,22,64,64,64,True
,0,64,64,64,True
,2,64,64,64,True
,10,128,128,128,True
,12,128,128,128,True
,20,64,64,64,True
,22,64,64,64,True
,0,64,64,64,True
,2,64,64,64,True
,10,128,128,128,True
,12,128,128,128,True
,20,64,64,64,True
,22,64,64,64,True
,0,64,64,64,True
,7,256,256,256,True
,14,384,384,384,True
,21,256,256,256,True
,28,64,64,64,True
,0,64,64,64,True
,7,256,256,256,True
,14,384,384,384,True
,21,256,256,256,True
,28,64,64,64,True
,0,4,4,4,True
,29,4,4,4,True
,0,4,4,4,True
,29,4,4,4,True
,0,4,4,4,True
,29,4,4,4,True
,0,4,4,4,True
,29,4,4,4,True
,0,4,4,4,True
,29,4,4,4,True
,0,4,4,4,True
,29,4,4,4,True
,0,2,2,2,True
,0,2,2,2,True
,0,2,2,2,True
,0,2,2,2,True
,0,2,2,2,True
,0,2,2,2,True
,0,2,2,2,True
,0,2,2,2,True
,0,2,2,2,True
,0,2,2,2,True
,0,2,2,2,True
,1,1,1,1,True
,0,2,2,2,True
,1,1,1,1,True
,0,2,2,2,True
,1,1,1,1,True
,0,2,2,2,True
,1,1,1,1,True
,0,2,2,2,True
,1,1,1,1,True
,0,2,2,2,True
,1,1,1,1,True
,0,2,2,2,True
,1,1,1,1,True
,0,2,2,2,True
,1,1,1,1,True
,0,2,2,2,True
,1,1,1,1,True
,0,2,2,2,True
,1,1,1,1,True
,0,4,4,4,True
,1,4,4,4,True
,0,8,8,8,True
,0,4,4,4,True
,1,4,4,4,True
,0,8,8,8,True
,0,4,4,4,True
,1,4,4,4,True
,0,8,8,8,True
,0,2,2,2,True
,1,2,2,2,True
,2,1,1,1,True
,0,2,2,2,True
,1,2,2,2,True
,2,1,1,1,True
,0,2,2,2,True
,1,2,2,2,True
,2,1,1,1,True
,0,2,2,2,True
,1,2,2,2,True
,2,1,1,1,True
,0,2,2,2,True
,1,2,2,2,True
,2,1,1,1,True
,0,2,2,2,True
,1,2,2,2,True
,2,1,1,1,True
,0,2,2,2,True
,1,2,2,2,True
,2,1,1,1,True
,0,2,2,2,True
,1,2,2,2,True
,2,1,1,1,True
,0,2,2,2,True
,1,2,2,2,True
,2,1,1,1,True
,0,2,2,2,True
,1,2,2,2,True
,2,1,1,1,True
,0,8,8,8,True
,0,4,4,4,True
,2,4,4,4,True
,0,4,4,4,True
,2,4,4,4,True
,0,8,8,8,True
,0,4,4,4,True
,2,4,4,4,True
,0,4,4,4,True
,2,4,4,4,True
,0,4,4,4,True
,2,4,4,4,True
,0,8,8,8,True
,0,4,4,4,True
,2,4,4,4,True
,0,4,4,4,True
,2,4,4,4,True
,0,4,4,4,True
,1,10,10,10,True
,2,10,10,10,True
,3,3,3,3,True
,0,8,8,8,True
,1,12,12,12,True
,2,6,6,6,True
,3,1,1,1,True
,0,4,4,4,True
,1,10,10,10,True
,2,10,10,10,True
,3,3,3,3,True
,0,8,8,8,True
,1,12,12,12,True
,2,6,6,6,True
,3,1,1,1,True
,0,4,4,4,True
,1,10,10,10,True
,2,10,10,10,True
,3,3,3,3,True
,0,8,8,8,True
,1,12,12,12,True
,2,6,6,6,True
,3,1,1,1,True
,0,16,16,16,True
,1,48,48,48,True
,2,48,48,48,True
,3,16,16,16,True
,0,4,4,4,True
,1,60,60,60,True
,2,60,60,60,True
,3,4,4,4,True
,0,4,4,4,True
,1,60,60,60,True
,2,60,60,60,True
,3,4,4,4,True
,0,4,4,4,True
,1,60,60,60,True
,2,60,60,60,True
,3,4,4,4,True
,0,16,16,16,True
,1,48,48,48,True
,2,48,48,48,True
,3,16,16,16,True
,0,16,16,16,True
,1,48,48,48,True
,2,48,48,48,True
,3,16,16,16,True
,0,16,16,16,True
,1,48,48,48,True
,2,48,48,48,True
,3,16,16,16,True
,0,4,4,4,True
,1,60,60,60,True
,2,60,60,60,True
,3,4,4,4,True
,0,4,4,4,True
,1,60,60,60,True
,2,60,60,60,True
,3,4,4,4,True
,0,4,4,4,True
,1,60,60,60,True
,2,60,60,60,True
,3,4,4,4,True
,0,2,2,2,True
,1,2,2,2,True
,2,2,2,2,True
,3,2,2,2,True
,4,1,1,1,True
,0,2,2,2,True
,1,2,2,2,True
,2,2,2,2,True
,3,2,2,2,True
,4,1,1,1,True
,0,2,2,2,True
,1,2,2,2,True
,2,2,2,2,True
,3,2,2,2,True
,4,1,1,1,True
,0,2,2,2,True
,1,2,2,2,True
,2,2,2,2,True
,3,2,2,2,True
,4,1,1,1,True
,0,2,2,2,True
,1,2,2,2,True
,2,2,2,2,True
,3,2,2,2,True
,4,1,1,1,True
,0,2,2,2,True
,1,2,2,2,True
,2,2,2,2,True
,3,2,2,2,True
,4,1,1,1,True
,0,2,2,2,True
,1,2,2,2,True
,2,2,2,2,True
,3,2,2,2,True
,4,1,1,1,True
,0,2,2,2,True
,1,2,2,2,True
,2,2,2,2,True
,3,2,2,2,True
,4,1,1,1,True
,0,2,2,2,True
,1,2,2,2,True
,2,2,2,2,True
,3,2,2,2,True
,4,1,1,1,True
,0,2,2,2,True
,1,2,2,2,True
,2,2,2,2,True
,3,2,2,2,True
,4,1,1,1,True
,0,32,32,32,True
,1,128,128,128,True
,2,192,192,192,True
,3,128,128,128,True
,4,32,32,32,True
,0,32,32,32,True
,1,192,192,192,True
,2,288,288,288,True
,0,8,8,8,True
,1,128,128,128,True
,2,240,240,240,True
,3,128,128,128,True
,4,8,8,8,True
,0,512,512,512,True
,0,8,8,8,True
,1,128,128,128,True
,2,240,240,240,True
,3,128,128,128,True
,4,8,8,8,True
,0,32,32,32,True
,1,192,192,192,True
,2,288,288,288,True
,0,8,8,8,True
,1,4,4,4,True
,2,8,8,8,True
,3,4,4,4,True
,4,2,2,2,True
,5,1,1,1,True
,0,4,4,4,True
,1,2,2,2,True
,2,8,8,8,True
,3,4,4,4,True
,4,6,6,6,True
,5,3,3,3,True
,0,4,4,4,True
,1,2,2,2,True
,2,8,8,8,True
,3,4,4,4,True
,4,6,6,6,True
,5,3,3,3,True
,0,8,8,8,True
,1,4,4,4,True
,2,8,8,8,True
,3,4,4,4,True
,4,2,2,2,True
,5,1,1,1,True
,0,4,4,4,True
,1,2,2,2,True
,2,8,8,8,True
,3,4,4,4,True
,4,6,6,6,True
,5,3,3,3,True
,0,4,4,4,True
,1,2,2,2,True
,2,8,8,8,True
,3,4,4,4,True
,4,6,6,6,True
,5,3,3,3,True
,0,4,4,4,True
,1,2,2,2,True
,2,8,8,8,True
,3,4,4,4,True
,4,6,6,6,True
,5,3,3,3,True
,0,8,8,8,True
,1,4,4,4,True
,2,8,8,8,True
,3,4,4,4,True
,4,2,2,2,True
,5,1,1,1,True
,0,4,4,4,True
,1,2,2,2,True
,2,8,8,8,True
,3,4,4,4,True
,4,6,6,6,True
,5,3,3,3,True
,0,4,4,4,True
,1,2,2,2,True
,2,8,8,8,True
,3,4,4,4,True
,4,6,6,6,True
,5,3,3,3,True
,0,4,4,4,True
,5,4,4,4,True
,0,8,8,8,True
,0,8,8,8,True
,0,4,4,4,True
,5,4,4,4,True
,0,8,8,8,True
,0,8,8,8,True
,0,8,8,8,True
,0,4,4,4,True
,5,4,4,4,True
,0,8,8,8,True
,0,8,8,8,True
,0,4,4,4,True
,1,12,12,12,True
,2,22,22,22,True
,3,32,32,32,True
,4,32,32,32,True
,5,18,18,18,True
,6,5,5,5,True
,0,8,8,8,True
,1,24,24,24,True
,2,36,36,36,True
,3,32,32,32,True
,4,18,18,18,True
,5,6,6,6,True
,6,1,1,1,True
,0,4,4,4,True
,1,12,12,12,True
,2,22,22,22,True
,3,32,32,32,True
,4,32,32,32,True
,5,18,18,18,True
,6,5,5,5,True
,0,8,8,8,True
,1,24,24,24,True
,2,36,36,36,True
,3,32,32,32,True
,4,18,18,18,True
,5,6,6,6,True
,6,1,1,1,True
,0,4,4,4,True
,1,12,12,12,True
,2,22,22,22,True
,3,32,32,32,True
,4,32,32,32,True
,5,18,18,18,True
,6,5,5,5,True
,0,8,8,8,True
,1,24,24,24,True
,2,36,36,36,True
,3,32,32,32,True
,4,18,18,18,True
,5,6,6,6,True
,6,1,1,1,True
,0,128,128,128,True
,0,4,4,4,True
,2,60,60,60,True
,4,60,60,60,True
,6,4,4,4,True
,0,4,4,4,True
,2,60,60,60,True
,4,60,60,60,True
,6,4,4,4,True
,0,8,8,8,True
,2,48,48,48,True
,4,72,72,72,True
,0,16,16,16,True
,2,48,48,48,True
,4,48,48,48,True
,6,16,16,16,True
,0,16,16,16,True
,2,48,48,48,True
,4,48,48,48,True
,6,16,16,16,True
,0,16,16,16,True
,2,48,48,48,True
,4,48,48,48,True
,6,16,16,16,True
,0,8,8,8,True
,2,48,48,48,True
,4,72,72,72,True
,0,4,4,4,True
,2,60,60,60,True
,4,60,60,60,True
,6,4,4,4,True
,0,4,4,4,True
,2,60,60,60,True
,4,60,60,60,True
,6,4,4,4,True
,0,16,16,16,True
,1,104,104,104,True
,2,312,312,312,True
,3,548,548,548,True
,4,604,604,604,True
,5,414,414,414,True
,6,162,162,162,True
,7,27,27,27,True
,0,4,4,4,True
,1,26,26,26,True
,2,264,264,264,True
,3,638,638,638,True
,4,796,796,796,True
,5,390,390,390,True
,6,66,66,66,True
,7,3,3,3,True
,0,4,4,4,True
,1,26,26,26,True
,2,264,264,264,True
,3,638,638,638,True
,4,796,796,796,True
,5,390,390,390,True
,6,66,66,66,True
,7,3,3,3,True
,0,4,4,4,True
,1,26,26,26,True
,2,264,264,264,True
,3,638,638,638,True
,4,796,796,796,True
,5,390,390,390,True
,6,66,66,66,True
,7,3,3,3,True
,0,16,16,16,True
,1,104,104,104,True
,2,312,312,312,True
,3,548,548,548,True
,4,604,604,604,True
,5,414,414,414,True
,6,162,162,162,True
,7,27,27,27,True
,0,16,16,16,True
,1,104,104,104,True
,2,312,312,312,True
,3,548,548,548,True
,4,604,604,604,True
,5,414,414,414,True
,6,162,162,162,True
,7,27,27,27,True
,0,16,16,16,True
,1,104,104,104,True
,2,312,312,312,True
,3,548,548,548,True
,4,604,604,604,True
,5,414,414,414,True
,6,162,162,162,True
,7,27,27,27,True
,0,4,4,4,True
,1,26,26,26,True
,2,264,264,264,True
,3,638,638,638,True
,4,796,796,796,True
,5,390,390,390,True
,6,66,66,66,True
,7,3,3,3,True
,0,4,4,4,True
,1,26,26,26,True
,2,264,264,264,True
,3,638,638,638,True
,4,796,796,796,True
,5,390,390,390,True
,6,66,66,66,True
,7,3,3,3,True
,0,4,4,4,True
,1,26,26,26,True
,2,264,264,264,True
,3,638,638,638,True
,4,796,796,796,True
,5,390,390,390,True
,6,66,66,66,True
,7,3,3,3,True
,0,64,64,64,True
,1,64,64,64,True
,2,128,128,128,True
,3,128,128,128,True
,4,64,64,64,True
,5,64,64,64,True
,0,64,64,64,True
,2,192,192,192,True
,4,192,192,192,True
,6,64,64,64,True
,0,64,64,64,True
,1,64,64,64,True
,2,128,128,128,True
,3,128,128,128,True
,4,64,64,64,True
,5,64,64,64,True
,0,64,64,64,True
,2,192,192,192,True
,4,192,192,192,True
,6,64,64,64,True
,0,64,64,64,True
,1,64,64,64,True
,2,128,128,128,True
,3,128,128,128,True
,4,64,64,64,True
,5,64,64,64,True
,0,64,64,64,True
,2,192,192,192,True
,4,192,192,192,True
,6,64,64,64,True
,0,2,2,2,True
,1,2,2,2,True
,2,2,2,2,True
,3,2,2,2,True
,4,2,2,2,True
,5,2,2,2,True
,6,2,2,2,True
,7,2,2,2,True
,8,1,1,1,True
,0,2,2,2,True
,1,2,2,2,True
,2,2,2,2,True
,3,2,2,2,True
,4,2,2,2,True
,5,2,2,2,True
,6,2,2,2,True
,7,2,2,2,True
,8,1,1,1,True
,0,2,2,2,True
,1,2,2,2,True
,2,2,2,2,True
,3,2,2,2,True
,4,2,2,2,True
,5,2,2,2,True
,6,2,2,2,True
,7,2,2,2,True
,8,1,1,1,True
,0,2,2,2,True
,1,2,2,2,True
,2,2,2,2,True
,3,2,2,2,True
,4,2,2,2,True
,5,2,2,2,True
,6,2,2,2,True
,7,2,2,2,True
,8,1,1,1,True
,0,2,2,2,True
,1,2,2,2,True
,2,2,2,2,True
,3,2,2,2,True
,4,2,2,2,True
,5,2,2,2,True
,6,2,2,2,True
,7,2,2,2,True
,8,1,1,1,True
,0,2,2,2,True
,1,2,2,2,True
,2,2,2,2,True
,3,2,2,2,True
,4,2,2,2,True
,5,2,2,2,True
,6,2,2,2,True
,7,2,2,2,True
,8,1,1,1,True
,0,2,2,2,True
,1,2,2,2,True
,2,2,2,2,True
,3,2,2,2,True
,4,2,2,2,True
,5,2,2,2,True
,6,2,2,2,True
,7,2,2,2,True
,8,1,1,1,True
,0,2,2,2,True
,1,2,2,2,True
,2,2,2,2,True
,3,2,2,2,True
,4,2,2,2,True
,5,2,2,2,True
,6,2,2,2,True
,7,2,2,2,True
,8,1,1,1,True
,0,2,2,2,True
,1,2,2,2,True
,2,2,2,2,True
,3,2,2,2,True
,4,2,2,2,True
,5,2,2,2,True
,6,2,2,2,True
,7,2,2,2,True
,8,1,1,1,True
,0,2,2,2,True
,1,2,2,2,True
,2,2,2,2,True
,3,2,2,2,True
,4,2,2,2,True
,5,2,2,2,True
,6,2,2,2,True
,7,2,2,2,True
,8,1,1,1,True
,0,32,32,32,True
,0,8,8,8,True
,4,16,16,16,True
,8,8,8,8,True
,0,8,8,8,True
,4,16,16,16,True
,8,8,8,8,True
,0,32,32,32,True
,0,8,8,8,True
,4,16,16,16,True
,8,8,8,8,True
,0,8,8,8,True
,4,16,16,16,True
,8,8,8,8,True
,0,8,8,8,True
,4,16,16,16,True
,8,8,8,8,True
,0,32,32,32,True
,0,8,8,8,True
,4,16,16,16,True
,8,8,8,8,True
,0,8,8,8,True
,4,16,16,16,True
,8,8,8,8,True
,0,32,32,32,True
,1,272,272,272,True
,2,1088,1088,1088,True
,3,2656,2656,2656,True
,4,4336,4336,4336,True
,5,4888,4888,4888,True
,6,3792,3792,3792,True
,7,1944,1944,1944,True
,8,594,594,594,True
,9,81,81,81,True
,0,32,32,32,True
,1,240,240,240,True
,2,1176,1176,1176,True
,3,3204,3204,3204,True
,4,6000,6000,6000,True
,5,5748,5748,5748,True
,6,2676,2676,2676,True
,7,564,564,564,True
,8,42,42,42,True
,9,1,1,1,True
,0,8,8,8,True
,1,68,68,68,True
,2,644,644,644,True
,3,2410,2410,2410,True
,4,4936,4936,4936,True
,5,5878,5878,5878,True
,6,4080,4080,4080,True
,7,1440,1440,1440,True
,8,210,210,210,True
,9,9,9,9,True
,0,512,512,512,True
,1,2304,2304,2304,True
,2,4608,4608,4608,True
,3,5376,5376,5376,True
,4,4032,4032,4032,True
,5,2016,2016,2016,True
,6,672,672,672,True
,7,144,144,144,True
,8,18,18,18,True
,9,1,1,1,True
,0,8,8,8,True
,1,68,68,68,True
,2,644,644,644,True
,3,2410,2410,2410,True
,4,4936,4936,4936,True
,5,5878,5878,5878,True
,6,4080,4080,4080,True
,7,1440,1440,1440,True
,8,210,210,210,True
,9,9,9,9,True
,0,32,32,32,True
,1,240,240,240,True
,2,1176,1176,1176,True
,3,3204,3204,3204,True
,4,6000,6000,6000,True
,5,5748,5748,5748,True
,6,2676,2676,2676,True
,7,564,564,564,True
,8,42,42,42,True
,9,1,1,1,True
,0,16,16,16,True
,3,48,48,48,True
,6,48,48,48,True
,9,16,16,16,True
,0,8,8,8,True
,3,48,48,48,True
,6,72,72,72,True
,0,8,8,8,True
,3,48,48,48,True
,6,72,72,72,True
,0,4,4,4,True
,3,60,60,60,True
,6,60,60,60,True
,9,4,4,4,True
,0,128,128,128,True
,0,128,128,128,True
,0,128,128,128,True
,0,4,4,4,True
,3,60,60,60,True
,6,60,60,60,True
,9,4,4,4,True
,0,8,8,8,True
,3,48,48,48,True
,6,72,72,72,True
,0,8,8,8,True
,3,48,48,48,True
,6,72,72,72,True
,0,8,8,8,True
,1,8,8,8,True
,2,20,20,20,True
,3,16,16,16,True
,4,24,24,24,True
,5,16,16,16,True
,6,16,16,16,True
,7,8,8,8,True
,8,6,6,6,True
,9,2,2,2,True
,10,1,1,1,True
,0,4,4,4,True
,1,4,4,4,True
,2,10,10,10,True
,3,8,8,8,True
,4,16,16,16,True
,5,12,12,12,True
,6,22,22,22,True
,7,16,16,16,True
,8,18,18,18,True
,9,10,10,10,True
,10,5,5,5,True
,0,4,4,4,True
,1,4,4,4,True
,2,10,10,10,True
,3,8,8,8,True
,4,16,16,16,True
,5,12,12,12,True
,6,22,22,22,True
,7,16,16,16,True
,8,18,18,18,True
,9,10,10,10,True
,10,5,5,5,True
,0,8,8,8,True
,1,8,8,8,True
,2,20,20,20,True
,3,16,16,16,True
,4,24,24,24,True
,5,16,16,16,True
,6,16,16,16,True
,7,8,8,8,True
,8,6,6,6,True
,9,2,2,2,True
,10,1,1,1,True
,0,4,4,4,True
,1,4,4,4,True
,2,10,10,10,True
,3,8,8,8,True
,4,16,16,16,True
,5,12,12,12,True
,6,22,22,22,True
,7,16,16,16,True
,8,18,18,18,True
,9,10,10,10,True
,10,5,5,5,True
,0,4,4,4,True
,1,4,4,4,True
,2,10,10,10,True
,3,8,8,8,True
,4,16,16,16,True
,5,12,12,12,True
,6,22,22,22,True
,7,16,16,16,True
,8,18,18,18,True
,9,10,10,10,True
,10,5,5,5,True
,0,8,8,8,True
,1,8,8,8,True
,2,20,20,20,True
,3,16,16,16,True
,4,24,24,24,True
,5,16,16,16,True
,6,16,16,16,True
,7,8,8,8,True
,8,6,6,6,True
,9,2,2,2,True
,10,1,1,1,True
,0,4,4,4,True
,1,4,4,4,True
,2,10,10,10,True
,3,8,8,8,True
,4,16,16,16,True
,5,12,12,12,True
,6,22,22,22,True
,7,16,16,16,True
,8,18,18,18,True
,9,10,10,10,True
,10,5,5,5,True
,0,4,4,4,True
,1,4,4,4,True
,2,10,10,10,True
,3,8,8,8,True
,4,16,16,16,True
,5,12,12,12,True
,6,22,22,22,True
,7,16,16,16,True
,8,18,18,18,True
,9,10,10,10,True
,10,5,5,5,True
,0,4,4,4,True
,1,2,2,2,True
,5,8,8,8,True
,6,4,4,4,True
,10,6,6,6,True
,11,3,3,3,True
,0,8,8,8,True
,1,4,4,4,True
,5,8,8,8,True
,6,4,4,4,True
,10,2,2,2,True
,11,1,1,1,True
,0,8,8,8,True
,1,4,4,4,True
,5,8,8,8,True
,6,4,4,4,True
,10,2,2,2,True
,11,1,1,1,True
,0,4,4,4,True
,1,2,2,2,True
,5,8,8,8,True
,6,4,4,4,True
,10,6,6,6,True
,11,3,3,3,True
,0,8,8,8,True
,1,4,4,4,True
,5,8,8,8,True
,6,4,4,4,True
,10,2,2,2,True
,11,1,1,1,True
,0,8,8,8,True
,1,4,4,4,True
,5,8,8,8,True
,6,4,4,4,True
,10,2,2,2,True
,11,1,1,1,True
,0,8,8,8,True
,1,4,4,4,True
,5,8,8,8,True
,6,4,4,4,True
,10,2,2,2,True
,11,1,1,1,True
,0,4,4,4,True
,1,2,2,2,True
,5,8,8,8,True
,6,4,4,4,True
,10,6,6,6,True
,11,3,3,3,True
,0,8,8,8,True
,1,4,4,4,True
,5,8,8,8,True
,6,4,4,4,True
,10,2,2,2,True
,11,1,1,1,True
,0,8,8,8,True
,1,4,4,4,True
,5,8,8,8,True
,6,4,4,4,True
,10,2,2,2,True
,11,1,1,1,True
,0,4,4,4,True
,11,4,4,4,True
,0,4,4,4,True
,11,4,4,4,True
,0,4,4,4,True
,11,4,4,4,True
,0,4,4,4,True
,11,4,4,4,True
,0,4,4,4,True
,11,4,4,4,True
,0,4,4,4,True
,11,4,4,4,True
,0,4,4,4,True
,11,4,4,4,True
,0,4,4,4,True
,11,4,4,4,True
,0,4,4,4,True
,11,4,4,4,True
,0,4,4,4,True
,11,4,4,4,True
,0,4,4,4,True
,1,12,12,12,True
,2,24,24,24,True
,3,40,40,40,True
,4,58,58,58,True
,5,76,76,76,True
,6,94,94,94,True
,7,112,112,112,True
,8,112,112,112,True
,9,90,90,90,True
,10,64,64,64,True
,11,34,34,34,True
,12,9,9,9,True
,0,8,8,8,True
,1,24,24,24,True
,2,48,48,48,True
,3,80,80,80,True
,4,108,108,108,True
,5,120,120,120,True
,6,116,116,116,True
,7,96,96,96,True
,8,66,66,66,True
,9,38,38,38,True
,10,18,18,18,True
,11,6,6,6,True
,12,1,1,1,True
,0,4,4,4,True
,1,12,12,12,True
,2,24,24,24,True
,3,40,40,40,True
,4,58,58,58,True
,5,76,76,76,True
,6,94,94,94,True
,7,112,112,112,True
,8,112,112,112,True
,9,90,90,90,True
,10,64,64,64,True
,11,34,34,34,True
,12,9,9,9,True
,0,8,8,8,True
,1,24,24,24,True
,2,48,48,48,True
,3,80,80,80,True
,4,108,108,108,True
,5,120,120,120,True
,6,116,116,116,True
,7,96,96,96,True
,8,66,66,66,True
,9,38,38,38,True
,10,18,18,18,True
,11,6,6,6,True
,12,1,1,1,True
,0,4,4,4,True
,1,12,12,12,True
,2,24,24,24,True
,3,40,40,40,True
,4,58,58,58,True
,5,76,76,76,True
,6,94,94,94,True
,7,112,112,112,True
,8,112,112,112,True
,9,90,90,90,True
,10,64,64,64,True
,11,34,34,34,True
,12,9,9,9,True
,0,8,8,8,True
,1,24,24,24,True
,2,48,48,48,True
,3,80,80,80,True
,4,108,108,108,True
,5,120,120,120,True
,6,116,116,116,True
,7,96,96,96,True
,8,66,66,66,True
,9,38,38,38,True
,10,18,18,18,True
,11,6,6,6,True
,12,1,1,1,True
,0,32,32,32,True
,0,8,8,8,True
,2,8,8,8,True
,10,8,8,8,True
,12,8,8,8,True
,0,8,8,8,True
,2,8,8,8,True
,10,8,8,8,True
,12,8,8,8,True
,0,32,32,32,True
,0,8,8,8,True
,2,8,8,8,True
,10,8,8,8,True
,12,8,8,8,True
,0,8,8,8,True
,2,8,8,8,True
,10,8,8,8,True
,12,8,8,8,True
,0,8,8,8,True
,2,8,8,8,True
,10,8,8,8,True
,12,8,8,8,True
,0,32,32,32,True
,0,8,8,8,True
,2,8,8,8,True
,10,8,8,8,True
,12,8,8,8,True
,0,8,8,8,True
,2,8,8,8,True
,10,8,8,8,True
,12,8,8,8,True
,0,128,128,128,True
,1,64,64,64,True
,2,384,384,384,True
,3,192,192,192,True
,4,480,480,480,True
,5,240,240,240,True
,6,320,320,320,True
,7,160,160,160,True
,8,120,120,120,True
,9,60,60,60,True
,10,24,24,24,True
,11,12,12,12,True
,12,2,2,2,True
,13,1,1,1,True
,0,4,4,4,True
,1,2,2,2,True
,2,24,24,24,True
,3,12,12,12,True
,4,252,252,252,True
,5,126,126,126,True
,6,512,512,512,True
,7,256,256,256,True
,8,540,540,540,True
,9,270,270,270,True
,10,120,120,120,True
,11,60,60,60,True
,12,6,6,6,True
,13,3,3,3,True
,0,4,4,4,True
,1,2,2,2,True
,2,24,24,24,True
,3,12,12,12,True
,4,252,252,252,True
,5,126,126,126,True
,6,512,512,512,True
,7,256,256,256,True
,8,540,540,540,True
,9,270,270,270,True
,10,120,120,120,True
,11,60,60,60,True
,12,6,6,6,True
,13,3,3,3,True
,0,8,8,8,True
,1,4,4,4,True
,2,48,48,48,True
,3,24,24,24,True
,4,216,216,216,True
,5,108,108,108,True
,6,440,440,440,True
,7,220,220,220,True
,8,672,672,672,True
,9,336,336,336,True
,10,72,72,72,True
,11,36,36,36,True
,12,2,2,2,True
,13,1,1,1,True
,0,16,16,16,True
,1,8,8,8,True
,2,96,96,96,True
,3,48,48,48,True
,4,264,264,264,True
,5,132,132,132,True
,6,416,416,416,True
,7,208,208,208,True
,8,396,396,396,True
,9,198,198,198,True
,10,216,216,216,True
,11,108,108,108,True
,12,54,54,54,True
,13,27,27,27,True
,0,16,16,16,True
,1,8,8,8,True
,2,96,96,96,True
,3,48,48,48,True
,4,264,264,264,True
,5,132,132,132,True
,6,416,416,416,True
,7,208,208,208,True
,8,396,396,396,True
,9,198,198,198,True
,10,216,216,216,True
,11,108,108,108,True
,12,54,54,54,True
,13,27,27,27,True
,0,16,16,16,True
,1,8,8,8,True
,2,96,96,96,True
,3,48,48,48,True
,4,264,264,264,True
,5,132,132,132,True
,6,416,416,416,True
,7,208,208,208,True
,8,396,396,396,True
,9,198,198,198,True
,10,216,216,216,True
,11,108,108,108,True
,12,54,54,54,True
,13,27,27,27,True
,0,8,8,8,True
,1,4,4,4,True
,2,48,48,48,True
,3,24,24,24,True
,4,216,216,216,True
,5,108,108,108,True
,6,440,440,440,True
,7,220,220,220,True
,8,672,672,672,True
,9,336,336,336,True
,10,72,72,72,True
,11,36,36,36,True
,12,2,2,2,True
,13,1,1,1,True
,0,4,4,4,True
,1,2,2,2,True
,2,24,24,24,True
,3,12,12,12,True
,4,252,252,252,True
,5,126,126,126,True
,6,512,512,512,True
,7,256,256,256,True
,8,540,540,540,True
,9,270,270,270,True
,10,120,120,120,True
,11,60,60,60,True
,12,6,6,6,True
,13,3,3,3,True
,0,4,4,4,True
,1,2,2,2,True
,2,24,24,24,True
,3,12,12,12,True
,4,252,252,252,True
,5,126,126,126,True
,6,512,512,512,True
,7,256,256,256,True
,8,540,540,540,True
,9,270,270,270,True
,10,120,120,120,True
,11,60,60,60,True
,12,6,6,6,True
,13,3,3,3,True
,0,256,256,256,True
,1,1024,1024,1024,True
,2,1536,1536,1536,True
,3,1792,1792,1792,True
,4,3328,3328,3328,True
,5,4608,4608,4608,True
,6,3840,3840,3840,True
,7,3840,3840,3840,True
,8,4608,4608,4608,True
,9,3328,3328,3328,True
,10,1792,1792,1792,True
,11,1536,1536,1536,True
,12,1024,1024,1024,True
,13,256,256,256,True
,0,128,128,128,True
,1,768,768,768,True
,2,1152,1152,1152,True
,3,768,768,768,True
,4,4608,4608,4608,True
,5,6912,6912,6912,True
,6,1152,1152,1152,True
,7,6912,6912,6912,True
,8,10368,10368,10368,True
,0,16,16,16,True
,1,256,256,256,True
,2,480,480,480,True
,3,496,496,496,True
,4,3856,3856,3856,True
,5,7200,7200,7200,True
,6,4080,4080,4080,True
,7,4080,4080,4080,True
,8,7200,7200,7200,True
,9,3856,3856,3856,True
,10,496,496,496,True
,11,480,480,480,True
,12,256,256,256,True
,13,16,16,16,True
,0,32768,32768,32768,True
,0,16,16,16,True
,1,256,256,256,True
,2,480,480,480,True
,3,496,496,496,True
,4,3856,3856,3856,True
,5,7200,7200,7200,True
,6,4080,4080,4080,True
,7,4080,4080,4080,True
,8,7200,7200,7200,True
,9,3856,3856,3856,True
,10,496,496,496,True
,11,480,480,480,True
,12,256,256,256,True
,13,16,16,16,True
,0,128,128,128,True
,1,768,768,768,True
,2,1152,1152,1152,True
,3,768,768,768,True
,4,4608,4608,4608,True
,5,6912,6912,6912,True
,6,1152,1152,1152,True
,7,6912,6912,6912,True
,8,10368,10368,10368,True
,0,16,16,16,True
,1,112,112,112,True
,2,440,440,440,True
,3,1280,1280,1280,True
,4,2960,2960,2960,True
,5,5608,5608,5608,True
,6,8916,8916,8916,True
,7,12000,12000,12000,True
,8,13620,13620,13620,True
,9,12940,12940,12940,True
,10,10126,10126,10126,True
,11,6272,6272,6272,True
,12,2860,2860,2860,True
,13,850,850,850,True
,14,125,125,125,True
,0,4,4,4,True
,1,28,28,28,True
,2,110,110,110,True
,3,320,320,320,True
,4,1490,1490,1490,True
,5,4408,4408,4408,True
,6,8916,8916,8916,True
,7,13680,13680,13680,True
,8,17700,17700,17700,True
,9,16180,16180,16180,True
,10,10138,10138,10138,True
,11,4016,4016,4016,True
,12,1000,1000,1000,True
,13,130,130,130,True
,14,5,5,5,True
,0,4,4,4,True
,1,28,28,28,True
,2,110,110,110,True
,3,320,320,320,True
,4,1490,1490,1490,True
,5,4408,4408,4408,True
,6,8916,8916,8916,True
,7,13680,13680,13680,True
,8,17700,17700,17700,True
,9,16180,16180,16180,True
,10,10138,10138,10138,True
,11,4016,4016,4016,True
,12,1000,1000,1000,True
,13,130,130,130,True
,14,5,5,5,True
,0,4,4,4,True
,1,28,28,28,True
,2,110,110,110,True
,3,320,320,320,True
,4,1490,1490,1490,True
,5,4408,4408,4408,True
,6,8916,8916,8916,True
,7,13680,13680,13680,True
,8,17700,17700,17700,True
,9,16180,16180,16180,True
,10,10138,10138,10138,True
,11,4016,4016,4016,True
,12,1000,1000,1000,True
,13,130,130,130,True
,14,5,5,5,True
,0,16,16,16,True
,1,112,112,112,True
,2,440,440,440,True
,3,1280,1280,1280,True
,4,2960,2960,2960,True
,5,5608,5608,5608,True
,6,8916,8916,8916,True
,7,12000,12000,12000,True
,8,13620,13620,13620,True
,9,12940,12940,12940,True
,10,10126,10126,10126,True
,11,6272,6272,6272,True
,12,2860,2860,2860,True
,13,850,850,850,True
,14,125,125,125,True
,0,16,16,16,True
,1,112,112,112,True
,2,440,440,440,True
,3,1280,1280,1280,True
,4,2960,2960,2960,True
,5,5608,5608,5608,True
,6,8916,8916,8916,True
,7,12000,12000,12000,True
,8,13620,13620,13620,True
,9,12940,12940,12940,True
,10,10126,10126,10126,True
,11,6272,6272,6272,True
,12,2860,2860,2860,True
,13,850,850,850,True
,14,125,125,125,True
,0,16,16,16,True
,1,112,112,112,True
,2,440,440,440,True
,3,1280,1280,1280,True
,4,2960,2960,2960,True
,5,5608,5608,5608,True
,6,8916,8916,8916,True
,7,12000,12000,12000,True
,8,13620,13620,13620,True
,9,12940,12940,12940,True
,10,10126,10126,10126,True
,11,6272,6272,6272,True
,12,2860,2860,2860,True
,13,850,850,850,True
,14,125,125,125,True
,0,4,4,4,True
,1,28,28,28,True
,2,110,110,110,True
,3,320,320,320,True
,4,1490,1490,1490,True
,5,4408,4408,4408,True
,6,8916,8916,8916,True
,7,13680,13680,13680,True
,8,17700,17700,17700,True
,9,16180,16180,16180,True
,10,10138,10138,10138,True
,11,4016,4016,4016,True
,12,1000,1000,1000,True
,13,130,130,130,True
,14,5,5,5,True
,0,4,4,4,True
,1,28,28,28,True
,2,110,110,110,True
,3,320,320,320,True
,4,1490,1490,1490,True
,5,4408,4408,4408,True
,6,8916,8916,8916,True
,7,13680,13680,13680,True
,8,17700,17700,17700,True
,9,16180,16180,16180,True
,10,10138,10138,10138,True
,11,4016,4016,4016,True
,12,1000,1000,1000,True
,13,130,130,130,True
,14,5,5,5,True
,0,4,4,4,True
,1,28,28,28,True
,2,110,110,110,True
,3,320,320,320,True
,4,1490,1490,1490,True
,5,4408,4408,4408,True
,6,8916,8916,8916,True
,7,13680,13680,13680,True
,8,17700,17700,17700,True
,9,16180,16180,16180,True
,10,10138,10138,10138,True
,11,4016,4016,4016,True
,12,1000,1000,1000,True
,13,130,130,130,True
,14,5,5,5,True
,0,8,8,8,True
,0,4,4,4,True
,14,4,4,4,True
,0,4,4,4,True
,14,4,4,4,True
,0,8,8,8,True
,0,4,4,4,True
,14,4,4,4,True
,0,4,4,4,True
,14,4,4,4,True
,0,4,4,4,True
,14,4,4,4,True
,0,8,8,8,True
,0,4,4,4,True
,14,4,4,4,True
,0,4,4,4,True
,14,4,4,4,True
,0,64,64,64,True
,1,160,160,160,True
,2,480,480,480,True
,3,848,848,848,True
,4,1520,1520,1520,True
,5,2040,2040,2040,True
,6,2696,2696,2696,True
,7,2780,2780,2780,True
,8,2880,2880,2880,True
,9,2272,2272,2272,True
,10,1840,1840,1840,True
,11,1080,1080,1080,True
,12,636,636,636,True
,13,270,270,270,True
,14,90,90,90,True
,15,27,27,27,True
,0,64,64,64,True
,1,96,96,96,True
,2,432,432,432,True
,3,584,584,584,True
,4,1344,1344,1344,True
,5,1632,1632,1632,True
,6,2456,2456,2456,True
,7,2628,2628,2628,True
,8,2832,2832,2832,True
,9,2584,2584,2584,True
,10,2052,2052,2052,True
,11,1494,1494,1494,True
,12,864,864,864,True
,13,432,432,432,True
,14,162,162,162,True
,15,27,27,27,True
,0,64,64,64,True
,1,160,160,160,True
,2,480,480,480,True
,3,848,848,848,True
,4,1520,1520,1520,True
,5,2040,2040,2040,True
,6,2696,2696,2696,True
,7,2780,2780,2780,True
,8,2880,2880,2880,True
,9,2272,2272,2272,True
,10,1840,1840,1840,True
,11,1080,1080,1080,True
,12,636,636,636,True
,13,270,270,270,True
,14,90,90,90,True
,15,27,27,27,True
,0,64,64,64,True
,1,96,96,96,True
,2,432,432,432,True
,3,584,584,584,True
,4,1344,1344,1344,True
,5,1632,1632,1632,True
,6,2456,2456,2456,True
,7,2628,2628,2628,True
,8,2832,2832,2832,True
,9,2584,2584,2584,True
,10,2052,2052,2052,True
,11,1494,1494,1494,True
,12,864,864,864,True
,13,432,432,432,True
,14,162,162,162,True
,15,27,27,27,True
,0,64,64,64,True
,1,160,160,160,True
,2,480,480,480,True
,3,848,848,848,True
,4,1520,1520,1520,True
,5,2040,2040,2040,True
,6,2696,2696,2696,True
,7,2780,2780,2780,True
,8,2880,2880,2880,True
,9,2272,2272,2272,True
,10,1840,1840,1840,True
,11,1080,1080,1080,True
,12,636,636,636,True
,13,270,270,270,True
,14,90,90,90,True
,15,27,27,27,True
,0,64,64,64,True
,1,96,96,96,True
,2,432,432,432,True
,3,584,584,584,True
,4,1344,1344,1344,True
,5,1632,1632,1632,True
,6,2456,2456,2456,True
,7,2628,2628,2628,True
,8,2832,2832,2832,True
,9,2584,2584,2584,True
,10,2052,2052,2052,True
,11,1494,1494,1494,True
,12,864,864,864,True
,13,432,432,432,True
,14,162,162,162,True
,15,27,27,27,True
,0,16,16,16,True
,5,48,48,48,True
,10,48,48,48,True
,15,16,16,16,True
,0,16,16,16,True
,5,48,48,48,True
,10,48,48,48,True
,15,16,16,16,True
,0,16,16,16,True
,5,48,48,48,True
,10,48,48,48,True
,15,16,16,16,True
,0,16,16,16,True
,5,48,48,48,True
,10,48,48,48,True
,15,16,16,16,True
,0,16,16,16,True
,5,48,48,48,True
,10,48,48,48,True
,15,16,16,16,True
,0,16,16,16,True
,5,48,48,48,True
,10,48,48,48,True
,15,16,16,16,True
,0,16,16,16,True
,5,48,48,48,True
,10,48,48,48,True
,15,16,16,16,True
,0,16,16,16,True
,5,48,48,48,True
,10,48,48,48,True
,15,16,16,16,True
,0,16,16,16,True
,5,48,48,48,True
,10,48,48,48,True
,15,16,16,16,True
,0,16,16,16,True
,5,48,48,48,True
,10,48,48,48,True
,15,16,16,16,True
,0,2,2,2,True
,1,2,2,2,True
,2,2,2,2,True
,3,2,2,2,True
,4,2,2,2,True
,5,2,2,2,True
,6,2,2,2,True
,7,2,2,2,True
,8,2,2,2,True
,9,2,2,2,True
,10,2,2,2,True
,11,2,2,2,True
,12,2,2,2,True
,13,2,2,2,True
,14,2,2,2,True
,15,2,2,2,True
,16,1,1,1,True
,0,2,2,2,True
,1,2,2,2,True
,2,2,2,2,True
,3,2,2,2,True
,4,2,2,2,True
,5,2,2,2,True
,6,2,2,2,True
,7,2,2,2,True
,8,2,2,2,True
,9,2,2,2,True
,10,2,2,2,True
,11,2,2,2,True
,12,2,2,2,True
,13,2,2,2,True
,14,2,2,2,True
,15,2,2,2,True
,16,1,1,1,True
,0,2,2,2,True
,1,2,2,2,True
,2,2,2,2,True
,3,2,2,2,True
,4,2,2,2,True
,5,2,2,2,True
,6,2,2,2,True
,7,2,2,2,True
,8,2,2,2,True
,9,2,2,2,True
,10,2,2,2,True
,11,2,2,2,True
,12,2,2,2,True
,13,2,2,2,True
,14,2,2,2,True
,15,2,2,2,True
,16,1,1,1,True
,0,2,2,2,True
,1,2,2,2,True
,2,2,2,2,True
,3,2,2,2,True
,4,2,2,2,True
,5,2,2,2,True
,6,2,2,2,True
,7,2,2,2,True
,8,2,2,2,True
,9,2,2,2,True
,10,2,2,2,True
,11,2,2,2,True
,12,2,2,2,True
,13,2,2,2,True
,14,2,2,2,True
,15,2,2,2,True
,16,1,1,1,True
,0,2,2,2,True
,1,2,2,2,True
,2,2,2,2,True
,3,2,2,2,True
,4,2,2,2,True
,5,2,2,2,True
,6,2,2,2,True
,7,2,2,2,True
,8,2,2,2,True
,9,2,2,2,True
,10,2,2,2,True
,11,2,2,2,True
,12,2,2,2,True
,13,2,2,2,True
,14,2,2,2,True
,15,2,2,2,True
,16,1,1,1,True
,0,2,2,2,True
,1,2,2,2,True
,2,2,2,2,True
,3,2,2,2,True
,4,2,2,2,True
,5,2,2,2,True
,6,2,2,2,True
,7,2,2,2,True
,8,2,2,2,True
,9,2,2,2,True
,10,2,2,2,True
,11,2,2,2,True
,12,2,2,2,True
,13,2,2,2,True
,14,2,2,2,True
,15,2,2,2,True
,16,1,1,1,True
,0,2,2,2,True
,1,2,2,2,True
,2,2,2,2,True
,3,2,2,2,True
,4,2,2,2,True
,5,2,2,2,True
,6,2,2,2,True
,7,2,2,2,True
,8,2,2,2,True
,9,2,2,2,True
,10,2,2,2,True
,11,2,2,2,True
,12,2,2,2,True
,13,2,2,2,True
,14,2,2,2,True
,15,2,2,2,True
,16,1,1,1,True
,0,2,2,2,True
,1,2,2,2,True
,2,2,2,2,True
,3,2,2,2,True
,4,2,2,2,True
,5,2,2,2,True
,6,2,2,2,True
,7,2,2,2,True
,8,2,2,2,True
,9,2,2,2,True
,10,2,2,2,True
,11,2,2,2,True
,12,2,2,2,True
,13,2,2,2,True
,14,2,2,2,True
,15,2,2,2,True
,16,1,1,1,True
,0,2,2,2,True
,1,2,2,2,True
,2,2,2,2,True
,3,2,2,2,True
,4,2,2,2,True
,5,2,2,2,True
,6,2,2,2,True
,7,2,2,2,True
,8,2,2,2,True
,9,2,2,2,True
,10,2,2,2,True
,11,2,2,2,True
,12,2,2,2,True
,13,2,2,2,True
,14,2,2,2,True
,15,2,2,2,True
,16,1,1,1,True
,0,2,2,2,True
,1,2,2,2,True
,2,2,2,2,True
,3,2,2,2,True
,4,2,2,2,True
,5,2,2,2,True
,6,2,2,2,True
,7,2,2,2,True
,8,2,2,2,True
,9,2,2,2,True
,10,2,2,2,True
,11,2,2,2,True
,12,2,2,2,True
,13,2,2,2,True
,14,2,2,2,True
,15,2,2,2,True
,16,1,1,1,True
,0,32,32,32,True
,1,32,32,32,True
,5,96,96,96,True
,6,96,96,96,True
,10,96,96,96,True
,11,96,96,96,True
,15,32,32,32,True
,16,32,32,32,True
,0,512,512,512,True
,0,32,32,32,True
,1,32,32,32,True
,5,96,96,96,True
,6,96,96,96,True
,10,96,96,96,True
,11,96,96,96,True
,15,32,32,32,True
,16,32,32,32,True
,0,512,512,512,True
,0,32,32,32,True
,1,32,32,32,True
,5,96,96,96,True
,6,96,96,96,True
,10,96,96,96,True
,11,96,96,96,True
,15,32,32,32,True
,16,32,32,32,True
,0,512,512,512,True
,0,32,32,32,True
,1,16,16,16,True
,4,64,64,64,True
,5,32,32,32,True
,8,48,48,48,True
,9,24,24,24,True
,12,16,16,16,True
,13,8,8,8,True
,16,2,2,2,True
,17,1,1,1,True
,0,8,8,8,True
,1,4,4,4,True
,4,32,32,32,True
,5,16,16,16,True
,8,56,56,56,True
,9,28,28,28,True
,12,48,48,48,True
,13,24,24,24,True
,16,18,18,18,True
,17,9,9,9,True
,0,8,8,8,True
,1,4,4,4,True
,4,32,32,32,True
,5,16,16,16,True
,8,56,56,56,True
,9,28,28,28,True
,12,48,48,48,True
,13,24,24,24,True
,16,18,18,18,True
,17,9,9,9,True
,0,32,32,32,True
,1,16,16,16,True
,4,64,64,64,True
,5,32,32,32,True
,8,48,48,48,True
,9,24,24,24,True
,12,16,16,16,True
,13,8,8,8,True
,16,2,2,2,True
,17,1,1,1,True
,0,8,8,8,True
,1,4,4,4,True
,4,32,32,32,True
,5,16,16,16,True
,8,56,56,56,True
,9,28,28,28,True
,12,48,48,48,True
,13,24,24,24,True
,16,18,18,18,True
,17,9,9,9,True
,0,8,8,8,True
,1,4,4,4,True
,4,32,32,32,True
,5,16,16,16,True
,8,56,56,56,True
,9,28,28,28,True
,12,48,48,48,True
,13,24,24,24,True
,16,18,18,18,True
,17,9,9,9,True
,0,8,8,8,True
,1,4,4,4,True
,4,32,32,32,True
,5,16,16,16,True
,8,56,56,56,True
,9,28,28,28,True
,12,48,48,48,True
,13,24,24,24,True
,16,18,18,18,True
,17,9,9,9,True
,0,32,32,32,True
,1,16,16,16,True
,4,64,64,64,True
,5,32,32,32,True
,8,48,48,48,True
,9,24,24,24,True
,12,16,16,16,True
,13,8,8,8,True
,16,2,2,2,True
,17,1,1,1,True
,0,8,8,8,True
,1,4,4,4,True
,4,32,32,32,True
,5,16,16,16,True
,8,56,56,56,True
,9,28,28,28,True
,12,48,48,48,True
,13,24,24,24,True
,16,18,18,18,True
,17,9,9,9,True
,0,8,8,8,True
,1,4,4,4,True
,4,32,32,32,True
,5,16,16,16,True
,8,56,56,56,True
,9,28,28,28,True
,12,48,48,48,True
,13,24,24,24,True
,16,18,18,18,True
,17,9,9,9,True
,0,128,128,128,True
,0,4,4,4,True
,6,60,60,60,True
,12,60,60,60,True
,18,4,4,4,True
,0,4,4,4,True
,6,60,60,60,True
,12,60,60,60,True
,18,4,4,4,True
,0,8,8,8,True
,6,48,48,48,True
,12,72,72,72,True
,0,16,16,16,True
,6,48,48,48,True
,12,48,48,48,True
,18,16,16,16,True
,0,16,16,16,True
,6,48,48,48,True
,12,48,48,48,True
,18,16,16,16,True
,0,16,16,16,True
,6,48,48,48,True
,12,48,48,48,True
,18,16,16,16,True
,0,8,8,8,True
,6,48,48,48,True
,12,72,72,72,True
,0,4,4,4,True
,6,60,60,60,True
,12,60,60,60,True
,18,4,4,4,True
,0,4,4,4,True
,6,60,60,60,True
,12,60,60,60,True
,18,4,4,4,True
,0,16,16,16,True
,1,8,8,8,True
,3,96,96,96,True
,4,48,48,48,True
,6,264,264,264,True
,7,132,132,132,True
,9,416,416,416,True
,10,208,208,208,True
,12,396,396,396,True
,13,198,198,198,True
,15,216,216,216,True
,16,108,108,108,True
,18,54,54,54,True
,19,27,27,27,True
,0,8,8,8,True
,1,4,4,4,True
,3,48,48,48,True
,4,24,24,24,True
,6,216,216,216,True
,7,108,108,108,True
,9,440,440,440,True
,10,220,220,220,True
,12,672,672,672,True
,13,336,336,336,True
,15,72,72,72,True
,16,36,36,36,True
,18,2,2,2,True
,19,1,1,1,True
,0,8,8,8,True
,1,4,4,4,True
,3,48,48,48,True
,4,24,24,24,True
,6,216,216,216,True
,7,108,108,108,True
,9,440,440,440,True
,10,220,220,220,True
,12,672,672,672,True
,13,336,336,336,True
,15,72,72,72,True
,16,36,36,36,True
,18,2,2,2,True
,19,1,1,1,True
,0,4,4,4,True
,1,2,2,2,True
,3,24,24,24,True
,4,12,12,12,True
,6,252,252,252,True
,7,126,126,126,True
,9,512,512,512,True
,10,256,256,256,True
,12,540,540,540,True
,13,270,270,270,True
,15,120,120,120,True
,16,60,60,60,True
,18,6,6,6,True
,19,3,3,3,True
,0,128,128,128,True
,1,64,64,64,True
,3,384,384,384,True
,4,192,192,192,True
,6,480,480,480,True
,7,240,240,240,True
,9,320,320,320,True
,10,160,160,160,True
,12,120,120,120,True
,13,60,60,60,True
,15,24,24,24,True
,16,12,12,12,True
,18,2,2,2,True
,19,1,1,1,True
,0,128,128,128,True
,1,64,64,64,True
,3,384,384,384,True
,4,192,192,192,True
,6,480,480,480,True
,7,240,240,240,True
,9,320,320,320,True
,10,160,160,160,True
,12,120,120,120,True
,13,60,60,60,True
,15,24,24,24,True
,16,12,12,12,True
,18,2,2,2,True
,19,1,1,1,True
,0,128,128,128,True
,1,64,64,64,True
,3,384,384,384,True
,4,192,192,192,True
,6,480,480,480,True
,7,240,240,240,True
,9,320,320,320,True
,10,160,160,160,True
,12,120,120,120,True
,13,60,60,60,True
,15,24,24,24,True
,16,12,12,12,True
,18,2,2,2,True
,19,1,1,1,True
,0,4,4,4,True
,1,2,2,2,True
,3,24,24,24,True
,4,12,12,12,True
,6,252,252,252,True
,7,126,126,126,True
,9,512,512,512,True
,10,256,256,256,True
,12,540,540,540,True
,13,270,270,270,True
,15,120,120,120,True
,16,60,60,60,True
,18,6,6,6,True
,19,3,3,3,True
,0,8,8,8,True
,1,4,4,4,True
,3,48,48,48,True
,4,24,24,24,True
,6,216,216,216,True
,7,108,108,108,True
,9,440,440,440,True
,10,220,220,220,True
,12,672,672,672,True
,13,336,336,336,True
,15,72,72,72,True
,16,36,36,36,True
,18,2,2,2,True
,19,1,1,1,True
,0,8,8,8,True
,1,4,4,4,True
,3,48,48,48,True
,4,24,24,24,True
,6,216,216,216,True
,7,108,108,108,True
,9,440,440,440,True
,10,220,220,220,True
,12,672,672,672,True
,13,336,336,336,True
,15,72,72,72,True
,16,36,36,36,True
,18,2,2,2,True
,19,1,1,1,True
,0,8,8,8,True
,1,8,8,8,True
,2,24,24,24,True
,3,24,24,24,True
,4,44,44,44,True
,5,40,40,40,True
,6,64,64,64,True
,7,56,56,56,True
,8,76,76,76,True
,9,64,64,64,True
,10,72,72,72,True
,11,56,56,56,True
,12,56,56,56,True
,13,40,40,40,True
,14,36,36,36,True
,15,24,24,24,True
,16,18,18,18,True
,17,10,10,10,True
,18,6,6,6,True
,19,2,2,2,True
,20,1,1,1,True
,0,4,4,4,True
,1,4,4,4,True
,2,12,12,12,True
,3,12,12,12,True
,4,22,22,22,True
,5,20,20,20,True
,6,32,32,32,True
,7,28,28,28,True
,8,42,42,42,True
,9,36,36,36,True
,10,52,52,52,True
,11,44,44,44,True
,12,62,62,62,True
,13,52,52,52,True
,14,72,72,72,True
,15,60,60,60,True
,16,64,64,64,True
,17,50,50,50,True
,18,34,34,34,True
,19,18,18,18,True
,20,9,9,9,True
,0,4,4,4,True
,1,4,4,4,True
,2,12,12,12,True
,3,12,12,12,True
,4,22,22,22,True
,5,20,20,20,True
,6,32,32,32,True
,7,28,28,28,True
,8,42,42,42,True
,9,36,36,36,True
,10,52,52,52,True
,11,44,44,44,True
,12,62,62,62,True
,13,52,52,52,True
,14,72,72,72,True
,15,60,60,60,True
,16,64,64,64,True
,17,50,50,50,True
,18,34,34,34,True
,19,18,18,18,True
,20,9,9,9,True
,0,8,8,8,True
,1,8,8,8,True
,2,24,24,24,True
,3,24,24,24,True
,4,44,44,44,True
,5,40,40,40,True
,6,64,64,64,True
,7,56,56,56,True
,8,76,76,76,True
,9,64,64,64,True
,10,72,72,72,True
,11,56,56,56,True
,12,56,56,56,True
,13,40,40,40,True
,14,36,36,36,True
,15,24,24,24,True
,16,18,18,18,True
,17,10,10,10,True
,18,6,6,6,True
,19,2,2,2,True
,20,1,1,1,True
,0,4,4,4,True
,1,4,4,4,True
,2,12,12,12,True
,3,12,12,12,True
,4,22,22,22,True
,5,20,20,20,True
,6,32,32,32,True
,7,28,28,28,True
,8,42,42,42,True
,9,36,36,36,True
,10,52,52,52,True
,11,44,44,44,True
,12,62,62,62,True
,13,52,52,52,True
,14,72,72,72,True
,15,60,60,60,True
,16,64,64,64,True
,17,50,50,50,True
,18,34,34,34,True
,19,18,18,18,True
,20,9,9,9,True
,0,4,4,4,True
,1,4,4,4,True
,2,12,12,12,True
,3,12,12,12,True
,4,22,22,22,True
,5,20,20,20,True
,6,32,32,32,True
,7,28,28,28,True
,8,42,42,42,True
,9,36,36,36,True
,10,52,52,52,True
,11,44,44,44,True
,12,62,62,62,True
,13,52,52,52,True
,14,72,72,72,True
,15,60,60,60,True
,16,64,64,64,True
,17,50,50,50,True
,18,34,34,34,True
,19,18,18,18,True
,20,9,9,9,True
,0,4,4,4,True
,1,4,4,4,True
,2,12,12,12,True
,3,12,12,12,True
,4,22,22,22,True
,5,20,20,20,True
,6,32,32,32,True
,7,28,28,28,True
,8,42,42,42,True
,9,36,36,36,True
,10,52,52,52,True
,11,44,44,44,True
,12,62,62,62,True
,13,52,52,52,True
,14,72,72,72,True
,15,60,60,60,True
,16,64,64,64,True
,17,50,50,50,True
,18,34,34,34,True
,19,18,18,18,True
,20,9,9,9,True
,0,8,8,8,True
,1,8,8,8,True
,2,24,24,24,True
,3,24,24,24,True
,4,44,44,44,True
,5,40,40,40,True
,6,64,64,64,True
,7,56,56,56,True
,8,76,76,76,True
,9,64,64,64,True
,10,72,72,72,True
,11,56,56,56,True
,12,56,56,56,True
,13,40,40,40,True
,14,36,36,36,True
,15,24,24,24,True
,16,18,18,18,True
,17,10,10,10,True
,18,6,6,6,True
,19,2,2,2,True
,20,1,1,1,True
,0,4,4,4,True
,1,4,4,4,True
,2,12,12,12,True
,3,12,12,12,True
,4,22,22,22,True
,5,20,20,20,True
,6,32,32,32,True
,7,28,28,28,True
,8,42,42,42,True
,9,36,36,36,True
,10,52,52,52,True
,11,44,44,44,True
,12,62,62,62,True
,13,52,52,52,True
,14,72,72,72,True
,15,60,60,60,True
,16,64,64,64,True
,17,50,50,50,True
,18,34,34,34,True
,19,18,18,18,True
,20,9,9,9,True
,0,4,4,4,True
,1,4,4,4,True
,2,12,12,12,True
,3,12,12,12,True
,4,22,22,22,True
,5,20,20,20,True
,6,32,32,32,True
,7,28,28,28,True
,8,42,42,42,True
,9,36,36,36,True
,10,52,52,52,True
,11,44,44,44,True
,12,62,62,62,True
,13,52,52,52,True
,14,72,72,72,True
,15,60,60,60,True
,16,64,64,64,True
,17,50,50,50,True
,18,34,34,34,True
,19,18,18,18,True
,20,9,9,9,True
,0,32,32,32,True
,0,8,8,8,True
,10,16,16,16,True
,20,8,8,8,True
,0,8,8,8,True
,10,16,16,16,True
,20,8,8,8,True
,0,32,32,32,True
,0,8,8,8,True
,10,16,16,16,True
,20,8,8,8,True
,0,8,8,8,True
,10,16,16,16,True
,20,8,8,8,True
,0,8,8,8,True
,10,16,16,16,True
,20,8,8,8,True
,0,32,32,32,True
,0,8,8,8,True
,10,16,16,16,True
,20,8,8,8,True
,0,8,8,8,True
,10,16,16,16,True
,20,8,8,8,True
,0,16,16,16,True
,7,48,48,48,True
,14,48,48,48,True
,21,16,16,16,True
,0,128,128,128,True
,0,128,128,128,True
,0,16,16,16,True
,7,48,48,48,True
,14,48,48,48,True
,21,16,16,16,True
,0,128,128,128,True
,0,128,128,128,True
,0,128,128,128,True
,0,16,16,16,True
,7,48,48,48,True
,14,48,48,48,True
,21,16,16,16,True
,0,128,128,128,True
,0,128,128,128,True
,0,4,4,4,True
,1,4,4,4,True
,2,2,2,2,True
,5,8,8,8,True
,6,8,8,8,True
,7,4,4,4,True
,10,12,12,12,True
,11,12,12,12,True
,12,6,6,6,True
,15,16,16,16,True
,16,16,16,16,True
,17,8,8,8,True
,20,10,10,10,True
,21,10,10,10,True
,22,5,5,5,True
,0,8,8,8,True
,1,8,8,8,True
,2,4,4,4,True
,5,16,16,16,True
,6,16,16,16,True
,7,8,8,8,True
,10,16,16,16,True
,11,16,16,16,True
,12,8,8,8,True
,15,8,8,8,True
,16,8,8,8,True
,17,4,4,4,True
,20,2,2,2,True
,21,2,2,2,True
,22,1,1,1,True
,0,8,8,8,True
,1,8,8,8,True
,2,4,4,4,True
,5,16,16,16,True
,6,16,16,16,True
,7,8,8,8,True
,10,16,16,16,True
,11,16,16,16,True
,12,8,8,8,True
,15,8,8,8,True
,16,8,8,8,True
,17,4,4,4,True
,20,2,2,2,True
,21,2,2,2,True
,22,1,1,1,True
,0,4,4,4,True
,1,4,4,4,True
,2,2,2,2,True
,5,8,8,8,True
,6,8,8,8,True
,7,4,4,4,True
,10,12,12,12,True
,11,12,12,12,True
,12,6,6,6,True
,15,16,16,16,True
,16,16,16,16,True
,17,8,8,8,True
,20,10,10,10,True
,21,10,10,10,True
,22,5,5,5,True
,0,8,8,8,True
,1,8,8,8,True
,2,4,4,4,True
,5,16,16,16,True
,6,16,16,16,True
,7,8,8,8,True
,10,16,16,16,True
,11,16,16,16,True
,12,8,8,8,True
,15,8,8,8,True
,16,8,8,8,True
,17,4,4,4,True
,20,2,2,2,True
,21,2,2,2,True
,22,1,1,1,True
,0,8,8,8,True
,1,8,8,8,True
,2,4,4,4,True
,5,16,16,16,True
,6,16,16,16,True
,7,8,8,8,True
,10,16,16,16,True
,11,16,16,16,True
,12,8,8,8,True
,15,8,8,8,True
,16,8,8,8,True
,17,4,4,4,True
,20,2,2,2,True
,21,2,2,2,True
,22,1,1,1,True
,0,8,8,8,True
,1,8,8,8,True
,2,4,4,4,True
,5,16,16,16,True
,6,16,16,16,True
,7,8,8,8,True
,10,16,16,16,True
,11,16,16,16,True
,12,8,8,8,True
,15,8,8,8,True
,16,8,8,8,True
,17,4,4,4,True
,20,2,2,2,True
,21,2,2,2,True
,22,1,1,1,True
,0,4,4,4,True
,1,4,4,4,True
,2,2,2,2,True
,5,8,8,8,True
,6,8,8,8,True
,7,4,4,4,True
,10,12,12,12,True
,11,12,12,12,True
,12,6,6,6,True
,15,16,16,16,True
,16,16,16,16,True
,17,8,8,8,True
,20,10,10,10,True
,21,10,10,10,True
,22,5,5,5,True
,0,8,8,8,True
,1,8,8,8,True
,2,4,4,4,True
,5,16,16,16,True
,6,16,16,16,True
,7,8,8,8,True
,10,16,16,16,True
,11,16,16,16,True
,12,8,8,8,True
,15,8,8,8,True
,16,8,8,8,True
,17,4,4,4,True
,20,2,2,2,True
,21,2,2,2,True
,22,1,1,1,True
,0,8,8,8,True
,1,8,8,8,True
,2,4,4,4,True
,5,16,16,16,True
,6,16,16,16,True
,7,8,8,8,True
,10,16,16,16,True
,11,16,16,16,True
,12,8,8,8,True
,15,8,8,8,True
,16,8,8,8,True
,17,4,4,4,True
,20,2,2,2,True
,21,2,2,2,True
,22,1,1,1,True
,0,4,4,4,True
,1,2,2,2,True
,11,8,8,8,True
,12,4,4,4,True
,22,6,6,6,True
,23,3,3,3,True
,0,4,4,4,True
,1,2,2,2,True
,11,8,8,8,True
,12,4,4,4,True
,22,6,6,6,True
,23,3,3,3,True
,0,4,4,4,True
,1,2,2,2,True
,11,8,8,8,True
,12,4,4,4,True
,22,6,6,6,True
,23,3,3,3,True
,0,4,4,4,True
,1,2,2,2,True
,11,8,8,8,True
,12,4,4,4,True
,22,6,6,6,True
,23,3,3,3,True
,0,4,4,4,True
,1,2,2,2,True
,11,8,8,8,True
,12,4,4,4,True
,22,6,6,6,True
,23,3,3,3,True
,0,4,4,4,True
,1,2,2,2,True
,11,8,8,8,True
,12,4,4,4,True
,22,6,6,6,True
,23,3,3,3,True
,0,4,4,4,True
,1,2,2,2,True
,11,8,8,8,True
,12,4,4,4,True
,22,6,6,6,True
,23,3,3,3,True
,0,4,4,4,True
,1,2,2,2,True
,11,8,8,8,True
,12,4,4,4,True
,22,6,6,6,True
,23,3,3,3,True
,0,4,4,4,True
,1,2,2,2,True
,11,8,8,8,True
,12,4,4,4,True
,22,6,6,6,True
,23,3,3,3,True
,0,4,4,4,True
,1,2,2,2,True
,11,8,8,8,True
,12,4,4,4,True
,22,6,6,6,True
,23,3,3,3,True
,0,4,4,4,True
,23,4,4,4,True
,0,4,4,4,True
,23,4,4,4,True
,0,4,4,4,True
,23,4,4,4,True
,0,4,4,4,True
,23,4,4,4,True
,0,4,4,4,True
,23,4,4,4,True
,0,4,4,4,True
,23,4,4,4,True
,0,4,4,4,True
,23,4,4,4,True
,0,4,4,4,True
,23,4,4,4,True
,0,4,4,4,True
,23,4,4,4,True
,0,4,4,4,True
,23,4,4,4,True
,0,4,4,4,True
,1,12,12,12,True
,2,24,24,24,True
,3,40,40,40,True
,4,60,60,60,True
,5,84,84,84,True
,6,112,112,112,True
,7,144,144,144,True
,8,178,178,178,True
,9,212,212,212,True
,10,246,246,246,True
,11,280,280,280,True
,12,314,314,314,True
,13,348,348,348,True
,14,382,382,382,True
,15,416,416,416,True
,16,416,416,416,True
,17,378,378,378,True
,18,336,336,336,True
,19,290,290,290,True
,20,240,240,240,True
,21,186,186,186,True
,22,128,128,128,True
,23,66,66,66,True
,24,17,17,17,True
,0,8,8,8,True
,1,24,24,24,True
,2,48,48,48,True
,3,80,80,80,True
,4,120,120,120,True
,5,168,168,168,True
,6,224,224,224,True
,7,288,288,288,True
,8,348,348,348,True
,9,392,392,392,True
,10,420,420,420,True
,11,432,432,432,True
,12,428,428,428,True
,13,408,408,408,True
,14,372,372,372,True
,15,320,320,320,True
,16,258,258,258,True
,17,198,198,198,True
,18,146,146,146,True
,19,102,102,102,True
,20,66,66,66,True
,21,38,38,38,True
,22,18,18,18,True
,23,6,6,6,True
,24,1,1,1,True
,0,4,4,4,True
,1,12,12,12,True
,2,24,24,24,True
,3,40,40,40,True
,4,60,60,60,True
,5,84,84,84,True
,6,112,112,112,True
,7,144,144,144,True
,8,178,178,178,True
,9,212,212,212,True
,10,246,246,246,True
,11,280,280,280,True
,12,314,314,314,True
,13,348,348,348,True
,14,382,382,382,True
,15,416,416,416,True
,16,416,416,416,True
,17,378,378,378,True
,18,336,336,336,True
,19,290,290,290,True
,20,240,240,240,True
,21,186,186,186,True
,22,128,128,128,True
,23,66,66,66,True
,24,17,17,17,True
,0,8,8,8,True
,1,24,24,24,True
,2,48,48,48,True
,3,80,80,80,True
,4,120,120,120,True
,5,168,168,168,True
,6,224,224,224,True
,7,288,288,288,True
,8,348,348,348,True
,9,392,392,392,True
,10,420,420,420,True
,11,432,432,432,True
,12,428,428,428,True
,13,408,408,408,True
,14,372,372,372,True
,15,320,320,320,True
,16,258,258,258,True
,17,198,198,198,True
,18,146,146,146,True
,19,102,102,102,True
,20,66,66,66,True
,21,38,38,38,True
,22,18,18,18,True
,23,6,6,6,True
,24,1,1,1,True
,0,4,4,4,True
,1,12,12,12,True
,2,24,24,24,True
,3,40,40,40,True
,4,60,60,60,True
,5,84,84,84,True
,6,112,112,112,True
,7,144,144,144,True
,8,178,178,178,True
,9,212,212,212,True
,10,246,246,246,True
,11,280,280,280,True
,12,314,314,314,True
,13,348,348,348,True
,14,382,382,382,True
,15,416,416,416,True
,16,416,416,416,True
,17,378,378,378,True
,18,336,336,336,True
,19,290,290,290,True
,20,240,240,240,True
,21,186,186,186,True
,22,128,128,128,True
,23,66,66,66,True
,24,17,17,17,True
,0,8,8,8,True
,1,24,24,24,True
,2,48,48,48,True
,3,80,80,80,True
,4,120,120,120,True
,5,168,168,168,True
,6,224,224,224,True
,7,288,288,288,True
,8,348,348,348,True
,9,392,392,392,True
,10,420,420,420,True
,11,432,432,432,True
,12,428,428,428,True
,13,408,408,408,True
,14,372,372,372,True
,15,320,320,320,True
,16,258,258,258,True
,17,198,198,198,True
,18,146,146,146,True
,19,102,102,102,True
,20,66,66,66,True
,21,38,38,38,True
,22,18,18,18,True
,23,6,6,6,True
,24,1,1,1,True
,0,128,128,128,True
,1,384,384,384,True
,2,384,384,384,True
,3,128,128,128,True
,7,384,384,384,True
,8,1152,1152,1152,True
,9,1152,1152,1152,True
,10,384,384,384,True
,14,384,384,384,True
,15,1152,1152,1152,True
,16,1152,1152,1152,True
,17,384,384,384,True
,21,128,128,128,True
,22,384,384,384,True
,23,384,384,384,True
,24,128,128,128,True
,0,8,8,8,True
,1,120,120,120,True
,2,120,120,120,True
,3,8,8,8,True
,7,120,120,120,True
,8,1800,1800,1800,True
,9,1800,1800,1800,True
,10,120,120,120,True
,14,120,120,120,True
,15,1800,1800,1800,True
,16,1800,1800,1800,True
,17,120,120,120,True
,21,8,8,8,True
,22,120,120,120,True
,23,120,120,120,True
,24,8,8,8,True
,0,8,8,8,True
,1,120,120,120,True
,2,120,120,120,True
,3,8,8,8,True
,7,120,120,120,True
,8,1800,1800,1800,True
,9,1800,1800,1800,True
,10,120,120,120,True
,14,120,120,120,True
,15,1800,1800,1800,True
,16,1800,1800,1800,True
,17,120,120,120,True
,21,8,8,8,True
,22,120,120,120,True
,23,120,120,120,True
,24,8,8,8,True
,0,8,8,8,True
,1,120,120,120,True
,2,120,120,120,True
,3,8,8,8,True
,7,120,120,120,True
,8,1800,1800,1800,True
,9,1800,1800,1800,True
,10,120,120,120,True
,14,120,120,120,True
,15,1800,1800,1800,True
,16,1800,1800,1800,True
,17,120,120,120,True
,21,8,8,8,True
,22,120,120,120,True
,23,120,120,120,True
,24,8,8,8,True
,0,128,128,128,True
,1,384,384,384,True
,2,384,384,384,True
,3,128,128,128,True
,7,384,384,384,True
,8,1152,1152,1152,True
,9,1152,1152,1152,True
,10,384,384,384,True
,14,384,384,384,True
,15,1152,1152,1152,True
,16,1152,1152,1152,True
,17,384,384,384,True
,21,128,128,128,True
,22,384,384,384,True
,23,384,384,384,True
,24,128,128,128,True
,0,128,128,128,True
,1,384,384,384,True
,2,384,384,384,True
,3,128,128,128,True
,7,384,384,384,True
,8,1152,1152,1152,True
,9,1152,1152,1152,True
,10,384,384,384,True
,14,384,384,384,True
,15,1152,1152,1152,True
,16,1152,1152,1152,True
,17,384,384,384,True
,21,128,128,128,True
,22,384,384,384,True
,23,384,384,384,True
,24,128,128,128,True
,0,128,128,128,True
,1,384,384,384,True
,2,384,384,384,True
,3,128,128,128,True
,7,384,384,384,True
,8,1152,1152,1152,True
,9,1152,1152,1152,True
,10,384,384,384,True
,14,384,384,384,True
,15,1152,1152,1152,True
,16,1152,1152,1152,True
,17,384,384,384,True
,21,128,128,128,True
,22,384,384,384,True
,23,384,384,384,True
,24,128,128,128,True
,0,8,8,8,True
,1,120,120,120,True
,2,120,120,120,True
,3,8,8,8,True
,7,120,120,120,True
,8,1800,1800,1800,True
,9,1800,1800,1800,True
,10,120,120,120,True
,14,120,120,120,True
,15,1800,1800,1800,True
,16,1800,1800,1800,True
,17,120,120,120,True
,21,8,8,8,True
,22,120,120,120,True
,23,120,120,120,True
,24,8,8,8,True
,0,8,8,8,True
,1,120,120,120,True
,2,120,120,120,True
,3,8,8,8,True
,7,120,120,120,True
,8,1800,1800,1800,True
,9,1800,1800,1800,True
,10,120,120,120,True
,14,120,120,120,True
,15,1800,1800,1800,True
,16,1800,1800,1800,True
,17,120,120,120,True
,21,8,8,8,True
,22,120,120,120,True
,23,120,120,120,True
,24,8,8,8,True
,0,8,8,8,True
,1,120,120,120,True
,2,120,120,120,True
,3,8,8,8,True
,7,120,120,120,True
,8,1800,1800,1800,True
,9,1800,1800,1800,True
,10,120,120,120,True
,14,120,120,120,True
,15,1800,1800,1800,True
,16,1800,1800,1800,True
,17,120,120,120,True
,21,8,8,8,True
,22,120,120,120,True
,23,120,120,120,True
,24,8,8,8,True
,0,32,32,32,True
,1,16,16,16,True
,2,32,32,32,True
,3,16,16,16,True
,4,8,8,8,True
,5,4,4,4,True
,10,32,32,32,True
,11,16,16,16,True
,12,32,32,32,True
,13,16,16,16,True
,14,8,8,8,True
,15,4,4,4,True
,20,8,8,8,True
,21,4,4,4,True
,22,8,8,8,True
,23,4,4,4,True
,24,2,2,2,True
,25,1,1,1,True
,0,8,8,8,True
,1,4,4,4,True
,2,16,16,16,True
,3,8,8,8,True
,4,12,12,12,True
,5,6,6,6,True
,10,16,16,16,True
,11,8,8,8,True
,12,32,32,32,True
,13,16,16,16,True
,14,24,24,24,True
,15,12,12,12,True
,20,12,12,12,True
,21,6,6,6,True
,22,24,24,24,True
,23,12,12,12,True
,24,18,18,18,True
,25,9,9,9,True
,0,8,8,8,True
,1,4,4,4,True
,2,16,16,16,True
,3,8,8,8,True
,4,12,12,12,True
,5,6,6,6,True
,10,16,16,16,True
,11,8,8,8,True
,12,32,32,32,True
,13,16,16,16,True
,14,24,24,24,True
,15,12,12,12,True
,20,12,12,12,True
,21,6,6,6,True
,22,24,24,24,True
,23,12,12,12,True
,24,18,18,18,True
,25,9,9,9,True
,0,32,32,32,True
,1,16,16,16,True
,2,32,32,32,True
,3,16,16,16,True
,4,8,8,8,True
,5,4,4,4,True
,10,32,32,32,True
,11,16,16,16,True
,12,32,32,32,True
,13,16,16,16,True
,14,8,8,8,True
,15,4,4,4,True
,20,8,8,8,True
,21,4,4,4,True
,22,8,8,8,True
,23,4,4,4,True
,24,2,2,2,True
,25,1,1,1,True
,0,8,8,8,True
,1,4,4,4,True
,2,16,16,16,True
,3,8,8,8,True
,4,12,12,12,True
,5,6,6,6,True
,10,16,16,16,True
,11,8,8,8,True
,12,32,32,32,True
,13,16,16,16,True
,14,24,24,24,True
,15,12,12,12,True
,20,12,12,12,True
,21,6,6,6,True
,22,24,24,24,True
,23,12,12,12,True
,24,18,18,18,True
,25,9,9,9,True
,0,8,8,8,True
,1,4,4,4,True
,2,16,16,16,True
,3,8,8,8,True
,4,12,12,12,True
,5,6,6,6,True
,10,16,16,16,True
,11,8,8,8,True
,12,32,32,32,True
,13,16,16,16,True
,14,24,24,24,True
,15,12,12,12,True
,20,12,12,12,True
,21,6,6,6,True
,22,24,24,24,True
,23,12,12,12,True
,24,18,18,18,True
,25,9,9,9,True
,0,8,8,8,True
,1,4,4,4,True
,2,16,16,16,True
,3,8,8,8,True
,4,12,12,12,True
,5,6,6,6,True
,10,16,16,16,True
,11,8,8,8,True
,12,32,32,32,True
,13,16,16,16,True
,14,24,24,24,True
,15,12,12,12,True
,20,12,12,12,True
,21,6,6,6,True
,22,24,24,24,True
,23,12,12,12,True
,24,18,18,18,True
,25,9,9,9,True
,0,32,32,32,True
,1,16,16,16,True
,2,32,32,32,True
,3,16,16,16,True
,4,8,8,8,True
,5,4,4,4,True
,10,32,32,32,True
,11,16,16,16,True
,12,32,32,32,True
,13,16,16,16,True
,14,8,8,8,True
,15,4,4,4,True
,20,8,8,8,True
,21,4,4,4,True
,22,8,8,8,True
,23,4,4,4,True
,24,2,2,2,True
,25,1,1,1,True
,0,8,8,8,True
,1,4,4,4,True
,2,16,16,16,True
,3,8,8,8,True
,4,12,12,12,True
,5,6,6,6,True
,10,16,16,16,True
,11,8,8,8,True
,12,32,32,32,True
,13,16,16,16,True
,14,24,24,24,True
,15,12,12,12,True
,20,12,12,12,True
,21,6,6,6,True
,22,24,24,24,True
,23,12,12,12,True
,24,18,18,18,True
,25,9,9,9,True
,0,8,8,8,True
,1,4,4,4,True
,2,16,16,16,True
,3,8,8,8,True
,4,12,12,12,True
,5,6,6,6,True
,10,16,16,16,True
,11,8,8,8,True
,12,32,32,32,True
,13,16,16,16,True
,14,24,24,24,True
,15,12,12,12,True
,20,12,12,12,True
,21,6,6,6,True
,22,24,24,24,True
,23,12,12,12,True
,24,18,18,18,True
,25,9,9,9,True
,0,1024,1024,1024,True
,1,1024,1024,1024,True
,4,4096,4096,4096,True
,5,4096,4096,4096,True
,8,6144,6144,6144,True
,9,6144,6144,6144,True
,12,4096,4096,4096,True
,13,4096,4096,4096,True
,16,1024,1024,1024,True
,17,1024,1024,1024,True
,0,512,512,512,True
,4,3072,3072,3072,True
,8,7680,7680,7680,True
,12,10240,10240,10240,True
,16,7680,7680,7680,True
,20,3072,3072,3072,True
,24,512,512,512,True
,0,1024,1024,1024,True
,1,1024,1024,1024,True
,4,4096,4096,4096,True
,5,4096,4096,4096,True
,8,6144,6144,6144,True
,9,6144,6144,6144,True
,12,4096,4096,4096,True
,13,4096,4096,4096,True
,16,1024,1024,1024,True
,17,1024,1024,1024,True
,0,512,512,512,True
,4,3072,3072,3072,True
,8,7680,7680,7680,True
,12,10240,10240,10240,True
,16,7680,7680,7680,True
,20,3072,3072,3072,True
,24,512,512,512,True
,0,1024,1024,1024,True
,1,1024,1024,1024,True
,4,4096,4096,4096,True
,5,4096,4096,4096,True
,8,6144,6144,6144,True
,9,6144,6144,6144,True
,12,4096,4096,4096,True
,13,4096,4096,4096,True
,16,1024,1024,1024,True
,17,1024,1024,1024,True
,0,512,512,512,True
,4,3072,3072,3072,True
,8,7680,7680,7680,True
,12,10240,10240,10240,True
,16,7680,7680,7680,True
,20,3072,3072,3072,True
,24,512,512,512,True
,0,128,128,128,True
,1,128,128,128,True
,2,832,832,832,True
,3,768,768,768,True
,4,2688,2688,2688,True
,5,2304,2304,2304,True
,6,5632,5632,5632,True
,7,4480,4480,4480,True
,8,8480,8480,8480,True
,9,6240,6240,6240,True
,10,9648,9648,9648,True
,11,6528,6528,6528,True
,12,8512,8512,8512,True
,13,5248,5248,5248,True
,14,5888,5888,5888,True
,15,3264,3264,3264,True
,16,3192,3192,3192,True
,17,1560,1560,1560,True
,18,1340,1340,1340,True
,19,560,560,560,True
,20,424,424,424,True
,21,144,144,144,True
,22,96,96,96,True
,23,24,24,24,True
,24,14,14,14,True
,25,2,2,2,True
,26,1,1,1,True
,0,4,4,4,True
,1,4,4,4,True
,2,26,26,26,True
,3,24,24,24,True
,4,96,96,96,True
,5,84,84,84,True
,6,266,266,266,True
,7,224,224,224,True
,8,1336,1336,1336,True
,9,1224,1224,1224,True
,10,3684,3684,3684,True
,11,3072,3072,3072,True
,12,6768,6768,6768,True
,13,5232,5232,5232,True
,14,9528,9528,9528,True
,15,6912,6912,6912,True
,16,11628,11628,11628,True
,17,8172,8172,8172,True
,18,8638,8638,8638,True
,19,4552,4552,4552,True
,20,3776,3776,3776,True
,21,1500,1500,1500,True
,22,990,990,990,True
,23,240,240,240,True
,24,130,130,130,True
,25,10,10,10,True
,26,5,5,5,True
,0,4,4,4,True
,1,4,4,4,True
,2,26,26,26,True
,3,24,24,24,True
,4,96,96,96,True
,5,84,84,84,True
,6,266,266,266,True
,7,224,224,224,True
,8,1336,1336,1336,True
,9,1224,1224,1224,True
,10,3684,3684,3684,True
,11,3072,3072,3072,True
,12,6768,6768,6768,True
,13,5232,5232,5232,True
,14,9528,9528,9528,True
,15,6912,6912,6912,True
,16,11628,11628,11628,True
,17,8172,8172,8172,True
,18,8638,8638,8638,True
,19,4552,4552,4552,True
,20,3776,3776,3776,True
,21,1500,1500,1500,True
,22,990,990,990,True
,23,240,240,240,True
,24,130,130,130,True
,25,10,10,10,True
,26,5,5,5,True
,0,8,8,8,True
,1,8,8,8,True
,2,52,52,52,True
,3,48,48,48,True
,4,192,192,192,True
,5,168,168,168,True
,6,532,532,532,True
,7,448,448,448,True
,8,1520,1520,1520,True
,9,1296,1296,1296,True
,10,3336,3336,3336,True
,11,2688,2688,2688,True
,12,5752,5752,5752,True
,13,4408,4408,4408,True
,14,8372,8372,8372,True
,15,6168,6168,6168,True
,16,13284,13284,13284,True
,17,10200,10200,10200,True
,18,9932,9932,9932,True
,19,4832,4832,4832,True
,20,3328,3328,3328,True
,21,912,912,912,True
,22,528,528,528,True
,23,72,72,72,True
,24,38,38,38,True
,25,2,2,2,True
,26,1,1,1,True
,0,16,16,16,True
,1,16,16,16,True
,2,104,104,104,True
,3,96,96,96,True
,4,384,384,384,True
,5,336,336,336,True
,6,1064,1064,1064,True
,7,896,896,896,True
,8,2344,2344,2344,True
,9,1896,1896,1896,True
,10,4212,4212,4212,True
,11,3264,3264,3264,True
,12,6336,6336,6336,True
,13,4704,4704,4704,True
,14,8016,8016,8016,True
,15,5664,5664,5664,True
,16,8436,8436,8436,True
,17,5604,5604,5604,True
,18,7306,7306,7306,True
,19,4504,4504,4504,True
,20,5072,5072,5072,True
,21,2820,2820,2820,True
,22,2610,2610,2610,True
,23,1200,1200,1200,True
,24,850,850,850,True
,25,250,250,250,True
,26,125,125,125,True
,0,16,16,16,True
,1,16,16,16,True
,2,104,104,104,True
,3,96,96,96,True
,4,384,384,384,True
,5,336,336,336,True
,6,1064,1064,1064,True
,7,896,896,896,True
,8,2344,2344,2344,True
,9,1896,1896,1896,True
,10,4212,4212,4212,True
,11,3264,3264,3264,True
,12,6336,6336,6336,True
,13,4704,4704,4704,True
,14,8016,8016,8016,True
,15,5664,5664,5664,True
,16,8436,8436,8436,True
,17,5604,5604,5604,True
,18,7306,7306,7306,True
,19,4504,4504,4504,True
,20,5072,5072,5072,True
,21,2820,2820,2820,True
,22,2610,2610,2610,True
,23,1200,1200,1200,True
,24,850,850,850,True
,25,250,250,250,True
,26,125,125,125,True
,0,16,16,16,True
,1,16,16,16,True
,2,104,104,104,True
,3,96,96,96,True
,4,384,384,384,True
,5,336,336,336,True
,6,1064,1064,1064,True
,7,896,896,896,True
,8,2344,2344,2344,True
,9,1896,1896,1896,True
,10,4212,4212,4212,True
,11,3264,3264,3264,True
,12,6336,6336,6336,True
,13,4704,4704,4704,True
,14,8016,8016,8016,True
,15,5664,5664,5664,True
,16,8436,8436,8436,True
,17,5604,5604,5604,True
,18,7306,7306,7306,True
,19,4504,4504,4504,True
,20,5072,5072,5072,True
,21,2820,2820,2820,True
,22,2610,2610,2610,True
,23,1200,1200,1200,True
,24,850,850,850,True
,25,250,250,250,True
,26,125,125,125,True
,0,8,8,8,True
,1,8,8,8,True
,2,52,52,52,True
,3,48,48,48,True
,4,192,192,192,True
,5,168,168,168,True
,6,532,532,532,True
,7,448,448,448,True
,8,1520,1520,1520,True
,9,1296,1296,1296,True
,10,3336,3336,3336,True
,11,2688,2688,2688,True
,12,5752,5752,5752,True
,13,4408,4408,4408,True
,14,8372,8372,8372,True
,15,6168,6168,6168,True
,16,13284,13284,13284,True
,17,10200,10200,10200,True
,18,9932,9932,9932,True
,19,4832,4832,4832,True
,20,3328,3328,3328,True
,21,912,912,912,True
,22,528,528,528,True
,23,72,72,72,True
,24,38,38,38,True
,25,2,2,2,True
,26,1,1,1,True
,0,4,4,4,True
,1,4,4,4,True
,2,26,26,26,True
,3,24,24,24,True
,4,96,96,96,True
,5,84,84,84,True
,6,266,266,266,True
,7,224,224,224,True
,8,1336,1336,1336,True
,9,1224,1224,1224,True
,10,3684,3684,3684,True
,11,3072,3072,3072,True
,12,6768,6768,6768,True
,13,5232,5232,5232,True
,14,9528,9528,9528,True
,15,6912,6912,6912,True
,16,11628,11628,11628,True
,17,8172,8172,8172,True
,18,8638,8638,8638,True
,19,4552,4552,4552,True
,20,3776,3776,3776,True
,21,1500,1500,1500,True
,22,990,990,990,True
,23,240,240,240,True
,24,130,130,130,True
,25,10,10,10,True
,26,5,5,5,True
,0,4,4,4,True
,1,4,4,4,True
,2,26,26,26,True
,3,24,24,24,True
,4,96,96,96,True
,5,84,84,84,True
,6,266,266,266,True
,7,224,224,224,True
,8,1336,1336,1336,True
,9,1224,1224,1224,True
,10,3684,3684,3684,True
,11,3072,3072,3072,True
,12,6768,6768,6768,True
,13,5232,5232,5232,True
,14,9528,9528,9528,True
,15,6912,6912,6912,True
,16,11628,11628,11628,True
,17,8172,8172,8172,True
,18,8638,8638,8638,True
,19,4552,4552,4552,True
,20,3776,3776,3776,True
,21,1500,1500,1500,True
,22,990,990,990,True
,23,240,240,240,True
,24,130,130,130,True
,25,10,10,10,True
,26,5,5,5,True
,0,8,8,8,True
,0,4,4,4,True
,26,4,4,4,True
,0,4,4,4,True
,26,4,4,4,True
,0,8,8,8,True
,0,4,4,4,True
,26,4,4,4,True
,0,4,4,4,True
,26,4,4,4,True
,0,4,4,4,True
,26,4,4,4,True
,0,8,8,8,True
,0,4,4,4,True
,26,4,4,4,True
,0,4,4,4,True
,26,4,4,4,True
,0,64,64,64,True
,5,64,64,64,True
,10,128,128,128,True
,15,128,128,128,True
,20,64,64,64,True
,25,64,64,64,True
,0,64,64,64,True
,2,64,64,64,True
,10,128,128,128,True
,12,128,128,128,True
,20,64,64,64,True
,22,64,64,64,True
,0,64,64,64,True
,2,64,64,64,True
,10,128,128,128,True
,12,128,128,128,True
,20,64,64,64,True
,22,64,64,64,True
,0,64,64,64,True
,5,64,64,64,True
,10,128,128,128,True
,15,128,128,128,True
,20,64,64,64,True
,25,64,64,64,True
,0,64,64,64,True
,2,64,64,64,True
,10,128,128,128,True
,12,128,128,128,True
,20,64,64,64,True
,22,64,64,64,True
,0,64,64,64,True
,2,64,64,64,True
,10,128,128,128,True
,12,128,128,128,True
,20,64,64,64,True
,22,64,64,64,True
,0,64,64,64,True
,2,64,64,64,True
,10,128,128,128,True
,12,128,128,128,True
,20,64,64,64,True
,22,64,64,64,True
,0,64,64,64,True
,5,64,64,64,True
,10,128,128,128,True
,15,128,128,128,True
,20,64,64,64,True
,25,64,64,64,True
,0,64,64,64,True
,2,64,64,64,True
,10,128,128,128,True
,12,128,128,128,True
,20,64,64,64,True
,22,64,64,64,True
,0,64,64,64,True
,2,64,64,64,True
,10,128,128,128,True
,12,128,128,128,True
,20,64,64,64,True
,22,64,64,64,True
,0,8,8,8,True
,1,4,4,4,True
,14,8,8,8,True
,15,4,4,4,True
,28,2,2,2,True
,29,1,1,1,True
,0,4,4,4,True
,1,2,2,2,True
,14,8,8,8,True
,15,4,4,4,True
,28,6,6,6,True
,29,3,3,3,True
,0,4,4,4,True
,1,2,2,2,True
,14,8,8,8,True
,15,4,4,4,True
,28,6,6,6,True
,29,3,3,3,True
,0,8,8,8,True
,1,4,4,4,True
,14,8,8,8,True
,15,4,4,4,True
,28,2,2,2,True
,29,1,1,1,True
,0,4,4,4,True
,1,2,2,2,True
,14,8,8,8,True
,15,4,4,4,True
,28,6,6,6,True
,29,3,3,3,True
,0,4,4,4,True
,1,2,2,2,True
,14,8,8,8,True
,15,4,4,4,True
,28,6,6,6,True
,29,3,3,3,True
,0,4,4,4,True
,1,2,2,2,True
,14,8,8,8,True
,15,4,4,4,True
,28,6,6,6,True
,29,3,3,3,True
,0,8,8,8,True
,1,4,4,4,True
,14,8,8,8,True
,15,4,4,4,True
,28,2,2,2,True
,29,1,1,1,True
,0,4,4,4,True
,1,2,2,2,True
,14,8,8,8,True
,15,4,4,4,True
,28,6,6,6,True
,29,3,3,3,True
,0,4,4,4,True
,1,2,2,2,True
,14,8,8,8,True
,15,4,4,4,True
,28,6,6,6,True
,29,3,3,3,True
,0,4,4,4,True
,29,4,4,4,True
,0,8,8,8,True
,0,8,8,8,True
,0,4,4,4,True
,29,4,4,4,True
,0,8,8,8,True
,0,8,8,8,True
,0,8,8,8,True
,0,4,4,4,True
,29,4,4,4,True
,0,8,8,8,True
,0,8,8,8,True
,0,2,2,2,True
,0,2,2,2,True
,0,2,2,2,True
,0,2,2,2,True
,0,2,2,2,True
,0,2,2,2,True
,0,2,2,2,True
,0,2,2,2,True
,0,2,2,2,True
,0,2,2,2,True
,0,2,2,2,True
,0,2,2,2,True
,0,4,4,4,True
,0,4,4,4,True
,0,4,4,4,True
,0,4,4,4,True
,0,4,4,4,True
,0,2,2,2,True
,1,2,2,2,True
,0,2,2,2,True
,1,2,2,2,True
,0,2,2,2,True
,1,2,2,2,True
,0,2,2,2,True
,1,2,2,2,True
,0,2,2,2,True
,1,2,2,2,True
,0,2,2,2,True
,1,2,2,2,True
,0,2,2,2,True
,1,2,2,2,True
,0,2,2,2,True
,1,2,2,2,True
,0,2,2,2,True
,1,2,2,2,True
,0,2,2,2,True
,1,2,2,2,True
,0,2,2,2,True
,1,2,2,2,True
,0,2,2,2,True
,1,2,2,2,True
,0,8,8,8,True
,1,8,8,8,True
,0,16,16,16,True
,0,8,8,8,True
,1,8,8,8,True
,0,8,8,8,True
,1,8,8,8,True
,0,16,16,16,True
,0,8,8,8,True
,1,16,16,16,True
,2,8,8,8,True
,0,8,8,8,True
,1,16,16,16,True
,2,8,8,8,True
,0,4,4,4,True
,1,24,24,24,True
,2,4,4,4,True
,0,4,4,4,True
,1,24,24,24,True
,2,4,4,4,True
,0,4,4,4,True
,1,24,24,24,True
,2,4,4,4,True
,0,32,32,32,True
,0,32,32,32,True
,0,4,4,4,True
,1,24,24,24,True
,2,4,4,4,True
,0,4,4,4,True
,1,24,24,24,True
,2,4,4,4,True
,0,4,4,4,True
,1,8,8,8,True
,2,4,4,4,True
,0,4,4,4,True
,1,8,8,8,True
,2,4,4,4,True
,0,4,4,4,True
,1,8,8,8,True
,2,4,4,4,True
,0,4,4,4,True
,1,8,8,8,True
,2,4,4,4,True
,0,4,4,4,True
,1,8,8,8,True
,2,4,4,4,True
,0,4,4,4,True
,3,4,4,4,True
,0,4,4,4,True
,3,4,4,4,True
,0,8,8,8,True
,0,8,8,8,True
,0,8,8,8,True
,0,4,4,4,True
,3,4,4,4,True
,0,4,4,4,True
,3,4,4,4,True
,0,4,4,4,True
,3,4,4,4,True
,0,4,4,4,True
,3,4,4,4,True
,0,8,8,8,True
,0,8,8,8,True
,0,8,8,8,True
,0,32,32,32,True
,1,96,96,96,True
,2,96,96,96,True
,3,32,32,32,True
,0,64,64,64,True
,1,128,128,128,True
,2,64,64,64,True
,0,32,32,32,True
,1,96,96,96,True
,2,96,96,96,True
,3,32,32,32,True
,0,32,32,32,True
,1,96,96,96,True
,2,96,96,96,True
,3,32,32,32,True
,0,64,64,64,True
,1,128,128,128,True
,2,64,64,64,True
,0,2,2,2,True
,1,2,2,2,True
,2,2,2,2,True
,3,2,2,2,True
,4,2,2,2,True
,0,2,2,2,True
,1,2,2,2,True
,2,2,2,2,True
,3,2,2,2,True
,4,2,2,2,True
,0,2,2,2,True
,1,2,2,2,True
,2,2,2,2,True
,3,2,2,2,True
,4,2,2,2,True
,0,2,2,2,True
,1,2,2,2,True
,2,2,2,2,True
,3,2,2,2,True
,4,2,2,2,True
,0,2,2,2,True
,1,2,2,2,True
,2,2,2,2,True
,3,2,2,2,True
,4,2,2,2,True
,0,2,2,2,True
,1,2,2,2,True
,2,2,2,2,True
,3,2,2,2,True
,4,2,2,2,True
,0,2,2,2,True
,1,2,2,2,True
,2,2,2,2,True
,3,2,2,2,True
,4,2,2,2,True
,0,2,2,2,True
,1,2,2,2,True
,2,2,2,2,True
,3,2,2,2,True
,4,2,2,2,True
,0,2,2,2,True
,1,2,2,2,True
,2,2,2,2,True
,3,2,2,2,True
,4,2,2,2,True
,0,2,2,2,True
,1,2,2,2,True
,2,2,2,2,True
,3,2,2,2,True
,4,2,2,2,True
,0,2,2,2,True
,1,2,2,2,True
,2,2,2,2,True
,3,2,2,2,True
,4,2,2,2,True
,0,2,2,2,True
,1,2,2,2,True
,2,2,2,2,True
,3,2,2,2,True
,4,2,2,2,True
,0,64,64,64,True
,1,256,256,256,True
,2,384,384,384,True
,3,256,256,256,True
,4,64,64,64,True
,0,16,16,16,True
,1,192,192,192,True
,2,608,608,608,True
,3,192,192,192,True
,4,16,16,16,True
,0,1024,1024,1024,True
,0,16,16,16,True
,1,192,192,192,True
,2,608,608,608,True
,3,192,192,192,True
,4,16,16,16,True
,0,4,4,4,True
,5,4,4,4,True
,0,4,4,4,True
,5,4,4,4,True
,0,4,4,4,True
,5,4,4,4,True
,0,4,4,4,True
,5,4,4,4,True
,0,4,4,4,True
,5,4,4,4,True
,0,4,4,4,True
,5,4,4,4,True
,0,4,4,4,True
,5,4,4,4,True
,0,4,4,4,True
,5,4,4,4,True
,0,4,4,4,True
,5,4,4,4,True
,0,4,4,4,True
,5,4,4,4,True
,0,4,4,4,True
,5,4,4,4,True
,0,4,4,4,True
,5,4,4,4,True
,0,8,8,8,True
,1,32,32,32,True
,2,64,64,64,True
,3,80,80,80,True
,4,56,56,56,True
,5,16,16,16,True
,0,16,16,16,True
,1,64,64,64,True
,2,96,96,96,True
,3,64,64,64,True
,4,16,16,16,True
,0,8,8,8,True
,1,32,32,32,True
,2,64,64,64,True
,3,80,80,80,True
,4,56,56,56,True
,5,16,16,16,True
,0,8,8,8,True
,1,32,32,32,True
,2,64,64,64,True
,3,80,80,80,True
,4,56,56,56,True
,5,16,16,16,True
,0,16,16,16,True
,1,64,64,64,True
,2,96,96,96,True
,3,64,64,64,True
,4,16,16,16,True
,0,8,8,8,True
,3,16,16,16,True
,6,8,8,8,True
,0,8,8,8,True
,3,16,16,16,True
,6,8,8,8,True
,0,8,8,8,True
,3,16,16,16,True
,6,8,8,8,True
,0,8,8,8,True
,3,16,16,16,True
,6,8,8,8,True
,0,8,8,8,True
,3,16,16,16,True
,6,8,8,8,True
,0,8,8,8,True
,3,16,16,16,True
,6,8,8,8,True
,0,8,8,8,True
,3,16,16,16,True
,6,8,8,8,True
,0,8,8,8,True
,3,16,16,16,True
,6,8,8,8,True
,0,8,8,8,True
,3,16,16,16,True
,6,8,8,8,True
,0,8,8,8,True
,3,16,16,16,True
,6,8,8,8,True
,0,8,8,8,True
,3,16,16,16,True
,6,8,8,8,True
,0,8,8,8,True
,3,16,16,16,True
,6,8,8,8,True
,0,16,16,16,True
,3,32,32,32,True
,6,16,16,16,True
,0,64,64,64,True
,0,16,16,16,True
,3,32,32,32,True
,6,16,16,16,True
,0,16,16,16,True
,3,32,32,32,True
,6,16,16,16,True
,0,64,64,64,True
,0,8,8,8,True
,1,40,40,40,True
,2,112,112,112,True
,3,208,208,208,True
,4,264,264,264,True
,5,232,232,232,True
,6,128,128,128,True
,7,32,32,32,True
,0,8,8,8,True
,1,40,40,40,True
,2,112,112,112,True
,3,208,208,208,True
,4,264,264,264,True
,5,232,232,232,True
,6,128,128,128,True
,7,32,32,32,True
,0,4,4,4,True
,1,20,20,20,True
,2,56,56,56,True
,3,240,240,240,True
,4,372,372,372,True
,5,244,244,244,True
,6,80,80,80,True
,7,8,8,8,True
,0,4,4,4,True
,1,20,20,20,True
,2,56,56,56,True
,3,240,240,240,True
,4,372,372,372,True
,5,244,244,244,True
,6,80,80,80,True
,7,8,8,8,True
,0,4,4,4,True
,1,20,20,20,True
,2,56,56,56,True
,3,240,240,240,True
,4,372,372,372,True
,5,244,244,244,True
,6,80,80,80,True
,7,8,8,8,True
,0,32,32,32,True
,1,160,160,160,True
,2,320,320,320,True
,3,320,320,320,True
,4,160,160,160,True
,5,32,32,32,True
,0,32,32,32,True
,1,160,160,160,True
,2,320,320,320,True
,3,320,320,320,True
,4,160,160,160,True
,5,32,32,32,True
,0,4,4,4,True
,1,20,20,20,True
,2,56,56,56,True
,3,240,240,240,True
,4,372,372,372,True
,5,244,244,244,True
,6,80,80,80,True
,7,8,8,8,True
,0,4,4,4,True
,1,20,20,20,True
,2,56,56,56,True
,3,240,240,240,True
,4,372,372,372,True
,5,244,244,244,True
,6,80,80,80,True
,7,8,8,8,True
,0,4,4,4,True
,1,20,20,20,True
,2,56,56,56,True
,3,240,240,240,True
,4,372,372,372,True
,5,244,244,244,True
,6,80,80,80,True
,7,8,8,8,True
,0,512,512,512,True
,1,3584,3584,3584,True
,2,10752,10752,10752,True
,3,17920,17920,17920,True
,4,17920,17920,17920,True
,5,10752,10752,10752,True
,6,3584,3584,3584,True
,7,512,512,512,True
,0,256,256,256,True
,1,3584,3584,3584,True
,2,16128,16128,16128,True
,3,25600,25600,25600,True
,4,16128,16128,16128,True
,5,3584,3584,3584,True
,6,256,256,256,True
,0,512,512,512,True
,1,3584,3584,3584,True
,2,10752,10752,10752,True
,3,17920,17920,17920,True
,4,17920,17920,17920,True
,5,10752,10752,10752,True
,6,3584,3584,3584,True
,7,512,512,512,True
,0,512,512,512,True
,1,3584,3584,3584,True
,2,10752,10752,10752,True
,3,17920,17920,17920,True
,4,17920,17920,17920,True
,5,10752,10752,10752,True
,6,3584,3584,3584,True
,7,512,512,512,True
,0,256,256,256,True
,1,3584,3584,3584,True
,2,16128,16128,16128,True
,3,25600,25600,25600,True
,4,16128,16128,16128,True
,5,3584,3584,3584,True
,6,256,256,256,True
,0,32,32,32,True
,0,32,32,32,True
,0,4,4,4,True
,4,24,24,24,True
,8,4,4,4,True
,0,4,4,4,True
,4,24,24,24,True
,8,4,4,4,True
,0,4,4,4,True
,4,24,24,24,True
,8,4,4,4,True
,0,8,8,8,True
,4,16,16,16,True
,8,8,8,8,True
,0,8,8,8,True
,4,16,16,16,True
,8,8,8,8,True
,0,8,8,8,True
,4,16,16,16,True
,8,8,8,8,True
,0,8,8,8,True
,4,16,16,16,True
,8,8,8,8,True
,0,4,4,4,True
,4,24,24,24,True
,8,4,4,4,True
,0,4,4,4,True
,4,24,24,24,True
,8,4,4,4,True
,0,4,4,4,True
,1,8,8,8,True
,2,12,12,12,True
,3,16,16,16,True
,4,20,20,20,True
,5,16,16,16,True
,6,12,12,12,True
,7,8,8,8,True
,8,4,4,4,True
,0,4,4,4,True
,1,8,8,8,True
,2,12,12,12,True
,3,16,16,16,True
,4,20,20,20,True
,5,16,16,16,True
,6,12,12,12,True
,7,8,8,8,True
,8,4,4,4,True
,0,4,4,4,True
,1,8,8,8,True
,2,12,12,12,True
,3,16,16,16,True
,4,20,20,20,True
,5,16,16,16,True
,6,12,12,12,True
,7,8,8,8,True
,8,4,4,4,True
,0,4,4,4,True
,1,8,8,8,True
,2,12,12,12,True
,3,16,16,16,True
,4,20,20,20,True
,5,16,16,16,True
,6,12,12,12,True
,7,8,8,8,True
,8,4,4,4,True
,0,4,4,4,True
,1,8,8,8,True
,2,12,12,12,True
,3,16,16,16,True
,4,20,20,20,True
,5,16,16,16,True
,6,12,12,12,True
,7,8,8,8,True
,8,4,4,4,True
,0,4,4,4,True
,9,4,4,4,True
,0,4,4,4,True
,9,4,4,4,True
,0,8,8,8,True
,0,8,8,8,True
,0,8,8,8,True
,0,4,4,4,True
,9,4,4,4,True
,0,4,4,4,True
,9,4,4,4,True
,0,4,4,4,True
,9,4,4,4,True
,0,4,4,4,True
,9,4,4,4,True
,0,8,8,8,True
,0,8,8,8,True
,0,8,8,8,True
,0,4,4,4,True
,1,4,4,4,True
,3,8,8,8,True
,4,8,8,8,True
,6,12,12,12,True
,7,12,12,12,True
,9,8,8,8,True
,10,8,8,8,True
,0,4,4,4,True
,1,4,4,4,True
,3,8,8,8,True
,4,8,8,8,True
,6,12,12,12,True
,7,12,12,12,True
,9,8,8,8,True
,10,8,8,8,True
,0,8,8,8,True
,1,8,8,8,True
,3,16,16,16,True
,4,16,16,16,True
,6,8,8,8,True
,7,8,8,8,True
,0,8,8,8,True
,1,8,8,8,True
,3,16,16,16,True
,4,16,16,16,True
,6,8,8,8,True
,7,8,8,8,True
,0,8,8,8,True
,1,8,8,8,True
,3,16,16,16,True
,4,16,16,16,True
,6,8,8,8,True
,7,8,8,8,True
,0,4,4,4,True
,1,4,4,4,True
,3,8,8,8,True
,4,8,8,8,True
,6,12,12,12,True
,7,12,12,12,True
,9,8,8,8,True
,10,8,8,8,True
,0,4,4,4,True
,1,4,4,4,True
,3,8,8,8,True
,4,8,8,8,True
,6,12,12,12,True
,7,12,12,12,True
,9,8,8,8,True
,10,8,8,8,True
,0,4,4,4,True
,1,4,4,4,True
,3,8,8,8,True
,4,8,8,8,True
,6,12,12,12,True
,7,12,12,12,True
,9,8,8,8,True
,10,8,8,8,True
,0,8,8,8,True
,1,8,8,8,True
,3,16,16,16,True
,4,16,16,16,True
,6,8,8,8,True
,7,8,8,8,True
,0,8,8,8,True
,1,8,8,8,True
,3,16,16,16,True
,4,16,16,16,True
,6,8,8,8,True
,7,8,8,8,True
,0,8,8,8,True
,1,8,8,8,True
,3,16,16,16,True
,4,16,16,16,True
,6,8,8,8,True
,7,8,8,8,True
,0,16,16,16,True
,5,32,32,32,True
,10,16,16,16,True
,0,16,16,16,True
,5,32,32,32,True
,10,16,16,16,True
,0,16,16,16,True
,5,32,32,32,True
,10,16,16,16,True
,0,16,16,16,True
,5,32,32,32,True
,10,16,16,16,True
,0,16,16,16,True
,5,32,32,32,True
,10,16,16,16,True
,0,4,4,4,True
,11,4,4,4,True
,0,4,4,4,True
,11,4,4,4,True
,0,4,4,4,True
,11,4,4,4,True
,0,4,4,4,True
,11,4,4,4,True
,0,4,4,4,True
,11,4,4,4,True
,0,4,4,4,True
,11,4,4,4,True
,0,4,4,4,True
,11,4,4,4,True
,0,4,4,4,True
,11,4,4,4,True
,0,4,4,4,True
,11,4,4,4,True
,0,4,4,4,True
,11,4,4,4,True
,0,4,4,4,True
,11,4,4,4,True
,0,4,4,4,True
,11,4,4,4,True
,0,32,32,32,True
,1,256,256,256,True
,2,1088,1088,1088,True
,3,3136,3136,3136,True
,4,6656,6656,6656,True
,5,10816,10816,10816,True
,6,13632,13632,13632,True
,7,13248,13248,13248,True
,8,9696,9696,9696,True
,9,5056,5056,5056,True
,10,1664,1664,1664,True
,11,256,256,256,True
,0,64,64,64,True
,1,512,512,512,True
,2,2048,2048,2048,True
,3,5376,5376,5376,True
,4,10112,10112,10112,True
,5,14080,14080,14080,True
,6,14592,14592,14592,True
,7,11008,11008,11008,True
,8,5696,5696,5696,True
,9,1792,1792,1792,True
,10,256,256,256,True
,0,32,32,32,True
,1,256,256,256,True
,2,1088,1088,1088,True
,3,3136,3136,3136,True
,4,6656,6656,6656,True
,5,10816,10816,10816,True
,6,13632,13632,13632,True
,7,13248,13248,13248,True
,8,9696,9696,9696,True
,9,5056,5056,5056,True
,10,1664,1664,1664,True
,11,256,256,256,True
,0,32,32,32,True
,1,256,256,256,True
,2,1088,1088,1088,True
,3,3136,3136,3136,True
,4,6656,6656,6656,True
,5,10816,10816,10816,True
,6,13632,13632,13632,True
,7,13248,13248,13248,True
,8,9696,9696,9696,True
,9,5056,5056,5056,True
,10,1664,1664,1664,True
,11,256,256,256,True
,0,64,64,64,True
,1,512,512,512,True
,2,2048,2048,2048,True
,3,5376,5376,5376,True
,4,10112,10112,10112,True
,5,14080,14080,14080,True
,6,14592,14592,14592,True
,7,11008,11008,11008,True
,8,5696,5696,5696,True
,9,1792,1792,1792,True
,10,256,256,256,True
,0,32,32,32,True
,1,64,64,64,True
,2,32,32,32,True
,5,64,64,64,True
,6,128,128,128,True
,7,64,64,64,True
,10,32,32,32,True
,11,64,64,64,True
,12,32,32,32,True
,0,32,32,32,True
,1,64,64,64,True
,2,32,32,32,True
,5,64,64,64,True
,6,128,128,128,True
,7,64,64,64,True
,10,32,32,32,True
,11,64,64,64,True
,12,32,32,32,True
,0,8,8,8,True
,1,48,48,48,True
,2,8,8,8,True
,5,48,48,48,True
,6,288,288,288,True
,7,48,48,48,True
,10,8,8,8,True
,11,48,48,48,True
,12,8,8,8,True
,0,8,8,8,True
,1,48,48,48,True
,2,8,8,8,True
,5,48,48,48,True
,6,288,288,288,True
,7,48,48,48,True
,10,8,8,8,True
,11,48,48,48,True
,12,8,8,8,True
,0,8,8,8,True
,1,48,48,48,True
,2,8,8,8,True
,5,48,48,48,True
,6,288,288,288,True
,7,48,48,48,True
,10,8,8,8,True
,11,48,48,48,True
,12,8,8,8,True
,0,512,512,512,True
,0,512,512,512,True
,0,8,8,8,True
,1,48,48,48,True
,2,8,8,8,True
,5,48,48,48,True
,6,288,288,288,True
,7,48,48,48,True
,10,8,8,8,True
,11,48,48,48,True
,12,8,8,8,True
,0,8,8,8,True
,1,48,48,48,True
,2,8,8,8,True
,5,48,48,48,True
,6,288,288,288,True
,7,48,48,48,True
,10,8,8,8,True
,11,48,48,48,True
,12,8,8,8,True
,0,64,64,64,True
,3,256,256,256,True
,6,384,384,384,True
,9,256,256,256,True
,12,64,64,64,True
,0,64,64,64,True
,3,256,256,256,True
,6,384,384,384,True
,9,256,256,256,True
,12,64,64,64,True
,0,64,64,64,True
,3,256,256,256,True
,6,384,384,384,True
,9,256,256,256,True
,12,64,64,64,True
,0,64,64,64,True
,3,256,256,256,True
,6,384,384,384,True
,9,256,256,256,True
,12,64,64,64,True
,0,64,64,64,True
,3,256,256,256,True
,6,384,384,384,True
,9,256,256,256,True
,12,64,64,64,True
,0,2,2,2,True
,1,2,2,2,True
,2,2,2,2,True
,3,2,2,2,True
,4,2,2,2,True
,5,2,2,2,True
,6,2,2,2,True
,7,2,2,2,True
,8,2,2,2,True
,9,2,2,2,True
,10,2,2,2,True
,11,2,2,2,True
,12,2,2,2,True
,13,2,2,2,True
,0,2,2,2,True
,1,2,2,2,True
,2,2,2,2,True
,3,2,2,2,True
,4,2,2,2,True
,5,2,2,2,True
,6,2,2,2,True
,7,2,2,2,True
,8,2,2,2,True
,9,2,2,2,True
,10,2,2,2,True
,11,2,2,2,True
,12,2,2,2,True
,13,2,2,2,True
,0,2,2,2,True
,1,2,2,2,True
,2,2,2,2,True
,3,2,2,2,True
,4,2,2,2,True
,5,2,2,2,True
,6,2,2,2,True
,7,2,2,2,True
,8,2,2,2,True
,9,2,2,2,True
,10,2,2,2,True
,11,2,2,2,True
,12,2,2,2,True
,13,2,2,2,True
,0,2,2,2,True
,1,2,2,2,True
,2,2,2,2,True
,3,2,2,2,True
,4,2,2,2,True
,5,2,2,2,True
,6,2,2,2,True
,7,2,2,2,True
,8,2,2,2,True
,9,2,2,2,True
,10,2,2,2,True
,11,2,2,2,True
,12,2,2,2,True
,13,2,2,2,True
,0,2,2,2,True
,1,2,2,2,True
,2,2,2,2,True
,3,2,2,2,True
,4,2,2,2,True
,5,2,2,2,True
,6,2,2,2,True
,7,2,2,2,True
,8,2,2,2,True
,9,2,2,2,True
,10,2,2,2,True
,11,2,2,2,True
,12,2,2,2,True
,13,2,2,2,True
,0,2,2,2,True
,1,2,2,2,True
,2,2,2,2,True
,3,2,2,2,True
,4,2,2,2,True
,5,2,2,2,True
,6,2,2,2,True
,7,2,2,2,True
,8,2,2,2,True
,9,2,2,2,True
,10,2,2,2,True
,11,2,2,2,True
,12,2,2,2,True
,13,2,2,2,True
,0,2,2,2,True
,1,2,2,2,True
,2,2,2,2,True
,3,2,2,2,True
,4,2,2,2,True
,5,2,2,2,True
,6,2,2,2,True
,7,2,2,2,True
,8,2,2,2,True
,9,2,2,2,True
,10,2,2,2,True
,11,2,2,2,True
,12,2,2,2,True
,13,2,2,2,True
,0,2,2,2,True
,1,2,2,2,True
,2,2,2,2,True
,3,2,2,2,True
,4,2,2,2,True
,5,2,2,2,True
,6,2,2,2,True
,7,2,2,2,True
,8,2,2,2,True
,9,2,2,2,True
,10,2,2,2,True
,11,2,2,2,True
,12,2,2,2,True
,13,2,2,2,True
,0,2,2,2,True
,1,2,2,2,True
,2,2,2,2,True
,3,2,2,2,True
,4,2,2,2,True
,5,2,2,2,True
,6,2,2,2,True
,7,2,2,2,True
,8,2,2,2,True
,9,2,2,2,True
,10,2,2,2,True
,11,2,2,2,True
,12,2,2,2,True
,13,2,2,2,True
,0,2,2,2,True
,1,2,2,2,True
,2,2,2,2,True
,3,2,2,2,True
,4,2,2,2,True
,5,2,2,2,True
,6,2,2,2,True
,7,2,2,2,True
,8,2,2,2,True
,9,2,2,2,True
,10,2,2,2,True
,11,2,2,2,True
,12,2,2,2,True
,13,2,2,2,True
,0,2,2,2,True
,1,2,2,2,True
,2,2,2,2,True
,3,2,2,2,True
,4,2,2,2,True
,5,2,2,2,True
,6,2,2,2,True
,7,2,2,2,True
,8,2,2,2,True
,9,2,2,2,True
,10,2,2,2,True
,11,2,2,2,True
,12,2,2,2,True
,13,2,2,2,True
,0,2,2,2,True
,1,2,2,2,True
,2,2,2,2,True
,3,2,2,2,True
,4,2,2,2,True
,5,2,2,2,True
,6,2,2,2,True
,7,2,2,2,True
,8,2,2,2,True
,9,2,2,2,True
,10,2,2,2,True
,11,2,2,2,True
,12,2,2,2,True
,13,2,2,2,True
,0,128,128,128,True
,1,128,128,128,True
,3,512,512,512,True
,4,512,512,512,True
,6,768,768,768,True
,7,768,768,768,True
,9,512,512,512,True
,10,512,512,512,True
,12,128,128,128,True
,13,128,128,128,True
,0,4096,4096,4096,True
,0,128,128,128,True
,1,128,128,128,True
,3,512,512,512,True
,4,512,512,512,True
,6,768,768,768,True
,7,768,768,768,True
,9,512,512,512,True
,10,512,512,512,True
,12,128,128,128,True
,13,128,128,128,True
,0,128,128,128,True
,1,128,128,128,True
,3,512,512,512,True
,4,512,512,512,True
,6,768,768,768,True
,7,768,768,768,True
,9,512,512,512,True
,10,512,512,512,True
,12,128,128,128,True
,13,128,128,128,True
,0,4096,4096,4096,True
,0,8,8,8,True
,7,16,16,16,True
,14,8,8,8,True
,0,8,8,8,True
,7,16,16,16,True
,14,8,8,8,True
,0,4,4,4,True
,7,24,24,24,True
,14,4,4,4,True
,0,4,4,4,True
,7,24,24,24,True
,14,4,4,4,True
,0,4,4,4,True
,7,24,24,24,True
,14,4,4,4,True
,0,32,32,32,True
,0,32,32,32,True
,0,32,32,32,True
,0,32,32,32,True
,0,4,4,4,True
,7,24,24,24,True
,14,4,4,4,True
,0,4,4,4,True
,7,24,24,24,True
,14,4,4,4,True
,0,4,4,4,True
,7,24,24,24,True
,14,4,4,4,True
,0,4,4,4,True
,15,4,4,4,True
,0,4,4,4,True
,15,4,4,4,True
,0,8,8,8,True
,0,8,8,8,True
,0,8,8,8,True
,0,4,4,4,True
,15,4,4,4,True
,0,4,4,4,True
,15,4,4,4,True
,0,4,4,4,True
,15,4,4,4,True
,0,4,4,4,True
,15,4,4,4,True
,0,8,8,8,True
,0,8,8,8,True
,0,8,8,8,True
,0,4,4,4,True
,1,4,4,4,True
,5,8,8,8,True
,6,8,8,8,True
,10,12,12,12,True
,11,12,12,12,True
,15,8,8,8,True
,16,8,8,8,True
,0,4,4,4,True
,1,4,4,4,True
,5,8,8,8,True
,6,8,8,8,True
,10,12,12,12,True
,11,12,12,12,True
,15,8,8,8,True
,16,8,8,8,True
,0,4,4,4,True
,1,4,4,4,True
,5,8,8,8,True
,6,8,8,8,True
,10,12,12,12,True
,11,12,12,12,True
,15,8,8,8,True
,16,8,8,8,True
,0,4,4,4,True
,1,4,4,4,True
,5,8,8,8,True
,6,8,8,8,True
,10,12,12,12,True
,11,12,12,12,True
,15,8,8,8,True
,16,8,8,8,True
,0,4,4,4,True
,1,4,4,4,True
,5,8,8,8,True
,6,8,8,8,True
,10,12,12,12,True
,11,12,12,12,True
,15,8,8,8,True
,16,8,8,8,True
,0,4,4,4,True
,1,4,4,4,True
,5,8,8,8,True
,6,8,8,8,True
,10,12,12,12,True
,11,12,12,12,True
,15,8,8,8,True
,16,8,8,8,True
,0,4,4,4,True
,1,4,4,4,True
,5,8,8,8,True
,6,8,8,8,True
,10,12,12,12,True
,11,12,12,12,True
,15,8,8,8,True
,16,8,8,8,True
,0,4,4,4,True
,1,4,4,4,True
,5,8,8,8,True
,6,8,8,8,True
,10,12,12,12,True
,11,12,12,12,True
,15,8,8,8,True
,16,8,8,8,True
,0,4,4,4,True
,1,4,4,4,True
,5,8,8,8,True
,6,8,8,8,True
,10,12,12,12,True
,11,12,12,12,True
,15,8,8,8,True
,16,8,8,8,True
,0,4,4,4,True
,1,4,4,4,True
,5,8,8,8,True
,6,8,8,8,True
,10,12,12,12,True
,11,12,12,12,True
,15,8,8,8,True
,16,8,8,8,True
,0,4,4,4,True
,1,4,4,4,True
,5,8,8,8,True
,6,8,8,8,True
,10,12,12,12,True
,11,12,12,12,True
,15,8,8,8,True
,16,8,8,8,True
,0,4,4,4,True
,1,4,4,4,True
,5,8,8,8,True
,6,8,8,8,True
,10,12,12,12,True
,11,12,12,12,True
,15,8,8,8,True
,16,8,8,8,True
,0,1024,1024,1024,True
,0,16,16,16,True
,4,192,192,192,True
,8,608,608,608,True
,12,192,192,192,True
,16,16,16,16,True
,0,64,64,64,True
,4,256,256,256,True
,8,384,384,384,True
,12,256,256,256,True
,16,64,64,64,True
,0,64,64,64,True
,4,256,256,256,True
,8,384,384,384,True
,12,256,256,256,True
,16,64,64,64,True
,0,16,16,16,True
,4,192,192,192,True
,8,608,608,608,True
,12,192,192,192,True
,16,16,16,16,True
,0,256,256,256,True
,1,512,512,512,True
,2,256,256,256,True
,3,1280,1280,1280,True
,4,2560,2560,2560,True
,5,1280,1280,1280,True
,6,2560,2560,2560,True
,7,5120,5120,5120,True
,8,2560,2560,2560,True
,9,2560,2560,2560,True
,10,5120,5120,5120,True
,11,2560,2560,2560,True
,12,1280,1280,1280,True
,13,2560,2560,2560,True
,14,1280,1280,1280,True
,15,256,256,256,True
,16,512,512,512,True
,17,256,256,256,True
,0,256,256,256,True
,1,512,512,512,True
,2,256,256,256,True
,3,1280,1280,1280,True
,4,2560,2560,2560,True
,5,1280,1280,1280,True
,6,2560,2560,2560,True
,7,5120,5120,5120,True
,8,2560,2560,2560,True
,9,2560,2560,2560,True
,10,5120,5120,5120,True
,11,2560,2560,2560,True
,12,1280,1280,1280,True
,13,2560,2560,2560,True
,14,1280,1280,1280,True
,15,256,256,256,True
,16,512,512,512,True
,17,256,256,256,True
,0,64,64,64,True
,1,384,384,384,True
,2,64,64,64,True
,3,768,768,768,True
,4,4608,4608,4608,True
,5,768,768,768,True
,6,2432,2432,2432,True
,7,14592,14592,14592,True
,8,2432,2432,2432,True
,9,768,768,768,True
,10,4608,4608,4608,True
,11,768,768,768,True
,12,64,64,64,True
,13,384,384,384,True
,14,64,64,64,True
,0,64,64,64,True
,1,384,384,384,True
,2,64,64,64,True
,3,768,768,768,True
,4,4608,4608,4608,True
,5,768,768,768,True
,6,2432,2432,2432,True
,7,14592,14592,14592,True
,8,2432,2432,2432,True
,9,768,768,768,True
,10,4608,4608,4608,True
,11,768,768,768,True
,12,64,64,64,True
,13,384,384,384,True
,14,64,64,64,True
,0,64,64,64,True
,1,384,384,384,True
,2,64,64,64,True
,3,768,768,768,True
,4,4608,4608,4608,True
,5,768,768,768,True
,6,2432,2432,2432,True
,7,14592,14592,14592,True
,8,2432,2432,2432,True
,9,768,768,768,True
,10,4608,4608,4608,True
,11,768,768,768,True
,12,64,64,64,True
,13,384,384,384,True
,14,64,64,64,True
,0,1024,1024,1024,True
,3,5120,5120,5120,True
,6,10240,10240,10240,True
,9,10240,10240,10240,True
,12,5120,5120,5120,True
,15,1024,1024,1024,True
,0,1024,1024,1024,True
,3,5120,5120,5120,True
,6,10240,10240,10240,True
,9,10240,10240,10240,True
,12,5120,5120,5120,True
,15,1024,1024,1024,True
,0,64,64,64,True
,1,384,384,384,True
,2,64,64,64,True
,3,768,768,768,True
,4,4608,4608,4608,True
,5,768,768,768,True
,6,2432,2432,2432,True
,7,14592,14592,14592,True
,8,2432,2432,2432,True
,9,768,768,768,True
,10,4608,4608,4608,True
,11,768,768,768,True
,12,64,64,64,True
,13,384,384,384,True
,14,64,64,64,True
,0,64,64,64,True
,1,384,384,384,True
,2,64,64,64,True
,3,768,768,768,True
,4,4608,4608,4608,True
,5,768,768,768,True
,6,2432,2432,2432,True
,7,14592,14592,14592,True
,8,2432,2432,2432,True
,9,768,768,768,True
,10,4608,4608,4608,True
,11,768,768,768,True
,12,64,64,64,True
,13,384,384,384,True
,14,64,64,64,True
,0,64,64,64,True
,1,384,384,384,True
,2,64,64,64,True
,3,768,768,768,True
,4,4608,4608,4608,True
,5,768,768,768,True
,6,2432,2432,2432,True
,7,14592,14592,14592,True
,8,2432,2432,2432,True
,9,768,768,768,True
,10,4608,4608,4608,True
,11,768,768,768,True
,12,64,64,64,True
,13,384,384,384,True
,14,64,64,64,True
,0,8,8,8,True
,1,32,32,32,True
,2,80,80,80,True
,3,160,160,160,True
,4,280,280,280,True
,5,432,432,432,True
,6,608,608,608,True
,7,800,800,800,True
,8,1000,1000,1000,True
,9,1160,1160,1160,True
,10,1232,1232,1232,True
,11,1208,1208,1208,True
,12,1080,1080,1080,True
,13,840,840,840,True
,14,560,560,560,True
,15,328,328,328,True
,16,152,152,152,True
,17,40,40,40,True
,0,16,16,16,True
,1,64,64,64,True
,2,160,160,160,True
,3,320,320,320,True
,4,560,560,560,True
,5,832,832,832,True
,6,1088,1088,1088,True
,7,1280,1280,1280,True
,8,1360,1360,1360,True
,9,1280,1280,1280,True
,10,1088,1088,1088,True
,11,832,832,832,True
,12,560,560,560,True
,13,320,320,320,True
,14,160,160,160,True
,15,64,64,64,True
,16,16,16,16,True
,0,8,8,8,True
,1,32,32,32,True
,2,80,80,80,True
,3,160,160,160,True
,4,280,280,280,True
,5,432,432,432,True
,6,608,608,608,True
,7,800,800,800,True
,8,1000,1000,1000,True
,9,1160,1160,1160,True
,10,1232,1232,1232,True
,11,1208,1208,1208,True
,12,1080,1080,1080,True
,13,840,840,840,True
,14,560,560,560,True
,15,328,328,328,True
,16,152,152,152,True
,17,40,40,40,True
,0,8,8,8,True
,1,32,32,32,True
,2,80,80,80,True
,3,160,160,160,True
,4,280,280,280,True
,5,432,432,432,True
,6,608,608,608,True
,7,800,800,800,True
,8,1000,1000,1000,True
,9,1160,1160,1160,True
,10,1232,1232,1232,True
,11,1208,1208,1208,True
,12,1080,1080,1080,True
,13,840,840,840,True
,14,560,560,560,True
,15,328,328,328,True
,16,152,152,152,True
,17,40,40,40,True
,0,16,16,16,True
,1,64,64,64,True
,2,160,160,160,True
,3,320,320,320,True
,4,560,560,560,True
,5,832,832,832,True
,6,1088,1088,1088,True
,7,1280,1280,1280,True
,8,1360,1360,1360,True
,9,1280,1280,1280,True
,10,1088,1088,1088,True
,11,832,832,832,True
,12,560,560,560,True
,13,320,320,320,True
,14,160,160,160,True
,15,64,64,64,True
,16,16,16,16,True
,0,8,8,8,True
,9,16,16,16,True
,18,8,8,8,True
,0,8,8,8,True
,9,16,16,16,True
,18,8,8,8,True
,0,32,32,32,True
,0,32,32,32,True
,0,32,32,32,True
,0,8,8,8,True
,9,16,16,16,True
,18,8,8,8,True
,0,8,8,8,True
,9,16,16,16,True
,18,8,8,8,True
,0,8,8,8,True
,9,16,16,16,True
,18,8,8,8,True
,0,8,8,8,True
,9,16,16,16,True
,18,8,8,8,True
,0,32,32,32,True
,0,32,32,32,True
,0,32,32,32,True
,0,16,16,16,True
,9,32,32,32,True
,18,16,16,16,True
,0,64,64,64,True
,0,16,16,16,True
,9,32,32,32,True
,18,16,16,16,True
,0,16,16,16,True
,9,32,32,32,True
,18,16,16,16,True
,0,64,64,64,True
,0,8,8,8,True
,1,8,8,8,True
,3,32,32,32,True
,4,32,32,32,True
,6,80,80,80,True
,7,80,80,80,True
,9,128,128,128,True
,10,128,128,128,True
,12,136,136,136,True
,13,136,136,136,True
,15,96,96,96,True
,16,96,96,96,True
,18,32,32,32,True
,19,32,32,32,True
,0,8,8,8,True
,1,8,8,8,True
,3,32,32,32,True
,4,32,32,32,True
,6,80,80,80,True
,7,80,80,80,True
,9,128,128,128,True
,10,128,128,128,True
,12,136,136,136,True
,13,136,136,136,True
,15,96,96,96,True
,16,96,96,96,True
,18,32,32,32,True
,19,32,32,32,True
,0,8,8,8,True
,1,8,8,8,True
,3,32,32,32,True
,4,32,32,32,True
,6,80,80,80,True
,7,80,80,80,True
,9,128,128,128,True
,10,128,128,128,True
,12,136,136,136,True
,13,136,136,136,True
,15,96,96,96,True
,16,96,96,96,True
,18,32,32,32,True
,19,32,32,32,True
,0,8,8,8,True
,1,8,8,8,True
,3,32,32,32,True
,4,32,32,32,True
,6,80,80,80,True
,7,80,80,80,True
,9,128,128,128,True
,10,128,128,128,True
,12,136,136,136,True
,13,136,136,136,True
,15,96,96,96,True
,16,96,96,96,True
,18,32,32,32,True
,19,32,32,32,True
,0,8,8,8,True
,1,8,8,8,True
,3,32,32,32,True
,4,32,32,32,True
,6,80,80,80,True
,7,80,80,80,True
,9,128,128,128,True
,10,128,128,128,True
,12,136,136,136,True
,13,136,136,136,True
,15,96,96,96,True
,16,96,96,96,True
,18,32,32,32,True
,19,32,32,32,True
,0,8,8,8,True
,1,8,8,8,True
,3,32,32,32,True
,4,32,32,32,True
,6,80,80,80,True
,7,80,80,80,True
,9,128,128,128,True
,10,128,128,128,True
,12,136,136,136,True
,13,136,136,136,True
,15,96,96,96,True
,16,96,96,96,True
,18,32,32,32,True
,19,32,32,32,True
,0,8,8,8,True
,1,8,8,8,True
,3,32,32,32,True
,4,32,32,32,True
,6,80,80,80,True
,7,80,80,80,True
,9,128,128,128,True
,10,128,128,128,True
,12,136,136,136,True
,13,136,136,136,True
,15,96,96,96,True
,16,96,96,96,True
,18,32,32,32,True
,19,32,32,32,True
,0,8,8,8,True
,1,8,8,8,True
,3,32,32,32,True
,4,32,32,32,True
,6,80,80,80,True
,7,80,80,80,True
,9,128,128,128,True
,10,128,128,128,True
,12,136,136,136,True
,13,136,136,136,True
,15,96,96,96,True
,16,96,96,96,True
,18,32,32,32,True
,19,32,32,32,True
,0,8,8,8,True
,1,8,8,8,True
,3,32,32,32,True
,4,32,32,32,True
,6,80,80,80,True
,7,80,80,80,True
,9,128,128,128,True
,10,128,128,128,True
,12,136,136,136,True
,13,136,136,136,True
,15,96,96,96,True
,16,96,96,96,True
,18,32,32,32,True
,19,32,32,32,True
,0,8,8,8,True
,1,8,8,8,True
,3,32,32,32,True
,4,32,32,32,True
,6,80,80,80,True
,7,80,80,80,True
,9,128,128,128,True
,10,128,128,128,True
,12,136,136,136,True
,13,136,136,136,True
,15,96,96,96,True
,16,96,96,96,True
,18,32,32,32,True
,19,32,32,32,True
,0,8,8,8,True
,1,8,8,8,True
,3,32,32,32,True
,4,32,32,32,True
,6,80,80,80,True
,7,80,80,80,True
,9,128,128,128,True
,10,128,128,128,True
,12,136,136,136,True
,13,136,136,136,True
,15,96,96,96,True
,16,96,96,96,True
,18,32,32,32,True
,19,32,32,32,True
,0,8,8,8,True
,1,8,8,8,True
,3,32,32,32,True
,4,32,32,32,True
,6,80,80,80,True
,7,80,80,80,True
,9,128,128,128,True
,10,128,128,128,True
,12,136,136,136,True
,13,136,136,136,True
,15,96,96,96,True
,16,96,96,96,True
,18,32,32,32,True
,19,32,32,32,True
,0,16,16,16,True
,1,32,32,32,True
,2,16,16,16,True
,3,64,64,64,True
,4,128,128,128,True
,5,64,64,64,True
,6,160,160,160,True
,7,320,320,320,True
,8,160,160,160,True
,9,256,256,256,True
,10,512,512,512,True
,11,256,256,256,True
,12,272,272,272,True
,13,544,544,544,True
,14,272,272,272,True
,15,192,192,192,True
,16,384,384,384,True
,17,192,192,192,True
,18,64,64,64,True
,19,128,128,128,True
,20,64,64,64,True
,0,64,64,64,True
,1,128,128,128,True
,2,64,64,64,True
,3,256,256,256,True
,4,512,512,512,True
,5,256,256,256,True
,6,384,384,384,True
,7,768,768,768,True
,8,384,384,384,True
,9,256,256,256,True
,10,512,512,512,True
,11,256,256,256,True
,12,64,64,64,True
,13,128,128,128,True
,14,64,64,64,True
,0,16,16,16,True
,1,32,32,32,True
,2,16,16,16,True
,3,64,64,64,True
,4,128,128,128,True
,5,64,64,64,True
,6,160,160,160,True
,7,320,320,320,True
,8,160,160,160,True
,9,256,256,256,True
,10,512,512,512,True
,11,256,256,256,True
,12,272,272,272,True
,13,544,544,544,True
,14,272,272,272,True
,15,192,192,192,True
,16,384,384,384,True
,17,192,192,192,True
,18,64,64,64,True
,19,128,128,128,True
,20,64,64,64,True
,0,16,16,16,True
,1,32,32,32,True
,2,16,16,16,True
,3,64,64,64,True
,4,128,128,128,True
,5,64,64,64,True
,6,160,160,160,True
,7,320,320,320,True
,8,160,160,160,True
,9,256,256,256,True
,10,512,512,512,True
,11,256,256,256,True
,12,272,272,272,True
,13,544,544,544,True
,14,272,272,272,True
,15,192,192,192,True
,16,384,384,384,True
,17,192,192,192,True
,18,64,64,64,True
,19,128,128,128,True
,20,64,64,64,True
,0,64,64,64,True
,1,128,128,128,True
,2,64,64,64,True
,3,256,256,256,True
,4,512,512,512,True
,5,256,256,256,True
,6,384,384,384,True
,7,768,768,768,True
,8,384,384,384,True
,9,256,256,256,True
,10,512,512,512,True
,11,256,256,256,True
,12,64,64,64,True
,13,128,128,128,True
,14,64,64,64,True
,0,4,4,4,True
,21,4,4,4,True
,0,4,4,4,True
,21,4,4,4,True
,0,8,8,8,True
,0,8,8,8,True
,0,8,8,8,True
,0,4,4,4,True
,21,4,4,4,True
,0,4,4,4,True
,21,4,4,4,True
,0,4,4,4,True
,21,4,4,4,True
,0,4,4,4,True
,21,4,4,4,True
,0,8,8,8,True
,0,8,8,8,True
,0,8,8,8,True
,0,128,128,128,True
,1,128,128,128,True
,5,512,512,512,True
,6,512,512,512,True
,10,768,768,768,True
,11,768,768,768,True
,15,512,512,512,True
,16,512,512,512,True
,20,128,128,128,True
,21,128,128,128,True
,0,256,256,256,True
,5,1024,1024,1024,True
,10,1536,1536,1536,True
,15,1024,1024,1024,True
,20,256,256,256,True
,0,128,128,128,True
,1,128,128,128,True
,5,512,512,512,True
,6,512,512,512,True
,10,768,768,768,True
,11,768,768,768,True
,15,512,512,512,True
,16,512,512,512,True
,20,128,128,128,True
,21,128,128,128,True
,0,128,128,128,True
,1,128,128,128,True
,5,512,512,512,True
,6,512,512,512,True
,10,768,768,768,True
,11,768,768,768,True
,15,512,512,512,True
,16,512,512,512,True
,20,128,128,128,True
,21,128,128,128,True
,0,256,256,256,True
,5,1024,1024,1024,True
,10,1536,1536,1536,True
,15,1024,1024,1024,True
,20,256,256,256,True
,0,8,8,8,True
,1,40,40,40,True
,2,120,120,120,True
,3,280,280,280,True
,4,560,560,560,True
,5,1000,1000,1000,True
,6,1640,1640,1640,True
,7,2520,2520,2520,True
,8,3680,3680,3680,True
,9,5080,5080,5080,True
,10,6584,6584,6584,True
,11,8040,8040,8040,True
,12,9280,9280,9280,True
,13,10120,10120,10120,True
,14,10440,10440,10440,True
,15,10200,10200,10200,True
,16,9360,9360,9360,True
,17,7880,7880,7880,True
,18,5920,5920,5920,True
,19,3920,3920,3920,True
,20,2208,2208,2208,True
,21,920,920,920,True
,22,200,200,200,True
,0,8,8,8,True
,1,40,40,40,True
,2,120,120,120,True
,3,280,280,280,True
,4,560,560,560,True
,5,1000,1000,1000,True
,6,1640,1640,1640,True
,7,2520,2520,2520,True
,8,3680,3680,3680,True
,9,5080,5080,5080,True
,10,6584,6584,6584,True
,11,8040,8040,8040,True
,12,9280,9280,9280,True
,13,10120,10120,10120,True
,14,10440,10440,10440,True
,15,10200,10200,10200,True
,16,9360,9360,9360,True
,17,7880,7880,7880,True
,18,5920,5920,5920,True
,19,3920,3920,3920,True
,20,2208,2208,2208,True
,21,920,920,920,True
,22,200,200,200,True
,0,4,4,4,True
,1,20,20,20,True
,2,60,60,60,True
,3,140,140,140,True
,4,280,280,280,True
,5,500,500,500,True
,6,820,820,820,True
,7,1260,1260,1260,True
,8,1840,1840,1840,True
,9,3804,3804,3804,True
,10,6484,6484,6484,True
,11,9324,9324,9324,True
,12,11880,11880,11880,True
,13,13820,13820,13820,True
,14,13700,13700,13700,True
,15,12100,12100,12100,True
,16,9600,9600,9600,True
,17,6780,6780,6780,True
,18,4200,4200,4200,True
,19,2216,2216,2216,True
,20,912,912,912,True
,21,236,236,236,True
,22,20,20,20,True
,0,4,4,4,True
,1,20,20,20,True
,2,60,60,60,True
,3,140,140,140,True
,4,280,280,280,True
,5,500,500,500,True
,6,820,820,820,True
,7,1260,1260,1260,True
,8,1840,1840,1840,True
,9,3804,3804,3804,True
,10,6484,6484,6484,True
,11,9324,9324,9324,True
,12,11880,11880,11880,True
,13,13820,13820,13820,True
,14,13700,13700,13700,True
,15,12100,12100,12100,True
,16,9600,9600,9600,True
,17,6780,6780,6780,True
,18,4200,4200,4200,True
,19,2216,2216,2216,True
,20,912,912,912,True
,21,236,236,236,True
,22,20,20,20,True
