label,q,p,e,n,k,lam,r,P,nu,n_prime,j,B,sum_a,n_factors,shapes,n_codes,n_coefficients,n_codes_compared,max_dim,lcd,verified,t_e2,t_oracle_cycle,t_oracle_flat
X1 ,9,3,2,3,1,2,2,3,1,1,1,1,1,1,1x1,4,2,4,1,2,True,0.000101,0.00017,0.000119
X2 ,25,5,2,7,1,7,3,1,0,7,1,3,3,3,1x1|1x3|1x3,8,1,8,0,8,True,8e-05,0.00034,0.000639
X3 ,27,3,3,15,2,2,2,3,1,5,1,2,2,2,1x1|1x4,16,4,16,5,4,True,0.000165,0.000911,0.001053
X4 ,81,3,4,21,2,10,10,3,1,7,2,2,3,3,1x1|2x3,64,8,64,10,4,True,0.000232,0.006784,0.006095
X5 ,81,3,4,5,3,1,1,1,0,5,1,2,5,5,1x1|4x1,32,3,32,2,4,True,8.9e-05,0.001143,0.001077
X6 ,81,3,4,17,3,1,1,1,0,17,1,2,5,5,1x1|4x4,32,3,32,8,4,True,8.8e-05,0.003144,0.005155
X7 ,81,3,4,25,3,1,1,1,0,25,1,3,9,9,1x1|4x1|4x5,512,9,512,12,8,True,0.00015,0.066394,0.068094
X8a ,16,2,4,5,3,1,1,1,0,5,1,2,5,5,1x1|4x1,32,3,32,2,4,True,8.9e-05,0.00123,0.001413
X8c ,16,2,4,17,3,1,1,1,0,17,1,3,9,9,1x1|4x2|4x2,512,5,512,8,8,True,0.000237,0.07779,0.061936
X9 ,64,2,6,20,3,6,9,4,2,5,3,2,3,3,1x1|2x2,125,11,125,10,4,True,0.000423,0.012069,0.011657
X8b ,16,2,4,15,3,1,1,1,0,15,1,6,15,15,1x1|1x1|1x1|4x1|4x1|4x1,32768,7,32768,6,64,True,0.000238,3.850682,4.080707
,81,3,4,45,1,42,4,9,2,5,3,2,5,5,1x1|4x1,100000,23,100000,22,4,True,0.017737,59.236711,45.304976
,81,3,4,45,2,1,1,9,2,5,2,5,5,5,1x1|1x1|1x1|1x1|1x1,100000,21,100000,20,32,True,0.001049,60.006609,49.698692
,81,3,4,45,2,2,2,9,2,5,2,5,5,5,1x1|1x1|1x1|1x1|1x1,100000,21,100000,20,32,True,0.001079,62.964972,48.619732
,81,3,4,45,3,1,1,9,2,5,1,2,5,5,1x1|4x1,100000,23,100000,22,4,True,0.014606,54.427722,44.376206
,81,3,4,45,3,2,2,9,2,5,1,2,5,5,1x1|4x1,100000,23,100000,22,4,True,0.017289,57.688023,42.800724
,81,3,4,45,3,42,4,9,2,5,1,2,5,5,1x1|4x1,100000,23,100000,22,4,True,0.014239,54.588366,43.826802
,81,3,4,46,0,1,1,1,0,46,4,4,6,6,1x1|1x1|2x11|2x11,64,3,64,22,16,True,0.000231,0.017189,0.027319
,81,3,4,46,1,1,1,1,0,46,3,4,6,6,1x1|1x1|2x11|2x11,64,3,64,22,16,True,0.000149,0.014098,0.023676
,81,3,4,46,2,1,1,1,0,46,2,4,6,6,1x1|1x1|2x11|2x11,64,3,64,22,16,True,0.000137,0.016059,0.02484
,81,3,4,46,2,20,5,1,0,46,2,4,6,6,1x1|1x1|2x11|2x11,64,3,64,22,16,True,0.000179,0.016663,0.025362
,81,3,4,46,3,1,1,1,0,46,1,4,6,6,1x1|1x1|2x11|2x11,64,3,64,22,16,True,0.000154,0.013958,0.022944
,81,3,4,47,0,1,1,1,0,47,4,2,3,3,1x1|2x23,8,2,8,23,4,True,9.3e-05,0.001143,0.030399
,81,3,4,47,0,2,2,1,0,47,4,2,3,3,1x1|2x23,8,2,8,23,4,True,8.3e-05,0.00125,0.030812
,81,3,4,47,1,1,1,1,0,47,3,2,3,3,1x1|2x23,8,2,8,23,4,True,8.2e-05,0.001102,0.036798
,81,3,4,47,1,2,2,1,0,47,3,2,3,3,1x1|2x23,8,2,8,23,4,True,9.2e-05,0.001926,0.033921
,81,3,4,47,1,42,4,1,0,47,3,2,3,3,1x1|2x23,8,2,8,23,4,True,8.5e-05,0.001178,0.033506
,81,3,4,47,2,1,1,1,0,47,2,2,3,3,1x1|2x23,8,2,8,23,4,True,8.7e-05,0.001188,0.033726
,81,3,4,47,2,2,2,1,0,47,2,2,3,3,1x1|2x23,8,2,8,23,4,True,8e-05,0.001151,0.035129
,81,3,4,47,2,20,5,1,0,47,2,2,3,3,1x1|2x23,8,2,8,23,4,True,9.7e-05,0.001454,0.036616
,81,3,4,47,2,10,10,1,0,47,2,2,3,3,1x1|2x23,8,2,8,23,4,True,0.000138,0.001403,0.034604
,81,3,4,47,3,1,1,1,0,47,1,2,3,3,1x1|2x23,8,2,8,23,4,True,0.000149,0.001367,0.033028
,81,3,4,47,3,2,2,1,0,47,1,2,3,3,1x1|2x23,8,2,8,23,4,True,8.7e-05,0.001218,0.031874
,81,3,4,47,3,42,4,1,0,47,1,2,3,3,1x1|2x23,8,2,8,23,4,True,0.00017,0.001305,0.033719
,81,3,4,49,0,1,1,1,0,49,4,3,5,5,1x1|2x3|2x21,32,4,32,24,8,True,0.000113,0.004979,0.012546
,81,3,4,49,0,2,2,1,0,49,4,3,5,5,1x1|2x3|2x21,32,4,32,24,8,True,0.000114,0.005022,0.012364
,81,3,4,49,1,1,1,1,0,49,3,5,5,5,1x1|1x3|1x3|1x21|1x21,32,1,32,0,32,True,0.000212,0.007992,0.015105
,81,3,4,49,1,2,2,1,0,49,3,5,5,5,1x1|1x3|1x3|1x21|1x21,32,1,32,0,32,True,0.000129,0.008003,0.015724
,81,3,4,49,1,42,4,1,0,49,3,5,5,5,1x1|1x3|1x3|1x21|1x21,32,1,32,0,32,True,0.000117,0.008055,0.014976
,81,3,4,49,2,1,1,1,0,49,2,3,5,5,1x1|2x3|2x21,32,4,32,24,8,True,0.000139,0.004693,0.012053
,81,3,4,49,2,2,2,1,0,49,2,3,5,5,1x1|2x3|2x21,32,4,32,24,8,True,0.000167,0.006784,0.012716
,81,3,4,49,2,20,5,1,0,49,2,3,5,5,1x1|2x3|2x21,32,4,32,24,8,True,0.000117,0.006453,0.015962
,81,3,4,49,2,10,10,1,0,49,2,3,5,5,1x1|2x3|2x21,32,4,32,24,8,True,0.000162,0.005808,0.014958
,81,3,4,49,3,1,1,1,0,49,1,5,5,5,1x1|1x3|1x3|1x21|1x21,32,1,32,0,32,True,0.000159,0.008701,0.01864
,81,3,4,49,3,2,2,1,0,49,1,5,5,5,1x1|1x3|1x3|1x21|1x21,32,1,32,0,32,True,0.000116,0.009707,0.018115
,81,3,4,49,3,42,4,1,0,49,1,5,5,5,1x1|1x3|1x3|1x21|1x21,32,1,32,0,32,True,0.000165,0.010084,0.018901
,81,3,4,51,0,1,1,3,1,17,4,5,5,5,1x1|1x4|1x4|1x4|1x4,1024,10,1024,17,32,True,0.000295,0.740561,0.634395
,81,3,4,51,0,2,2,3,1,17,4,5,5,5,1x1|1x4|1x4|1x4|1x4,1024,10,1024,17,32,True,0.000247,0.715389,0.629329
,81,3,4,51,1,1,1,3,1,17,3,2,5,5,1x1|4x4,1024,14,1024,25,4,True,0.000573,0.633077,0.518871
,81,3,4,51,1,2,2,3,1,17,3,2,5,5,1x1|4x4,1024,14,1024,25,4,True,0.000518,0.602019,0.536355
,81,3,4,51,1,42,4,3,1,17,3,2,5,5,1x1|4x4,1024,14,1024,25,4,True,0.00057,0.595268,0.513525
,81,3,4,51,2,1,1,3,1,17,2,3,5,5,1x1|2x4|2x4,1024,14,1024,25,8,True,0.000417,0.520148,0.460369
,81,3,4,51,2,2,2,3,1,17,2,3,5,5,1x1|2x4|2x4,1024,14,1024,25,8,True,0.000589,0.535193,0.478758
,81,3,4,51,2,20,5,3,1,17,2,3,5,5,1x1|2x4|2x4,1024,14,1024,25,8,True,0.000361,0.533139,0.491275
,81,3,4,51,2,10,10,3,1,17,2,3,5,5,1x1|2x4|2x4,1024,14,1024,25,8,True,0.000384,0.548601,0.477141
,81,3,4,51,3,1,1,3,1,17,1,2,5,5,1x1|4x4,1024,14,1024,25,4,True,0.000525,0.570966,0.51832
,81,3,4,51,3,2,2,3,1,17,1,2,5,5,1x1|4x4,1024,14,1024,25,4,True,0.000627,0.560893,0.509805
,81,3,4,51,3,42,4,3,1,17,1,2,5,5,1x1|4x4,1024,14,1024,25,4,True,0.000527,0.55962,0.511423
,81,3,4,53,0,1,1,1,0,53,4,3,5,5,1x1|2x13|2x13,32,3,32,26,8,True,0.000109,0.016005,0.054777
,81,3,4,53,0,2,2,1,0,53,4,3,5,5,1x1|2x13|2x13,32,3,32,26,8,True,0.000161,0.015577,0.053822
,81,3,4,53,1,1,1,1,0,53,3,2,5,5,1x1|4x13,32,3,32,26,4,True,0.000128,0.016743,0.054297
,81,3,4,53,1,2,2,1,0,53,3,2,5,5,1x1|4x13,32,3,32,26,4,True,0.000102,0.015514,0.053258
,81,3,4,53,1,42,4,1,0,53,3,2,5,5,1x1|4x13,32,3,32,26,4,True,0.000144,0.018041,0.054797
,81,3,4,53,2,1,1,1,0,53,2,5,5,5,1x1|1x13|1x13|1x13|1x13,32,1,32,0,32,True,0.000114,0.022877,0.06016
,81,3,4,53,2,2,2,1,0,53,2,5,5,5,1x1|1x13|1x13|1x13|1x13,32,1,32,0,32,True,0.000113,0.022431,0.059353
,81,3,4,53,2,20,5,1,0,53,2,5,5,5,1x1|1x13|1x13|1x13|1x13,32,1,32,0,32,True,0.000117,0.021109,0.05932
,81,3,4,53,2,10,10,1,0,53,2,5,5,5,1x1|1x13|1x13|1x13|1x13,32,1,32,0,32,True,0.00015,0.02139,0.060101
,81,3,4,53,3,1,1,1,0,53,1,2,5,5,1x1|4x13,32,3,32,26,4,True,0.000106,0.017687,0.05579
,81,3,4,53,3,2,2,1,0,53,1,2,5,5,1x1|4x13,32,3,32,26,4,True,9.8e-05,0.016594,0.056711
,81,3,4,53,3,42,4,1,0,53,1,2,5,5,1x1|4x13,32,3,32,26,4,True,0.000124,0.01734,0.056545
,81,3,4,54,0,1,1,27,3,2,4,2,2,2,1x1|1x1,784,27,784,26,4,True,0.003963,0.314607,0.205589
,81,3,4,54,1,1,1,27,3,2,3,2,2,2,1x1|1x1,784,27,784,26,4,True,0.003736,0.300772,0.196771
,81,3,4,54,2,1,1,27,3,2,2,2,2,2,1x1|1x1,784,27,784,26,4,True,0.003646,0.320971,0.207709
,81,3,4,54,2,20,5,27,3,2,2,2,2,2,1x1|1x1,784,27,784,26,4,True,0.00381,0.306268,0.193394
,81,3,4,54,3,1,1,27,3,2,1,2,2,2,1x1|1x1,784,27,784,26,4,True,0.003433,0.288944,0.196151
,81,3,4,55,0,1,1,1,0,55,4,8,15,15,1x1|2x1|2x1|2x5|2x5|2x5|2x5|2x5,32768,18,32768,27,256,True,0.000262,25.769205,25.715848
,81,3,4,55,0,2,2,1,0,55,4,8,15,15,1x1|2x1|2x1|2x5|2x5|2x5|2x5|2x5,32768,18,32768,27,256,True,0.000316,23.794676,24.381656
,81,3,4,55,1,1,1,1,0,55,3,5,15,15,1x1|2x5|4x1|4x5|4x5,32768,18,32768,27,32,True,0.000261,24.437215,24.169731
,81,3,4,55,1,2,2,1,0,55,3,5,15,15,1x1|2x5|4x1|4x5|4x5,32768,18,32768,27,32,True,0.000451,24.25924,24.974983
,81,3,4,55,1,42,4,1,0,55,3,5,15,15,1x1|2x5|4x1|4x5|4x5,32768,18,32768,27,32,True,0.000331,24.163626,25.500728
,81,3,4,55,2,1,1,1,0,55,2,10,15,15,1x1|1x1|1x1|1x1|1x1|2x5|2x5|2x5|2x5|2x5,32768,6,32768,25,1024,True,0.000279,23.893303,22.854126
,81,3,4,55,2,2,2,1,0,55,2,10,15,15,1x1|1x1|1x1|1x1|1x1|2x5|2x5|2x5|2x5|2x5,32768,6,32768,25,1024,True,0.000331,23.572971,23.868752
,81,3,4,55,3,1,1,1,0,55,1,5,15,15,1x1|2x5|4x1|4x5|4x5,32768,18,32768,27,32,True,0.000285,23.796138,24.329079
,81,3,4,55,3,2,2,1,0,55,1,5,15,15,1x1|2x5|4x1|4x5|4x5,32768,18,32768,27,32,True,0.000269,24.757127,25.170015
,81,3,4,55,3,42,4,1,0,55,1,5,15,15,1x1|2x5|4x1|4x5|4x5,32768,18,32768,27,32,True,0.000434,23.797464,25.548761
,81,3,4,57,0,1,1,3,1,19,4,2,3,3,1x1|2x9,64,8,64,28,4,True,0.000247,0.029293,0.028295
,81,3,4,57,0,2,2,3,1,19,4,2,3,3,1x1|2x9,64,8,64,28,4,True,0.000203,0.02615,0.029341
,81,3,4,57,1,1,1,3,1,19,3,3,3,3,1x1|1x9|1x9,64,6,64,19,8,True,0.000149,0.034287,0.034175
,81,3,4,57,1,2,2,3,1,19,3,3,3,3,1x1|1x9|1x9,64,6,64,19,8,True,0.000168,0.032803,0.034321
,81,3,4,57,1,42,4,3,1,19,3,3,3,3,1x1|1x9|1x9,64,6,64,19,8,True,0.000142,0.034216,0.039355
,81,3,4,57,2,1,1,3,1,19,2,2,3,3,1x1|2x9,64,8,64,28,4,True,0.000265,0.024897,0.029769
,81,3,4,57,2,2,2,3,1,19,2,2,3,3,1x1|2x9,64,8,64,28,4,True,0.000228,0.028183,0.026019
,81,3,4,57,2,20,5,3,1,19,2,2,3,3,1x1|2x9,64,8,64,28,4,True,0.000374,0.02846,0.028499
,81,3,4,57,2,10,10,3,1,19,2,2,3,3,1x1|2x9,64,8,64,28,4,True,0.000222,0.025434,0.030321
,81,3,4,57,3,1,1,3,1,19,1,3,3,3,1x1|1x9|1x9,64,6,64,19,8,True,0.000139,0.033952,0.035249
,81,3,4,57,3,2,2,3,1,19,1,3,3,3,1x1|1x9|1x9,64,6,64,19,8,True,0.000139,0.033234,0.035629
,81,3,4,57,3,42,4,3,1,19,1,3,3,3,1x1|1x9|1x9,64,6,64,19,8,True,0.000224,0.035708,0.034096
,81,3,4,58,0,1,1,1,0,58,4,6,10,10,1x1|1x1|2x7|2x7|2x7|2x7,1024,5,1024,28,64,True,0.000216,0.706031,0.740701
,81,3,4,58,1,1,1,1,0,58,3,4,10,10,1x1|1x1|4x7|4x7,1024,5,1024,28,16,True,0.000225,0.76066,0.812523
,81,3,4,58,2,1,1,1,0,58,2,10,10,10,1x1|1x1|1x7|1x7|1x7|1x7|1x7|1x7|1x7|1x7,1024,1,1024,0,1024,True,0.000223,0.936472,0.959055
,81,3,4,58,2,20,5,1,0,58,2,10,10,10,1x1|1x1|1x7|1x7|1x7|1x7|1x7|1x7|1x7|1x7,1024,1,1024,0,1024,True,0.000191,0.914871,0.931453
,81,3,4,58,3,1,1,1,0,58,1,4,10,10,1x1|1x1|4x7|4x7,1024,5,1024,28,16,True,0.00019,0.758525,0.761441
,81,3,4,59,0,1,1,1,0,59,4,2,3,3,1x1|2x29,8,2,8,29,4,True,7.3e-05,0.001669,0.065346
,81,3,4,59,0,2,2,1,0,59,4,2,3,3,1x1|2x29,8,2,8,29,4,True,8.9e-05,0.001565,0.067862
,81,3,4,59,1,1,1,1,0,59,3,2,3,3,1x1|2x29,8,2,8,29,4,True,7.6e-05,0.001678,0.068612
,81,3,4,59,1,2,2,1,0,59,3,2,3,3,1x1|2x29,8,2,8,29,4,True,7.1e-05,0.001588,0.064942
,81,3,4,59,1,42,4,1,0,59,3,2,3,3,1x1|2x29,8,2,8,29,4,True,0.000132,0.001746,0.065265
,81,3,4,59,2,1,1,1,0,59,2,2,3,3,1x1|2x29,8,2,8,29,4,True,7.9e-05,0.001646,0.067441
,81,3,4,59,2,2,2,1,0,59,2,2,3,3,1x1|2x29,8,2,8,29,4,True,7e-05,0.001566,0.069796
,81,3,4,59,2,20,5,1,0,59,2,2,3,3,1x1|2x29,8,2,8,29,4,True,7.9e-05,0.001717,0.068455
,81,3,4,59,2,10,10,1,0,59,2,2,3,3,1x1|2x29,8,2,8,29,4,True,7.1e-05,0.001624,0.070791
,81,3,4,59,3,1,1,1,0,59,1,2,3,3,1x1|2x29,8,2,8,29,4,True,7.5e-05,0.001607,0.069504
,81,3,4,59,3,2,2,1,0,59,1,2,3,3,1x1|2x29,8,2,8,29,4,True,7.5e-05,0.001578,0.067531
,81,3,4,59,3,42,4,1,0,59,1,2,3,3,1x1|2x29,8,2,8,29,4,True,7.3e-05,0.001635,0.067766
,121,11,2,1,0,1,1,1,0,1,2,1,1,1,1x1,2,1,2,0,2,True,3.6e-05,6e-05,4.6e-05
,121,11,2,1,0,10,2,1,0,1,2,1,1,1,1x1,2,1,2,0,2,True,3.2e-05,4.6e-05,4.3e-05
,121,11,2,1,1,1,1,1,0,1,1,1,1,1,1x1,2,1,2,0,2,True,3.2e-05,4.3e-05,4.2e-05
,121,11,2,1,1,10,2,1,0,1,1,1,1,1,1x1,2,1,2,0,2,True,3.5e-05,4.4e-05,4.2e-05
,121,11,2,1,1,38,3,1,0,1,1,1,1,1,1x1,2,1,2,0,2,True,2.9e-05,4.3e-05,4e-05
,121,11,2,1,1,11,4,1,0,1,1,1,1,1,1x1,2,1,2,0,2,True,3.1e-05,4.3e-05,4.2e-05
,121,11,2,1,1,39,6,1,0,1,1,1,1,1,1x1,2,1,2,0,2,True,3e-05,4.3e-05,4.1e-05
,121,11,2,1,1,58,12,1,0,1,1,1,1,1,1x1,2,1,2,0,2,True,2.9e-05,4.3e-05,4.1e-05
,121,11,2,2,0,1,1,1,0,2,2,2,2,2,1x1|1x1,4,1,4,0,4,True,6.3e-05,9.9e-05,9.3e-05
,121,11,2,2,1,1,1,1,0,2,1,2,2,2,1x1|1x1,4,1,4,0,4,True,4.9e-05,0.000104,9.3e-05
,121,11,2,2,1,38,3,1,0,2,1,2,2,2,1x1|1x1,4,1,4,0,4,True,5e-05,0.0001,9.3e-05
,121,11,2,3,0,1,1,1,0,3,2,2,3,3,1x1|2x1,8,2,8,1,4,True,6.7e-05,0.000207,0.000195
,121,11,2,3,0,10,2,1,0,3,2,2,3,3,1x1|2x1,8,2,8,1,4,True,7.3e-05,0.000209,0.000241
,121,11,2,3,1,1,1,1,0,3,1,3,3,3,1x1|1x1|1x1,8,1,8,0,8,True,6.6e-05,0.000317,0.019967
,121,11,2,3,1,10,2,1,0,3,1,3,3,3,1x1|1x1|1x1,8,1,8,0,8,True,6.8e-05,0.000207,0.0002
,121,11,2,3,1,11,4,1,0,3,1,3,3,3,1x1|1x1|1x1,8,1,8,0,8,True,6.6e-05,0.000208,0.000208
,121,11,2,4,0,1,1,1,0,4,2,3,4,4,1x1|1x1|2x1,16,2,16,1,8,True,8.7e-05,0.000453,0.000482
,121,11,2,4,1,1,1,1,0,4,1,4,4,4,1x1|1x1|1x1|1x1,16,1,16,0,16,True,7.7e-05,0.000448,0.000453
,121,11,2,4,1,38,3,1,0,4,1,4,4,4,1x1|1x1|1x1|1x1,16,1,16,0,16,True,7.5e-05,0.00055,0.000463
,121,11,2,5,0,1,1,1,0,5,2,3,5,5,1x1|2x1|2x1,32,3,32,2,8,True,0.000101,0.001057,0.001036
,121,11,2,5,0,10,2,1,0,5,2,3,5,5,1x1|2x1|2x1,32,3,32,2,8,True,0.000135,0.001103,0.00108
,121,11,2,5,1,1,1,1,0,5,1,3,5,5,1x1|2x1|2x1,32,3,32,2,8,True,0.000163,0.001184,0.001088
,121,11,2,5,1,10,2,1,0,5,1,3,5,5,1x1|2x1|2x1,32,3,32,2,8,True,0.000102,0.001264,0.002101
,121,11,2,5,1,38,3,1,0,5,1,3,5,5,1x1|2x1|2x1,32,3,32,2,8,True,0.000177,0.001712,0.001466
,121,11,2,5,1,11,4,1,0,5,1,3,5,5,1x1|2x1|2x1,32,3,32,2,8,True,0.000105,0.001064,0.001026
,121,11,2,5,1,39,6,1,0,5,1,3,5,5,1x1|2x1|2x1,32,3,32,2,8,True,0.00011,0.00126,0.001045
,121,11,2,5,1,58,12,1,0,5,1,3,5,5,1x1|2x1|2x1,32,3,32,2,8,True,0.000101,0.001065,0.001146
,121,11,2,6,0,1,1,1,0,6,2,4,6,6,1x1|1x1|2x1|2x1,64,3,64,2,16,True,0.000138,0.002294,0.002807
,121,11,2,6,1,1,1,1,0,6,1,6,6,6,1x1|1x1|1x1|1x1|1x1|1x1,64,1,64,0,64,True,0.000162,0.002795,0.002597
,121,11,2,7,0,1,1,1,0,7,2,2,3,3,1x1|2x3,8,2,8,3,4,True,7.3e-05,0.00031,0.000655
,121,11,2,7,0,10,2,1,0,7,2,2,3,3,1x1|2x3,8,2,8,3,4,True,7e-05,0.000273,0.00069
,121,11,2,7,1,1,1,1,0,7,1,2,3,3,1x1|2x3,8,2,8,3,4,True,7.2e-05,0.000262,0.000739
,121,11,2,7,1,10,2,1,0,7,1,2,3,3,1x1|2x3,8,2,8,3,4,True,7.7e-05,0.000327,0.000705
,121,11,2,7,1,38,3,1,0,7,1,2,3,3,1x1|2x3,8,2,8,3,4,True,7.1e-05,0.000314,0.000657
,121,11,2,7,1,11,4,1,0,7,1,2,3,3,1x1|2x3,8,2,8,3,4,True,7.2e-05,0.000308,0.000736
,121,11,2,7,1,39,6,1,0,7,1,2,3,3,1x1|2x3,8,2,8,3,4,True,7.4e-05,0.000314,0.00069
,121,11,2,7,1,58,12,1,0,7,1,2,3,3,1x1|2x3,8,2,8,3,4,True,7.3e-05,0.00029,0.000819
,121,11,2,8,0,1,1,1,0,8,2,5,8,8,1x1|1x1|2x1|2x1|2x1,256,4,256,3,32,True,0.000169,0.013387,0.013137
,121,11,2,8,1,1,1,1,0,8,1,6,8,8,1x1|1x1|1x1|1x1|2x1|2x1,256,3,256,2,64,True,0.000188,0.013761,0.012754
,121,11,2,8,1,38,3,1,0,8,1,6,8,8,1x1|1x1|1x1|1x1|2x1|2x1,256,3,256,2,64,True,0.000176,0.013442,0.012432
,121,11,2,9,0,1,1,1,0,9,2,3,5,5,1x1|2x1|2x3,32,4,32,4,8,True,0.000109,0.001244,0.001537
,121,11,2,9,0,10,2,1,0,9,2,3,5,5,1x1|2x1|2x3,32,4,32,4,8,True,0.000108,0.001307,0.001579
,121,11,2,9,1,1,1,1,0,9,1,5,5,5,1x1|1x1|1x1|1x3|1x3,32,1,32,0,32,True,0.000113,0.001609,0.001779
,121,11,2,9,1,10,2,1,0,9,1,5,5,5,1x1|1x1|1x1|1x3|1x3,32,1,32,0,32,True,0.000114,0.001677,0.001945
,121,11,2,9,1,11,4,1,0,9,1,5,5,5,1x1|1x1|1x1|1x3|1x3,32,1,32,0,32,True,0.000125,0.001568,0.00177
,121,11,2,10,0,1,1,1,0,10,2,6,10,10,1x1|1x1|2x1|2x1|2x1|2x1,1024,5,1024,4,64,True,0.000221,0.07305,0.07236
,121,11,2,10,1,1,1,1,0,10,1,6,10,10,1x1|1x1|2x1|2x1|2x1|2x1,1024,5,1024,4,64,True,0.000229,0.067352,0.069339
,121,11,2,10,1,38,3,1,0,10,1,6,10,10,1x1|1x1|2x1|2x1|2x1|2x1,1024,5,1024,4,64,True,0.000201,0.063736,0.066111
,121,11,2,11,0,1,1,11,1,1,2,1,1,1,1x1,12,6,12,5,2,True,0.000325,0.000695,0.000606
,121,11,2,11,0,10,2,11,1,1,2,1,1,1,1x1,12,6,12,5,2,True,0.000274,0.000693,0.000592
,121,11,2,11,1,1,1,11,1,1,1,1,1,1,1x1,12,6,12,5,2,True,0.000448,0.000738,0.000621
,121,11,2,11,1,10,2,11,1,1,1,1,1,1,1x1,12,6,12,5,2,True,0.000437,0.000799,0.000607
,121,11,2,11,1,38,3,11,1,1,1,1,1,1,1x1,12,6,12,5,2,True,0.000276,0.000699,0.000569
,121,11,2,11,1,11,4,11,1,1,1,1,1,1,1x1,12,6,12,5,2,True,0.000256,0.000684,0.000568
,121,11,2,11,1,39,6,11,1,1,1,1,1,1,1x1,12,6,12,5,2,True,0.00034,0.001109,0.001013
,121,11,2,11,1,58,12,11,1,1,1,1,1,1,1x1,12,6,12,5,2,True,0.000651,0.001201,0.000773
,121,11,2,12,0,1,1,1,0,12,2,7,12,12,1x1|1x1|2x1|2x1|2x1|2x1|2x1,4096,6,4096,5,128,True,0.000216,0.330347,0.34883
,121,11,2,12,1,1,1,1,0,12,1,12,12,12,1x1|1x1|1x1|1x1|1x1|1x1|1x1|1x1|1x1|1x1|1x1|1x1,4096,1,4096,0,4096,True,0.000222,0.396916,0.385283
,121,11,2,13,0,1,1,1,0,13,2,3,3,3,1x1|1x6|1x6,8,1,8,0,8,True,0.000102,0.000662,0.003721
,121,11,2,13,0,10,2,1,0,13,2,3,3,3,1x1|1x6|1x6,8,1,8,0,8,True,7.3e-05,0.000569,0.003764
,121,11,2,13,1,1,1,1,0,13,1,2,3,3,1x1|2x6,8,2,8,6,4,True,8.3e-05,0.000433,0.003609
,121,11,2,13,1,10,2,1,0,13,1,2,3,3,1x1|2x6,8,2,8,6,4,True,9.2e-05,0.000471,0.003512
,121,11,2,13,1,38,3,1,0,13,1,2,3,3,1x1|2x6,8,2,8,6,4,True,7.4e-05,0.000428,0.003464
,121,11,2,13,1,11,4,1,0,13,1,2,3,3,1x1|2x6,8,2,8,6,4,True,9.1e-05,0.000464,0.003606
,121,11,2,13,1,39,6,1,0,13,1,2,3,3,1x1|2x6,8,2,8,6,4,True,6.8e-05,0.000477,0.003505
,121,11,2,13,1,58,12,1,0,13,1,2,3,3,1x1|2x6,8,2,8,6,4,True,7e-05,0.000444,0.003618
,121,11,2,14,0,1,1,1,0,14,2,4,6,6,1x1|1x1|2x3|2x3,64,3,64,6,16,True,0.000127,0.004631,0.005223
,121,11,2,14,1,1,1,1,0,14,1,4,6,6,1x1|1x1|2x3|2x3,64,3,64,6,16,True,0.000104,0.004076,0.00487
,121,11,2,14,1,38,3,1,0,14,1,4,6,6,1x1|1x1|2x3|2x3,64,3,64,6,16,True,0.000142,0.00392,0.00475
,121,11,2,15,0,1,1,1,0,15,2,8,15,15,1x1|2x1|2x1|2x1|2x1|2x1|2x1|2x1,32768,8,32768,7,256,True,0.000241,3.771529,4.261536
,121,11,2,15,0,10,2,1,0,15,2,8,15,15,1x1|2x1|2x1|2x1|2x1|2x1|2x1|2x1,32768,8,32768,7,256,True,0.000283,3.974158,3.990923
,121,11,2,15,1,1,1,1,0,15,1,9,15,15,1x1|1x1|1x1|2x1|2x1|2x1|2x1|2x1|2x1,32768,7,32768,6,512,True,0.000273,3.77575,3.813499
,121,11,2,15,1,10,2,1,0,15,1,9,15,15,1x1|1x1|1x1|2x1|2x1|2x1|2x1|2x1|2x1,32768,7,32768,6,512,True,0.000259,3.50684,3.832851
,121,11,2,15,1,11,4,1,0,15,1,9,15,15,1x1|1x1|1x1|2x1|2x1|2x1|2x1|2x1|2x1,32768,7,32768,6,512,True,0.000316,3.670659,3.995083
,121,11,2,16,0,1,1,1,0,16,2,7,12,12,1x1|1x1|2x1|2x1|2x1|2x2|2x2,4096,8,4096,7,128,True,0.000296,0.46467,0.48787
,121,11,2,16,1,1,1,1,0,16,1,8,12,12,1x1|1x1|1x1|1x1|2x1|2x1|2x2|2x2,4096,7,4096,6,256,True,0.000231,0.437741,0.509716
,121,11,2,16,1,38,3,1,0,16,1,8,12,12,1x1|1x1|1x1|1x1|2x1|2x1|2x2|2x2,4096,7,4096,6,256,True,0.000254,0.463289,0.51185
,121,11,2,17,0,1,1,1,0,17,2,3,3,3,1x1|1x8|1x8,8,1,8,0,8,True,0.000119,0.001246,0.010332
,121,11,2,17,0,10,2,1,0,17,2,3,3,3,1x1|1x8|1x8,8,1,8,0,8,True,0.000111,0.001239,0.009726
,121,11,2,17,1,1,1,1,0,17,1,2,3,3,1x1|2x8,8,2,8,8,4,True,0.000142,0.000885,0.008705
,121,11,2,17,1,10,2,1,0,17,1,2,3,3,1x1|2x8,8,2,8,8,4,True,0.000108,0.000511,0.006592
,121,11,2,17,1,38,3,1,0,17,1,2,3,3,1x1|2x8,8,2,8,8,4,True,9.5e-05,0.00063,0.009069
,121,11,2,17,1,11,4,1,0,17,1,2,3,3,1x1|2x8,8,2,8,8,4,True,7.8e-05,0.000519,0.007079
,121,11,2,17,1,39,6,1,0,17,1,2,3,3,1x1|2x8,8,2,8,8,4,True,0.000151,0.000582,0.006891
,121,11,2,17,1,58,12,1,0,17,1,2,3,3,1x1|2x8,8,2,8,8,4,True,9.4e-05,0.00066,0.008415
,121,11,2,18,0,1,1,1,0,18,2,6,10,10,1x1|1x1|2x1|2x1|2x3|2x3,1024,9,1024,8,64,True,0.000194,0.107491,0.114505
,121,11,2,18,1,1,1,1,0,18,1,10,10,10,1x1|1x1|1x1|1x1|1x1|1x1|1x3|1x3|1x3|1x3,1024,1,1024,0,1024,True,0.00019,0.134617,0.131738
,121,11,2,19,0,1,1,1,0,19,2,4,7,7,1x1|2x3|2x3|2x3,128,4,128,9,16,True,0.000181,0.016626,0.020188
,121,11,2,19,0,10,2,1,0,19,2,4,7,7,1x1|2x3|2x3|2x3,128,4,128,9,16,True,0.000138,0.016007,0.01786
,121,11,2,19,1,1,1,1,0,19,1,4,7,7,1x1|2x3|2x3|2x3,128,4,128,9,16,True,0.000156,0.022586,0.025756
,121,11,2,19,1,10,2,1,0,19,1,4,7,7,1x1|2x3|2x3|2x3,128,4,128,9,16,True,0.000223,0.022461,0.02089
,121,11,2,19,1,38,3,1,0,19,1,4,7,7,1x1|2x3|2x3|2x3,128,4,128,9,16,True,0.000195,0.019211,0.022065
,121,11,2,19,1,11,4,1,0,19,1,4,7,7,1x1|2x3|2x3|2x3,128,4,128,9,16,True,0.000233,0.017174,0.020973
,121,11,2,19,1,39,6,1,0,19,1,4,7,7,1x1|2x3|2x3|2x3,128,4,128,9,16,True,0.000231,0.019496,0.021663
,121,11,2,19,1,58,12,1,0,19,1,4,7,7,1x1|2x3|2x3|2x3,128,4,128,9,16,True,0.000179,0.018445,0.019894
,121,11,2,21,0,1,1,1,0,21,2,5,9,9,1x1|2x1|2x3|2x3|2x3,512,8,512,10,32,True,0.000243,0.084234,0.080211
,121,11,2,21,0,10,2,1,0,21,2,5,9,9,1x1|2x1|2x3|2x3|2x3,512,8,512,10,32,True,0.000252,0.078208,0.080381
,121,11,2,21,1,1,1,1,0,21,1,6,9,9,1x1|1x1|1x1|2x3|2x3|2x3,512,4,512,9,64,True,0.000182,0.06949,0.07672
,121,11,2,21,1,10,2,1,0,21,1,6,9,9,1x1|1x1|1x1|2x3|2x3|2x3,512,4,512,9,64,True,0.000199,0.07196,0.087969
,121,11,2,21,1,11,4,1,0,21,1,6,9,9,1x1|1x1|1x1|2x3|2x3|2x3,512,4,512,9,64,True,0.000169,0.078982,0.081781
,121,11,2,22,0,1,1,11,1,2,2,2,2,2,1x1|1x1,144,11,144,10,4,True,0.000732,0.028507,0.020176
,121,11,2,22,1,1,1,11,1,2,1,2,2,2,1x1|1x1,144,11,144,10,4,True,0.000567,0.022882,0.016704
,121,11,2,22,1,38,3,11,1,2,1,2,2,2,1x1|1x1,144,11,144,10,4,True,0.000658,0.024076,0.016673
,121,11,2,23,0,1,1,1,0,23,2,2,3,3,1x1|2x11,8,2,8,11,4,True,7.8e-05,0.000743,0.008963
,121,11,2,23,0,10,2,1,0,23,2,2,3,3,1x1|2x11,8,2,8,11,4,True,0.000112,0.001072,0.010432
,121,11,2,23,1,1,1,1,0,23,1,3,3,3,1x1|1x11|1x11,8,1,8,0,8,True,9.7e-05,0.00118,0.010598
,121,11,2,23,1,10,2,1,0,23,1,3,3,3,1x1|1x11|1x11,8,1,8,0,8,True,0.000102,0.001335,0.009871
,121,11,2,23,1,38,3,1,0,23,1,3,3,3,1x1|1x11|1x11,8,1,8,0,8,True,8.8e-05,0.001217,0.009117
,121,11,2,23,1,11,4,1,0,23,1,3,3,3,1x1|1x11|1x11,8,1,8,0,8,True,7.2e-05,0.001265,0.009603
,121,11,2,23,1,39,6,1,0,23,1,3,3,3,1x1|1x11|1x11,8,1,8,0,8,True,0.000134,0.001349,0.010647
,121,11,2,23,1,58,12,1,0,23,1,3,3,3,1x1|1x11|1x11,8,1,8,0,8,True,8.5e-05,0.001456,0.01065
,121,11,2,25,0,1,1,1,0,25,2,5,9,9,1x1|2x1|2x1|2x5|2x5,512,9,512,12,32,True,0.000185,0.06503,0.065657
,121,11,2,25,0,10,2,1,0,25,2,5,9,9,1x1|2x1|2x1|2x5|2x5,512,9,512,12,32,True,0.000191,0.064559,0.065079
,121,11,2,25,1,1,1,1,0,25,1,5,9,9,1x1|2x1|2x1|2x5|2x5,512,9,512,12,32,True,0.000217,0.062892,0.064245
,121,11,2,25,1,10,2,1,0,25,1,5,9,9,1x1|2x1|2x1|2x5|2x5,512,9,512,12,32,True,0.00018,0.064281,0.066021
,121,11,2,25,1,38,3,1,0,25,1,5,9,9,1x1|2x1|2x1|2x5|2x5,512,9,512,12,32,True,0.000216,0.065146,0.064969
,121,11,2,25,1,11,4,1,0,25,1,5,9,9,1x1|2x1|2x1|2x5|2x5,512,9,512,12,32,True,0.00017,0.061408,0.070306
,121,11,2,25,1,39,6,1,0,25,1,5,9,9,1x1|2x1|2x1|2x5|2x5,512,9,512,12,32,True,0.000185,0.06304,0.071757
,121,11,2,25,1,58,12,1,0,25,1,5,9,9,1x1|2x1|2x1|2x5|2x5,512,9,512,12,32,True,0.000198,0.061563,0.068896
,121,11,2,26,0,1,1,1,0,26,2,6,6,6,1x1|1x1|1x6|1x6|1x6|1x6,64,1,64,0,64,True,0.000183,0.012639,0.018727
,121,11,2,26,1,1,1,1,0,26,1,4,6,6,1x1|1x1|2x6|2x6,64,3,64,12,16,True,0.000121,0.009087,0.018158
,121,11,2,26,1,38,3,1,0,26,1,4,6,6,1x1|1x1|2x6|2x6,64,3,64,12,16,True,0.000121,0.008862,0.0153
,121,11,2,27,0,1,1,1,0,27,2,4,7,7,1x1|2x1|2x3|2x9,128,8,128,13,16,True,0.000145,0.013762,0.016489
,121,11,2,27,0,10,2,1,0,27,2,4,7,7,1x1|2x1|2x3|2x9,128,8,128,13,16,True,0.000212,0.013139,0.013452
,121,11,2,27,1,1,1,1,0,27,1,7,7,7,1x1|1x1|1x1|1x3|1x3|1x9|1x9,128,1,128,0,128,True,0.000147,0.01811,0.02018
,121,11,2,27,1,10,2,1,0,27,1,7,7,7,1x1|1x1|1x1|1x3|1x3|1x9|1x9,128,1,128,0,128,True,0.000196,0.020048,0.020723
,121,11,2,27,1,11,4,1,0,27,1,7,7,7,1x1|1x1|1x1|1x3|1x3|1x9|1x9,128,1,128,0,128,True,0.000149,0.018449,0.020171
,121,11,2,28,0,1,1,1,0,28,2,7,12,12,1x1|1x1|2x1|2x3|2x3|2x3|2x3,4096,10,4096,13,128,True,0.000327,1.003402,0.950821
,121,11,2,28,1,1,1,1,0,28,1,8,12,12,1x1|1x1|1x1|1x1|2x3|2x3|2x3|2x3,4096,5,4096,12,256,True,0.000282,0.942271,0.960497
,121,11,2,28,1,38,3,1,0,28,1,8,12,12,1x1|1x1|1x1|1x1|2x3|2x3|2x3|2x3,4096,5,4096,12,256,True,0.000216,0.891838,0.945356
,121,11,2,29,0,1,1,1,0,29,2,3,3,3,1x1|1x14|1x14,8,1,8,0,8,True,8.7e-05,0.001624,0.033008
,121,11,2,29,0,10,2,1,0,29,2,3,3,3,1x1|1x14|1x14,8,1,8,0,8,True,7.3e-05,0.001552,0.031983
,121,11,2,29,1,1,1,1,0,29,1,2,3,3,1x1|2x14,8,2,8,14,4,True,7.1e-05,0.001033,0.030405
,121,11,2,29,1,10,2,1,0,29,1,2,3,3,1x1|2x14,8,2,8,14,4,True,9e-05,0.000982,0.03128
,121,11,2,29,1,38,3,1,0,29,1,2,3,3,1x1|2x14,8,2,8,14,4,True,7.1e-05,0.000883,0.031252
,121,11,2,29,1,11,4,1,0,29,1,2,3,3,1x1|2x14,8,2,8,14,4,True,0.00011,0.001037,0.030695
,121,11,2,29,1,39,6,1,0,29,1,2,3,3,1x1|2x14,8,2,8,14,4,True,8.4e-05,0.00095,0.031019
,121,11,2,29,1,58,12,1,0,29,1,2,3,3,1x1|2x14,8,2,8,14,4,True,7.6e-05,0.000911,0.031033
,121,11,2,31,0,1,1,1,0,31,2,2,3,3,1x1|2x15,8,2,8,15,4,True,7.9e-05,0.001034,0.015707
,121,11,2,31,0,10,2,1,0,31,2,2,3,3,1x1|2x15,8,2,8,15,4,True,9.9e-05,0.001058,0.015799
,121,11,2,31,1,1,1,1,0,31,1,3,3,3,1x1|1x15|1x15,8,1,8,0,8,True,8.8e-05,0.001758,0.017291
,121,11,2,31,1,10,2,1,0,31,1,3,3,3,1x1|1x15|1x15,8,1,8,0,8,True,0.000104,0.002578,0.017184
,121,11,2,31,1,38,3,1,0,31,1,3,3,3,1x1|1x15|1x15,8,1,8,0,8,True,7.5e-05,0.001693,0.016829
,121,11,2,31,1,11,4,1,0,31,1,3,3,3,1x1|1x15|1x15,8,1,8,0,8,True,7.5e-05,0.001871,0.01658
,121,11,2,31,1,39,6,1,0,31,1,3,3,3,1x1|1x15|1x15,8,1,8,0,8,True,8.3e-05,0.001861,0.016388
,121,11,2,31,1,58,12,1,0,31,1,3,3,3,1x1|1x15|1x15,8,1,8,0,8,True,9.2e-05,0.001786,0.016084
,121,11,2,32,0,1,1,1,0,32,2,9,16,16,1x1|1x1|2x1|2x1|2x1|2x2|2x2|2x4|2x4,65536,16,65536,15,512,True,0.000293,16.319476,17.66651
,121,11,2,32,1,1,1,1,0,32,1,10,16,16,1x1|1x1|1x1|1x1|2x1|2x1|2x2|2x2|2x4|2x4,65536,15,65536,14,1024,True,0.000301,15.875726,17.681011
,121,11,2,32,1,38,3,1,0,32,1,10,16,16,1x1|1x1|1x1|1x1|2x1|2x1|2x2|2x2|2x4|2x4,65536,15,65536,14,1024,True,0.000316,15.290477,17.313205
,121,11,2,33,0,1,1,11,1,3,2,2,3,3,1x1|2x1,1728,17,1728,16,4,True,0.005834,0.578617,0.449897
,121,11,2,33,0,10,2,11,1,3,2,2,3,3,1x1|2x1,1728,17,1728,16,4,True,0.004706,0.589772,0.410509
,121,11,2,33,1,1,1,11,1,3,1,3,3,3,1x1|1x1|1x1,1728,16,1728,15,8,True,0.000787,0.588727,0.434124
,121,11,2,33,1,10,2,11,1,3,1,3,3,3,1x1|1x1|1x1,1728,16,1728,15,8,True,0.000832,0.615825,0.476318
,121,11,2,33,1,11,4,11,1,3,1,3,3,3,1x1|1x1|1x1,1728,16,1728,15,8,True,0.00097,0.840557,0.485196
,121,11,2,34,0,1,1,1,0,34,2,6,6,6,1x1|1x1|1x8|1x8|1x8|1x8,64,1,64,0,64,True,0.00013,0.017831,0.029233
,121,11,2,34,1,1,1,1,0,34,1,4,6,6,1x1|1x1|2x8|2x8,64,3,64,16,16,True,0.000146,0.015142,0.024662
,121,11,2,34,1,38,3,1,0,34,1,4,6,6,1x1|1x1|2x8|2x8,64,3,64,16,16,True,0.000141,0.013476,0.029255
,121,11,2,35,0,1,1,1,0,35,2,8,15,15,1x1|2x1|2x1|2x3|2x3|2x3|2x3|2x3,32768,18,32768,17,256,True,0.000341,11.088895,11.208813
,121,11,2,35,0,10,2,1,0,35,2,8,15,15,1x1|2x1|2x1|2x3|2x3|2x3|2x3|2x3,32768,18,32768,17,256,True,0.000267,11.149857,10.957784
,121,11,2,35,1,1,1,1,0,35,1,8,15,15,1x1|2x1|2x1|2x3|2x3|2x3|2x3|2x3,32768,18,32768,17,256,True,0.000284,11.126383,12.601603
,121,11,2,35,1,10,2,1,0,35,1,8,15,15,1x1|2x1|2x1|2x3|2x3|2x3|2x3|2x3,32768,18,32768,17,256,True,0.000306,11.11854,11.7823
,121,11,2,35,1,38,3,1,0,35,1,8,15,15,1x1|2x1|2x1|2x3|2x3|2x3|2x3|2x3,32768,18,32768,17,256,True,0.000294,10.545624,11.340715
,121,11,2,35,1,11,4,1,0,35,1,8,15,15,1x1|2x1|2x1|2x3|2x3|2x3|2x3|2x3,32768,18,32768,17,256,True,0.000269,10.307841,11.103369
,121,11,2,35,1,39,6,1,0,35,1,8,15,15,1x1|2x1|2x1|2x3|2x3|2x3|2x3|2x3,32768,18,32768,17,256,True,0.000278,10.5623,11.023149
,121,11,2,35,1,58,12,1,0,35,1,8,15,15,1x1|2x1|2x1|2x3|2x3|2x3|2x3|2x3,32768,18,32768,17,256,True,0.000295,11.459057,11.251103
,121,11,2,37,0,1,1,1,0,37,2,7,13,13,1x1|2x3|2x3|2x3|2x3|2x3|2x3,8192,7,8192,18,128,True,0.000292,3.145304,3.353082
,121,11,2,37,0,10,2,1,0,37,2,7,13,13,1x1|2x3|2x3|2x3|2x3|2x3|2x3,8192,7,8192,18,128,True,0.000484,3.442913,3.477612
,121,11,2,37,1,1,1,1,0,37,1,13,13,13,1x1|1x3|1x3|1x3|1x3|1x3|1x3|1x3|1x3|1x3|1x3|1x3|1x3,8192,1,8192,0,8192,True,0.000222,3.976636,4.299679
,121,11,2,37,1,10,2,1,0,37,1,13,13,13,1x1|1x3|1x3|1x3|1x3|1x3|1x3|1x3|1x3|1x3|1x3|1x3|1x3,8192,1,8192,0,8192,True,0.000232,4.152996,4.296814
,121,11,2,37,1,38,3,1,0,37,1,13,13,13,1x1|1x3|1x3|1x3|1x3|1x3|1x3|1x3|1x3|1x3|1x3|1x3|1x3,8192,1,8192,0,8192,True,0.00029,4.073605,4.039031
,121,11,2,37,1,11,4,1,0,37,1,13,13,13,1x1|1x3|1x3|1x3|1x3|1x3|1x3|1x3|1x3|1x3|1x3|1x3|1x3,8192,1,8192,0,8192,True,0.000233,3.921924,3.828277
,121,11,2,37,1,39,6,1,0,37,1,13,13,13,1x1|1x3|1x3|1x3|1x3|1x3|1x3|1x3|1x3|1x3|1x3|1x3|1x3,8192,1,8192,0,8192,True,0.00021,3.835827,4.069884
,121,11,2,37,1,58,12,1,0,37,1,13,13,13,1x1|1x3|1x3|1x3|1x3|1x3|1x3|1x3|1x3|1x3|1x3|1x3|1x3,8192,1,8192,0,8192,True,0.000347,4.425871,4.166015
,121,11,2,38,0,1,1,1,0,38,2,8,14,14,1x1|1x1|2x3|2x3|2x3|2x3|2x3|2x3,16384,7,16384,18,256,True,0.000256,6.482201,6.996152
,121,11,2,38,1,1,1,1,0,38,1,8,14,14,1x1|1x1|2x3|2x3|2x3|2x3|2x3|2x3,16384,7,16384,18,256,True,0.000272,7.050634,7.279871
,121,11,2,38,1,38,3,1,0,38,1,8,14,14,1x1|1x1|2x3|2x3|2x3|2x3|2x3|2x3,16384,7,16384,18,256,True,0.000368,7.174004,7.253291
,121,11,2,39,0,1,1,1,0,39,2,6,9,9,1x1|1x6|1x6|2x1|2x6|2x6,512,6,512,13,64,True,0.000179,0.209121,0.23777
,121,11,2,39,0,10,2,1,0,39,2,6,9,9,1x1|1x6|1x6|2x1|2x6|2x6,512,6,512,13,64,True,0.000198,0.228297,0.254953
,121,11,2,39,1,1,1,1,0,39,1,6,9,9,1x1|1x1|1x1|2x6|2x6|2x6,512,4,512,18,64,True,0.000175,0.170708,0.198015
,121,11,2,39,1,10,2,1,0,39,1,6,9,9,1x1|1x1|1x1|2x6|2x6|2x6,512,4,512,18,64,True,0.000175,0.176238,0.194858
,121,11,2,39,1,11,4,1,0,39,1,6,9,9,1x1|1x1|1x1|2x6|2x6|2x6,512,4,512,18,64,True,0.000341,0.174493,0.190202
,121,11,2,41,0,1,1,1,0,41,2,3,3,3,1x1|1x20|1x20,8,1,8,0,8,True,8.5e-05,0.00272,0.100182
,121,11,2,41,0,10,2,1,0,41,2,3,3,3,1x1|1x20|1x20,8,1,8,0,8,True,8.2e-05,0.002847,0.101943
,121,11,2,41,1,1,1,1,0,41,1,2,3,3,1x1|2x20,8,2,8,20,4,True,8.7e-05,0.001571,0.101343
,121,11,2,41,1,10,2,1,0,41,1,2,3,3,1x1|2x20,8,2,8,20,4,True,8.7e-05,0.001718,0.097453
,121,11,2,41,1,38,3,1,0,41,1,2,3,3,1x1|2x20,8,2,8,20,4,True,8e-05,0.001473,0.095085
,121,11,2,41,1,11,4,1,0,41,1,2,3,3,1x1|2x20,8,2,8,20,4,True,8.5e-05,0.001557,0.108396
,121,11,2,41,1,39,6,1,0,41,1,2,3,3,1x1|2x20,8,2,8,20,4,True,0.000159,0.001563,0.110887
,121,11,2,41,1,58,12,1,0,41,1,2,3,3,1x1|2x20,8,2,8,20,4,True,0.000134,0.002645,0.117706
,121,11,2,43,0,1,1,1,0,43,2,4,7,7,1x1|2x7|2x7|2x7,128,4,128,21,16,True,0.000189,0.060716,0.07036
,121,11,2,43,0,10,2,1,0,43,2,4,7,7,1x1|2x7|2x7|2x7,128,4,128,21,16,True,0.000184,0.06167,0.07696
,121,11,2,43,1,1,1,1,0,43,1,4,7,7,1x1|2x7|2x7|2x7,128,4,128,21,16,True,0.000189,0.053976,0.066934
,121,11,2,43,1,10,2,1,0,43,1,4,7,7,1x1|2x7|2x7|2x7,128,4,128,21,16,True,0.000239,0.051744,0.074134
,121,11,2,43,1,38,3,1,0,43,1,4,7,7,1x1|2x7|2x7|2x7,128,4,128,21,16,True,0.000237,0.060238,0.066668
,121,11,2,43,1,11,4,1,0,43,1,4,7,7,1x1|2x7|2x7|2x7,128,4,128,21,16,True,0.000169,0.056197,0.077196
,121,11,2,43,1,39,6,1,0,43,1,4,7,7,1x1|2x7|2x7|2x7,128,4,128,21,16,True,0.000243,0.054679,0.067402
,121,11,2,43,1,58,12,1,0,43,1,4,7,7,1x1|2x7|2x7|2x7,128,4,128,21,16,True,0.000208,0.056177,0.068769
,121,11,2,44,0,1,1,11,1,4,2,3,4,4,1x1|1x1|2x1,20736,22,20736,21,8,True,0.006418,11.905358,10.021022
,121,11,2,44,1,1,1,11,1,4,1,4,4,4,1x1|1x1|1x1|1x1,20736,21,20736,20,16,True,0.001421,13.325855,10.687811
,121,11,2,44,1,38,3,11,1,4,1,4,4,4,1x1|1x1|1x1|1x1,20736,21,20736,20,16,True,0.001251,13.544018,10.548449
,121,11,2,46,0,1,1,1,0,46,2,4,6,6,1x1|1x1|2x11|2x11,64,3,64,22,16,True,0.00027,0.027341,0.037959
,121,11,2,46,1,1,1,1,0,46,1,6,6,6,1x1|1x1|1x11|1x11|1x11|1x11,64,1,64,0,64,True,0.000175,0.031499,0.051374
,121,11,2,46,1,38,3,1,0,46,1,6,6,6,1x1|1x1|1x11|1x11|1x11|1x11,64,1,64,0,64,True,0.000122,0.030956,0.048938
,121,11,2,47,0,1,1,1,0,47,2,2,3,3,1x1|2x23,8,2,8,23,4,True,8.2e-05,0.001766,0.079292
,121,11,2,47,0,10,2,1,0,47,2,2,3,3,1x1|2x23,8,2,8,23,4,True,0.000106,0.001748,0.073486
,121,11,2,47,1,1,1,1,0,47,1,3,3,3,1x1|1x23|1x23,8,1,8,0,8,True,8.2e-05,0.003185,0.067215
,121,11,2,47,1,10,2,1,0,47,1,3,3,3,1x1|1x23|1x23,8,1,8,0,8,True,0.000112,0.003593,0.071394
,121,11,2,47,1,38,3,1,0,47,1,3,3,3,1x1|1x23|1x23,8,1,8,0,8,True,0.000112,0.003511,0.06477
,121,11,2,47,1,11,4,1,0,47,1,3,3,3,1x1|1x23|1x23,8,1,8,0,8,True,8e-05,0.003436,0.067403
,121,11,2,47,1,39,6,1,0,47,1,3,3,3,1x1|1x23|1x23,8,1,8,0,8,True,8.6e-05,0.003415,0.06704
,121,11,2,47,1,58,12,1,0,47,1,3,3,3,1x1|1x23|1x23,8,1,8,0,8,True,0.0001,0.003366,0.069051
,121,11,2,49,0,1,1,1,0,49,2,3,5,5,1x1|2x3|2x21,32,4,32,24,8,True,0.000132,0.007055,0.017857
,121,11,2,49,0,10,2,1,0,49,2,3,5,5,1x1|2x3|2x21,32,4,32,24,8,True,0.000178,0.005566,0.01482
,121,11,2,49,1,1,1,1,0,49,1,3,5,5,1x1|2x3|2x21,32,4,32,24,8,True,0.00012,0.005551,0.01379
,121,11,2,49,1,10,2,1,0,49,1,3,5,5,1x1|2x3|2x21,32,4,32,24,8,True,0.000215,0.005324,0.013586
,121,11,2,49,1,38,3,1,0,49,1,3,5,5,1x1|2x3|2x21,32,4,32,24,8,True,0.000175,0.006974,0.013349
,121,11,2,49,1,11,4,1,0,49,1,3,5,5,1x1|2x3|2x21,32,4,32,24,8,True,0.000126,0.005425,0.015864
,121,11,2,49,1,39,6,1,0,49,1,3,5,5,1x1|2x3|2x21,32,4,32,24,8,True,0.000244,0.006983,0.017567
,121,11,2,49,1,58,12,1,0,49,1,3,5,5,1x1|2x3|2x21,32,4,32,24,8,True,0.000157,0.00645,0.01312
,121,11,2,51,0,1,1,1,0,51,2,6,9,9,1x1|1x8|1x8|2x1|2x8|2x8,512,6,512,17,64,True,0.000173,0.33611,0.369098
,121,11,2,51,0,10,2,1,0,51,2,6,9,9,1x1|1x8|1x8|2x1|2x8|2x8,512,6,512,17,64,True,0.000179,0.343894,0.349288
,121,11,2,51,1,1,1,1,0,51,1,6,9,9,1x1|1x1|1x1|2x8|2x8|2x8,512,4,512,24,64,True,0.000313,0.251639,0.302024
,121,11,2,51,1,10,2,1,0,51,1,6,9,9,1x1|1x1|1x1|2x8|2x8|2x8,512,4,512,24,64,True,0.000176,0.297249,0.28924
,121,11,2,51,1,11,4,1,0,51,1,6,9,9,1x1|1x1|1x1|2x8|2x8|2x8,512,4,512,24,64,True,0.000295,0.250326,0.279696
,121,11,2,52,0,1,1,1,0,52,2,9,12,12,1x1|1x1|1x6|1x6|1x6|1x6|2x1|2x6|2x6,4096,6,4096,13,512,True,0.000295,3.075724,3.126353
,121,11,2,52,1,1,1,1,0,52,1,8,12,12,1x1|1x1|1x1|1x1|2x6|2x6|2x6|2x6,4096,5,4096,24,256,True,0.000439,2.656147,2.673827
,121,11,2,52,1,38,3,1,0,52,1,8,12,12,1x1|1x1|1x1|1x1|2x6|2x6|2x6|2x6,4096,5,4096,24,256,True,0.000337,2.688353,2.747764
,121,11,2,53,0,1,1,1,0,53,2,3,5,5,1x1|2x13|2x13,32,3,32,26,8,True,0.000139,0.01953,0.075715
,121,11,2,53,0,10,2,1,0,53,2,3,5,5,1x1|2x13|2x13,32,3,32,26,8,True,0.00017,0.017914,0.079942
,121,11,2,53,1,1,1,1,0,53,1,5,5,5,1x1|1x13|1x13|1x13|1x13,32,1,32,0,32,True,0.000137,0.025526,0.078617
,121,11,2,53,1,10,2,1,0,53,1,5,5,5,1x1|1x13|1x13|1x13|1x13,32,1,32,0,32,True,0.00013,0.025679,0.077934
,121,11,2,53,1,38,3,1,0,53,1,5,5,5,1x1|1x13|1x13|1x13|1x13,32,1,32,0,32,True,0.000166,0.029464,0.074694
,121,11,2,53,1,11,4,1,0,53,1,5,5,5,1x1|1x13|1x13|1x13|1x13,32,1,32,0,32,True,0.00015,0.02435,0.075418
,121,11,2,53,1,39,6,1,0,53,1,5,5,5,1x1|1x13|1x13|1x13|1x13,32,1,32,0,32,True,0.000209,0.025445,0.094747
,121,11,2,53,1,58,12,1,0,53,1,5,5,5,1x1|1x13|1x13|1x13|1x13,32,1,32,0,32,True,0.000172,0.024798,0.081349
,121,11,2,54,0,1,1,1,0,54,2,8,14,14,1x1|1x1|2x1|2x1|2x3|2x3|2x9|2x9,16384,27,16384,26,256,True,0.000308,6.878521,7.106458
,121,11,2,54,1,1,1,1,0,54,1,14,14,14,1x1|1x1|1x1|1x1|1x1|1x1|1x3|1x3|1x3|1x3|1x9|1x9|1x9|1x9,16384,1,16384,0,16384,True,0.000284,9.764029,9.92658
,121,11,2,58,0,1,1,1,0,58,2,6,6,6,1x1|1x1|1x14|1x14|1x14|1x14,64,1,64,0,64,True,0.000235,0.047785,0.119526
,121,11,2,58,1,1,1,1,0,58,1,4,6,6,1x1|1x1|2x14|2x14,64,3,64,28,16,True,0.000293,0.034547,0.108058
,121,11,2,58,1,38,3,1,0,58,1,4,6,6,1x1|1x1|2x14|2x14,64,3,64,28,16,True,0.000227,0.031435,0.09105
,121,11,2,59,0,1,1,1,0,59,2,2,3,3,1x1|2x29,8,2,8,29,4,True,0.000102,0.00259,0.157115
,121,11,2,59,0,10,2,1,0,59,2,2,3,3,1x1|2x29,8,2,8,29,4,True,9.4e-05,0.002527,0.154446
,121,11,2,59,1,1,1,1,0,59,1,3,3,3,1x1|1x29|1x29,8,1,8,0,8,True,9.6e-05,0.004757,0.1589
,121,11,2,59,1,10,2,1,0,59,1,3,3,3,1x1|1x29|1x29,8,1,8,0,8,True,0.00011,0.005077,0.159972
,121,11,2,59,1,38,3,1,0,59,1,3,3,3,1x1|1x29|1x29,8,1,8,0,8,True,0.00012,0.004748,0.15515
,121,11,2,59,1,11,4,1,0,59,1,3,3,3,1x1|1x29|1x29,8,1,8,0,8,True,9.7e-05,0.004777,0.158662
,121,11,2,59,1,39,6,1,0,59,1,3,3,3,1x1|1x29|1x29,8,1,8,0,8,True,8.9e-05,0.004949,0.155771
,121,11,2,59,1,58,12,1,0,59,1,3,3,3,1x1|1x29|1x29,8,1,8,0,8,True,0.000101,0.004925,0.155208
,125,5,3,1,0,1,1,1,0,1,3,1,1,1,1x1,2,1,2,0,2,True,4.4e-05,5.6e-05,4.7e-05
,125,5,3,1,0,4,2,1,0,1,3,1,1,1,1x1,2,1,2,0,2,True,3.6e-05,4.8e-05,4.5e-05
,125,5,3,1,1,1,1,1,0,1,2,1,1,1,1x1,2,1,2,0,2,True,6e-05,5.9e-05,4.8e-05
,125,5,3,1,1,4,2,1,0,1,2,1,1,1,1x1,2,1,2,0,2,True,5.2e-05,5.2e-05,4.6e-05
,125,5,3,1,2,1,1,1,0,1,1,1,1,1,1x1,2,1,2,0,2,True,5.1e-05,5.4e-05,5.2e-05
,125,5,3,1,2,4,2,1,0,1,1,1,1,1,1x1,2,1,2,0,2,True,3.5e-05,4.5e-05,4.4e-05
,125,5,3,2,0,1,1,1,0,2,3,2,2,2,1x1|1x1,4,1,4,0,4,True,5.7e-05,9.8e-05,9.2e-05
,125,5,3,2,1,1,1,1,0,2,2,2,2,2,1x1|1x1,4,1,4,0,4,True,5e-05,9.3e-05,9.3e-05
,125,5,3,2,2,1,1,1,0,2,1,2,2,2,1x1|1x1,4,1,4,0,4,True,5.2e-05,0.00015,9.4e-05
,125,5,3,3,0,1,1,1,0,3,3,2,2,2,1x1|1x2,4,1,4,0,4,True,7.2e-05,0.000148,0.000248
,125,5,3,3,0,4,2,1,0,3,3,2,2,2,1x1|1x2,4,1,4,0,4,True,5.9e-05,0.000118,0.000232
,125,5,3,3,1,1,1,1,0,3,2,2,2,2,1x1|1x2,4,1,4,0,4,True,5.1e-05,0.000105,0.000219
,125,5,3,3,1,4,2,1,0,3,2,2,2,2,1x1|1x2,4,1,4,0,4,True,5.3e-05,0.000111,0.000277
,125,5,3,3,2,1,1,1,0,3,1,2,2,2,1x1|1x2,4,1,4,0,4,True,5.7e-05,0.000106,0.000282
,125,5,3,3,2,4,2,1,0,3,1,2,2,2,1x1|1x2,4,1,4,0,4,True,5.2e-05,0.000103,0.000222
,125,5,3,4,0,1,1,1,0,4,3,3,4,4,1x1|1x1|2x1,16,2,16,1,8,True,8.6e-05,0.000447,0.000496
,125,5,3,4,1,1,1,1,0,4,2,3,4,4,1x1|1x1|2x1,16,2,16,1,8,True,8.6e-05,0.000498,0.000469
,125,5,3,4,2,1,1,1,0,4,1,3,4,4,1x1|1x1|2x1,16,2,16,1,8,True,9.3e-05,0.00047,0.000495
,125,5,3,5,0,1,1,5,1,1,3,1,1,1,1x1,6,3,6,2,2,True,0.000129,0.000203,0.000176
,125,5,3,5,0,4,2,5,1,1,3,1,1,1,1x1,6,3,6,2,2,True,0.000103,0.000224,0.000185
,125,5,3,5,1,1,1,5,1,1,2,1,1,1,1x1,6,3,6,2,2,True,9.3e-05,0.000187,0.000204
,125,5,3,5,1,4,2,5,1,1,2,1,1,1,1x1,6,3,6,2,2,True,0.000129,0.000201,0.000227
,125,5,3,5,2,1,1,5,1,1,1,1,1,1,1x1,6,3,6,2,2,True,9.5e-05,0.000194,0.000161
,125,5,3,5,2,4,2,5,1,1,1,1,1,1,1x1,6,3,6,2,2,True,9.8e-05,0.000219,0.000179
,125,5,3,6,0,1,1,1,0,6,3,4,4,4,1x1|1x1|1x2|1x2,16,1,16,0,16,True,0.000133,0.000874,0.001158
,125,5,3,6,1,1,1,1,0,6,2,4,4,4,1x1|1x1|1x2|1x2,16,1,16,0,16,True,0.000248,0.00177,0.001881
,125,5,3,6,2,1,1,1,0,6,1,4,4,4,1x1|1x1|1x2|1x2,16,1,16,0,16,True,0.000135,0.000873,0.00126
,125,5,3,7,0,1,1,1,0,7,3,4,4,4,1x1|1x2|1x2|1x2,16,1,16,0,16,True,0.000122,0.001143,0.001782
,125,5,3,7,0,4,2,1,0,7,3,4,4,4,1x1|1x2|1x2|1x2,16,1,16,0,16,True,0.000143,0.001148,0.001814
,125,5,3,7,1,1,1,1,0,7,2,2,4,4,1x1|3x2,16,2,16,2,4,True,0.000141,0.000935,0.001657
,125,5,3,7,1,4,2,1,0,7,2,2,4,4,1x1|3x2,16,2,16,2,4,True,0.000131,0.001039,0.001598
,125,5,3,7,2,1,1,1,0,7,1,2,4,4,1x1|3x2,16,2,16,2,4,True,0.000182,0.001034,0.001681
,125,5,3,7,2,4,2,1,0,7,1,2,4,4,1x1|3x2,16,2,16,2,4,True,0.000169,0.001018,0.001661
,125,5,3,8,0,1,1,1,0,8,3,4,6,6,1x1|1x1|2x1|2x2,64,4,64,3,16,True,0.000205,0.004452,0.003514
,125,5,3,8,1,1,1,1,0,8,2,4,6,6,1x1|1x1|2x1|2x2,64,4,64,3,16,True,0.000127,0.002751,0.002864
,125,5,3,8,2,1,1,1,0,8,1,4,6,6,1x1|1x1|2x1|2x2,64,4,64,3,16,True,0.000135,0.002664,0.002765
,125,5,3,9,0,1,1,1,0,9,3,5,5,5,1x1|1x2|1x2|1x2|1x2,32,1,32,0,32,True,0.000146,0.002017,0.002424
,125,5,3,9,0,4,2,1,0,9,3,5,5,5,1x1|1x2|1x2|1x2|1x2,32,1,32,0,32,True,0.00011,0.002012,0.002489
,125,5,3,9,1,1,1,1,0,9,2,3,5,5,1x1|1x2|3x2,32,2,32,2,8,True,0.000142,0.001579,0.002164
,125,5,3,9,1,4,2,1,0,9,2,3,5,5,1x1|1x2|3x2,32,2,32,2,8,True,0.000105,0.001568,0.002151
,125,5,3,9,2,1,1,1,0,9,1,3,5,5,1x1|1x2|3x2,32,2,32,2,8,True,0.000109,0.001629,0.002065
,125,5,3,9,2,4,2,1,0,9,1,3,5,5,1x1|1x2|3x2,32,2,32,2,8,True,0.000105,0.001586,0.002078
,125,5,3,10,0,1,1,5,1,2,3,2,2,2,1x1|1x1,36,5,36,4,4,True,0.000167,0.001837,0.001521
,125,5,3,10,1,1,1,5,1,2,2,2,2,2,1x1|1x1,36,5,36,4,4,True,0.000161,0.001848,0.001486
,125,5,3,10,2,1,1,5,1,2,1,2,2,2,1x1|1x1,36,5,36,4,4,True,0.000172,0.001873,0.001564
,125,5,3,11,0,1,1,1,0,11,3,2,3,3,1x1|2x5,8,2,8,5,4,True,7.6e-05,0.000344,0.001684
,125,5,3,11,0,4,2,1,0,11,3,2,3,3,1x1|2x5,8,2,8,5,4,True,7.5e-05,0.00033,0.001623
,125,5,3,11,1,1,1,1,0,11,2,2,3,3,1x1|2x5,8,2,8,5,4,True,9.8e-05,0.000401,0.001695
,125,5,3,11,1,4,2,1,0,11,2,2,3,3,1x1|2x5,8,2,8,5,4,True,7.3e-05,0.000342,0.001736
,125,5,3,11,2,1,1,1,0,11,1,2,3,3,1x1|2x5,8,2,8,5,4,True,8.2e-05,0.000385,0.001649
,125,5,3,11,2,4,2,1,0,11,1,2,3,3,1x1|2x5,8,2,8,5,4,True,7.1e-05,0.000332,0.001632
,125,5,3,12,0,1,1,1,0,12,3,6,8,8,1x1|1x1|1x2|1x2|2x1|2x2,256,4,256,3,64,True,0.000216,0.018076,0.028157
,125,5,3,12,1,1,1,1,0,12,2,6,8,8,1x1|1x1|1x2|1x2|2x1|2x2,256,4,256,3,64,True,0.000218,0.023356,0.017739
,125,5,3,12,2,1,1,1,0,12,1,6,8,8,1x1|1x1|1x2|1x2|2x1|2x2,256,4,256,3,64,True,0.000189,0.016839,0.017594
,125,5,3,13,0,1,1,1,0,13,3,4,4,4,1x1|1x4|1x4|1x4,16,1,16,0,16,True,9.5e-05,0.001195,0.002617
,125,5,3,13,0,4,2,1,0,13,3,4,4,4,1x1|1x4|1x4|1x4,16,1,16,0,16,True,9.2e-05,0.001215,0.002509
,125,5,3,13,1,1,1,1,0,13,2,4,4,4,1x1|1x4|1x4|1x4,16,1,16,0,16,True,0.000207,0.001231,0.002676
,125,5,3,13,1,4,2,1,0,13,2,4,4,4,1x1|1x4|1x4|1x4,16,1,16,0,16,True,0.00011,0.001133,0.002612
,125,5,3,13,2,1,1,1,0,13,1,4,4,4,1x1|1x4|1x4|1x4,16,1,16,0,16,True,9.2e-05,0.001148,0.002555
,125,5,3,13,2,4,2,1,0,13,1,4,4,4,1x1|1x4|1x4|1x4,16,1,16,0,16,True,0.000136,0.001053,0.002417
,125,5,3,14,0,1,1,1,0,14,3,8,8,8,1x1|1x1|1x2|1x2|1x2|1x2|1x2|1x2,256,1,256,0,256,True,0.000155,0.033488,0.031537
,125,5,3,14,1,1,1,1,0,14,2,4,8,8,1x1|1x1|3x2|3x2,256,3,256,4,16,True,0.000196,0.022042,0.022492
,125,5,3,14,2,1,1,1,0,14,1,4,8,8,1x1|1x1|3x2|3x2,256,3,256,4,16,True,0.000154,0.022365,0.030872
,125,5,3,15,0,1,1,5,1,3,3,2,2,2,1x1|1x2,36,7,36,6,4,True,0.000328,0.00448,0.004019
,125,5,3,15,0,4,2,5,1,3,3,2,2,2,1x1|1x2,36,7,36,6,4,True,0.000176,0.002908,0.002461
,125,5,3,15,1,1,1,5,1,3,2,2,2,2,1x1|1x2,36,7,36,6,4,True,0.000308,0.002981,0.002443
,125,5,3,15,1,4,2,5,1,3,2,2,2,2,1x1|1x2,36,7,36,6,4,True,0.000326,0.003091,0.002851
,125,5,3,15,2,1,1,5,1,3,1,2,2,2,1x1|1x2,36,7,36,6,4,True,0.000179,0.002811,0.002598
,125,5,3,15,2,4,2,5,1,3,1,2,2,2,1x1|1x2,36,7,36,6,4,True,0.000202,0.003489,0.002657
,125,5,3,16,0,1,1,1,0,16,3,5,8,8,1x1|1x1|2x1|2x2|2x4,256,8,256,7,32,True,0.000272,0.020849,0.019999
,125,5,3,16,1,1,1,1,0,16,2,5,8,8,1x1|1x1|2x1|2x2|2x4,256,8,256,7,32,True,0.000156,0.021815,0.02202
,125,5,3,16,2,1,1,1,0,16,1,5,8,8,1x1|1x1|2x1|2x2|2x4,256,8,256,7,32,True,0.000163,0.019623,0.024398
,125,5,3,17,0,1,1,1,0,17,3,2,2,2,1x1|1x16,4,1,4,0,4,True,0.000113,0.000322,0.006723
,125,5,3,17,0,4,2,1,0,17,3,2,2,2,1x1|1x16,4,1,4,0,4,True,6.6e-05,0.000247,0.008425
,125,5,3,17,1,1,1,1,0,17,2,2,2,2,1x1|1x16,4,1,4,0,4,True,6.2e-05,0.000205,0.006296
,125,5,3,17,1,4,2,1,0,17,2,2,2,2,1x1|1x16,4,1,4,0,4,True,0.000125,0.000349,0.005999
,125,5,3,17,2,1,1,1,0,17,1,2,2,2,1x1|1x16,4,1,4,0,4,True,5.8e-05,0.000201,0.004966
,125,5,3,17,2,4,2,1,0,17,1,2,2,2,1x1|1x16,4,1,4,0,4,True,9.8e-05,0.000213,0.00561
,125,5,3,18,0,1,1,1,0,18,3,10,10,10,1x1|1x1|1x2|1x2|1x2|1x2|1x2|1x2|1x2|1x2,1024,1,1024,0,1024,True,0.000208,0.156038,0.173753
,125,5,3,18,1,1,1,1,0,18,2,6,10,10,1x1|1x1|1x2|1x2|3x2|3x2,1024,3,1024,4,64,True,0.000214,0.14331,0.154192
,125,5,3,18,2,1,1,1,0,18,1,6,10,10,1x1|1x1|1x2|1x2|3x2|3x2,1024,3,1024,4,64,True,0.000215,0.129535,0.152176
,125,5,3,19,0,1,1,1,0,19,3,4,7,7,1x1|2x3|2x3|2x3,128,4,128,9,16,True,0.000143,0.016707,0.019404
,125,5,3,19,0,4,2,1,0,19,3,4,7,7,1x1|2x3|2x3|2x3,128,4,128,9,16,True,0.000147,0.017846,0.020986
,125,5,3,19,1,1,1,1,0,19,2,2,7,7,1x1|6x3,128,4,128,9,4,True,0.000225,0.01726,0.022316
,125,5,3,19,1,4,2,1,0,19,2,2,7,7,1x1|6x3,128,4,128,9,4,True,0.00032,0.01901,0.022227
,125,5,3,19,2,1,1,1,0,19,1,2,7,7,1x1|6x3,128,4,128,9,4,True,0.000173,0.016567,0.019901
,125,5,3,19,2,4,2,1,0,19,1,2,7,7,1x1|6x3,128,4,128,9,4,True,0.00017,0.01644,0.020808
,125,5,3,20,0,1,1,5,1,4,3,3,4,4,1x1|1x1|2x1,1296,10,1296,9,8,True,0.000628,0.166116,0.144246
,125,5,3,20,1,1,1,5,1,4,2,3,4,4,1x1|1x1|2x1,1296,10,1296,9,8,True,0.001448,0.18497,0.158916
,125,5,3,20,2,1,1,5,1,4,1,3,4,4,1x1|1x1|2x1,1296,10,1296,9,8,True,0.000625,0.187745,0.149695
,125,5,3,21,0,1,1,1,0,21,3,11,11,11,1x1|1x2|1x2|1x2|1x2|1x2|1x2|1x2|1x2|1x2|1x2,2048,1,2048,0,2048,True,0.000365,0.462909,0.46261
,125,5,3,21,0,4,2,1,0,21,3,11,11,11,1x1|1x2|1x2|1x2|1x2|1x2|1x2|1x2|1x2|1x2|1x2,2048,1,2048,0,2048,True,0.000289,0.444544,0.466124
,125,5,3,21,1,1,1,1,0,21,2,5,11,11,1x1|1x2|3x2|3x2|3x2,2048,4,2048,6,32,True,0.000216,0.38151,0.383492
,125,5,3,21,1,4,2,1,0,21,2,5,11,11,1x1|1x2|3x2|3x2|3x2,2048,4,2048,6,32,True,0.000296,0.384793,0.39976
,125,5,3,21,2,1,1,1,0,21,1,5,11,11,1x1|1x2|3x2|3x2|3x2,2048,4,2048,6,32,True,0.000221,0.34254,0.361226
,125,5,3,21,2,4,2,1,0,21,1,5,11,11,1x1|1x2|3x2|3x2|3x2,2048,4,2048,6,32,True,0.000222,0.343249,0.374898
,125,5,3,22,0,1,1,1,0,22,3,4,6,6,1x1|1x1|2x5|2x5,64,3,64,10,16,True,0.000129,0.007075,0.011033
,125,5,3,22,1,1,1,1,0,22,2,4,6,6,1x1|1x1|2x5|2x5,64,3,64,10,16,True,0.000152,0.006955,0.009752
,125,5,3,22,2,1,1,1,0,22,1,4,6,6,1x1|1x1|2x5|2x5,64,3,64,10,16,True,0.000129,0.007243,0.010047
,125,5,3,23,0,1,1,1,0,23,3,2,2,2,1x1|1x22,4,1,4,0,4,True,5.8e-05,0.000269,0.003076
,125,5,3,23,0,4,2,1,0,23,3,2,2,2,1x1|1x22,4,1,4,0,4,True,6.6e-05,0.000286,0.003047
,125,5,3,23,1,1,1,1,0,23,2,2,2,2,1x1|1x22,4,1,4,0,4,True,7.2e-05,0.000243,0.003113
,125,5,3,23,1,4,2,1,0,23,2,2,2,2,1x1|1x22,4,1,4,0,4,True,5.7e-05,0.000249,0.002966
,125,5,3,23,2,1,1,1,0,23,1,2,2,2,1x1|1x22,4,1,4,0,4,True,5.3e-05,0.000281,0.002907
,125,5,3,23,2,4,2,1,0,23,1,2,2,2,1x1|1x22,4,1,4,0,4,True,0.000111,0.000299,0.002965
,125,5,3,24,0,1,1,1,0,24,3,9,14,14,1x1|1x1|1x2|1x2|2x1|2x2|2x2|2x2|2x2,16384,10,16384,9,512,True,0.000259,2.811598,3.027797
,125,5,3,24,1,1,1,1,0,24,2,9,14,14,1x1|1x1|1x2|1x2|2x1|2x2|2x2|2x2|2x2,16384,10,16384,9,512,True,0.000265,2.765396,3.0296
,125,5,3,24,2,1,1,1,0,24,1,9,14,14,1x1|1x1|1x2|1x2|2x1|2x2|2x2|2x2|2x2,16384,10,16384,9,512,True,0.000281,2.960599,3.566551
,125,5,3,25,0,1,1,25,2,1,3,1,1,1,1x1,26,13,26,12,2,True,0.002419,0.004318,0.003195
,125,5,3,25,0,4,2,25,2,1,3,1,1,1,1x1,26,13,26,12,2,True,0.003732,0.00539,0.003466
,125,5,3,25,1,1,1,25,2,1,2,1,1,1,1x1,26,13,26,12,2,True,0.002634,0.004879,0.003112
,125,5,3,25,1,4,2,25,2,1,2,1,1,1,1x1,26,13,26,12,2,True,0.002058,0.005015,0.003135
,125,5,3,25,2,1,1,25,2,1,1,1,1,1,1x1,26,13,26,12,2,True,0.00238,0.005331,0.003153
,125,5,3,25,2,4,2,25,2,1,1,1,1,1,1x1,26,13,26,12,2,True,0.002144,0.004597,0.002793
,125,5,3,26,0,1,1,1,0,26,3,8,8,8,1x1|1x1|1x4|1x4|1x4|1x4|1x4|1x4,256,1,256,0,256,True,0.000185,0.051972,0.058302
,125,5,3,26,1,1,1,1,0,26,2,8,8,8,1x1|1x1|1x4|1x4|1x4|1x4|1x4|1x4,256,1,256,0,256,True,0.000177,0.073831,0.056598
,125,5,3,26,2,1,1,1,0,26,1,8,8,8,1x1|1x1|1x4|1x4|1x4|1x4|1x4|1x4,256,1,256,0,256,True,0.000256,0.054693,0.069568
,125,5,3,27,0,1,1,1,0,27,3,8,8,8,1x1|1x2|1x2|1x2|1x2|1x6|1x6|1x6,256,1,256,0,256,True,0.00018,0.065854,0.062554
,125,5,3,27,0,4,2,1,0,27,3,8,8,8,1x1|1x2|1x2|1x2|1x2|1x6|1x6|1x6,256,1,256,0,256,True,0.000164,0.073231,0.078949
,125,5,3,27,1,1,1,1,0,27,2,4,8,8,1x1|1x2|3x2|3x6,256,4,256,8,16,True,0.000213,0.051718,0.06563
,125,5,3,27,1,4,2,1,0,27,2,4,8,8,1x1|1x2|3x2|3x6,256,4,256,8,16,True,0.00033,0.050356,0.058368
,125,5,3,27,2,1,1,1,0,27,1,4,8,8,1x1|1x2|3x2|3x6,256,4,256,8,16,True,0.000211,0.049374,0.054882
,125,5,3,27,2,4,2,1,0,27,1,4,8,8,1x1|1x2|3x2|3x6,256,4,256,8,16,True,0.000318,0.053147,0.050831
,125,5,3,28,0,1,1,1,0,28,3,12,16,16,1x1|1x1|1x2|1x2|1x2|1x2|1x2|1x2|2x1|2x2|2x2|2x2,65536,8,65536,7,4096,True,0.000365,21.933419,20.526622
,125,5,3,28,1,1,1,1,0,28,2,6,16,16,1x1|1x1|2x1|3x2|3x2|6x2,65536,12,65536,11,64,True,0.000377,17.990725,19.268811
,125,5,3,28,2,1,1,1,0,28,1,6,16,16,1x1|1x1|2x1|3x2|3x2|6x2,65536,12,65536,11,64,True,0.000325,17.510939,18.126376
,125,5,3,29,0,1,1,1,0,29,3,3,3,3,1x1|1x14|1x14,8,1,8,0,8,True,7.6e-05,0.001233,0.022431
,125,5,3,29,0,4,2,1,0,29,3,3,3,3,1x1|1x14|1x14,8,1,8,0,8,True,7.1e-05,0.001196,0.021344
,125,5,3,29,1,1,1,1,0,29,2,3,3,3,1x1|1x14|1x14,8,1,8,0,8,True,6.8e-05,0.001236,0.023365
,125,5,3,29,1,4,2,1,0,29,2,3,3,3,1x1|1x14|1x14,8,1,8,0,8,True,7.6e-05,0.001266,0.022803
,125,5,3,29,2,1,1,1,0,29,1,3,3,3,1x1|1x14|1x14,8,1,8,0,8,True,9.4e-05,0.001232,0.023098
,125,5,3,29,2,4,2,1,0,29,1,3,3,3,1x1|1x14|1x14,8,1,8,0,8,True,7e-05,0.00129,0.023271
,125,5,3,30,0,1,1,5,1,6,3,4,4,4,1x1|1x1|1x2|1x2,1296,13,1296,12,16,True,0.000345,0.278361,0.229297
,125,5,3,30,1,1,1,5,1,6,2,4,4,4,1x1|1x1|1x2|1x2,1296,13,1296,12,16,True,0.000352,0.273141,0.243933
,125,5,3,30,2,1,1,5,1,6,1,4,4,4,1x1|1x1|1x2|1x2,1296,13,1296,12,16,True,0.000361,0.272521,0.226528
,125,5,3,32,0,1,1,1,0,32,3,6,10,10,1x1|1x1|2x1|2x2|2x4|2x8,1024,16,1024,15,64,True,0.000185,0.135062,0.139006
,125,5,3,32,1,1,1,1,0,32,2,6,10,10,1x1|1x1|2x1|2x2|2x4|2x8,1024,16,1024,15,64,True,0.000188,0.128611,0.240371
,125,5,3,32,2,1,1,1,0,32,1,6,10,10,1x1|1x1|2x1|2x2|2x4|2x8,1024,16,1024,15,64,True,0.000382,0.173374,0.145398
,125,5,3,33,0,1,1,1,0,33,3,4,6,6,1x1|1x2|2x5|2x10,64,4,64,15,16,True,0.000197,0.011813,0.022727
,125,5,3,33,0,4,2,1,0,33,3,4,6,6,1x1|1x2|2x5|2x10,64,4,64,15,16,True,0.000138,0.011283,0.024132
,125,5,3,33,1,1,1,1,0,33,2,4,6,6,1x1|1x2|2x5|2x10,64,4,64,15,16,True,0.000187,0.011697,0.023241
,125,5,3,33,1,4,2,1,0,33,2,4,6,6,1x1|1x2|2x5|2x10,64,4,64,15,16,True,0.00018,0.011334,0.022798
,125,5,3,33,2,1,1,1,0,33,1,4,6,6,1x1|1x2|2x5|2x10,64,4,64,15,16,True,0.000123,0.011288,0.02257
,125,5,3,33,2,4,2,1,0,33,1,4,6,6,1x1|1x2|2x5|2x10,64,4,64,15,16,True,0.000129,0.010853,0.023404
,125,5,3,34,0,1,1,1,0,34,3,4,4,4,1x1|1x1|1x16|1x16,16,1,16,0,16,True,9.8e-05,0.002149,0.011681
,125,5,3,34,1,1,1,1,0,34,2,4,4,4,1x1|1x1|1x16|1x16,16,1,16,0,16,True,9.8e-05,0.002069,0.011534
,125,5,3,34,2,1,1,1,0,34,1,4,4,4,1x1|1x1|1x16|1x16,16,1,16,0,16,True,0.000189,0.003098,0.01827
,125,5,3,35,0,1,1,5,1,7,3,4,4,4,1x1|1x2|1x2|1x2,1296,15,1296,14,16,True,0.000821,0.457199,0.392437
,125,5,3,35,0,4,2,5,1,7,3,4,4,4,1x1|1x2|1x2|1x2,1296,15,1296,14,16,True,0.000382,0.456618,0.397839
,125,5,3,35,1,1,1,5,1,7,2,2,4,4,1x1|3x2,1296,17,1296,16,4,True,0.001045,0.401589,0.33703
,125,5,3,35,1,4,2,5,1,7,2,2,4,4,1x1|3x2,1296,17,1296,16,4,True,0.001067,0.400069,0.366107
,125,5,3,35,2,1,1,5,1,7,1,2,4,4,1x1|3x2,1296,17,1296,16,4,True,0.001164,0.436432,0.364915
,125,5,3,35,2,4,2,5,1,7,1,2,4,4,1x1|3x2,1296,17,1296,16,4,True,0.001076,0.446692,0.3562
,125,5,3,37,0,1,1,1,0,37,3,4,4,4,1x1|1x12|1x12|1x12,16,1,16,0,16,True,0.000156,0.005826,0.048414
,125,5,3,37,0,4,2,1,0,37,3,4,4,4,1x1|1x12|1x12|1x12,16,1,16,0,16,True,0.00012,0.006059,0.050161
,125,5,3,37,1,1,1,1,0,37,2,2,4,4,1x1|3x12,16,2,16,12,4,True,0.000129,0.004421,0.04808
,125,5,3,37,1,4,2,1,0,37,2,2,4,4,1x1|3x12,16,2,16,12,4,True,0.000118,0.004213,0.046903
,125,5,3,37,2,1,1,1,0,37,1,2,4,4,1x1|3x12,16,2,16,12,4,True,0.000112,0.004524,0.049492
,125,5,3,37,2,4,2,1,0,37,1,2,4,4,1x1|3x12,16,2,16,12,4,True,0.000114,0.004375,0.047086
,125,5,3,38,0,1,1,1,0,38,3,8,14,14,1x1|1x1|2x3|2x3|2x3|2x3|2x3|2x3,16384,7,16384,18,256,True,0.00031,7.520587,7.540062
,125,5,3,38,1,1,1,1,0,38,2,4,14,14,1x1|1x1|6x3|6x3,16384,7,16384,18,16,True,0.000408,7.060569,7.004366
,125,5,3,38,2,1,1,1,0,38,1,4,14,14,1x1|1x1|6x3|6x3,16384,7,16384,18,16,True,0.000317,7.165939,7.753817
,125,5,3,39,0,1,1,1,0,39,3,8,11,11,1x1|1x2|1x4|1x4|1x4|2x4|2x4|2x4,2048,4,2048,12,256,True,0.000368,0.873786,0.814791
,125,5,3,39,0,4,2,1,0,39,3,8,11,11,1x1|1x2|1x4|1x4|1x4|2x4|2x4|2x4,2048,4,2048,12,256,True,0.000235,0.776186,0.777616
,125,5,3,39,1,1,1,1,0,39,2,8,11,11,1x1|1x2|1x4|1x4|1x4|2x4|2x4|2x4,2048,4,2048,12,256,True,0.000253,0.743349,0.785983
,125,5,3,39,1,4,2,1,0,39,2,8,11,11,1x1|1x2|1x4|1x4|1x4|2x4|2x4|2x4,2048,4,2048,12,256,True,0.000213,0.747497,0.728
,125,5,3,39,2,1,1,1,0,39,1,8,11,11,1x1|1x2|1x4|1x4|1x4|2x4|2x4|2x4,2048,4,2048,12,256,True,0.000246,0.700441,0.723575
,125,5,3,39,2,4,2,1,0,39,1,8,11,11,1x1|1x2|1x4|1x4|1x4|2x4|2x4|2x4,2048,4,2048,12,256,True,0.000218,0.684788,0.690197
,125,5,3,40,0,1,1,5,1,8,3,4,6,6,1x1|1x1|2x1|2x2,46656,20,46656,19,16,True,0.001118,15.050312,13.138185
,125,5,3,40,1,1,1,5,1,8,2,4,6,6,1x1|1x1|2x1|2x2,46656,20,46656,19,16,True,0.00111,14.625605,13.18067
,125,5,3,40,2,1,1,5,1,8,1,4,6,6,1x1|1x1|2x1|2x2,46656,20,46656,19,16,True,0.001119,14.353879,12.608544
,125,5,3,41,0,1,1,1,0,41,3,3,3,3,1x1|1x20|1x20,8,1,8,0,8,True,0.000123,0.003137,0.072793
,125,5,3,41,0,4,2,1,0,41,3,3,3,3,1x1|1x20|1x20,8,1,8,0,8,True,0.000102,0.002119,0.062996
,125,5,3,41,1,1,1,1,0,41,2,3,3,3,1x1|1x20|1x20,8,1,8,0,8,True,0.00011,0.002274,0.068857
,125,5,3,41,1,4,2,1,0,41,2,3,3,3,1x1|1x20|1x20,8,1,8,0,8,True,0.000121,0.002014,0.065359
,125,5,3,41,2,1,1,1,0,41,1,3,3,3,1x1|1x20|1x20,8,1,8,0,8,True,8.3e-05,0.002004,0.069084
,125,5,3,41,2,4,2,1,0,41,1,3,3,3,1x1|1x20|1x20,8,1,8,0,8,True,8.7e-05,0.002124,0.062693
,125,5,3,43,0,1,1,1,0,43,3,4,4,4,1x1|1x14|1x14|1x14,16,1,16,0,16,True,0.000108,0.007266,0.061823
,125,5,3,43,0,4,2,1,0,43,3,4,4,4,1x1|1x14|1x14|1x14,16,1,16,0,16,True,0.000172,0.010588,0.063289
,125,5,3,43,1,1,1,1,0,43,2,2,4,4,1x1|3x14,16,2,16,14,4,True,0.000101,0.005197,0.063207
,125,5,3,43,1,4,2,1,0,43,2,2,4,4,1x1|3x14,16,2,16,14,4,True,9.5e-05,0.005316,0.063595
,125,5,3,43,2,1,1,1,0,43,1,2,4,4,1x1|3x14,16,2,16,14,4,True,0.000119,0.005765,0.069356
,125,5,3,43,2,4,2,1,0,43,1,2,4,4,1x1|3x14,16,2,16,14,4,True,9e-05,0.005448,0.062013
,125,5,3,44,0,1,1,1,0,44,3,7,12,12,1x1|1x1|2x1|2x5|2x5|2x5|2x5,4096,10,4096,21,128,True,0.000332,1.471001,1.541744
,125,5,3,44,1,1,1,1,0,44,2,7,12,12,1x1|1x1|2x1|2x5|2x5|2x5|2x5,4096,10,4096,21,128,True,0.000235,1.466408,1.552725
,125,5,3,44,2,1,1,1,0,44,1,7,12,12,1x1|1x1|2x1|2x5|2x5|2x5|2x5,4096,10,4096,21,128,True,0.000195,1.344915,1.445746
,125,5,3,45,0,1,1,5,1,9,3,5,5,5,1x1|1x2|1x2|1x2|1x2,7776,19,7776,18,32,True,0.000388,4.043951,3.538707
,125,5,3,45,0,4,2,5,1,9,3,5,5,5,1x1|1x2|1x2|1x2|1x2,7776,19,7776,18,32,True,0.000392,4.473283,3.852961
,125,5,3,45,1,1,1,5,1,9,2,3,5,5,1x1|1x2|3x2,7776,21,7776,20,8,True,0.001072,4.026382,3.545368
,125,5,3,45,1,4,2,5,1,9,2,3,5,5,1x1|1x2|3x2,7776,21,7776,20,8,True,0.001302,3.869045,3.369957
,125,5,3,45,2,1,1,5,1,9,1,3,5,5,1x1|1x2|3x2,7776,21,7776,20,8,True,0.001089,3.817096,3.486249
,125,5,3,45,2,4,2,5,1,9,1,3,5,5,1x1|1x2|3x2,7776,21,7776,20,8,True,0.001039,3.965641,3.327803
,125,5,3,46,0,1,1,1,0,46,3,4,4,4,1x1|1x1|1x22|1x22,16,1,16,0,16,True,8.8e-05,0.002553,0.007391
,125,5,3,46,1,1,1,1,0,46,2,4,4,4,1x1|1x1|1x22|1x22,16,1,16,0,16,True,8.8e-05,0.00275,0.00787
,125,5,3,46,2,1,1,1,0,46,1,4,4,4,1x1|1x1|1x22|1x22,16,1,16,0,16,True,9.9e-05,0.00269,0.007538
,125,5,3,47,0,1,1,1,0,47,3,2,2,2,1x1|1x46,4,1,4,0,4,True,7.3e-05,0.0004,0.009983
,125,5,3,47,0,4,2,1,0,47,3,2,2,2,1x1|1x46,4,1,4,0,4,True,5.8e-05,0.00042,0.010159
,125,5,3,47,1,1,1,1,0,47,2,2,2,2,1x1|1x46,4,1,4,0,4,True,5.6e-05,0.000333,0.009668
,125,5,3,47,1,4,2,1,0,47,2,2,2,2,1x1|1x46,4,1,4,0,4,True,4.9e-05,0.000329,0.009956
,125,5,3,47,2,1,1,1,0,47,1,2,2,2,1x1|1x46,4,1,4,0,4,True,5.9e-05,0.000383,0.010723
,125,5,3,47,2,4,2,1,0,47,1,2,2,2,1x1|1x46,4,1,4,0,4,True,5.4e-05,0.000369,0.009892
,125,5,3,49,0,1,1,1,0,49,3,7,7,7,1x1|1x2|1x2|1x2|1x14|1x14|1x14,128,1,128,0,128,True,0.000165,0.043194,0.049725
,125,5,3,49,0,4,2,1,0,49,3,7,7,7,1x1|1x2|1x2|1x2|1x14|1x14|1x14,128,1,128,0,128,True,0.000136,0.042362,0.046683
,125,5,3,49,1,1,1,1,0,49,2,3,7,7,1x1|3x2|3x14,128,4,128,16,8,True,0.000137,0.028185,0.035049
,125,5,3,49,1,4,2,1,0,49,2,3,7,7,1x1|3x2|3x14,128,4,128,16,8,True,0.00014,0.028987,0.035309
,125,5,3,49,2,1,1,1,0,49,1,3,7,7,1x1|3x2|3x14,128,4,128,16,8,True,0.000126,0.028198,0.035883
,125,5,3,49,2,4,2,1,0,49,1,3,7,7,1x1|3x2|3x14,128,4,128,16,8,True,0.000131,0.028008,0.036165
,125,5,3,50,0,1,1,25,2,2,3,2,2,2,1x1|1x1,676,25,676,24,4,True,0.003057,0.284629,0.186868
,125,5,3,50,1,1,1,25,2,2,2,2,2,2,1x1|1x1,676,25,676,24,4,True,0.002678,0.268221,0.18326
,125,5,3,50,2,1,1,25,2,2,1,2,2,2,1x1|1x1,676,25,676,24,4,True,0.002725,0.278736,0.193031
,125,5,3,51,0,1,1,1,0,51,3,4,5,5,1x1|1x2|1x16|2x16,32,2,32,16,16,True,0.000129,0.009604,0.038756
,125,5,3,51,0,4,2,1,0,51,3,4,5,5,1x1|1x2|1x16|2x16,32,2,32,16,16,True,0.000134,0.009599,0.037828
,125,5,3,51,1,1,1,1,0,51,2,4,5,5,1x1|1x2|1x16|2x16,32,2,32,16,16,True,0.000119,0.009397,0.036575
,125,5,3,51,1,4,2,1,0,51,2,4,5,5,1x1|1x2|1x16|2x16,32,2,32,16,16,True,0.000114,0.009109,0.035781
,125,5,3,51,2,1,1,1,0,51,1,4,5,5,1x1|1x2|1x16|2x16,32,2,32,16,16,True,0.000116,0.00912,0.036296
,125,5,3,51,2,4,2,1,0,51,1,4,5,5,1x1|1x2|1x16|2x16,32,2,32,16,16,True,0.000109,0.009126,0.036648
,125,5,3,52,0,1,1,1,0,52,3,12,16,16,1x1|1x1|1x4|1x4|1x4|1x4|1x4|1x4|2x1|2x4|2x4|2x4,65536,8,65536,13,4096,True,0.000283,38.260506,39.370218
,125,5,3,52,1,1,1,1,0,52,2,12,16,16,1x1|1x1|1x4|1x4|1x4|1x4|1x4|1x4|2x1|2x4|2x4|2x4,65536,8,65536,13,4096,True,0.000291,41.151896,40.813179
,125,5,3,52,2,1,1,1,0,52,1,12,16,16,1x1|1x1|1x4|1x4|1x4|1x4|1x4|1x4|2x1|2x4|2x4|2x4,65536,8,65536,13,4096,True,0.000319,37.933157,39.955472
,125,5,3,53,0,1,1,1,0,53,3,2,2,2,1x1|1x52,4,1,4,0,4,True,8.4e-05,0.000482,0.034091
,125,5,3,53,0,4,2,1,0,53,3,2,2,2,1x1|1x52,4,1,4,0,4,True,0.000123,0.000424,0.031157
,125,5,3,53,1,1,1,1,0,53,2,2,2,2,1x1|1x52,4,1,4,0,4,True,6.7e-05,0.0004,0.032713
,125,5,3,53,1,4,2,1,0,53,2,2,2,2,1x1|1x52,4,1,4,0,4,True,5.8e-05,0.000471,0.034003
,125,5,3,53,2,1,1,1,0,53,1,2,2,2,1x1|1x52,4,1,4,0,4,True,8e-05,0.000442,0.036505
,125,5,3,53,2,4,2,1,0,53,1,2,2,2,1x1|1x52,4,1,4,0,4,True,6.3e-05,0.000401,0.032855
,125,5,3,54,0,1,1,1,0,54,3,16,16,16,1x1|1x1|1x2|1x2|1x2|1x2|1x2|1x2|1x2|1x2|1x6|1x6|1x6|1x6|1x6|1x6,65536,1,65536,0,65536,True,0.000294,53.004909,56.755034
,125,5,3,54,1,1,1,1,0,54,2,8,16,16,1x1|1x1|1x2|1x2|3x2|3x2|3x6|3x6,65536,9,65536,16,256,True,0.000292,44.891172,47.63602
,125,5,3,54,2,1,1,1,0,54,1,8,16,16,1x1|1x1|1x2|1x2|3x2|3x2|3x6|3x6,65536,9,65536,16,256,True,0.000392,46.481183,50.030892
,125,5,3,55,0,1,1,5,1,11,3,2,3,3,1x1|2x5,216,18,216,27,4,True,0.00064,0.100689,0.077338
,125,5,3,55,0,4,2,5,1,11,3,2,3,3,1x1|2x5,216,18,216,27,4,True,0.000576,0.092426,0.076294
,125,5,3,55,1,1,1,5,1,11,2,2,3,3,1x1|2x5,216,18,216,27,4,True,0.000623,0.094769,0.086558
,125,5,3,55,1,4,2,5,1,11,2,2,3,3,1x1|2x5,216,18,216,27,4,True,0.000695,0.099306,0.084803
,125,5,3,55,2,1,1,5,1,11,1,2,3,3,1x1|2x5,216,18,216,27,4,True,0.000667,0.107335,0.08135
,125,5,3,55,2,4,2,5,1,11,1,2,3,3,1x1|2x5,216,18,216,27,4,True,0.001118,0.111501,0.087893
,125,5,3,57,0,1,1,1,0,57,3,8,14,14,1x1|1x2|2x3|2x3|2x3|2x6|2x6|2x6,16384,10,16384,27,256,True,0.000282,14.253517,14.939984
,125,5,3,57,0,4,2,1,0,57,3,8,14,14,1x1|1x2|2x3|2x3|2x3|2x6|2x6|2x6,16384,10,16384,27,256,True,0.000285,14.094723,14.803448
,125,5,3,57,1,1,1,1,0,57,2,4,14,14,1x1|1x2|6x3|6x6,16384,10,16384,27,16,True,0.000411,13.527277,14.362982
,125,5,3,57,1,4,2,1,0,57,2,4,14,14,1x1|1x2|6x3|6x6,16384,10,16384,27,16,True,0.000517,14.554304,14.075822
,125,5,3,57,2,1,1,1,0,57,1,4,14,14,1x1|1x2|6x3|6x6,16384,10,16384,27,16,True,0.000368,14.767356,14.062988
,125,5,3,57,2,4,2,1,0,57,1,4,14,14,1x1|1x2|6x3|6x6,16384,10,16384,27,16,True,0.000334,14.578931,14.704082
,125,5,3,58,0,1,1,1,0,58,3,6,6,6,1x1|1x1|1x14|1x14|1x14|1x14,64,1,64,0,64,True,0.000148,0.036488,0.086462
,125,5,3,58,1,1,1,1,0,58,2,6,6,6,1x1|1x1|1x14|1x14|1x14|1x14,64,1,64,0,64,True,0.000118,0.03506,0.079468
,125,5,3,58,2,1,1,1,0,58,1,6,6,6,1x1|1x1|1x14|1x14|1x14|1x14,64,1,64,0,64,True,0.000141,0.032897,0.083442
,125,5,3,59,0,1,1,1,0,59,3,2,3,3,1x1|2x29,8,2,8,29,4,True,8.8e-05,0.002079,0.117326
,125,5,3,59,0,4,2,1,0,59,3,2,3,3,1x1|2x29,8,2,8,29,4,True,8e-05,0.001938,0.107982
,125,5,3,59,1,1,1,1,0,59,2,2,3,3,1x1|2x29,8,2,8,29,4,True,7.5e-05,0.00195,0.108149
,125,5,3,59,1,4,2,1,0,59,2,2,3,3,1x1|2x29,8,2,8,29,4,True,8.9e-05,0.002204,0.117768
,125,5,3,59,2,1,1,1,0,59,1,2,3,3,1x1|2x29,8,2,8,29,4,True,0.000121,0.002159,0.114557
,125,5,3,59,2,4,2,1,0,59,1,2,3,3,1x1|2x29,8,2,8,29,4,True,7.8e-05,0.001892,0.11288
,128,2,7,1,0,1,1,1,0,1,7,1,1,1,1x1,2,1,2,0,2,True,5.8e-05,6.7e-05,6.8e-05
,128,2,7,1,1,1,1,1,0,1,6,1,1,1,1x1,2,1,2,0,2,True,4.9e-05,6.6e-05,4.8e-05
,128,2,7,1,2,1,1,1,0,1,5,1,1,1,1x1,2,1,2,0,2,True,6.2e-05,7.2e-05,6.2e-05
,128,2,7,1,3,1,1,1,0,1,4,1,1,1,1x1,2,1,2,0,2,True,5.5e-05,5.7e-05,4.8e-05
,128,2,7,1,4,1,1,1,0,1,3,1,1,1,1x1,2,1,2,0,2,True,5.2e-05,5.6e-05,4.8e-05
,128,2,7,1,5,1,1,1,0,1,2,1,1,1,1x1,2,1,2,0,2,True,3.9e-05,5e-05,4.5e-05
,128,2,7,1,6,1,1,1,0,1,1,1,1,1,1x1,2,1,2,0,2,True,5.3e-05,5.5e-05,5.7e-05
,128,2,7,2,0,1,1,2,1,1,7,1,1,1,1x1,3,2,3,1,2,True,6.8e-05,8.6e-05,7.3e-05
,128,2,7,2,1,1,1,2,1,1,6,1,1,1,1x1,3,2,3,1,2,True,4.8e-05,0.000105,7e-05
,128,2,7,2,2,1,1,2,1,1,5,1,1,1,1x1,3,2,3,1,2,True,5e-05,7.1e-05,6.7e-05
,128,2,7,2,3,1,1,2,1,1,4,1,1,1,1x1,3,2,3,1,2,True,0.000104,9.7e-05,7.1e-05
,128,2,7,2,4,1,1,2,1,1,3,1,1,1,1x1,3,2,3,1,2,True,7.2e-05,0.000101,6.8e-05
,128,2,7,2,5,1,1,2,1,1,2,1,1,1,1x1,3,2,3,1,2,True,4.7e-05,7e-05,6.4e-05
,128,2,7,2,6,1,1,2,1,1,1,1,1,1,1x1,3,2,3,1,2,True,4.6e-05,0.000101,6.8e-05
,128,2,7,3,0,1,1,1,0,3,7,2,2,2,1x1|1x2,4,1,4,0,4,True,9.4e-05,0.000149,0.000229
,128,2,7,3,1,1,1,1,0,3,6,2,2,2,1x1|1x2,4,1,4,0,4,True,7.6e-05,0.000135,0.000238
,128,2,7,3,2,1,1,1,0,3,5,2,2,2,1x1|1x2,4,1,4,0,4,True,5.4e-05,0.000106,0.000197
,128,2,7,3,3,1,1,1,0,3,4,2,2,2,1x1|1x2,4,1,4,0,4,True,8e-05,0.000148,0.000223
,128,2,7,3,4,1,1,1,0,3,3,2,2,2,1x1|1x2,4,1,4,0,4,True,8.7e-05,0.000171,0.000284
,128,2,7,3,5,1,1,1,0,3,2,2,2,2,1x1|1x2,4,1,4,0,4,True,7.1e-05,0.000137,0.000275
,128,2,7,3,6,1,1,1,0,3,1,2,2,2,1x1|1x2,4,1,4,0,4,True,7.4e-05,0.000137,0.000302
,128,2,7,4,0,1,1,4,2,1,7,1,1,1,1x1,5,3,5,2,2,True,0.000112,0.000174,0.000128
,128,2,7,4,1,1,1,4,2,1,6,1,1,1,1x1,5,3,5,2,2,True,0.000127,0.000166,0.000122
,128,2,7,4,2,1,1,4,2,1,5,1,1,1,1x1,5,3,5,2,2,True,0.000135,0.000146,0.00012
,128,2,7,4,3,1,1,4,2,1,4,1,1,1,1x1,5,3,5,2,2,True,0.000126,0.00018,0.000123
,128,2,7,4,4,1,1,4,2,1,3,1,1,1,1x1,5,3,5,2,2,True,0.000107,0.000145,0.000118
,128,2,7,4,5,1,1,4,2,1,2,1,1,1,1x1,5,3,5,2,2,True,7.1e-05,0.000151,0.00014
,128,2,7,4,6,1,1,4,2,1,1,1,1,1,1x1,5,3,5,2,2,True,0.000126,0.000176,0.000134
,128,2,7,5,0,1,1,1,0,5,7,2,2,2,1x1|1x4,4,1,4,0,4,True,6.2e-05,0.000156,0.000424
,128,2,7,5,1,1,1,1,0,5,6,2,2,2,1x1|1x4,4,1,4,0,4,True,6.1e-05,0.000156,0.000422
,128,2,7,5,2,1,1,1,0,5,5,2,2,2,1x1|1x4,4,1,4,0,4,True,5.1e-05,0.000118,0.000355
,128,2,7,5,3,1,1,1,0,5,4,2,2,2,1x1|1x4,4,1,4,0,4,True,5.1e-05,0.000121,0.000495
,128,2,7,5,4,1,1,1,0,5,3,2,2,2,1x1|1x4,4,1,4,0,4,True,5.4e-05,0.000147,0.00037
,128,2,7,5,5,1,1,1,0,5,2,2,2,2,1x1|1x4,4,1,4,0,4,True,5.8e-05,0.000116,0.00034
,128,2,7,5,6,1,1,1,0,5,1,2,2,2,1x1|1x4,4,1,4,0,4,True,5.2e-05,0.000109,0.000334
,128,2,7,6,0,1,1,2,1,3,7,2,2,2,1x1|1x2,9,4,9,3,4,True,7.4e-05,0.000262,0.000335
,128,2,7,6,1,1,1,2,1,3,6,2,2,2,1x1|1x2,9,4,9,3,4,True,7.6e-05,0.000261,0.00042
,128,2,7,6,2,1,1,2,1,3,5,2,2,2,1x1|1x2,9,4,9,3,4,True,7.5e-05,0.00025,0.000324
,128,2,7,6,3,1,1,2,1,3,4,2,2,2,1x1|1x2,9,4,9,3,4,True,7.9e-05,0.000309,0.000365
,128,2,7,6,4,1,1,2,1,3,3,2,2,2,1x1|1x2,9,4,9,3,4,True,7.9e-05,0.000317,0.000406
,128,2,7,6,5,1,1,2,1,3,2,2,2,2,1x1|1x2,9,4,9,3,4,True,7.9e-05,0.000317,0.000372
,128,2,7,6,6,1,1,2,1,3,1,2,2,2,1x1|1x2,9,4,9,3,4,True,9.4e-05,0.000274,0.000319
,128,2,7,7,0,1,1,1,0,7,7,2,3,3,1x1|2x3,8,2,8,3,4,True,7.5e-05,0.000287,0.000557
,128,2,7,7,1,1,1,1,0,7,6,2,3,3,1x1|2x3,8,2,8,3,4,True,7.6e-05,0.000321,0.000475
,128,2,7,7,2,1,1,1,0,7,5,2,3,3,1x1|2x3,8,2,8,3,4,True,7.4e-05,0.000291,0.000569
,128,2,7,7,3,1,1,1,0,7,4,2,3,3,1x1|2x3,8,2,8,3,4,True,9.4e-05,0.000285,0.000478
,128,2,7,7,4,1,1,1,0,7,3,2,3,3,1x1|2x3,8,2,8,3,4,True,7.6e-05,0.000238,0.00054
,128,2,7,7,5,1,1,1,0,7,2,2,3,3,1x1|2x3,8,2,8,3,4,True,7e-05,0.000245,0.000552
,128,2,7,7,6,1,1,1,0,7,1,2,3,3,1x1|2x3,8,2,8,3,4,True,7.1e-05,0.000266,0.00046
,128,2,7,8,0,1,1,8,3,1,7,1,1,1,1x1,9,5,9,4,2,True,0.000183,0.000383,0.000314
,128,2,7,8,1,1,1,8,3,1,6,1,1,1,1x1,9,5,9,4,2,True,0.000176,0.000314,0.000287
,128,2,7,8,2,1,1,8,3,1,5,1,1,1,1x1,9,5,9,4,2,True,0.000164,0.000338,0.000236
,128,2,7,8,3,1,1,8,3,1,4,1,1,1,1x1,9,5,9,4,2,True,0.000162,0.000299,0.000267
,128,2,7,8,4,1,1,8,3,1,3,1,1,1,1x1,9,5,9,4,2,True,0.000168,0.000335,0.000287
,128,2,7,8,5,1,1,8,3,1,2,1,1,1,1x1,9,5,9,4,2,True,0.000179,0.000284,0.00028
,128,2,7,8,6,1,1,8,3,1,1,1,1,1,1x1,9,5,9,4,2,True,0.000171,0.000289,0.000283
,128,2,7,9,0,1,1,1,0,9,7,3,3,3,1x1|1x2|1x6,8,1,8,0,8,True,7.2e-05,0.000314,0.000748
,128,2,7,9,1,1,1,1,0,9,6,3,3,3,1x1|1x2|1x6,8,1,8,0,8,True,6.7e-05,0.000364,0.000746
,128,2,7,9,2,1,1,1,0,9,5,3,3,3,1x1|1x2|1x6,8,1,8,0,8,True,6.6e-05,0.000335,0.001099
,128,2,7,9,3,1,1,1,0,9,4,3,3,3,1x1|1x2|1x6,8,1,8,0,8,True,9.8e-05,0.000425,0.001091
,128,2,7,9,4,1,1,1,0,9,3,3,3,3,1x1|1x2|1x6,8,1,8,0,8,True,8e-05,0.000292,0.000796
,128,2,7,9,5,1,1,1,0,9,2,3,3,3,1x1|1x2|1x6,8,1,8,0,8,True,6.6e-05,0.000259,0.000758
,128,2,7,9,6,1,1,1,0,9,1,3,3,3,1x1|1x2|1x6,8,1,8,0,8,True,7.1e-05,0.000258,0.000735
,128,2,7,10,0,1,1,2,1,5,7,2,2,2,1x1|1x4,9,4,9,5,4,True,7.5e-05,0.00036,0.000649
,128,2,7,10,1,1,1,2,1,5,6,2,2,2,1x1|1x4,9,4,9,5,4,True,7.5e-05,0.000331,0.000518
,128,2,7,10,2,1,1,2,1,5,5,2,2,2,1x1|1x4,9,4,9,5,4,True,9.7e-05,0.00032,0.000577
,128,2,7,10,3,1,1,2,1,5,4,2,2,2,1x1|1x4,9,4,9,5,4,True,7e-05,0.000277,0.000638
,128,2,7,10,4,1,1,2,1,5,3,2,2,2,1x1|1x4,9,4,9,5,4,True,7.3e-05,0.000343,0.000524
,128,2,7,10,5,1,1,2,1,5,2,2,2,2,1x1|1x4,9,4,9,5,4,True,7.2e-05,0.000294,0.000536
,128,2,7,10,6,1,1,2,1,5,1,2,2,2,1x1|1x4,9,4,9,5,4,True,7e-05,0.000291,0.000539
,128,2,7,11,0,1,1,1,0,11,7,2,2,2,1x1|1x10,4,1,4,0,4,True,4.8e-05,0.000208,0.001288
,128,2,7,11,1,1,1,1,0,11,6,2,2,2,1x1|1x10,4,1,4,0,4,True,4.7e-05,0.000147,0.001255
,128,2,7,11,2,1,1,1,0,11,5,2,2,2,1x1|1x10,4,1,4,0,4,True,4.6e-05,0.000146,0.001345
,128,2,7,11,3,1,1,1,0,11,4,2,2,2,1x1|1x10,4,1,4,0,4,True,5.1e-05,0.000151,0.001424
,128,2,7,11,4,1,1,1,0,11,3,2,2,2,1x1|1x10,4,1,4,0,4,True,4.9e-05,0.000151,0.001375
,128,2,7,11,5,1,1,1,0,11,2,2,2,2,1x1|1x10,4,1,4,0,4,True,6.9e-05,0.000181,0.001415
,128,2,7,11,6,1,1,1,0,11,1,2,2,2,1x1|1x10,4,1,4,0,4,True,7.9e-05,0.000139,0.001302
,128,2,7,12,0,1,1,4,2,3,7,2,2,2,1x1|1x2,25,7,25,6,4,True,0.000136,0.001204,0.001127
,128,2,7,12,1,1,1,4,2,3,6,2,2,2,1x1|1x2,25,7,25,6,4,True,0.000131,0.001328,0.001159
,128,2,7,12,2,1,1,4,2,3,5,2,2,2,1x1|1x2,25,7,25,6,4,True,0.000169,0.001329,0.001117
,128,2,7,12,3,1,1,4,2,3,4,2,2,2,1x1|1x2,25,7,25,6,4,True,0.000185,0.001201,0.001169
,128,2,7,12,4,1,1,4,2,3,3,2,2,2,1x1|1x2,25,7,25,6,4,True,0.000171,0.00114,0.001183
,128,2,7,12,5,1,1,4,2,3,2,2,2,2,1x1|1x2,25,7,25,6,4,True,0.000141,0.001287,0.001129
,128,2,7,12,6,1,1,4,2,3,1,2,2,2,1x1|1x2,25,7,25,6,4,True,0.000143,0.001216,0.001126
,128,2,7,13,0,1,1,1,0,13,7,2,2,2,1x1|1x12,4,1,4,0,4,True,9.3e-05,0.000183,0.002227
,128,2,7,13,1,1,1,1,0,13,6,2,2,2,1x1|1x12,4,1,4,0,4,True,6e-05,0.00018,0.002038
,128,2,7,13,2,1,1,1,0,13,5,2,2,2,1x1|1x12,4,1,4,0,4,True,6.7e-05,0.000225,0.001984
,128,2,7,13,3,1,1,1,0,13,4,2,2,2,1x1|1x12,4,1,4,0,4,True,5.6e-05,0.000169,0.001991
,128,2,7,13,4,1,1,1,0,13,3,2,2,2,1x1|1x12,4,1,4,0,4,True,6.5e-05,0.000163,0.001896
,128,2,7,13,5,1,1,1,0,13,2,2,2,2,1x1|1x12,4,1,4,0,4,True,4.8e-05,0.000204,0.001829
,128,2,7,13,6,1,1,1,0,13,1,2,2,2,1x1|1x12,4,1,4,0,4,True,5.7e-05,0.00016,0.0018
,128,2,7,14,0,1,1,2,1,7,7,2,3,3,1x1|2x3,27,6,27,7,4,True,0.000106,0.001263,0.001425
,128,2,7,14,1,1,1,2,1,7,6,2,3,3,1x1|2x3,27,6,27,7,4,True,0.000124,0.001238,0.001673
,128,2,7,14,2,1,1,2,1,7,5,2,3,3,1x1|2x3,27,6,27,7,4,True,0.000125,0.001335,0.001496
,128,2,7,14,3,1,1,2,1,7,4,2,3,3,1x1|2x3,27,6,27,7,4,True,0.000125,0.001267,0.001564
,128,2,7,14,4,1,1,2,1,7,3,2,3,3,1x1|2x3,27,6,27,7,4,True,0.000115,0.001285,0.00142
,128,2,7,14,5,1,1,2,1,7,2,2,3,3,1x1|2x3,27,6,27,7,4,True,0.000113,0.001266,0.001382
,128,2,7,14,6,1,1,2,1,7,1,2,3,3,1x1|2x3,27,6,27,7,4,True,0.000139,0.001354,0.001412
,128,2,7,15,0,1,1,1,0,15,7,4,5,5,1x1|1x2|1x4|2x4,32,2,32,4,16,True,0.000103,0.001798,0.002652
,128,2,7,15,1,1,1,1,0,15,6,4,5,5,1x1|1x2|1x4|2x4,32,2,32,4,16,True,0.000103,0.001943,0.00249
,128,2,7,15,2,1,1,1,0,15,5,4,5,5,1x1|1x2|1x4|2x4,32,2,32,4,16,True,9.8e-05,0.001795,0.002483
,128,2,7,15,3,1,1,1,0,15,4,4,5,5,1x1|1x2|1x4|2x4,32,2,32,4,16,True,0.000103,0.001731,0.002568
,128,2,7,15,4,1,1,1,0,15,3,4,5,5,1x1|1x2|1x4|2x4,32,2,32,4,16,True,0.000103,0.001799,0.002745
,128,2,7,15,5,1,1,1,0,15,2,4,5,5,1x1|1x2|1x4|2x4,32,2,32,4,16,True,0.000177,0.001765,0.002497
,128,2,7,15,6,1,1,1,0,15,1,4,5,5,1x1|1x2|1x4|2x4,32,2,32,4,16,True,9.9e-05,0.001748,0.003042
,128,2,7,16,0,1,1,16,4,1,7,1,1,1,1x1,17,9,17,8,2,True,0.00066,0.001114,0.000902
,128,2,7,16,1,1,1,16,4,1,6,1,1,1,1x1,17,9,17,8,2,True,0.000763,0.001134,0.000935
,128,2,7,16,2,1,1,16,4,1,5,1,1,1,1x1,17,9,17,8,2,True,0.000641,0.001077,0.000832
,128,2,7,16,3,1,1,16,4,1,4,1,1,1,1x1,17,9,17,8,2,True,0.000555,0.000964,0.000874
,128,2,7,16,4,1,1,16,4,1,3,1,1,1,1x1,17,9,17,8,2,True,0.000701,0.001367,0.001009
,128,2,7,16,5,1,1,16,4,1,2,1,1,1,1x1,17,9,17,8,2,True,0.000573,0.001178,0.000789
,128,2,7,16,6,1,1,16,4,1,1,1,1,1,1x1,17,9,17,8,2,True,0.00079,0.001126,0.000786
,128,2,7,17,0,1,1,1,0,17,7,3,3,3,1x1|1x8|1x8,8,1,8,0,8,True,7.6e-05,0.0005,0.002659
,128,2,7,17,1,1,1,1,0,17,6,3,3,3,1x1|1x8|1x8,8,1,8,0,8,True,7.4e-05,0.00053,0.002867
,128,2,7,17,2,1,1,1,0,17,5,3,3,3,1x1|1x8|1x8,8,1,8,0,8,True,7.9e-05,0.000479,0.002548
,128,2,7,17,3,1,1,1,0,17,4,3,3,3,1x1|1x8|1x8,8,1,8,0,8,True,9.6e-05,0.000555,0.002454
,128,2,7,17,4,1,1,1,0,17,3,3,3,3,1x1|1x8|1x8,8,1,8,0,8,True,0.0001,0.00044,0.002541
,128,2,7,17,5,1,1,1,0,17,2,3,3,3,1x1|1x8|1x8,8,1,8,0,8,True,6.4e-05,0.000453,0.00231
,128,2,7,17,6,1,1,1,0,17,1,3,3,3,1x1|1x8|1x8,8,1,8,0,8,True,6.3e-05,0.000404,0.002133
,128,2,7,18,0,1,1,2,1,9,7,3,3,3,1x1|1x2|1x6,27,8,27,9,8,True,9.9e-05,0.001535,0.001726
,128,2,7,18,1,1,1,2,1,9,6,3,3,3,1x1|1x2|1x6,27,8,27,9,8,True,0.000133,0.001413,0.001753
,128,2,7,18,2,1,1,2,1,9,5,3,3,3,1x1|1x2|1x6,27,8,27,9,8,True,0.000205,0.0021,0.002024
,128,2,7,18,3,1,1,2,1,9,4,3,3,3,1x1|1x2|1x6,27,8,27,9,8,True,0.000144,0.001494,0.001855
,128,2,7,18,4,1,1,2,1,9,3,3,3,3,1x1|1x2|1x6,27,8,27,9,8,True,0.000119,0.001499,0.001937
,128,2,7,18,5,1,1,2,1,9,2,3,3,3,1x1|1x2|1x6,27,8,27,9,8,True,0.000106,0.001369,0.001736
,128,2,7,18,6,1,1,2,1,9,1,3,3,3,1x1|1x2|1x6,27,8,27,9,8,True,0.000114,0.001659,0.00168
,128,2,7,19,0,1,1,1,0,19,7,2,2,2,1x1|1x18,4,1,4,0,4,True,5.1e-05,0.000231,0.003888
,128,2,7,19,1,1,1,1,0,19,6,2,2,2,1x1|1x18,4,1,4,0,4,True,5.6e-05,0.000203,0.003736
,128,2,7,19,2,1,1,1,0,19,5,2,2,2,1x1|1x18,4,1,4,0,4,True,5e-05,0.000196,0.003863
,128,2,7,19,3,1,1,1,0,19,4,2,2,2,1x1|1x18,4,1,4,0,4,True,5e-05,0.00019,0.003633
,128,2,7,19,4,1,1,1,0,19,3,2,2,2,1x1|1x18,4,1,4,0,4,True,6.9e-05,0.00019,0.003764
,128,2,7,19,5,1,1,1,0,19,2,2,2,2,1x1|1x18,4,1,4,0,4,True,5e-05,0.000179,0.003729
,128,2,7,19,6,1,1,1,0,19,1,2,2,2,1x1|1x18,4,1,4,0,4,True,4.9e-05,0.000179,0.00382
,128,2,7,20,0,1,1,4,2,5,7,2,2,2,1x1|1x4,25,9,25,10,4,True,0.00059,0.002307,0.001777
,128,2,7,20,1,1,1,4,2,5,6,2,2,2,1x1|1x4,25,9,25,10,4,True,0.00014,0.001647,0.002318
,128,2,7,20,2,1,1,4,2,5,5,2,2,2,1x1|1x4,25,9,25,10,4,True,0.000202,0.002419,0.002497
,128,2,7,20,3,1,1,4,2,5,4,2,2,2,1x1|1x4,25,9,25,10,4,True,0.000134,0.001756,0.00171
,128,2,7,20,4,1,1,4,2,5,3,2,2,2,1x1|1x4,25,9,25,10,4,True,0.00024,0.001826,0.00162
,128,2,7,20,5,1,1,4,2,5,2,2,2,2,1x1|1x4,25,9,25,10,4,True,0.000215,0.001607,0.001795
,128,2,7,20,6,1,1,4,2,5,1,2,2,2,1x1|1x4,25,9,25,10,4,True,0.000143,0.001821,0.001623
,128,2,7,21,0,1,1,1,0,21,7,4,6,6,1x1|1x2|2x3|2x6,64,4,64,9,16,True,0.000144,0.005248,0.006418
,128,2,7,21,1,1,1,1,0,21,6,4,6,6,1x1|1x2|2x3|2x6,64,4,64,9,16,True,0.000125,0.005443,0.006243
,128,2,7,21,2,1,1,1,0,21,5,4,6,6,1x1|1x2|2x3|2x6,64,4,64,9,16,True,0.000118,0.00542,0.006058
,128,2,7,21,3,1,1,1,0,21,4,4,6,6,1x1|1x2|2x3|2x6,64,4,64,9,16,True,0.000132,0.004928,0.006109
,128,2,7,21,4,1,1,1,0,21,3,4,6,6,1x1|1x2|2x3|2x6,64,4,64,9,16,True,0.000122,0.004674,0.006526
,128,2,7,21,5,1,1,1,0,21,2,4,6,6,1x1|1x2|2x3|2x6,64,4,64,9,16,True,0.000124,0.00462,0.00637
,128,2,7,21,6,1,1,1,0,21,1,4,6,6,1x1|1x2|2x3|2x6,64,4,64,9,16,True,0.000122,0.00492,0.007621
,128,2,7,22,0,1,1,2,1,11,7,2,2,2,1x1|1x10,9,4,9,11,4,True,0.000103,0.000691,0.00186
,128,2,7,22,1,1,1,2,1,11,6,2,2,2,1x1|1x10,9,4,9,11,4,True,0.000114,0.000716,0.002039
,128,2,7,22,2,1,1,2,1,11,5,2,2,2,1x1|1x10,9,4,9,11,4,True,0.000117,0.000829,0.001743
,128,2,7,22,3,1,1,2,1,11,4,2,2,2,1x1|1x10,9,4,9,11,4,True,0.000111,0.000618,0.001841
,128,2,7,22,4,1,1,2,1,11,3,2,2,2,1x1|1x10,9,4,9,11,4,True,7.9e-05,0.000711,0.002164
,128,2,7,22,5,1,1,2,1,11,2,2,2,2,1x1|1x10,9,4,9,11,4,True,0.000106,0.000679,0.001822
,128,2,7,22,6,1,1,2,1,11,1,2,2,2,1x1|1x10,9,4,9,11,4,True,7.8e-05,0.000517,0.00181
,128,2,7,23,0,1,1,1,0,23,7,2,3,3,1x1|2x11,8,2,8,11,4,True,7.3e-05,0.000523,0.003063
,128,2,7,23,1,1,1,1,0,23,6,2,3,3,1x1|2x11,8,2,8,11,4,True,0.000137,0.000515,0.003117
,128,2,7,23,2,1,1,1,0,23,5,2,3,3,1x1|2x11,8,2,8,11,4,True,0.000113,0.000617,0.002945
,128,2,7,23,3,1,1,1,0,23,4,2,3,3,1x1|2x11,8,2,8,11,4,True,7e-05,0.000475,0.00294
,128,2,7,23,4,1,1,1,0,23,3,2,3,3,1x1|2x11,8,2,8,11,4,True,8.4e-05,0.000512,0.002883
,128,2,7,23,5,1,1,1,0,23,2,2,3,3,1x1|2x11,8,2,8,11,4,True,6.8e-05,0.000486,0.002788
,128,2,7,23,6,1,1,1,0,23,1,2,3,3,1x1|2x11,8,2,8,11,4,True,0.000115,0.000796,0.003104
,128,2,7,24,0,1,1,8,3,3,7,2,2,2,1x1|1x2,81,13,81,12,4,True,0.000336,0.007339,0.005788
,128,2,7,24,1,1,1,8,3,3,6,2,2,2,1x1|1x2,81,13,81,12,4,True,0.000348,0.007617,0.005463
,128,2,7,24,2,1,1,8,3,3,5,2,2,2,1x1|1x2,81,13,81,12,4,True,0.000373,0.0071,0.005963
,128,2,7,24,3,1,1,8,3,3,4,2,2,2,1x1|1x2,81,13,81,12,4,True,0.000354,0.007233,0.005835
,128,2,7,24,4,1,1,8,3,3,3,2,2,2,1x1|1x2,81,13,81,12,4,True,0.000355,0.007109,0.005312
,128,2,7,24,5,1,1,8,3,3,2,2,2,2,1x1|1x2,81,13,81,12,4,True,0.000328,0.008861,0.005668
,128,2,7,24,6,1,1,8,3,3,1,2,2,2,1x1|1x2,81,13,81,12,4,True,0.000328,0.007347,0.005223
,128,2,7,25,0,1,1,1,0,25,7,3,3,3,1x1|1x4|1x20,8,1,8,0,8,True,0.000125,0.000715,0.003287
,128,2,7,25,1,1,1,1,0,25,6,3,3,3,1x1|1x4|1x20,8,1,8,0,8,True,7.7e-05,0.000572,0.00315
,128,2,7,25,2,1,1,1,0,25,5,3,3,3,1x1|1x4|1x20,8,1,8,0,8,True,7.7e-05,0.000504,0.003317
,128,2,7,25,3,1,1,1,0,25,4,3,3,3,1x1|1x4|1x20,8,1,8,0,8,True,7.4e-05,0.000722,0.003455
,128,2,7,25,4,1,1,1,0,25,3,3,3,3,1x1|1x4|1x20,8,1,8,0,8,True,7.8e-05,0.000516,0.003474
,128,2,7,25,5,1,1,1,0,25,2,3,3,3,1x1|1x4|1x20,8,1,8,0,8,True,0.00013,0.000918,0.005808
,128,2,7,25,6,1,1,1,0,25,1,3,3,3,1x1|1x4|1x20,8,1,8,0,8,True,0.000111,0.000835,0.005554
,128,2,7,26,0,1,1,2,1,13,7,2,2,2,1x1|1x12,9,4,9,13,4,True,0.000134,0.001141,0.004292
,128,2,7,26,1,1,1,2,1,13,6,2,2,2,1x1|1x12,9,4,9,13,4,True,8.6e-05,0.000697,0.002349
,128,2,7,26,2,1,1,2,1,13,5,2,2,2,1x1|1x12,9,4,9,13,4,True,8.5e-05,0.000771,0.002561
,128,2,7,26,3,1,1,2,1,13,4,2,2,2,1x1|1x12,9,4,9,13,4,True,8.2e-05,0.000638,0.00241
,128,2,7,26,4,1,1,2,1,13,3,2,2,2,1x1|1x12,9,4,9,13,4,True,7.8e-05,0.000579,0.002457
,128,2,7,26,5,1,1,2,1,13,2,2,2,2,1x1|1x12,9,4,9,13,4,True,0.000106,0.000604,0.002337
,128,2,7,26,6,1,1,2,1,13,1,2,2,2,1x1|1x12,9,4,9,13,4,True,7.8e-05,0.000624,0.002317
,128,2,7,27,0,1,1,1,0,27,7,4,4,4,1x1|1x2|1x6|1x18,16,1,16,0,16,True,8.2e-05,0.001153,0.003398
,128,2,7,27,1,1,1,1,0,27,6,4,4,4,1x1|1x2|1x6|1x18,16,1,16,0,16,True,8.8e-05,0.001215,0.00359
,128,2,7,27,2,1,1,1,0,27,5,4,4,4,1x1|1x2|1x6|1x18,16,1,16,0,16,True,0.0001,0.001255,0.004536
,128,2,7,27,3,1,1,1,0,27,4,4,4,4,1x1|1x2|1x6|1x18,16,1,16,0,16,True,0.000139,0.002069,0.005928
,128,2,7,27,4,1,1,1,0,27,3,4,4,4,1x1|1x2|1x6|1x18,16,1,16,0,16,True,0.000139,0.001923,0.005877
,128,2,7,27,5,1,1,1,0,27,2,4,4,4,1x1|1x2|1x6|1x18,16,1,16,0,16,True,0.000131,0.001833,0.005818
,128,2,7,27,6,1,1,1,0,27,1,4,4,4,1x1|1x2|1x6|1x18,16,1,16,0,16,True,0.00014,0.001916,0.00561
,128,2,7,28,0,1,1,4,2,7,7,2,3,3,1x1|2x3,125,15,125,14,4,True,0.000415,0.013225,0.011154
,128,2,7,28,1,1,1,4,2,7,6,2,3,3,1x1|2x3,125,15,125,14,4,True,0.000411,0.012818,0.012594
,128,2,7,28,2,1,1,4,2,7,5,2,3,3,1x1|2x3,125,15,125,14,4,True,0.000388,0.013796,0.011709
,128,2,7,28,3,1,1,4,2,7,4,2,3,3,1x1|2x3,125,15,125,14,4,True,0.000432,0.013293,0.011406
,128,2,7,28,4,1,1,4,2,7,3,2,3,3,1x1|2x3,125,15,125,14,4,True,0.000523,0.013013,0.011423
,128,2,7,28,5,1,1,4,2,7,2,2,3,3,1x1|2x3,125,15,125,14,4,True,0.000341,0.013289,0.011661
,128,2,7,28,6,1,1,4,2,7,1,2,3,3,1x1|2x3,125,15,125,14,4,True,0.000566,0.013565,0.011541
,128,2,7,29,0,1,1,1,0,29,7,8,8,8,1x1|1x4|1x4|1x4|1x4|1x4|1x4|1x4,256,1,256,0,256,True,0.000154,0.070927,0.075659
,128,2,7,29,1,1,1,1,0,29,6,2,8,8,1x1|7x4,256,4,256,12,4,True,0.000258,0.065039,0.070279
,128,2,7,29,2,1,1,1,0,29,5,2,8,8,1x1|7x4,256,4,256,12,4,True,0.000266,0.066574,0.078867
,128,2,7,29,3,1,1,1,0,29,4,2,8,8,1x1|7x4,256,4,256,12,4,True,0.000249,0.068874,0.074155
,128,2,7,29,4,1,1,1,0,29,3,2,8,8,1x1|7x4,256,4,256,12,4,True,0.000269,0.066231,0.071129
,128,2,7,29,5,1,1,1,0,29,2,2,8,8,1x1|7x4,256,4,256,12,4,True,0.000262,0.064144,0.067502
,128,2,7,29,6,1,1,1,0,29,1,2,8,8,1x1|7x4,256,4,256,12,4,True,0.000264,0.062776,0.068118
,128,2,7,30,0,1,1,2,1,15,7,4,5,5,1x1|1x2|1x4|2x4,243,16,243,15,16,True,0.000236,0.028889,0.026532
,128,2,7,30,1,1,1,2,1,15,6,4,5,5,1x1|1x2|1x4|2x4,243,16,243,15,16,True,0.000203,0.02892,0.027473
,128,2,7,30,2,1,1,2,1,15,5,4,5,5,1x1|1x2|1x4|2x4,243,16,243,15,16,True,0.000191,0.030946,0.026893
,128,2,7,30,3,1,1,2,1,15,4,4,5,5,1x1|1x2|1x4|2x4,243,16,243,15,16,True,0.000224,0.029049,0.026385
,128,2,7,30,4,1,1,2,1,15,3,4,5,5,1x1|1x2|1x4|2x4,243,16,243,15,16,True,0.000232,0.030668,0.026121
,128,2,7,30,5,1,1,2,1,15,2,4,5,5,1x1|1x2|1x4|2x4,243,16,243,15,16,True,0.000203,0.028374,0.026593
,128,2,7,30,6,1,1,2,1,15,1,4,5,5,1x1|1x2|1x4|2x4,243,16,243,15,16,True,0.00018,0.028488,0.028116
,128,2,7,31,0,1,1,1,0,31,7,4,7,7,1x1|2x5|2x5|2x5,128,4,128,15,16,True,0.000212,0.016994,0.019056
,128,2,7,31,1,1,1,1,0,31,6,4,7,7,1x1|2x5|2x5|2x5,128,4,128,15,16,True,0.000137,0.016675,0.018441
,128,2,7,31,2,1,1,1,0,31,5,4,7,7,1x1|2x5|2x5|2x5,128,4,128,15,16,True,0.000196,0.016519,0.018664
,128,2,7,31,3,1,1,1,0,31,4,4,7,7,1x1|2x5|2x5|2x5,128,4,128,15,16,True,0.000165,0.016598,0.017679
,128,2,7,31,4,1,1,1,0,31,3,4,7,7,1x1|2x5|2x5|2x5,128,4,128,15,16,True,0.000133,0.015129,0.017795
,128,2,7,31,5,1,1,1,0,31,2,4,7,7,1x1|2x5|2x5|2x5,128,4,128,15,16,True,0.000129,0.014688,0.022769
,128,2,7,31,6,1,1,1,0,31,1,4,7,7,1x1|2x5|2x5|2x5,128,4,128,15,16,True,0.000134,0.015488,0.02564
,128,2,7,32,0,1,1,32,5,1,7,1,1,1,1x1,33,17,33,16,2,True,0.005831,0.004602,0.002695
,128,2,7,32,1,1,1,32,5,1,6,1,1,1,1x1,33,17,33,16,2,True,0.00282,0.00402,0.002598
,128,2,7,32,2,1,1,32,5,1,5,1,1,1,1x1,33,17,33,16,2,True,0.002839,0.00419,0.002554
,128,2,7,32,3,1,1,32,5,1,4,1,1,1,1x1,33,17,33,16,2,True,0.002855,0.004048,0.002531
,128,2,7,32,4,1,1,32,5,1,3,1,1,1,1x1,33,17,33,16,2,True,0.002579,0.00402,0.002577
,128,2,7,32,5,1,1,32,5,1,2,1,1,1,1x1,33,17,33,16,2,True,0.002637,0.003981,0.002378
,128,2,7,32,6,1,1,32,5,1,1,1,1,1,1x1,33,17,33,16,2,True,0.002603,0.004013,0.002436
,128,2,7,33,0,1,1,1,0,33,7,5,5,5,1x1|1x2|1x10|1x10|1x10,32,1,32,0,32,True,0.000108,0.00396,0.009526
,128,2,7,33,1,1,1,1,0,33,6,5,5,5,1x1|1x2|1x10|1x10|1x10,32,1,32,0,32,True,0.000104,0.004175,0.008944
,128,2,7,33,2,1,1,1,0,33,5,5,5,5,1x1|1x2|1x10|1x10|1x10,32,1,32,0,32,True,9.9e-05,0.003665,0.008763
,128,2,7,33,3,1,1,1,0,33,4,5,5,5,1x1|1x2|1x10|1x10|1x10,32,1,32,0,32,True,0.0001,0.003917,0.009015
,128,2,7,33,4,1,1,1,0,33,3,5,5,5,1x1|1x2|1x10|1x10|1x10,32,1,32,0,32,True,9.9e-05,0.00374,0.008724
,128,2,7,33,5,1,1,1,0,33,2,5,5,5,1x1|1x2|1x10|1x10|1x10,32,1,32,0,32,True,0.000104,0.00382,0.008658
,128,2,7,33,6,1,1,1,0,33,1,5,5,5,1x1|1x2|1x10|1x10|1x10,32,1,32,0,32,True,9.6e-05,0.003599,0.008653
,128,2,7,34,0,1,1,2,1,17,7,3,3,3,1x1|1x8|1x8,27,6,27,17,8,True,0.000136,0.003031,0.004757
,128,2,7,34,1,1,1,2,1,17,6,3,3,3,1x1|1x8|1x8,27,6,27,17,8,True,0.000132,0.002863,0.004556
,128,2,7,34,2,1,1,2,1,17,5,3,3,3,1x1|1x8|1x8,27,6,27,17,8,True,0.0001,0.003948,0.008157
,128,2,7,34,3,1,1,2,1,17,4,3,3,3,1x1|1x8|1x8,27,6,27,17,8,True,0.000109,0.002812,0.004474
,128,2,7,34,4,1,1,2,1,17,3,3,3,3,1x1|1x8|1x8,27,6,27,17,8,True,9.9e-05,0.002789,0.004412
,128,2,7,34,5,1,1,2,1,17,2,3,3,3,1x1|1x8|1x8,27,6,27,17,8,True,9.9e-05,0.002592,0.005434
,128,2,7,34,6,1,1,2,1,17,1,3,3,3,1x1|1x8|1x8,27,6,27,17,8,True,0.000105,0.002863,0.006123
,128,2,7,35,0,1,1,1,0,35,7,4,6,6,1x1|1x4|2x3|2x12,64,4,64,15,16,True,0.000123,0.008286,0.014681
,128,2,7,35,1,1,1,1,0,35,6,4,6,6,1x1|1x4|2x3|2x12,64,4,64,15,16,True,0.000139,0.00802,0.014139
,128,2,7,35,2,1,1,1,0,35,5,4,6,6,1x1|1x4|2x3|2x12,64,4,64,15,16,True,0.0002,0.008632,0.015305
,128,2,7,35,3,1,1,1,0,35,4,4,6,6,1x1|1x4|2x3|2x12,64,4,64,15,16,True,0.000196,0.009277,0.014831
,128,2,7,35,4,1,1,1,0,35,3,4,6,6,1x1|1x4|2x3|2x12,64,4,64,15,16,True,0.000142,0.008801,0.013974
,128,2,7,35,5,1,1,1,0,35,2,4,6,6,1x1|1x4|2x3|2x12,64,4,64,15,16,True,0.000221,0.009267,0.015046
,128,2,7,35,6,1,1,1,0,35,1,4,6,6,1x1|1x4|2x3|2x12,64,4,64,15,16,True,0.000173,0.008791,0.015115
,128,2,7,36,0,1,1,4,2,9,7,3,3,3,1x1|1x2|1x6,125,19,125,18,8,True,0.000234,0.016561,0.016201
,128,2,7,36,1,1,1,4,2,9,6,3,3,3,1x1|1x2|1x6,125,19,125,18,8,True,0.000211,0.016694,0.012568
,128,2,7,36,2,1,1,4,2,9,5,3,3,3,1x1|1x2|1x6,125,19,125,18,8,True,0.000271,0.014844,0.01353
,128,2,7,36,3,1,1,4,2,9,4,3,3,3,1x1|1x2|1x6,125,19,125,18,8,True,0.000202,0.015043,0.014368
,128,2,7,36,4,1,1,4,2,9,3,3,3,3,1x1|1x2|1x6,125,19,125,18,8,True,0.000212,0.016492,0.015954
,128,2,7,36,5,1,1,4,2,9,2,3,3,3,1x1|1x2|1x6,125,19,125,18,8,True,0.000204,0.015457,0.013964
,128,2,7,36,6,1,1,4,2,9,1,3,3,3,1x1|1x2|1x6,125,19,125,18,8,True,0.000286,0.015359,0.013403
,128,2,7,37,0,1,1,1,0,37,7,2,2,2,1x1|1x36,4,1,4,0,4,True,5.7e-05,0.000324,0.014752
,128,2,7,37,1,1,1,1,0,37,6,2,2,2,1x1|1x36,4,1,4,0,4,True,5.8e-05,0.000333,0.014071
,128,2,7,37,2,1,1,1,0,37,5,2,2,2,1x1|1x36,4,1,4,0,4,True,6.2e-05,0.000348,0.014222
,128,2,7,37,3,1,1,1,0,37,4,2,2,2,1x1|1x36,4,1,4,0,4,True,8e-05,0.000365,0.016067
,128,2,7,37,4,1,1,1,0,37,3,2,2,2,1x1|1x36,4,1,4,0,4,True,9.2e-05,0.000413,0.018197
,128,2,7,37,5,1,1,1,0,37,2,2,2,2,1x1|1x36,4,1,4,0,4,True,7.7e-05,0.000449,0.017761
,128,2,7,37,6,1,1,1,0,37,1,2,2,2,1x1|1x36,4,1,4,0,4,True,9.2e-05,0.000502,0.022741
,128,2,7,38,0,1,1,2,1,19,7,2,2,2,1x1|1x18,9,4,9,19,4,True,0.000143,0.001416,0.007404
,128,2,7,38,1,1,1,2,1,19,6,2,2,2,1x1|1x18,9,4,9,19,4,True,0.000137,0.00141,0.007281
,128,2,7,38,2,1,1,2,1,19,5,2,2,2,1x1|1x18,9,4,9,19,4,True,0.000177,0.001426,0.007315
,128,2,7,38,3,1,1,2,1,19,4,2,2,2,1x1|1x18,9,4,9,19,4,True,0.000129,0.001286,0.00729
,128,2,7,38,4,1,1,2,1,19,3,2,2,2,1x1|1x18,9,4,9,19,4,True,0.000143,0.001472,0.007533
,128,2,7,38,5,1,1,2,1,19,2,2,2,2,1x1|1x18,9,4,9,19,4,True,0.000138,0.001266,0.007293
,128,2,7,38,6,1,1,2,1,19,1,2,2,2,1x1|1x18,9,4,9,19,4,True,0.000123,0.001327,0.007236
,128,2,7,39,0,1,1,1,0,39,7,4,5,5,1x1|1x2|1x12|2x12,32,2,32,12,16,True,0.000174,0.007768,0.019005
,128,2,7,39,1,1,1,1,0,39,6,4,5,5,1x1|1x2|1x12|2x12,32,2,32,12,16,True,0.000163,0.006087,0.014596
,128,2,7,39,2,1,1,1,0,39,5,4,5,5,1x1|1x2|1x12|2x12,32,2,32,12,16,True,0.000221,0.005577,0.01429
,128,2,7,39,3,1,1,1,0,39,4,4,5,5,1x1|1x2|1x12|2x12,32,2,32,12,16,True,0.000177,0.005477,0.013517
,128,2,7,39,4,1,1,1,0,39,3,4,5,5,1x1|1x2|1x12|2x12,32,2,32,12,16,True,0.000123,0.005065,0.015151
,128,2,7,39,5,1,1,1,0,39,2,4,5,5,1x1|1x2|1x12|2x12,32,2,32,12,16,True,0.000169,0.006068,0.01331
,128,2,7,39,6,1,1,1,0,39,1,4,5,5,1x1|1x2|1x12|2x12,32,2,32,12,16,True,0.000118,0.005462,0.014798
,128,2,7,40,0,1,1,8,3,5,7,2,2,2,1x1|1x4,81,21,81,20,4,True,0.000399,0.01313,0.009223
,128,2,7,40,1,1,1,8,3,5,6,2,2,2,1x1|1x4,81,21,81,20,4,True,0.000347,0.012,0.009301
,128,2,7,40,2,1,1,8,3,5,5,2,2,2,1x1|1x4,81,21,81,20,4,True,0.000343,0.012699,0.010164
,128,2,7,40,3,1,1,8,3,5,4,2,2,2,1x1|1x4,81,21,81,20,4,True,0.000445,0.012639,0.010353
,128,2,7,40,4,1,1,8,3,5,3,2,2,2,1x1|1x4,81,21,81,20,4,True,0.00035,0.012394,0.009319
,128,2,7,40,5,1,1,8,3,5,2,2,2,2,1x1|1x4,81,21,81,20,4,True,0.000375,0.013721,0.010087
,128,2,7,40,6,1,1,8,3,5,1,2,2,2,1x1|1x4,81,21,81,20,4,True,0.000479,0.013563,0.009434
,128,2,7,41,0,1,1,1,0,41,7,3,3,3,1x1|1x20|1x20,8,1,8,0,8,True,0.000106,0.001322,0.026577
,128,2,7,41,1,1,1,1,0,41,6,3,3,3,1x1|1x20|1x20,8,1,8,0,8,True,8.9e-05,0.001244,0.027747
,128,2,7,41,2,1,1,1,0,41,5,3,3,3,1x1|1x20|1x20,8,1,8,0,8,True,7.6e-05,0.001266,0.026755
,128,2,7,41,3,1,1,1,0,41,4,3,3,3,1x1|1x20|1x20,8,1,8,0,8,True,9e-05,0.001364,0.027941
,128,2,7,41,4,1,1,1,0,41,3,3,3,3,1x1|1x20|1x20,8,1,8,0,8,True,0.000103,0.001326,0.028368
,128,2,7,41,5,1,1,1,0,41,2,3,3,3,1x1|1x20|1x20,8,1,8,0,8,True,0.000117,0.001763,0.030316
,128,2,7,41,6,1,1,1,0,41,1,3,3,3,1x1|1x20|1x20,8,1,8,0,8,True,0.000115,0.00159,0.025731
,128,2,7,42,0,1,1,2,1,21,7,4,6,6,1x1|1x2|2x3|2x6,729,22,729,21,16,True,0.000258,0.158974,0.131752
,128,2,7,42,1,1,1,2,1,21,6,4,6,6,1x1|1x2|2x3|2x6,729,22,729,21,16,True,0.000236,0.140995,0.137888
,128,2,7,42,2,1,1,2,1,21,5,4,6,6,1x1|1x2|2x3|2x6,729,22,729,21,16,True,0.00023,0.143039,0.152407
,128,2,7,42,3,1,1,2,1,21,4,4,6,6,1x1|1x2|2x3|2x6,729,22,729,21,16,True,0.000277,0.139129,0.132819
,128,2,7,42,4,1,1,2,1,21,3,4,6,6,1x1|1x2|2x3|2x6,729,22,729,21,16,True,0.000394,0.19626,0.166378
,128,2,7,42,5,1,1,2,1,21,2,4,6,6,1x1|1x2|2x3|2x6,729,22,729,21,16,True,0.000289,0.154731,0.169473
,128,2,7,42,6,1,1,2,1,21,1,4,6,6,1x1|1x2|2x3|2x6,729,22,729,21,16,True,0.000388,0.156358,0.160323
,128,2,7,44,0,1,1,4,2,11,7,2,2,2,1x1|1x10,25,9,25,22,4,True,0.000246,0.00499,0.004228
,128,2,7,44,1,1,1,4,2,11,6,2,2,2,1x1|1x10,25,9,25,22,4,True,0.000235,0.004151,0.004221
,128,2,7,44,2,1,1,4,2,11,5,2,2,2,1x1|1x10,25,9,25,22,4,True,0.000148,0.003253,0.003886
,128,2,7,44,3,1,1,4,2,11,4,2,2,2,1x1|1x10,25,9,25,22,4,True,0.000203,0.003764,0.004045
,128,2,7,44,4,1,1,4,2,11,3,2,2,2,1x1|1x10,25,9,25,22,4,True,0.000142,0.003166,0.004146
,128,2,7,44,5,1,1,4,2,11,2,2,2,2,1x1|1x10,25,9,25,22,4,True,0.000134,0.003325,0.003883
,128,2,7,44,6,1,1,4,2,11,1,2,2,2,1x1|1x10,25,9,25,22,4,True,0.000196,0.003758,0.004082
,128,2,7,45,0,1,1,1,0,45,7,6,8,8,1x1|1x2|1x4|1x6|2x4|2x12,256,4,256,16,64,True,0.000185,0.053094,0.054849
,128,2,7,45,1,1,1,1,0,45,6,6,8,8,1x1|1x2|1x4|1x6|2x4|2x12,256,4,256,16,64,True,0.000165,0.048876,0.053309
,128,2,7,45,2,1,1,1,0,45,5,6,8,8,1x1|1x2|1x4|1x6|2x4|2x12,256,4,256,16,64,True,0.000151,0.048698,0.057477
,128,2,7,45,3,1,1,1,0,45,4,6,8,8,1x1|1x2|1x4|1x6|2x4|2x12,256,4,256,16,64,True,0.000164,0.051339,0.050602
,128,2,7,45,4,1,1,1,0,45,3,6,8,8,1x1|1x2|1x4|1x6|2x4|2x12,256,4,256,16,64,True,0.000185,0.045991,0.049913
,128,2,7,45,5,1,1,1,0,45,2,6,8,8,1x1|1x2|1x4|1x6|2x4|2x12,256,4,256,16,64,True,0.000164,0.04545,0.053101
,128,2,7,45,6,1,1,1,0,45,1,6,8,8,1x1|1x2|1x4|1x6|2x4|2x12,256,4,256,16,64,True,0.000155,0.060907,0.0765
,128,2,7,46,0,1,1,2,1,23,7,2,3,3,1x1|2x11,27,6,27,23,4,True,0.000151,0.004464,0.008983
,128,2,7,46,1,1,1,2,1,23,6,2,3,3,1x1|2x11,27,6,27,23,4,True,0.000214,0.005239,0.006666
,128,2,7,46,2,1,1,2,1,23,5,2,3,3,1x1|2x11,27,6,27,23,4,True,0.000143,0.004472,0.006704
,128,2,7,46,3,1,1,2,1,23,4,2,3,3,1x1|2x11,27,6,27,23,4,True,0.000154,0.004387,0.006555
,128,2,7,46,4,1,1,2,1,23,3,2,3,3,1x1|2x11,27,6,27,23,4,True,0.000124,0.004115,0.006413
,128,2,7,46,5,1,1,2,1,23,2,2,3,3,1x1|2x11,27,6,27,23,4,True,0.000212,0.004102,0.006675
,128,2,7,46,6,1,1,2,1,23,1,2,3,3,1x1|2x11,27,6,27,23,4,True,0.000134,0.00427,0.00647
,128,2,7,47,0,1,1,1,0,47,7,2,3,3,1x1|2x23,8,2,8,23,4,True,8.8e-05,0.001211,0.021856
,128,2,7,47,1,1,1,1,0,47,6,2,3,3,1x1|2x23,8,2,8,23,4,True,8.2e-05,0.001085,0.019765
,128,2,7,47,2,1,1,1,0,47,5,2,3,3,1x1|2x23,8,2,8,23,4,True,0.000107,0.001279,0.02186
,128,2,7,47,3,1,1,1,0,47,4,2,3,3,1x1|2x23,8,2,8,23,4,True,0.000108,0.001491,0.024282
,128,2,7,47,4,1,1,1,0,47,3,2,3,3,1x1|2x23,8,2,8,23,4,True,0.00013,0.001532,0.023773
,128,2,7,47,5,1,1,1,0,47,2,2,3,3,1x1|2x23,8,2,8,23,4,True,0.000103,0.00147,0.019592
,128,2,7,47,6,1,1,1,0,47,1,2,3,3,1x1|2x23,8,2,8,23,4,True,8.3e-05,0.001046,0.022419
,128,2,7,48,0,1,1,16,4,3,7,2,2,2,1x1|1x2,289,25,289,24,4,True,0.002134,0.077447,0.054937
,128,2,7,48,1,1,1,16,4,3,6,2,2,2,1x1|1x2,289,25,289,24,4,True,0.001272,0.074955,0.048106
,128,2,7,48,2,1,1,16,4,3,5,2,2,2,1x1|1x2,289,25,289,24,4,True,0.001384,0.066656,0.048164
,128,2,7,48,3,1,1,16,4,3,4,2,2,2,1x1|1x2,289,25,289,24,4,True,0.001521,0.074349,0.048059
,128,2,7,48,4,1,1,16,4,3,3,2,2,2,1x1|1x2,289,25,289,24,4,True,0.001336,0.068607,0.045378
,128,2,7,48,5,1,1,16,4,3,2,2,2,2,1x1|1x2,289,25,289,24,4,True,0.00133,0.0711,0.049174
,128,2,7,48,6,1,1,16,4,3,1,2,2,2,1x1|1x2,289,25,289,24,4,True,0.002004,0.06986,0.047108
,128,2,7,50,0,1,1,2,1,25,7,3,3,3,1x1|1x4|1x20,27,8,27,25,8,True,0.000129,0.00351,0.007448
,128,2,7,50,1,1,1,2,1,25,6,3,3,3,1x1|1x4|1x20,27,8,27,25,8,True,0.000113,0.00328,0.006284
,128,2,7,50,2,1,1,2,1,25,5,3,3,3,1x1|1x4|1x20,27,8,27,25,8,True,0.000101,0.003238,0.00562
,128,2,7,50,3,1,1,2,1,25,4,3,3,3,1x1|1x4|1x20,27,8,27,25,8,True,0.000173,0.003666,0.005995
,128,2,7,50,4,1,1,2,1,25,3,3,3,3,1x1|1x4|1x20,27,8,27,25,8,True,0.000149,0.003343,0.006068
,128,2,7,50,5,1,1,2,1,25,2,3,3,3,1x1|1x4|1x20,27,8,27,25,8,True,0.000165,0.004053,0.006301
,128,2,7,50,6,1,1,2,1,25,1,3,3,3,1x1|1x4|1x20,27,8,27,25,8,True,0.000124,0.00324,0.005742
,128,2,7,51,0,1,1,1,0,51,7,6,8,8,1x1|1x2|1x8|1x8|2x8|2x8,256,3,256,16,64,True,0.000171,0.079412,0.080726
,128,2,7,51,1,1,1,1,0,51,6,6,8,8,1x1|1x2|1x8|1x8|2x8|2x8,256,3,256,16,64,True,0.00022,0.078309,0.085849
,128,2,7,51,2,1,1,1,0,51,5,6,8,8,1x1|1x2|1x8|1x8|2x8|2x8,256,3,256,16,64,True,0.000234,0.081518,0.084243
,128,2,7,51,3,1,1,1,0,51,4,6,8,8,1x1|1x2|1x8|1x8|2x8|2x8,256,3,256,16,64,True,0.000199,0.073395,0.084478
,128,2,7,51,4,1,1,1,0,51,3,6,8,8,1x1|1x2|1x8|1x8|2x8|2x8,256,3,256,16,64,True,0.000178,0.074348,0.078205
,128,2,7,51,5,1,1,1,0,51,2,6,8,8,1x1|1x2|1x8|1x8|2x8|2x8,256,3,256,16,64,True,0.000217,0.074282,0.081392
,128,2,7,51,6,1,1,1,0,51,1,6,8,8,1x1|1x2|1x8|1x8|2x8|2x8,256,3,256,16,64,True,0.00016,0.07074,0.0812
,128,2,7,52,0,1,1,4,2,13,7,2,2,2,1x1|1x12,25,9,25,26,4,True,0.000295,0.004436,0.005324
,128,2,7,52,1,1,1,4,2,13,6,2,2,2,1x1|1x12,25,9,25,26,4,True,0.000161,0.004272,0.005353
,128,2,7,52,2,1,1,4,2,13,5,2,2,2,1x1|1x12,25,9,25,26,4,True,0.000139,0.003984,0.00501
,128,2,7,52,3,1,1,4,2,13,4,2,2,2,1x1|1x12,25,9,25,26,4,True,0.000141,0.004028,0.005128
,128,2,7,52,4,1,1,4,2,13,3,2,2,2,1x1|1x12,25,9,25,26,4,True,0.00017,0.003986,0.005007
,128,2,7,52,5,1,1,4,2,13,2,2,2,2,1x1|1x12,25,9,25,26,4,True,0.000147,0.003866,0.004877
,128,2,7,52,6,1,1,4,2,13,1,2,2,2,1x1|1x12,25,9,25,26,4,True,0.000261,0.00551,0.006536
,128,2,7,53,0,1,1,1,0,53,7,2,2,2,1x1|1x52,4,1,4,0,4,True,9e-05,0.000622,0.027906
,128,2,7,53,1,1,1,1,0,53,6,2,2,2,1x1|1x52,4,1,4,0,4,True,9.8e-05,0.000597,0.025607
,128,2,7,53,2,1,1,1,0,53,5,2,2,2,1x1|1x52,4,1,4,0,4,True,5.6e-05,0.000399,0.024877
,128,2,7,53,3,1,1,1,0,53,4,2,2,2,1x1|1x52,4,1,4,0,4,True,6.6e-05,0.000446,0.025222
,128,2,7,53,4,1,1,1,0,53,3,2,2,2,1x1|1x52,4,1,4,0,4,True,8.5e-05,0.000437,0.028405
,128,2,7,53,5,1,1,1,0,53,2,2,2,2,1x1|1x52,4,1,4,0,4,True,5.8e-05,0.000527,0.027261
,128,2,7,53,6,1,1,1,0,53,1,2,2,2,1x1|1x52,4,1,4,0,4,True,6.2e-05,0.000447,0.028368
,128,2,7,54,0,1,1,2,1,27,7,4,4,4,1x1|1x2|1x6|1x18,81,16,81,27,16,True,0.000163,0.013193,0.01395
,128,2,7,54,1,1,1,2,1,27,6,4,4,4,1x1|1x2|1x6|1x18,81,16,81,27,16,True,0.000158,0.012259,0.014252
,128,2,7,54,2,1,1,2,1,27,5,4,4,4,1x1|1x2|1x6|1x18,81,16,81,27,16,True,0.000202,0.017693,0.018039
,128,2,7,54,3,1,1,2,1,27,4,4,4,4,1x1|1x2|1x6|1x18,81,16,81,27,16,True,0.000173,0.012657,0.013644
,128,2,7,54,4,1,1,2,1,27,3,4,4,4,1x1|1x2|1x6|1x18,81,16,81,27,16,True,0.00021,0.012295,0.013377
,128,2,7,54,5,1,1,2,1,27,2,4,4,4,1x1|1x2|1x6|1x18,81,16,81,27,16,True,0.000303,0.011864,0.013691
,128,2,7,54,6,1,1,2,1,27,1,4,4,4,1x1|1x2|1x6|1x18,81,16,81,27,16,True,0.000165,0.013057,0.013644
,128,2,7,55,0,1,1,1,0,55,7,4,5,5,1x1|1x4|1x10|2x20,32,2,32,20,16,True,0.000138,0.008367,0.038103
,128,2,7,55,1,1,1,1,0,55,6,4,5,5,1x1|1x4|1x10|2x20,32,2,32,20,16,True,0.000174,0.007733,0.038246
,128,2,7,55,2,1,1,1,0,55,5,4,5,5,1x1|1x4|1x10|2x20,32,2,32,20,16,True,0.000114,0.007261,0.033268
,128,2,7,55,3,1,1,1,0,55,4,4,5,5,1x1|1x4|1x10|2x20,32,2,32,20,16,True,0.000136,0.006978,0.040425
,128,2,7,55,4,1,1,1,0,55,3,4,5,5,1x1|1x4|1x10|2x20,32,2,32,20,16,True,0.000178,0.00792,0.036096
,128,2,7,55,5,1,1,1,0,55,2,4,5,5,1x1|1x4|1x10|2x20,32,2,32,20,16,True,0.000122,0.007377,0.033699
,128,2,7,55,6,1,1,1,0,55,1,4,5,5,1x1|1x4|1x10|2x20,32,2,32,20,16,True,0.000204,0.011851,0.055208
,128,2,7,56,0,1,1,8,3,7,7,2,3,3,1x1|2x3,729,29,729,28,4,True,0.003467,0.28287,0.16246
,128,2,7,56,1,1,1,8,3,7,6,2,3,3,1x1|2x3,729,29,729,28,4,True,0.002024,0.208273,0.205709
,128,2,7,56,2,1,1,8,3,7,5,2,3,3,1x1|2x3,729,29,729,28,4,True,0.001818,0.198559,0.160248
,128,2,7,56,3,1,1,8,3,7,4,2,3,3,1x1|2x3,729,29,729,28,4,True,0.003533,0.201853,0.17105
,128,2,7,56,4,1,1,8,3,7,3,2,3,3,1x1|2x3,729,29,729,28,4,True,0.002958,0.201759,0.159403
,128,2,7,56,5,1,1,8,3,7,2,2,3,3,1x1|2x3,729,29,729,28,4,True,0.002267,0.199456,0.152193
,128,2,7,56,6,1,1,8,3,7,1,2,3,3,1x1|2x3,729,29,729,28,4,True,0.00189,0.190297,0.149161
,128,2,7,57,0,1,1,1,0,57,7,5,5,5,1x1|1x2|1x18|1x18|1x18,32,1,32,0,32,True,0.000121,0.00877,0.035352
,128,2,7,57,1,1,1,1,0,57,6,5,5,5,1x1|1x2|1x18|1x18|1x18,32,1,32,0,32,True,0.000137,0.008656,0.033674
,128,2,7,57,2,1,1,1,0,57,5,5,5,5,1x1|1x2|1x18|1x18|1x18,32,1,32,0,32,True,0.000177,0.008469,0.032687
,128,2,7,57,3,1,1,1,0,57,4,5,5,5,1x1|1x2|1x18|1x18|1x18,32,1,32,0,32,True,0.000124,0.009909,0.034576
,128,2,7,57,4,1,1,1,0,57,3,5,5,5,1x1|1x2|1x18|1x18|1x18,32,1,32,0,32,True,0.000115,0.008692,0.033361
,128,2,7,57,5,1,1,1,0,57,2,5,5,5,1x1|1x2|1x18|1x18|1x18,32,1,32,0,32,True,0.000124,0.008525,0.035178
,128,2,7,57,6,1,1,1,0,57,1,5,5,5,1x1|1x2|1x18|1x18|1x18,32,1,32,0,32,True,0.000115,0.010034,0.036141
,128,2,7,58,0,1,1,2,1,29,7,8,8,8,1x1|1x4|1x4|1x4|1x4|1x4|1x4|1x4,6561,16,6561,29,256,True,0.000275,4.926126,4.80072
,128,2,7,58,1,1,1,2,1,29,6,2,8,8,1x1|7x4,6561,16,6561,29,4,True,0.003268,5.620676,5.494225
,128,2,7,58,2,1,1,2,1,29,5,2,8,8,1x1|7x4,6561,16,6561,29,4,True,0.002939,5.786109,5.012459
,128,2,7,58,3,1,1,2,1,29,4,2,8,8,1x1|7x4,6561,16,6561,29,4,True,0.002903,5.323425,4.852871
,128,2,7,58,4,1,1,2,1,29,3,2,8,8,1x1|7x4,6561,16,6561,29,4,True,0.002735,5.821654,5.271963
,128,2,7,58,5,1,1,2,1,29,2,2,8,8,1x1|7x4,6561,16,6561,29,4,True,0.003657,5.518015,4.929312
,128,2,7,58,6,1,1,2,1,29,1,2,8,8,1x1|7x4,6561,16,6561,29,4,True,0.003462,5.27132,4.794721
,128,2,7,59,0,1,1,1,0,59,7,2,2,2,1x1|1x58,4,1,4,0,4,True,8e-05,0.000519,0.028418
,128,2,7,59,1,1,1,1,0,59,6,2,2,2,1x1|1x58,4,1,4,0,4,True,6.6e-05,0.000462,0.0278
,128,2,7,59,2,1,1,1,0,59,5,2,2,2,1x1|1x58,4,1,4,0,4,True,5.9e-05,0.000512,0.02938
,128,2,7,59,3,1,1,1,0,59,4,2,2,2,1x1|1x58,4,1,4,0,4,True,6.2e-05,0.000435,0.028592
,128,2,7,59,4,1,1,1,0,59,3,2,2,2,1x1|1x58,4,1,4,0,4,True,5.9e-05,0.000505,0.027319
,128,2,7,59,5,1,1,1,0,59,2,2,2,2,1x1|1x58,4,1,4,0,4,True,5.9e-05,0.000406,0.027743
,128,2,7,59,6,1,1,1,0,59,1,2,2,2,1x1|1x58,4,1,4,0,4,True,5.7e-05,0.000396,0.0289
,128,2,7,60,0,1,1,4,2,15,7,4,5,5,1x1|1x2|1x4|2x4,3125,31,3125,30,16,True,0.000496,1.012437,0.903598
,128,2,7,60,1,1,1,4,2,15,6,4,5,5,1x1|1x2|1x4|2x4,3125,31,3125,30,16,True,0.000547,0.989244,0.839337
,128,2,7,60,2,1,1,4,2,15,5,4,5,5,1x1|1x2|1x4|2x4,3125,31,3125,30,16,True,0.000508,1.017829,0.910784
,128,2,7,60,3,1,1,4,2,15,4,4,5,5,1x1|1x2|1x4|2x4,3125,31,3125,30,16,True,0.00053,1.046873,0.922545
,128,2,7,60,4,1,1,4,2,15,3,4,5,5,1x1|1x2|1x4|2x4,3125,31,3125,30,16,True,0.000617,1.031181,0.898635
,128,2,7,60,5,1,1,4,2,15,2,4,5,5,1x1|1x2|1x4|2x4,3125,31,3125,30,16,True,0.000526,0.95467,0.884118
,128,2,7,60,6,1,1,4,2,15,1,4,5,5,1x1|1x2|1x4|2x4,3125,31,3125,30,16,True,0.000589,1.065614,0.977031
,256,2,8,1,0,1,1,1,0,1,8,1,1,1,1x1,2,1,2,0,2,True,6.4e-05,8.3e-05,5.1e-05
,256,2,8,1,1,1,1,1,0,1,7,1,1,1,1x1,2,1,2,0,2,True,5.3e-05,7.3e-05,4.8e-05
,256,2,8,1,1,188,3,1,0,1,7,1,1,1,1x1,2,1,2,0,2,True,5.1e-05,9.3e-05,6.3e-05
,256,2,8,1,2,1,1,1,0,1,6,1,1,1,1x1,2,1,2,0,2,True,3.3e-05,5.8e-05,5.5e-05
,256,2,8,1,2,12,5,1,0,1,6,1,1,1,1x1,2,1,2,0,2,True,4.4e-05,6.2e-05,5.1e-05
,256,2,8,1,3,1,1,1,0,1,5,1,1,1,1x1,2,1,2,0,2,True,3.8e-05,5.3e-05,4.4e-05
,256,2,8,1,3,188,3,1,0,1,5,1,1,1,1x1,2,1,2,0,2,True,5e-05,5.4e-05,5.7e-05
,256,2,8,1,4,1,1,1,0,1,4,1,1,1,1x1,2,1,2,0,2,True,5.1e-05,5e-05,5.1e-05
,256,2,8,1,4,8,17,1,0,1,4,1,1,1,1x1,2,1,2,0,2,True,6.4e-05,9.6e-05,7.3e-05
,256,2,8,1,5,1,1,1,0,1,3,1,1,1,1x1,2,1,2,0,2,True,6e-05,6.4e-05,5.7e-05
,256,2,8,1,5,188,3,1,0,1,3,1,1,1,1x1,2,1,2,0,2,True,5.6e-05,5.5e-05,4.4e-05
,256,2,8,1,6,1,1,1,0,1,2,1,1,1,1x1,2,1,2,0,2,True,3.8e-05,5.7e-05,6.3e-05
,256,2,8,1,6,12,5,1,0,1,2,1,1,1,1x1,2,1,2,0,2,True,6e-05,7.3e-05,8.4e-05
,256,2,8,1,7,1,1,1,0,1,1,1,1,1,1x1,2,1,2,0,2,True,4e-05,5.4e-05,4.7e-05
,256,2,8,1,7,188,3,1,0,1,1,1,1,1,1x1,2,1,2,0,2,True,5.7e-05,5.7e-05,6.2e-05
,256,2,8,2,0,1,1,2,1,1,8,1,1,1,1x1,3,2,3,1,2,True,5.6e-05,9e-05,7.5e-05
,256,2,8,2,1,1,1,2,1,1,7,1,1,1,1x1,3,2,3,1,2,True,6.4e-05,0.000185,7.4e-05
,256,2,8,2,1,188,3,2,1,1,7,1,1,1,1x1,3,2,3,1,2,True,5.7e-05,0.000114,0.000147
,256,2,8,2,2,1,1,2,1,1,6,1,1,1,1x1,3,2,3,1,2,True,8.7e-05,0.000125,0.000108
,256,2,8,2,2,12,5,2,1,1,6,1,1,1,1x1,3,2,3,1,2,True,7.6e-05,0.000114,0.000149
,256,2,8,2,3,1,1,2,1,1,5,1,1,1,1x1,3,2,3,1,2,True,6.3e-05,7.2e-05,7.2e-05
,256,2,8,2,3,188,3,2,1,1,5,1,1,1,1x1,3,2,3,1,2,True,5.2e-05,8e-05,6.4e-05
,256,2,8,2,4,1,1,2,1,1,4,1,1,1,1x1,3,2,3,1,2,True,6.3e-05,8.1e-05,6.7e-05
,256,2,8,2,4,8,17,2,1,1,4,1,1,1,1x1,3,2,3,1,2,True,7.1e-05,0.000123,0.00018
,256,2,8,2,5,1,1,2,1,1,3,1,1,1,1x1,3,2,3,1,2,True,7.1e-05,0.000103,7.3e-05
,256,2,8,2,5,188,3,2,1,1,3,1,1,1,1x1,3,2,3,1,2,True,6e-05,8.6e-05,8.2e-05
,256,2,8,2,6,1,1,2,1,1,2,1,1,1,1x1,3,2,3,1,2,True,5e-05,7.2e-05,8.5e-05
,256,2,8,2,6,12,5,2,1,1,2,1,1,1,1x1,3,2,3,1,2,True,7.7e-05,0.000131,9.4e-05
,256,2,8,2,7,1,1,2,1,1,1,1,1,1,1x1,3,2,3,1,2,True,7.9e-05,7.5e-05,6.4e-05
,256,2,8,2,7,188,3,2,1,1,1,1,1,1,1x1,3,2,3,1,2,True,5.1e-05,7.2e-05,6.3e-05
,256,2,8,3,0,1,1,1,0,3,8,2,3,3,1x1|2x1,8,2,8,1,4,True,8.9e-05,0.000238,0.000203
,256,2,8,3,1,1,1,1,0,3,7,3,3,3,1x1|1x1|1x1,8,1,8,0,8,True,7e-05,0.000208,0.000197
,256,2,8,3,2,1,1,1,0,3,6,2,3,3,1x1|2x1,8,2,8,1,4,True,6.5e-05,0.00022,0.000207
,256,2,8,3,2,12,5,1,0,3,6,2,3,3,1x1|2x1,8,2,8,1,4,True,9.2e-05,0.000197,0.000189
,256,2,8,3,3,1,1,1,0,3,5,3,3,3,1x1|1x1|1x1,8,1,8,0,8,True,8.1e-05,0.000225,0.000288
,256,2,8,3,4,1,1,1,0,3,4,2,3,3,1x1|2x1,8,2,8,1,4,True,8.7e-05,0.000243,0.000209
,256,2,8,3,4,8,17,1,0,3,4,2,3,3,1x1|2x1,8,2,8,1,4,True,7.2e-05,0.000192,0.000241
,256,2,8,3,5,1,1,1,0,3,3,3,3,3,1x1|1x1|1x1,8,1,8,0,8,True,7e-05,0.000203,0.000198
,256,2,8,3,6,1,1,1,0,3,2,2,3,3,1x1|2x1,8,2,8,1,4,True,6.9e-05,0.000221,0.000184
,256,2,8,3,6,12,5,1,0,3,2,2,3,3,1x1|2x1,8,2,8,1,4,True,0.000109,0.000212,0.00027
,256,2,8,3,7,1,1,1,0,3,1,3,3,3,1x1|1x1|1x1,8,1,8,0,8,True,8.7e-05,0.000292,0.000224
,256,2,8,4,0,1,1,4,2,1,8,1,1,1,1x1,5,3,5,2,2,True,0.000108,0.000146,0.000132
,256,2,8,4,1,1,1,4,2,1,7,1,1,1,1x1,5,3,5,2,2,True,9.6e-05,0.000172,0.000172
,256,2,8,4,1,188,3,4,2,1,7,1,1,1,1x1,5,3,5,2,2,True,0.000117,0.000149,0.000189
,256,2,8,4,2,1,1,4,2,1,6,1,1,1,1x1,5,3,5,2,2,True,9.2e-05,0.000173,0.000132
,256,2,8,4,2,12,5,4,2,1,6,1,1,1,1x1,5,3,5,2,2,True,7.5e-05,0.000237,0.00016
,256,2,8,4,3,1,1,4,2,1,5,1,1,1,1x1,5,3,5,2,2,True,0.000109,0.000171,0.000161
,256,2,8,4,3,188,3,4,2,1,5,1,1,1,1x1,5,3,5,2,2,True,8.1e-05,0.000158,0.000118
,256,2,8,4,4,1,1,4,2,1,4,1,1,1,1x1,5,3,5,2,2,True,8.8e-05,0.000129,0.000187
,256,2,8,4,4,8,17,4,2,1,4,1,1,1,1x1,5,3,5,2,2,True,0.000139,0.000151,0.000122
,256,2,8,4,5,1,1,4,2,1,3,1,1,1,1x1,5,3,5,2,2,True,7.6e-05,0.000148,0.000129
,256,2,8,4,5,188,3,4,2,1,3,1,1,1,1x1,5,3,5,2,2,True,0.000108,0.000158,0.000121
,256,2,8,4,6,1,1,4,2,1,2,1,1,1,1x1,5,3,5,2,2,True,7.3e-05,0.000156,0.000115
,256,2,8,4,6,12,5,4,2,1,2,1,1,1,1x1,5,3,5,2,2,True,9.7e-05,0.000144,0.000161
,256,2,8,4,7,1,1,4,2,1,1,1,1,1,1x1,5,3,5,2,2,True,0.000131,0.000181,0.000241
,256,2,8,4,7,188,3,4,2,1,1,1,1,1,1x1,5,3,5,2,2,True,8e-05,0.000133,0.000113
,256,2,8,5,0,1,1,1,0,5,8,3,5,5,1x1|2x1|2x1,32,3,32,2,8,True,0.000106,0.001329,0.001195
,256,2,8,5,1,1,1,1,0,5,7,2,5,5,1x1|4x1,32,3,32,2,4,True,0.00011,0.001185,0.001181
,256,2,8,5,1,188,3,1,0,5,7,2,5,5,1x1|4x1,32,3,32,2,4,True,0.000104,0.001197,0.001315
,256,2,8,5,2,1,1,1,0,5,6,5,5,5,1x1|1x1|1x1|1x1|1x1,32,1,32,0,32,True,0.000114,0.001244,0.001422
,256,2,8,5,3,1,1,1,0,5,5,2,5,5,1x1|4x1,32,3,32,2,4,True,0.000118,0.001304,0.001223
,256,2,8,5,3,188,3,1,0,5,5,2,5,5,1x1|4x1,32,3,32,2,4,True,0.000118,0.001284,0.00113
,256,2,8,5,4,1,1,1,0,5,4,3,5,5,1x1|2x1|2x1,32,3,32,2,8,True,0.000125,0.001157,0.00113
,256,2,8,5,4,8,17,1,0,5,4,3,5,5,1x1|2x1|2x1,32,3,32,2,8,True,0.000177,0.001414,0.001793
,256,2,8,5,5,1,1,1,0,5,3,2,5,5,1x1|4x1,32,3,32,2,4,True,0.000127,0.001139,0.001189
,256,2,8,5,5,188,3,1,0,5,3,2,5,5,1x1|4x1,32,3,32,2,4,True,0.000107,0.001354,0.001647
,256,2,8,5,6,1,1,1,0,5,2,5,5,5,1x1|1x1|1x1|1x1|1x1,32,1,32,0,32,True,0.000162,0.001856,0.001158
,256,2,8,5,7,1,1,1,0,5,1,2,5,5,1x1|4x1,32,3,32,2,4,True,0.000148,0.001111,0.001095
,256,2,8,5,7,188,3,1,0,5,1,2,5,5,1x1|4x1,32,3,32,2,4,True,0.00013,0.001135,0.001192
,256,2,8,6,0,1,1,2,1,3,8,2,3,3,1x1|2x1,27,4,27,3,4,True,0.000142,0.001307,0.000936
,256,2,8,6,1,1,1,2,1,3,7,3,3,3,1x1|1x1|1x1,27,4,27,3,8,True,0.000113,0.001111,0.001006
,256,2,8,6,2,1,1,2,1,3,6,2,3,3,1x1|2x1,27,4,27,3,4,True,0.00016,0.001091,0.000924
,256,2,8,6,2,12,5,2,1,3,6,2,3,3,1x1|2x1,27,4,27,3,4,True,0.000167,0.001044,0.001062
,256,2,8,6,3,1,1,2,1,3,5,3,3,3,1x1|1x1|1x1,27,4,27,3,8,True,0.000121,0.001036,0.000956
,256,2,8,6,4,1,1,2,1,3,4,2,3,3,1x1|2x1,27,4,27,3,4,True,0.00014,0.001184,0.001008
,256,2,8,6,4,8,17,2,1,3,4,2,3,3,1x1|2x1,27,4,27,3,4,True,0.000215,0.001059,0.001022
,256,2,8,6,5,1,1,2,1,3,3,3,3,3,1x1|1x1|1x1,27,4,27,3,8,True,0.000159,0.001253,0.001055
,256,2,8,6,6,1,1,2,1,3,2,2,3,3,1x1|2x1,27,4,27,3,4,True,0.000177,0.001156,0.001096
,256,2,8,6,6,12,5,2,1,3,2,2,3,3,1x1|2x1,27,4,27,3,4,True,0.000135,0.000978,0.001003
,256,2,8,6,7,1,1,2,1,3,1,3,3,3,1x1|1x1|1x1,27,4,27,3,8,True,0.000126,0.001208,0.001011
,256,2,8,7,0,1,1,1,0,7,8,2,3,3,1x1|2x3,8,2,8,3,4,True,0.00015,0.000346,0.000521
,256,2,8,7,1,1,1,1,0,7,7,2,3,3,1x1|2x3,8,2,8,3,4,True,7.7e-05,0.000299,0.000653
,256,2,8,7,1,188,3,1,0,7,7,2,3,3,1x1|2x3,8,2,8,3,4,True,0.000108,0.000453,0.000931
,256,2,8,7,2,1,1,1,0,7,6,2,3,3,1x1|2x3,8,2,8,3,4,True,0.000108,0.000446,0.000548
,256,2,8,7,2,12,5,1,0,7,6,2,3,3,1x1|2x3,8,2,8,3,4,True,9.1e-05,0.000304,0.000659
,256,2,8,7,3,1,1,1,0,7,5,2,3,3,1x1|2x3,8,2,8,3,4,True,0.000104,0.000318,0.000631
,256,2,8,7,3,188,3,1,0,7,5,2,3,3,1x1|2x3,8,2,8,3,4,True,0.000121,0.000345,0.000746
,256,2,8,7,4,1,1,1,0,7,4,2,3,3,1x1|2x3,8,2,8,3,4,True,8.3e-05,0.000263,0.000652
,256,2,8,7,4,8,17,1,0,7,4,2,3,3,1x1|2x3,8,2,8,3,4,True,0.000101,0.000295,0.000658
,256,2,8,7,5,1,1,1,0,7,3,2,3,3,1x1|2x3,8,2,8,3,4,True,8.4e-05,0.000392,0.000556
,256,2,8,7,5,188,3,1,0,7,3,2,3,3,1x1|2x3,8,2,8,3,4,True,9e-05,0.000287,0.000674
,256,2,8,7,6,1,1,1,0,7,2,2,3,3,1x1|2x3,8,2,8,3,4,True,0.000107,0.000262,0.000652
,256,2,8,7,6,12,5,1,0,7,2,2,3,3,1x1|2x3,8,2,8,3,4,True,0.000104,0.000255,0.000653
,256,2,8,7,7,1,1,1,0,7,1,2,3,3,1x1|2x3,8,2,8,3,4,True,8.8e-05,0.000289,0.000691
,256,2,8,7,7,188,3,1,0,7,1,2,3,3,1x1|2x3,8,2,8,3,4,True,0.000102,0.00029,0.000542
,256,2,8,8,0,1,1,8,3,1,8,1,1,1,1x1,9,5,9,4,2,True,0.000221,0.000434,0.000294
,256,2,8,8,1,1,1,8,3,1,7,1,1,1,1x1,9,5,9,4,2,True,0.000172,0.000395,0.000315
,256,2,8,8,1,188,3,8,3,1,7,1,1,1,1x1,9,5,9,4,2,True,0.000258,0.000394,0.000303
,256,2,8,8,2,1,1,8,3,1,6,1,1,1,1x1,9,5,9,4,2,True,0.00018,0.000324,0.000315
,256,2,8,8,2,12,5,8,3,1,6,1,1,1,1x1,9,5,9,4,2,True,0.000331,0.000461,0.000344
,256,2,8,8,3,1,1,8,3,1,5,1,1,1,1x1,9,5,9,4,2,True,0.000206,0.000424,0.000288
,256,2,8,8,3,188,3,8,3,1,5,1,1,1,1x1,9,5,9,4,2,True,0.000201,0.00039,0.000309
,256,2,8,8,4,1,1,8,3,1,4,1,1,1,1x1,9,5,9,4,2,True,0.00018,0.000419,0.000277
,256,2,8,8,4,8,17,8,3,1,4,1,1,1,1x1,9,5,9,4,2,True,0.000185,0.000409,0.000357
,256,2,8,8,5,1,1,8,3,1,3,1,1,1,1x1,9,5,9,4,2,True,0.000213,0.000468,0.000324
,256,2,8,8,5,188,3,8,3,1,3,1,1,1,1x1,9,5,9,4,2,True,0.000242,0.000427,0.000331
,256,2,8,8,6,1,1,8,3,1,2,1,1,1,1x1,9,5,9,4,2,True,0.000309,0.000467,0.000397
,256,2,8,8,6,12,5,8,3,1,2,1,1,1,1x1,9,5,9,4,2,True,0.000323,0.000408,0.000358
,256,2,8,8,7,1,1,8,3,1,1,1,1,1,1x1,9,5,9,4,2,True,0.000363,0.000433,0.000379
,256,2,8,8,7,188,3,8,3,1,1,1,1,1,1x1,9,5,9,4,2,True,0.000209,0.000396,0.000284
,256,2,8,9,0,1,1,1,0,9,8,3,5,5,1x1|2x1|2x3,32,4,32,4,8,True,0.000196,0.001848,0.002107
,256,2,8,9,1,1,1,1,0,9,7,5,5,5,1x1|1x1|1x1|1x3|1x3,32,1,32,0,32,True,0.000124,0.001987,0.0021
,256,2,8,9,2,1,1,1,0,9,6,3,5,5,1x1|2x1|2x3,32,4,32,4,8,True,0.000127,0.001641,0.001893
,256,2,8,9,2,12,5,1,0,9,6,3,5,5,1x1|2x1|2x3,32,4,32,4,8,True,0.000223,0.001626,0.001739
,256,2,8,9,3,1,1,1,0,9,5,5,5,5,1x1|1x1|1x1|1x3|1x3,32,1,32,0,32,True,0.000205,0.001986,0.002155
,256,2,8,9,4,1,1,1,0,9,4,3,5,5,1x1|2x1|2x3,32,4,32,4,8,True,0.000128,0.001551,0.001835
,256,2,8,9,4,8,17,1,0,9,4,3,5,5,1x1|2x1|2x3,32,4,32,4,8,True,0.000166,0.001522,0.001857
,256,2,8,9,5,1,1,1,0,9,3,5,5,5,1x1|1x1|1x1|1x3|1x3,32,1,32,0,32,True,0.000147,0.001877,0.002193
,256,2,8,9,6,1,1,1,0,9,2,3,5,5,1x1|2x1|2x3,32,4,32,4,8,True,0.00017,0.001614,0.001609
,256,2,8,9,6,12,5,1,0,9,2,3,5,5,1x1|2x1|2x3,32,4,32,4,8,True,0.000123,0.001329,0.001814
,256,2,8,9,7,1,1,1,0,9,1,5,5,5,1x1|1x1|1x1|1x3|1x3,32,1,32,0,32,True,0.0002,0.002036,0.001971
,256,2,8,10,0,1,1,2,1,5,8,3,5,5,1x1|2x1|2x1,243,6,243,5,8,True,0.000223,0.016618,0.01449
,256,2,8,10,1,1,1,2,1,5,7,2,5,5,1x1|4x1,243,6,243,5,4,True,0.000247,0.019681,0.015046
,256,2,8,10,1,188,3,2,1,5,7,2,5,5,1x1|4x1,243,6,243,5,4,True,0.000359,0.018376,0.014036
,256,2,8,10,2,1,1,2,1,5,6,5,5,5,1x1|1x1|1x1|1x1|1x1,243,6,243,5,32,True,0.000222,0.015202,0.015148
,256,2,8,10,3,1,1,2,1,5,5,2,5,5,1x1|4x1,243,6,243,5,4,True,0.000468,0.017309,0.015828
,256,2,8,10,3,188,3,2,1,5,5,2,5,5,1x1|4x1,243,6,243,5,4,True,0.000364,0.017198,0.014936
,256,2,8,10,4,1,1,2,1,5,4,3,5,5,1x1|2x1|2x1,243,6,243,5,8,True,0.000249,0.015073,0.01569
,256,2,8,10,4,8,17,2,1,5,4,3,5,5,1x1|2x1|2x1,243,6,243,5,8,True,0.000215,0.016445,0.015622
,256,2,8,10,5,1,1,2,1,5,3,2,5,5,1x1|4x1,243,6,243,5,4,True,0.000498,0.016011,0.017725
,256,2,8,10,5,188,3,2,1,5,3,2,5,5,1x1|4x1,243,6,243,5,4,True,0.000256,0.01442,0.015353
,256,2,8,10,6,1,1,2,1,5,2,5,5,5,1x1|1x1|1x1|1x1|1x1,243,6,243,5,32,True,0.000255,0.014445,0.011993
,256,2,8,10,7,1,1,2,1,5,1,2,5,5,1x1|4x1,243,6,243,5,4,True,0.000247,0.015189,0.013085
,256,2,8,10,7,188,3,2,1,5,1,2,5,5,1x1|4x1,243,6,243,5,4,True,0.000346,0.013753,0.013659
,256,2,8,11,0,1,1,1,0,11,8,2,3,3,1x1|2x5,8,2,8,5,4,True,9.9e-05,0.000427,0.001372
,256,2,8,11,1,1,1,1,0,11,7,3,3,3,1x1|1x5|1x5,8,1,8,0,8,True,7.4e-05,0.000473,0.001454
,256,2,8,11,1,188,3,1,0,11,7,3,3,3,1x1|1x5|1x5,8,1,8,0,8,True,9e-05,0.000571,0.001521
,256,2,8,11,2,1,1,1,0,11,6,2,3,3,1x1|2x5,8,2,8,5,4,True,0.000123,0.000383,0.001469
,256,2,8,11,2,12,5,1,0,11,6,2,3,3,1x1|2x5,8,2,8,5,4,True,9.8e-05,0.000434,0.001438
,256,2,8,11,3,1,1,1,0,11,5,3,3,3,1x1|1x5|1x5,8,1,8,0,8,True,0.000109,0.000508,0.00195
,256,2,8,11,3,188,3,1,0,11,5,3,3,3,1x1|1x5|1x5,8,1,8,0,8,True,8e-05,0.000511,0.001561
,256,2,8,11,4,1,1,1,0,11,4,2,3,3,1x1|2x5,8,2,8,5,4,True,7.9e-05,0.000461,0.001557
,256,2,8,11,4,8,17,1,0,11,4,2,3,3,1x1|2x5,8,2,8,5,4,True,0.000133,0.00047,0.001544
,256,2,8,11,5,1,1,1,0,11,3,3,3,3,1x1|1x5|1x5,8,1,8,0,8,True,0.000138,0.000545,0.001681
,256,2,8,11,5,188,3,1,0,11,3,3,3,3,1x1|1x5|1x5,8,1,8,0,8,True,0.000108,0.000512,0.001605
,256,2,8,11,6,1,1,1,0,11,2,2,3,3,1x1|2x5,8,2,8,5,4,True,7.7e-05,0.000401,0.001518
,256,2,8,11,6,12,5,1,0,11,2,2,3,3,1x1|2x5,8,2,8,5,4,True,8.2e-05,0.000406,0.001555
,256,2,8,11,7,1,1,1,0,11,1,3,3,3,1x1|1x5|1x5,8,1,8,0,8,True,0.000101,0.000578,0.001782
,256,2,8,11,7,188,3,1,0,11,1,3,3,3,1x1|1x5|1x5,8,1,8,0,8,True,0.0001,0.000532,0.001762
,256,2,8,12,0,1,1,4,2,3,8,2,3,3,1x1|2x1,125,7,125,6,4,True,0.000398,0.008878,0.006985
,256,2,8,12,1,1,1,4,2,3,7,3,3,3,1x1|1x1|1x1,125,7,125,6,8,True,0.000289,0.009316,0.006838
,256,2,8,12,2,1,1,4,2,3,6,2,3,3,1x1|2x1,125,7,125,6,4,True,0.000378,0.007942,0.006735
,256,2,8,12,2,12,5,4,2,3,6,2,3,3,1x1|2x1,125,7,125,6,4,True,0.000368,0.007951,0.006762
,256,2,8,12,3,1,1,4,2,3,5,3,3,3,1x1|1x1|1x1,125,7,125,6,8,True,0.000229,0.008162,0.006287
,256,2,8,12,4,1,1,4,2,3,4,2,3,3,1x1|2x1,125,7,125,6,4,True,0.000408,0.007783,0.006283
,256,2,8,12,4,8,17,4,2,3,4,2,3,3,1x1|2x1,125,7,125,6,4,True,0.000379,0.007951,0.006628
,256,2,8,12,5,1,1,4,2,3,3,3,3,3,1x1|1x1|1x1,125,7,125,6,8,True,0.00023,0.009321,0.007754
,256,2,8,12,6,1,1,4,2,3,2,2,3,3,1x1|2x1,125,7,125,6,4,True,0.000407,0.007236,0.005837
,256,2,8,12,6,12,5,4,2,3,2,2,3,3,1x1|2x1,125,7,125,6,4,True,0.000447,0.009557,0.006473
,256,2,8,12,7,1,1,4,2,3,1,3,3,3,1x1|1x1|1x1,125,7,125,6,8,True,0.000197,0.007992,0.006157
,256,2,8,13,0,1,1,1,0,13,8,3,5,5,1x1|2x3|2x3,32,3,32,6,8,True,0.000142,0.002877,0.004269
,256,2,8,13,1,1,1,1,0,13,7,2,5,5,1x1|4x3,32,3,32,6,4,True,0.000109,0.002582,0.003772
,256,2,8,13,1,188,3,1,0,13,7,2,5,5,1x1|4x3,32,3,32,6,4,True,0.000111,0.002432,0.003267
,256,2,8,13,2,1,1,1,0,13,6,5,5,5,1x1|1x3|1x3|1x3|1x3,32,1,32,0,32,True,0.000106,0.002956,0.004431
,256,2,8,13,2,12,5,1,0,13,6,5,5,5,1x1|1x3|1x3|1x3|1x3,32,1,32,0,32,True,0.000107,0.003225,0.004608
,256,2,8,13,3,1,1,1,0,13,5,2,5,5,1x1|4x3,32,3,32,6,4,True,0.000119,0.002574,0.00345
,256,2,8,13,3,188,3,1,0,13,5,2,5,5,1x1|4x3,32,3,32,6,4,True,0.000159,0.002866,0.004192
,256,2,8,13,4,1,1,1,0,13,4,3,5,5,1x1|2x3|2x3,32,3,32,6,8,True,0.000111,0.00232,0.004604
,256,2,8,13,4,8,17,1,0,13,4,3,5,5,1x1|2x3|2x3,32,3,32,6,8,True,0.00011,0.002307,0.003433
,256,2,8,13,5,1,1,1,0,13,3,2,5,5,1x1|4x3,32,3,32,6,4,True,0.0001,0.002348,0.00348
,256,2,8,13,5,188,3,1,0,13,3,2,5,5,1x1|4x3,32,3,32,6,4,True,0.000134,0.002711,0.003498
,256,2,8,13,6,1,1,1,0,13,2,5,5,5,1x1|1x3|1x3|1x3|1x3,32,1,32,0,32,True,0.000149,0.002686,0.003772
,256,2,8,13,6,12,5,1,0,13,2,5,5,5,1x1|1x3|1x3|1x3|1x3,32,1,32,0,32,True,0.000136,0.002496,0.003259
,256,2,8,13,7,1,1,1,0,13,1,2,5,5,1x1|4x3,32,3,32,6,4,True,8.4e-05,0.002218,0.003419
,256,2,8,13,7,188,3,1,0,13,1,2,5,5,1x1|4x3,32,3,32,6,4,True,9.4e-05,0.002215,0.003208
,256,2,8,14,0,1,1,2,1,7,8,2,3,3,1x1|2x3,27,6,27,7,4,True,0.000183,0.001482,0.0019
,256,2,8,14,1,1,1,2,1,7,7,2,3,3,1x1|2x3,27,6,27,7,4,True,0.000116,0.00139,0.001484
,256,2,8,14,1,188,3,2,1,7,7,2,3,3,1x1|2x3,27,6,27,7,4,True,0.000167,0.001878,0.001619
,256,2,8,14,2,1,1,2,1,7,6,2,3,3,1x1|2x3,27,6,27,7,4,True,0.000152,0.001336,0.001542
,256,2,8,14,2,12,5,2,1,7,6,2,3,3,1x1|2x3,27,6,27,7,4,True,0.000118,0.001726,0.001671
,256,2,8,14,3,1,1,2,1,7,5,2,3,3,1x1|2x3,27,6,27,7,4,True,0.000118,0.001389,0.001635
,256,2,8,14,3,188,3,2,1,7,5,2,3,3,1x1|2x3,27,6,27,7,4,True,0.000149,0.001404,0.001619
,256,2,8,14,4,1,1,2,1,7,4,2,3,3,1x1|2x3,27,6,27,7,4,True,0.000126,0.001761,0.001522
,256,2,8,14,4,8,17,2,1,7,4,2,3,3,1x1|2x3,27,6,27,7,4,True,0.000128,0.001424,0.001516
,256,2,8,14,5,1,1,2,1,7,3,2,3,3,1x1|2x3,27,6,27,7,4,True,0.000126,0.001323,0.002126
,256,2,8,14,5,188,3,2,1,7,3,2,3,3,1x1|2x3,27,6,27,7,4,True,0.00019,0.001987,0.002051
,256,2,8,14,6,1,1,2,1,7,2,2,3,3,1x1|2x3,27,6,27,7,4,True,0.000117,0.001579,0.001483
,256,2,8,14,6,12,5,2,1,7,2,2,3,3,1x1|2x3,27,6,27,7,4,True,0.000118,0.001396,0.001409
,256,2,8,14,7,1,1,2,1,7,1,2,3,3,1x1|2x3,27,6,27,7,4,True,0.000126,0.00142,0.001456
,256,2,8,14,7,188,3,2,1,7,1,2,3,3,1x1|2x3,27,6,27,7,4,True,0.00012,0.001464,0.001602
,256,2,8,15,0,1,1,1,0,15,8,8,15,15,1x1|2x1|2x1|2x1|2x1|2x1|2x1|2x1,32768,8,32768,7,256,True,0.000336,4.17863,4.160805
,256,2,8,15,1,1,1,1,0,15,7,6,15,15,1x1|1x1|1x1|4x1|4x1|4x1,32768,7,32768,6,64,True,0.000257,3.849249,4.11767
,256,2,8,15,2,1,1,1,0,15,6,10,15,15,1x1|1x1|1x1|1x1|1x1|2x1|2x1|2x1|2x1|2x1,32768,6,32768,5,1024,True,0.000303,3.912791,4.287411
,256,2,8,15,3,1,1,1,0,15,5,6,15,15,1x1|1x1|1x1|4x1|4x1|4x1,32768,7,32768,6,64,True,0.000242,4.097148,4.687321
,256,2,8,15,4,1,1,1,0,15,4,8,15,15,1x1|2x1|2x1|2x1|2x1|2x1|2x1|2x1,32768,8,32768,7,256,True,0.000455,4.176406,3.907691
,256,2,8,15,4,8,17,1,0,15,4,8,15,15,1x1|2x1|2x1|2x1|2x1|2x1|2x1|2x1,32768,8,32768,7,256,True,0.000321,3.65245,4.02047
,256,2,8,15,5,1,1,1,0,15,3,6,15,15,1x1|1x1|1x1|4x1|4x1|4x1,32768,7,32768,6,64,True,0.000241,3.801696,3.96101
,256,2,8,15,6,1,1,1,0,15,2,10,15,15,1x1|1x1|1x1|1x1|1x1|2x1|2x1|2x1|2x1|2x1,32768,6,32768,5,1024,True,0.000298,3.753262,4.489913
,256,2,8,15,7,1,1,1,0,15,1,6,15,15,1x1|1x1|1x1|4x1|4x1|4x1,32768,7,32768,6,64,True,0.000406,4.182899,4.335879
,256,2,8,16,0,1,1,16,4,1,8,1,1,1,1x1,17,9,17,8,2,True,0.000669,0.001229,0.000874
,256,2,8,16,1,1,1,16,4,1,7,1,1,1,1x1,17,9,17,8,2,True,0.000775,0.001218,0.000788
,256,2,8,16,1,188,3,16,4,1,7,1,1,1,1x1,17,9,17,8,2,True,0.000621,0.00105,0.000821
,256,2,8,16,2,1,1,16,4,1,6,1,1,1,1x1,17,9,17,8,2,True,0.000596,0.001028,0.000805
,256,2,8,16,2,12,5,16,4,1,6,1,1,1,1x1,17,9,17,8,2,True,0.000665,0.001042,0.000813
,256,2,8,16,3,1,1,16,4,1,5,1,1,1,1x1,17,9,17,8,2,True,0.000582,0.001031,0.000873
,256,2,8,16,3,188,3,16,4,1,5,1,1,1,1x1,17,9,17,8,2,True,0.000654,0.001553,0.001195
,256,2,8,16,4,1,1,16,4,1,4,1,1,1,1x1,17,9,17,8,2,True,0.000596,0.00111,0.00092
,256,2,8,16,4,8,17,16,4,1,4,1,1,1,1x1,17,9,17,8,2,True,0.000646,0.001354,0.000905
,256,2,8,16,5,1,1,16,4,1,3,1,1,1,1x1,17,9,17,8,2,True,0.000657,0.001013,0.000778
,256,2,8,16,5,188,3,16,4,1,3,1,1,1,1x1,17,9,17,8,2,True,0.000777,0.00107,0.000778
,256,2,8,16,6,1,1,16,4,1,2,1,1,1,1x1,17,9,17,8,2,True,0.000806,0.001486,0.001136
,256,2,8,16,6,12,5,16,4,1,2,1,1,1,1x1,17,9,17,8,2,True,0.000581,0.000968,0.000853
,256,2,8,16,7,1,1,16,4,1,1,1,1,1,1x1,17,9,17,8,2,True,0.000761,0.001143,0.000827
,256,2,8,16,7,188,3,16,4,1,1,1,1,1,1x1,17,9,17,8,2,True,0.000887,0.001282,0.001149
,256,2,8,18,0,1,1,2,1,9,8,3,5,5,1x1|2x1|2x3,243,10,243,9,8,True,0.000196,0.019014,0.017623
,256,2,8,18,1,1,1,2,1,9,7,5,5,5,1x1|1x1|1x1|1x3|1x3,243,10,243,9,32,True,0.000179,0.018536,0.016865
,256,2,8,18,2,1,1,2,1,9,6,3,5,5,1x1|2x1|2x3,243,10,243,9,8,True,0.000203,0.01879,0.016407
,256,2,8,18,2,12,5,2,1,9,6,3,5,5,1x1|2x1|2x3,243,10,243,9,8,True,0.000184,0.018781,0.018521
,256,2,8,18,3,1,1,2,1,9,5,5,5,5,1x1|1x1|1x1|1x3|1x3,243,10,243,9,32,True,0.000191,0.020404,0.019699
,256,2,8,18,4,1,1,2,1,9,4,3,5,5,1x1|2x1|2x3,243,10,243,9,8,True,0.000239,0.021766,0.018524
,256,2,8,18,4,8,17,2,1,9,4,3,5,5,1x1|2x1|2x3,243,10,243,9,8,True,0.000224,0.018615,0.017649
,256,2,8,18,5,1,1,2,1,9,3,5,5,5,1x1|1x1|1x1|1x3|1x3,243,10,243,9,32,True,0.000157,0.024015,0.02252
,256,2,8,18,6,1,1,2,1,9,2,3,5,5,1x1|2x1|2x3,243,10,243,9,8,True,0.000232,0.018626,0.01683
,256,2,8,18,6,12,5,2,1,9,2,3,5,5,1x1|2x1|2x3,243,10,243,9,8,True,0.000195,0.018188,0.019034
,256,2,8,18,7,1,1,2,1,9,1,5,5,5,1x1|1x1|1x1|1x3|1x3,243,10,243,9,32,True,0.000164,0.01938,0.016421
,256,2,8,19,0,1,1,1,0,19,8,2,3,3,1x1|2x9,8,2,8,9,4,True,7.5e-05,0.000536,0.004956
,256,2,8,19,1,1,1,1,0,19,7,3,3,3,1x1|1x9|1x9,8,1,8,0,8,True,9.2e-05,0.000718,0.005006
,256,2,8,19,1,188,3,1,0,19,7,3,3,3,1x1|1x9|1x9,8,1,8,0,8,True,6.7e-05,0.000679,0.004909
,256,2,8,19,2,1,1,1,0,19,6,2,3,3,1x1|2x9,8,2,8,9,4,True,6.8e-05,0.00053,0.004926
,256,2,8,19,2,12,5,1,0,19,6,2,3,3,1x1|2x9,8,2,8,9,4,True,6.8e-05,0.000515,0.004751
,256,2,8,19,3,1,1,1,0,19,5,3,3,3,1x1|1x9|1x9,8,1,8,0,8,True,6.3e-05,0.000681,0.004774
,256,2,8,19,3,188,3,1,0,19,5,3,3,3,1x1|1x9|1x9,8,1,8,0,8,True,6.4e-05,0.000673,0.004912
,256,2,8,19,4,1,1,1,0,19,4,2,3,3,1x1|2x9,8,2,8,9,4,True,7.3e-05,0.0005,0.004831
,256,2,8,19,4,8,17,1,0,19,4,2,3,3,1x1|2x9,8,2,8,9,4,True,7.7e-05,0.000546,0.004807
,256,2,8,19,5,1,1,1,0,19,3,3,3,3,1x1|1x9|1x9,8,1,8,0,8,True,6.5e-05,0.000637,0.004921
,256,2,8,19,5,188,3,1,0,19,3,3,3,3,1x1|1x9|1x9,8,1,8,0,8,True,6.7e-05,0.000674,0.004835
,256,2,8,19,6,1,1,1,0,19,2,2,3,3,1x1|2x9,8,2,8,9,4,True,7.1e-05,0.000467,0.004774
,256,2,8,19,6,12,5,1,0,19,2,2,3,3,1x1|2x9,8,2,8,9,4,True,7e-05,0.000498,0.004881
,256,2,8,19,7,1,1,1,0,19,1,3,3,3,1x1|1x9|1x9,8,1,8,0,8,True,6.6e-05,0.000666,0.005046
,256,2,8,19,7,188,3,1,0,19,1,3,3,3,1x1|1x9|1x9,8,1,8,0,8,True,6.8e-05,0.000756,0.005075
,256,2,8,20,0,1,1,4,2,5,8,3,5,5,1x1|2x1|2x1,3125,11,3125,10,8,True,0.000631,0.448715,0.38564
,256,2,8,20,1,1,1,4,2,5,7,2,5,5,1x1|4x1,3125,11,3125,10,4,True,0.0014,0.446817,0.386884
,256,2,8,20,1,188,3,4,2,5,7,2,5,5,1x1|4x1,3125,11,3125,10,4,True,0.001101,0.469815,0.378815
,256,2,8,20,2,1,1,4,2,5,6,5,5,5,1x1|1x1|1x1|1x1|1x1,3125,11,3125,10,32,True,0.000307,0.412873,0.374313
,256,2,8,20,3,1,1,4,2,5,5,2,5,5,1x1|4x1,3125,11,3125,10,4,True,0.001179,0.466239,0.409718
,256,2,8,20,3,188,3,4,2,5,5,2,5,5,1x1|4x1,3125,11,3125,10,4,True,0.001218,0.425499,0.361398
,256,2,8,20,4,1,1,4,2,5,4,3,5,5,1x1|2x1|2x1,3125,11,3125,10,8,True,0.000789,0.409633,0.353867
,256,2,8,20,4,8,17,4,2,5,4,3,5,5,1x1|2x1|2x1,3125,11,3125,10,8,True,0.000629,0.428725,0.327184
,256,2,8,20,5,1,1,4,2,5,3,2,5,5,1x1|4x1,3125,11,3125,10,4,True,0.001096,0.415277,0.352651
,256,2,8,20,5,188,3,4,2,5,3,2,5,5,1x1|4x1,3125,11,3125,10,4,True,0.001126,0.405225,0.34254
,256,2,8,20,6,1,1,4,2,5,2,5,5,5,1x1|1x1|1x1|1x1|1x1,3125,11,3125,10,32,True,0.000311,0.400919,0.316377
,256,2,8,20,7,1,1,4,2,5,1,2,5,5,1x1|4x1,3125,11,3125,10,4,True,0.001136,0.411338,0.350147
,256,2,8,20,7,188,3,4,2,5,1,2,5,5,1x1|4x1,3125,11,3125,10,4,True,0.0011,0.432609,0.404961
,256,2,8,21,0,1,1,1,0,21,8,5,9,9,1x1|2x1|2x3|2x3|2x3,512,8,512,10,32,True,0.000315,0.077478,0.067285
,256,2,8,21,1,1,1,1,0,21,7,6,9,9,1x1|1x1|1x1|2x3|2x3|2x3,512,4,512,9,64,True,0.000196,0.061745,0.060053
,256,2,8,21,2,1,1,1,0,21,6,5,9,9,1x1|2x1|2x3|2x3|2x3,512,8,512,10,32,True,0.000185,0.063933,0.065207
,256,2,8,21,2,12,5,1,0,21,6,5,9,9,1x1|2x1|2x3|2x3|2x3,512,8,512,10,32,True,0.000183,0.06789,0.062588
,256,2,8,21,3,1,1,1,0,21,5,6,9,9,1x1|1x1|1x1|2x3|2x3|2x3,512,4,512,9,64,True,0.00017,0.056158,0.056529
,256,2,8,21,4,1,1,1,0,21,4,5,9,9,1x1|2x1|2x3|2x3|2x3,512,8,512,10,32,True,0.000186,0.056285,0.060184
,256,2,8,21,4,8,17,1,0,21,4,5,9,9,1x1|2x1|2x3|2x3|2x3,512,8,512,10,32,True,0.000197,0.056823,0.059883
,256,2,8,21,5,1,1,1,0,21,3,6,9,9,1x1|1x1|1x1|2x3|2x3|2x3,512,4,512,9,64,True,0.000286,0.109799,0.096646
,256,2,8,21,6,1,1,1,0,21,2,5,9,9,1x1|2x1|2x3|2x3|2x3,512,8,512,10,32,True,0.000288,0.108081,0.110826
,256,2,8,21,6,12,5,1,0,21,2,5,9,9,1x1|2x1|2x3|2x3|2x3,512,8,512,10,32,True,0.000292,0.095548,0.093533
,256,2,8,21,7,1,1,1,0,21,1,6,9,9,1x1|1x1|1x1|2x3|2x3|2x3,512,4,512,9,64,True,0.0002,0.072993,0.107501
,256,2,8,22,0,1,1,2,1,11,8,2,3,3,1x1|2x5,27,6,27,11,4,True,0.000225,0.004935,0.006754
,256,2,8,22,1,1,1,2,1,11,7,3,3,3,1x1|1x5|1x5,27,6,27,11,8,True,0.000201,0.006882,0.007187
,256,2,8,22,1,188,3,2,1,11,7,3,3,3,1x1|1x5|1x5,27,6,27,11,8,True,0.000209,0.006774,0.008894
,256,2,8,22,2,1,1,2,1,11,6,2,3,3,1x1|2x5,27,6,27,11,4,True,0.000464,0.008259,0.007094
,256,2,8,22,2,12,5,2,1,11,6,2,3,3,1x1|2x5,27,6,27,11,4,True,0.000254,0.005149,0.00561
,256,2,8,22,3,1,1,2,1,11,5,3,3,3,1x1|1x5|1x5,27,6,27,11,8,True,0.00021,0.004737,0.006281
,256,2,8,22,3,188,3,2,1,11,5,3,3,3,1x1|1x5|1x5,27,6,27,11,8,True,0.000216,0.004842,0.005861
,256,2,8,22,4,1,1,2,1,11,4,2,3,3,1x1|2x5,27,6,27,11,4,True,0.000161,0.004819,0.006614
,256,2,8,22,4,8,17,2,1,11,4,2,3,3,1x1|2x5,27,6,27,11,4,True,0.000286,0.005711,0.007519
,256,2,8,22,5,1,1,2,1,11,3,3,3,3,1x1|1x5|1x5,27,6,27,11,8,True,0.000252,0.00436,0.006224
,256,2,8,22,5,188,3,2,1,11,3,3,3,3,1x1|1x5|1x5,27,6,27,11,8,True,0.00021,0.00483,0.006508
,256,2,8,22,6,1,1,2,1,11,2,2,3,3,1x1|2x5,27,6,27,11,4,True,0.000193,0.004296,0.006418
,256,2,8,22,6,12,5,2,1,11,2,2,3,3,1x1|2x5,27,6,27,11,4,True,0.000207,0.004611,0.007183
,256,2,8,22,7,1,1,2,1,11,1,3,3,3,1x1|1x5|1x5,27,6,27,11,8,True,0.000386,0.00764,0.011824
,256,2,8,22,7,188,3,2,1,11,1,3,3,3,1x1|1x5|1x5,27,6,27,11,8,True,0.000371,0.005688,0.006563
,256,2,8,23,0,1,1,1,0,23,8,2,3,3,1x1|2x11,8,2,8,11,4,True,0.000271,0.002099,0.013349
,256,2,8,23,1,1,1,1,0,23,7,2,3,3,1x1|2x11,8,2,8,11,4,True,0.000204,0.001929,0.009208
,256,2,8,23,1,188,3,1,0,23,7,2,3,3,1x1|2x11,8,2,8,11,4,True,0.000262,0.002281,0.013326
,256,2,8,23,2,1,1,1,0,23,6,2,3,3,1x1|2x11,8,2,8,11,4,True,0.000119,0.000886,0.00597
,256,2,8,23,2,12,5,1,0,23,6,2,3,3,1x1|2x11,8,2,8,11,4,True,0.000188,0.001494,0.010578
,256,2,8,23,3,1,1,1,0,23,5,2,3,3,1x1|2x11,8,2,8,11,4,True,0.000177,0.001234,0.005336
,256,2,8,23,3,188,3,1,0,23,5,2,3,3,1x1|2x11,8,2,8,11,4,True,0.000304,0.002158,0.013722
,256,2,8,23,4,1,1,1,0,23,4,2,3,3,1x1|2x11,8,2,8,11,4,True,0.000241,0.001727,0.013257
,256,2,8,23,4,8,17,1,0,23,4,2,3,3,1x1|2x11,8,2,8,11,4,True,0.000172,0.002008,0.012412
,256,2,8,23,5,1,1,1,0,23,3,2,3,3,1x1|2x11,8,2,8,11,4,True,0.000367,0.002275,0.014846
,256,2,8,23,5,188,3,1,0,23,3,2,3,3,1x1|2x11,8,2,8,11,4,True,0.000273,0.001795,0.013564
,256,2,8,23,6,1,1,1,0,23,2,2,3,3,1x1|2x11,8,2,8,11,4,True,0.00022,0.001785,0.01044
,256,2,8,23,6,12,5,1,0,23,2,2,3,3,1x1|2x11,8,2,8,11,4,True,0.00012,0.000854,0.006213
,256,2,8,23,7,1,1,1,0,23,1,2,3,3,1x1|2x11,8,2,8,11,4,True,0.00017,0.000963,0.005869
,256,2,8,23,7,188,3,1,0,23,1,2,3,3,1x1|2x11,8,2,8,11,4,True,0.000114,0.000754,0.006241
,256,2,8,24,0,1,1,8,3,3,8,2,3,3,1x1|2x1,729,13,729,12,4,True,0.003147,0.183006,0.07704
,256,2,8,24,1,1,1,8,3,3,7,3,3,3,1x1|1x1|1x1,729,13,729,12,8,True,0.000893,0.104825,0.072726
,256,2,8,24,2,1,1,8,3,3,6,2,3,3,1x1|2x1,729,13,729,12,4,True,0.002725,0.138162,0.080365
,256,2,8,24,2,12,5,8,3,3,6,2,3,3,1x1|2x1,729,13,729,12,4,True,0.002808,0.102235,0.073006
,256,2,8,24,3,1,1,8,3,3,5,3,3,3,1x1|1x1|1x1,729,13,729,12,8,True,0.000668,0.105497,0.083354
,256,2,8,24,4,1,1,8,3,3,4,2,3,3,1x1|2x1,729,13,729,12,4,True,0.002563,0.097649,0.084721
,256,2,8,24,4,8,17,8,3,3,4,2,3,3,1x1|2x1,729,13,729,12,4,True,0.002962,0.131573,0.111675
,256,2,8,24,5,1,1,8,3,3,3,3,3,3,1x1|1x1|1x1,729,13,729,12,8,True,0.000644,0.114122,0.07146
,256,2,8,24,6,1,1,8,3,3,2,2,3,3,1x1|2x1,729,13,729,12,4,True,0.008262,0.228616,0.117578
,256,2,8,24,6,12,5,8,3,3,2,2,3,3,1x1|2x1,729,13,729,12,4,True,0.002783,0.10781,0.067654
,256,2,8,24,7,1,1,8,3,3,1,3,3,3,1x1|1x1|1x1,729,13,729,12,8,True,0.00061,0.108175,0.084392
,256,2,8,25,0,1,1,1,0,25,8,5,9,9,1x1|2x1|2x1|2x5|2x5,512,9,512,12,32,True,0.000224,0.063229,0.067109
,256,2,8,25,1,1,1,1,0,25,7,3,9,9,1x1|4x1|4x5,512,9,512,12,8,True,0.000166,0.075548,0.06865
,256,2,8,25,1,188,3,1,0,25,7,3,9,9,1x1|4x1|4x5,512,9,512,12,8,True,0.000229,0.065049,0.06889
,256,2,8,25,2,1,1,1,0,25,6,9,9,9,1x1|1x1|1x1|1x1|1x1|1x5|1x5|1x5|1x5,512,1,512,0,512,True,0.000271,0.070744,0.077806
,256,2,8,25,3,1,1,1,0,25,5,3,9,9,1x1|4x1|4x5,512,9,512,12,8,True,0.000165,0.076702,0.06935
,256,2,8,25,3,188,3,1,0,25,5,3,9,9,1x1|4x1|4x5,512,9,512,12,8,True,0.000182,0.06731,0.069173
,256,2,8,25,4,1,1,1,0,25,4,5,9,9,1x1|2x1|2x1|2x5|2x5,512,9,512,12,32,True,0.000183,0.062443,0.069442
,256,2,8,25,4,8,17,1,0,25,4,5,9,9,1x1|2x1|2x1|2x5|2x5,512,9,512,12,32,True,0.000178,0.063918,0.065364
,256,2,8,25,5,1,1,1,0,25,3,3,9,9,1x1|4x1|4x5,512,9,512,12,8,True,0.000166,0.063767,0.062942
,256,2,8,25,5,188,3,1,0,25,3,3,9,9,1x1|4x1|4x5,512,9,512,12,8,True,0.000164,0.064066,0.062191
,256,2,8,25,6,1,1,1,0,25,2,9,9,9,1x1|1x1|1x1|1x1|1x1|1x5|1x5|1x5|1x5,512,1,512,0,512,True,0.00016,0.064763,0.065057
,256,2,8,25,7,1,1,1,0,25,1,3,9,9,1x1|4x1|4x5,512,9,512,12,8,True,0.000153,0.059055,0.060992
,256,2,8,25,7,188,3,1,0,25,1,3,9,9,1x1|4x1|4x5,512,9,512,12,8,True,0.000161,0.05656,0.058733
,256,2,8,26,0,1,1,2,1,13,8,3,5,5,1x1|2x3|2x3,243,10,243,13,8,True,0.000189,0.0374,0.034472
,256,2,8,26,1,1,1,2,1,13,7,2,5,5,1x1|4x3,243,10,243,13,4,True,0.000239,0.042285,0.039763
,256,2,8,26,1,188,3,2,1,13,7,2,5,5,1x1|4x3,243,10,243,13,4,True,0.000198,0.040371,0.039578
,256,2,8,26,2,1,1,2,1,13,6,5,5,5,1x1|1x3|1x3|1x3|1x3,243,10,243,13,32,True,0.000143,0.03944,0.037677
,256,2,8,26,2,12,5,2,1,13,6,5,5,5,1x1|1x3|1x3|1x3|1x3,243,10,243,13,32,True,0.000185,0.040531,0.0365
,256,2,8,26,3,1,1,2,1,13,5,2,5,5,1x1|4x3,243,10,243,13,4,True,0.000236,0.041621,0.039626
,256,2,8,26,3,188,3,2,1,13,5,2,5,5,1x1|4x3,243,10,243,13,4,True,0.000235,0.042549,0.036215
,256,2,8,26,4,1,1,2,1,13,4,3,5,5,1x1|2x3|2x3,243,10,243,13,8,True,0.000194,0.039125,0.035621
,256,2,8,26,4,8,17,2,1,13,4,3,5,5,1x1|2x3|2x3,243,10,243,13,8,True,0.000249,0.038399,0.035942
,256,2,8,26,5,1,1,2,1,13,3,2,5,5,1x1|4x3,243,10,243,13,4,True,0.000233,0.040744,0.038748
,256,2,8,26,5,188,3,2,1,13,3,2,5,5,1x1|4x3,243,10,243,13,4,True,0.000233,0.041733,0.040169
,256,2,8,26,6,1,1,2,1,13,2,5,5,5,1x1|1x3|1x3|1x3|1x3,243,10,243,13,32,True,0.000204,0.038346,0.036353
,256,2,8,26,6,12,5,2,1,13,2,5,5,5,1x1|1x3|1x3|1x3|1x3,243,10,243,13,32,True,0.000192,0.040504,0.036821
,256,2,8,26,7,1,1,2,1,13,1,2,5,5,1x1|4x3,243,10,243,13,4,True,0.000342,0.043007,0.041172
,256,2,8,26,7,188,3,2,1,13,1,2,5,5,1x1|4x3,243,10,243,13,4,True,0.000237,0.043627,0.046278
,256,2,8,27,0,1,1,1,0,27,8,4,7,7,1x1|2x1|2x3|2x9,128,8,128,13,16,True,0.00015,0.01159,0.012453
,256,2,8,27,1,1,1,1,0,27,7,7,7,7,1x1|1x1|1x1|1x3|1x3|1x9|1x9,128,1,128,0,128,True,0.00015,0.014147,0.014737
,256,2,8,27,2,1,1,1,0,27,6,4,7,7,1x1|2x1|2x3|2x9,128,8,128,13,16,True,0.000136,0.010858,0.012256
,256,2,8,27,2,12,5,1,0,27,6,4,7,7,1x1|2x1|2x3|2x9,128,8,128,13,16,True,0.000149,0.011696,0.012599
,256,2,8,27,3,1,1,1,0,27,5,7,7,7,1x1|1x1|1x1|1x3|1x3|1x9|1x9,128,1,128,0,128,True,0.000149,0.013839,0.014878
,256,2,8,27,4,1,1,1,0,27,4,4,7,7,1x1|2x1|2x3|2x9,128,8,128,13,16,True,0.000144,0.010601,0.0116
,256,2,8,27,4,8,17,1,0,27,4,4,7,7,1x1|2x1|2x3|2x9,128,8,128,13,16,True,0.000134,0.011098,0.011826
,256,2,8,27,5,1,1,1,0,27,3,7,7,7,1x1|1x1|1x1|1x3|1x3|1x9|1x9,128,1,128,0,128,True,0.000151,0.013986,0.014353
,256,2,8,27,6,1,1,1,0,27,2,4,7,7,1x1|2x1|2x3|2x9,128,8,128,13,16,True,0.000138,0.010388,0.011644
,256,2,8,27,6,12,5,1,0,27,2,4,7,7,1x1|2x1|2x3|2x9,128,8,128,13,16,True,0.000171,0.011121,0.011834
,256,2,8,27,7,1,1,1,0,27,1,7,7,7,1x1|1x1|1x1|1x3|1x3|1x9|1x9,128,1,128,0,128,True,0.000143,0.013732,0.013997
,256,2,8,28,0,1,1,4,2,7,8,2,3,3,1x1|2x3,125,15,125,14,4,True,0.000335,0.013392,0.011596
,256,2,8,28,1,1,1,4,2,7,7,2,3,3,1x1|2x3,125,15,125,14,4,True,0.000376,0.012428,0.011489
,256,2,8,28,1,188,3,4,2,7,7,2,3,3,1x1|2x3,125,15,125,14,4,True,0.000379,0.013221,0.011651
,256,2,8,28,2,1,1,4,2,7,6,2,3,3,1x1|2x3,125,15,125,14,4,True,0.000334,0.012144,0.010332
,256,2,8,28,2,12,5,4,2,7,6,2,3,3,1x1|2x3,125,15,125,14,4,True,0.000325,0.012821,0.011714
,256,2,8,28,3,1,1,4,2,7,5,2,3,3,1x1|2x3,125,15,125,14,4,True,0.000326,0.012307,0.010925
,256,2,8,28,3,188,3,4,2,7,5,2,3,3,1x1|2x3,125,15,125,14,4,True,0.000335,0.013136,0.011424
,256,2,8,28,4,1,1,4,2,7,4,2,3,3,1x1|2x3,125,15,125,14,4,True,0.00037,0.012455,0.01066
,256,2,8,28,4,8,17,4,2,7,4,2,3,3,1x1|2x3,125,15,125,14,4,True,0.000324,0.012715,0.01126
,256,2,8,28,5,1,1,4,2,7,3,2,3,3,1x1|2x3,125,15,125,14,4,True,0.000341,0.013556,0.011853
,256,2,8,28,5,188,3,4,2,7,3,2,3,3,1x1|2x3,125,15,125,14,4,True,0.000432,0.012861,0.010461
,256,2,8,28,6,1,1,4,2,7,2,2,3,3,1x1|2x3,125,15,125,14,4,True,0.00032,0.011611,0.010552
,256,2,8,28,6,12,5,4,2,7,2,2,3,3,1x1|2x3,125,15,125,14,4,True,0.000319,0.012032,0.010592
,256,2,8,28,7,1,1,4,2,7,1,2,3,3,1x1|2x3,125,15,125,14,4,True,0.000294,0.010649,0.010041
,256,2,8,28,7,188,3,4,2,7,1,2,3,3,1x1|2x3,125,15,125,14,4,True,0.000387,0.012156,0.010673
,256,2,8,29,0,1,1,1,0,29,8,3,5,5,1x1|2x7|2x7,32,3,32,14,8,True,0.000107,0.005835,0.012236
,256,2,8,29,1,1,1,1,0,29,7,2,5,5,1x1|4x7,32,3,32,14,4,True,0.000107,0.006285,0.012742
,256,2,8,29,1,188,3,1,0,29,7,2,5,5,1x1|4x7,32,3,32,14,4,True,0.000154,0.006152,0.012727
,256,2,8,29,2,1,1,1,0,29,6,5,5,5,1x1|1x7|1x7|1x7|1x7,32,1,32,0,32,True,0.000172,0.006811,0.013463
,256,2,8,29,2,12,5,1,0,29,6,5,5,5,1x1|1x7|1x7|1x7|1x7,32,1,32,0,32,True,0.000113,0.006828,0.013677
,256,2,8,29,3,1,1,1,0,29,5,2,5,5,1x1|4x7,32,3,32,14,4,True,0.000126,0.005942,0.01252
,256,2,8,29,3,188,3,1,0,29,5,2,5,5,1x1|4x7,32,3,32,14,4,True,0.000104,0.006041,0.013308
,256,2,8,29,4,1,1,1,0,29,4,3,5,5,1x1|2x7|2x7,32,3,32,14,8,True,0.000115,0.005972,0.012484
,256,2,8,29,4,8,17,1,0,29,4,3,5,5,1x1|2x7|2x7,32,3,32,14,8,True,0.00018,0.005856,0.012397
,256,2,8,29,5,1,1,1,0,29,3,2,5,5,1x1|4x7,32,3,32,14,4,True,9.9e-05,0.00605,0.013823
,256,2,8,29,5,188,3,1,0,29,3,2,5,5,1x1|4x7,32,3,32,14,4,True,0.00011,0.006191,0.013174
,256,2,8,29,6,1,1,1,0,29,2,5,5,5,1x1|1x7|1x7|1x7|1x7,32,1,32,0,32,True,0.000147,0.007976,0.015137
,256,2,8,29,6,12,5,1,0,29,2,5,5,5,1x1|1x7|1x7|1x7|1x7,32,1,32,0,32,True,0.000131,0.00676,0.016334
,256,2,8,29,7,1,1,1,0,29,1,2,5,5,1x1|4x7,32,3,32,14,4,True,0.000107,0.00604,0.012831
,256,2,8,29,7,188,3,1,0,29,1,2,5,5,1x1|4x7,32,3,32,14,4,True,0.000144,0.006164,0.012876
,256,2,8,31,0,1,1,1,0,31,8,4,7,7,1x1|2x5|2x5|2x5,128,4,128,15,16,True,0.000138,0.017711,0.019114
,256,2,8,31,1,1,1,1,0,31,7,4,7,7,1x1|2x5|2x5|2x5,128,4,128,15,16,True,0.000137,0.017329,0.021208
,256,2,8,31,1,188,3,1,0,31,7,4,7,7,1x1|2x5|2x5|2x5,128,4,128,15,16,True,0.000165,0.017438,0.019382
,256,2,8,31,2,1,1,1,0,31,6,4,7,7,1x1|2x5|2x5|2x5,128,4,128,15,16,True,0.000154,0.016447,0.028446
,256,2,8,31,2,12,5,1,0,31,6,4,7,7,1x1|2x5|2x5|2x5,128,4,128,15,16,True,0.000216,0.026159,0.019975
,256,2,8,31,3,1,1,1,0,31,5,4,7,7,1x1|2x5|2x5|2x5,128,4,128,15,16,True,0.000144,0.017496,0.017971
,256,2,8,31,3,188,3,1,0,31,5,4,7,7,1x1|2x5|2x5|2x5,128,4,128,15,16,True,0.000146,0.016105,0.022693
,256,2,8,31,4,1,1,1,0,31,4,4,7,7,1x1|2x5|2x5|2x5,128,4,128,15,16,True,0.00025,0.01906,0.018586
,256,2,8,31,4,8,17,1,0,31,4,4,7,7,1x1|2x5|2x5|2x5,128,4,128,15,16,True,0.000182,0.01769,0.019592
,256,2,8,31,5,1,1,1,0,31,3,4,7,7,1x1|2x5|2x5|2x5,128,4,128,15,16,True,0.000146,0.015749,0.019608
,256,2,8,31,5,188,3,1,0,31,3,4,7,7,1x1|2x5|2x5|2x5,128,4,128,15,16,True,0.000141,0.016829,0.019156
,256,2,8,31,6,1,1,1,0,31,2,4,7,7,1x1|2x5|2x5|2x5,128,4,128,15,16,True,0.000139,0.015416,0.018491
,256,2,8,31,6,12,5,1,0,31,2,4,7,7,1x1|2x5|2x5|2x5,128,4,128,15,16,True,0.000141,0.017931,0.018223
,256,2,8,31,7,1,1,1,0,31,1,4,7,7,1x1|2x5|2x5|2x5,128,4,128,15,16,True,0.000132,0.015882,0.017409
,256,2,8,31,7,188,3,1,0,31,1,4,7,7,1x1|2x5|2x5|2x5,128,4,128,15,16,True,0.00013,0.016184,0.019469
,256,2,8,32,0,1,1,32,5,1,8,1,1,1,1x1,33,17,33,16,2,True,0.003396,0.004658,0.00293
,256,2,8,32,1,1,1,32,5,1,7,1,1,1,1x1,33,17,33,16,2,True,0.0031,0.00451,0.003104
,256,2,8,32,1,188,3,32,5,1,7,1,1,1,1x1,33,17,33,16,2,True,0.002748,0.004398,0.003061
,256,2,8,32,2,1,1,32,5,1,6,1,1,1,1x1,33,17,33,16,2,True,0.002682,0.003959,0.002445
,256,2,8,32,2,12,5,32,5,1,6,1,1,1,1x1,33,17,33,16,2,True,0.00267,0.004189,0.002677
,256,2,8,32,3,1,1,32,5,1,5,1,1,1,1x1,33,17,33,16,2,True,0.002685,0.003996,0.002983
,256,2,8,32,3,188,3,32,5,1,5,1,1,1,1x1,33,17,33,16,2,True,0.002744,0.004077,0.002619
,256,2,8,32,4,1,1,32,5,1,4,1,1,1,1x1,33,17,33,16,2,True,0.002567,0.004034,0.002776
,256,2,8,32,4,8,17,32,5,1,4,1,1,1,1x1,33,17,33,16,2,True,0.002584,0.004136,0.002644
,256,2,8,32,5,1,1,32,5,1,3,1,1,1,1x1,33,17,33,16,2,True,0.0029,0.004756,0.002401
,256,2,8,32,5,188,3,32,5,1,3,1,1,1,1x1,33,17,33,16,2,True,0.002707,0.004493,0.004075
,256,2,8,32,6,1,1,32,5,1,2,1,1,1,1x1,33,17,33,16,2,True,0.002665,0.003849,0.002542
,256,2,8,32,6,12,5,32,5,1,2,1,1,1,1x1,33,17,33,16,2,True,0.002631,0.004073,0.002712
,256,2,8,32,7,1,1,32,5,1,1,1,1,1,1x1,33,17,33,16,2,True,0.002716,0.00414,0.002452
,256,2,8,32,7,188,3,32,5,1,1,1,1,1,1x1,33,17,33,16,2,True,0.002595,0.004133,0.002508
,256,2,8,33,0,1,1,1,0,33,8,5,9,9,1x1|2x1|2x5|2x5|2x5,512,8,512,16,32,True,0.000197,0.102532,0.106951
,256,2,8,33,1,1,1,1,0,33,7,9,9,9,1x1|1x1|1x1|1x5|1x5|1x5|1x5|1x5|1x5,512,1,512,0,512,True,0.000164,0.119663,0.124793
,256,2,8,33,2,1,1,1,0,33,6,5,9,9,1x1|2x1|2x5|2x5|2x5,512,8,512,16,32,True,0.000181,0.09882,0.111295
,256,2,8,33,2,12,5,1,0,33,6,5,9,9,1x1|2x1|2x5|2x5|2x5,512,8,512,16,32,True,0.000165,0.104924,0.116704
,256,2,8,33,3,1,1,1,0,33,5,9,9,9,1x1|1x1|1x1|1x5|1x5|1x5|1x5|1x5|1x5,512,1,512,0,512,True,0.000241,0.138754,0.144131
,256,2,8,33,4,1,1,1,0,33,4,5,9,9,1x1|2x1|2x5|2x5|2x5,512,8,512,16,32,True,0.000186,0.105281,0.110385
,256,2,8,33,4,8,17,1,0,33,4,5,9,9,1x1|2x1|2x5|2x5|2x5,512,8,512,16,32,True,0.00019,0.104188,0.109724
,256,2,8,33,5,1,1,1,0,33,3,9,9,9,1x1|1x1|1x1|1x5|1x5|1x5|1x5|1x5|1x5,512,1,512,0,512,True,0.000202,0.123409,0.120789
,256,2,8,33,6,1,1,1,0,33,2,5,9,9,1x1|2x1|2x5|2x5|2x5,512,8,512,16,32,True,0.000202,0.099217,0.10435
,256,2,8,33,6,12,5,1,0,33,2,5,9,9,1x1|2x1|2x5|2x5|2x5,512,8,512,16,32,True,0.000174,0.102718,0.108175
,256,2,8,33,7,1,1,1,0,33,1,9,9,9,1x1|1x1|1x1|1x5|1x5|1x5|1x5|1x5|1x5,512,1,512,0,512,True,0.000213,0.116862,0.122106
,256,2,8,35,0,1,1,1,0,35,8,8,15,15,1x1|2x1|2x1|2x3|2x3|2x3|2x3|2x3,32768,18,32768,17,256,True,0.000272,11.368572,11.601023
,256,2,8,35,1,1,1,1,0,35,7,5,15,15,1x1|2x3|4x1|4x3|4x3,32768,18,32768,17,32,True,0.000255,10.800343,12.489741
,256,2,8,35,1,188,3,1,0,35,7,5,15,15,1x1|2x3|4x1|4x3|4x3,32768,18,32768,17,32,True,0.000278,11.26895,11.848229
,256,2,8,35,2,1,1,1,0,35,6,10,15,15,1x1|1x1|1x1|1x1|1x1|2x3|2x3|2x3|2x3|2x3,32768,6,32768,15,1024,True,0.000358,11.259646,11.756651
,256,2,8,35,3,1,1,1,0,35,5,5,15,15,1x1|2x3|4x1|4x3|4x3,32768,18,32768,17,32,True,0.000261,11.669688,12.208644
,256,2,8,35,3,188,3,1,0,35,5,5,15,15,1x1|2x3|4x1|4x3|4x3,32768,18,32768,17,32,True,0.000397,11.518039,11.897432
,256,2,8,35,4,1,1,1,0,35,4,8,15,15,1x1|2x1|2x1|2x3|2x3|2x3|2x3|2x3,32768,18,32768,17,256,True,0.000361,11.18824,11.841943
,256,2,8,35,4,8,17,1,0,35,4,8,15,15,1x1|2x1|2x1|2x3|2x3|2x3|2x3|2x3,32768,18,32768,17,256,True,0.00029,11.230932,11.418414
,256,2,8,35,5,1,1,1,0,35,3,5,15,15,1x1|2x3|4x1|4x3|4x3,32768,18,32768,17,32,True,0.000288,11.913707,11.541012
,256,2,8,35,5,188,3,1,0,35,3,5,15,15,1x1|2x3|4x1|4x3|4x3,32768,18,32768,17,32,True,0.00026,12.024773,12.356807
,256,2,8,35,6,1,1,1,0,35,2,10,15,15,1x1|1x1|1x1|1x1|1x1|2x3|2x3|2x3|2x3|2x3,32768,6,32768,15,1024,True,0.000324,11.14646,11.935976
,256,2,8,35,7,1,1,1,0,35,1,5,15,15,1x1|2x3|4x1|4x3|4x3,32768,18,32768,17,32,True,0.000299,11.427582,11.437951
,256,2,8,35,7,188,3,1,0,35,1,5,15,15,1x1|2x3|4x1|4x3|4x3,32768,18,32768,17,32,True,0.000375,11.884871,11.656563
,256,2,8,36,0,1,1,4,2,9,8,3,5,5,1x1|2x1|2x3,3125,19,3125,18,8,True,0.000619,0.6294,0.561603
,256,2,8,36,1,1,1,4,2,9,7,5,5,5,1x1|1x1|1x1|1x3|1x3,3125,19,3125,18,32,True,0.000311,0.643423,0.541535
,256,2,8,36,2,1,1,4,2,9,6,3,5,5,1x1|2x1|2x3,3125,19,3125,18,8,True,0.00068,0.682519,0.555336
,256,2,8,36,2,12,5,4,2,9,6,3,5,5,1x1|2x1|2x3,3125,19,3125,18,8,True,0.001103,0.712296,0.651377
,256,2,8,36,3,1,1,4,2,9,5,5,5,5,1x1|1x1|1x1|1x3|1x3,3125,19,3125,18,32,True,0.000349,0.648097,0.569506
,256,2,8,36,4,1,1,4,2,9,4,3,5,5,1x1|2x1|2x3,3125,19,3125,18,8,True,0.00064,0.656435,0.538367
,256,2,8,36,4,8,17,4,2,9,4,3,5,5,1x1|2x1|2x3,3125,19,3125,18,8,True,0.000579,0.62016,0.571857
,256,2,8,36,5,1,1,4,2,9,3,5,5,5,1x1|1x1|1x1|1x3|1x3,3125,19,3125,18,32,True,0.000364,0.638788,0.540565
,256,2,8,36,6,1,1,4,2,9,2,3,5,5,1x1|2x1|2x3,3125,19,3125,18,8,True,0.000857,0.584675,0.507011
,256,2,8,36,6,12,5,4,2,9,2,3,5,5,1x1|2x1|2x3,3125,19,3125,18,8,True,0.00063,0.622933,0.50937
,256,2,8,36,7,1,1,4,2,9,1,5,5,5,1x1|1x1|1x1|1x3|1x3,3125,19,3125,18,32,True,0.000347,0.614579,0.525474
,256,2,8,37,0,1,1,1,0,37,8,3,5,5,1x1|2x9|2x9,32,3,32,18,8,True,0.000133,0.008866,0.025207
,256,2,8,37,1,1,1,1,0,37,7,2,5,5,1x1|4x9,32,3,32,18,4,True,0.000116,0.011619,0.028308
,256,2,8,37,1,188,3,1,0,37,7,2,5,5,1x1|4x9,32,3,32,18,4,True,0.00016,0.013092,0.027483
,256,2,8,37,2,1,1,1,0,37,6,5,5,5,1x1|1x9|1x9|1x9|1x9,32,1,32,0,32,True,0.000111,0.011274,0.032846
,256,2,8,37,2,12,5,1,0,37,6,5,5,5,1x1|1x9|1x9|1x9|1x9,32,1,32,0,32,True,0.000124,0.01083,0.027045
,256,2,8,37,3,1,1,1,0,37,5,2,5,5,1x1|4x9,32,3,32,18,4,True,0.000156,0.011564,0.025931
,256,2,8,37,3,188,3,1,0,37,5,2,5,5,1x1|4x9,32,3,32,18,4,True,9.9e-05,0.009759,0.025219
,256,2,8,37,4,1,1,1,0,37,4,3,5,5,1x1|2x9|2x9,32,3,32,18,8,True,0.000168,0.009181,0.025084
,256,2,8,37,4,8,17,1,0,37,4,3,5,5,1x1|2x9|2x9,32,3,32,18,8,True,0.000109,0.009688,0.025043
,256,2,8,37,5,1,1,1,0,37,3,2,5,5,1x1|4x9,32,3,32,18,4,True,9.9e-05,0.009902,0.025024
,256,2,8,37,5,188,3,1,0,37,3,2,5,5,1x1|4x9,32,3,32,18,4,True,0.0001,0.009841,0.030543
,256,2,8,37,6,1,1,1,0,37,2,5,5,5,1x1|1x9|1x9|1x9|1x9,32,1,32,0,32,True,0.00014,0.0108,0.0286
,256,2,8,37,6,12,5,1,0,37,2,5,5,5,1x1|1x9|1x9|1x9|1x9,32,1,32,0,32,True,0.000109,0.011871,0.02913
,256,2,8,37,7,1,1,1,0,37,1,2,5,5,1x1|4x9,32,3,32,18,4,True,0.000108,0.009509,0.028699
,256,2,8,37,7,188,3,1,0,37,1,2,5,5,1x1|4x9,32,3,32,18,4,True,0.000121,0.009968,0.026633
,256,2,8,38,0,1,1,2,1,19,8,2,3,3,1x1|2x9,27,6,27,19,4,True,0.000159,0.004539,0.008658
,256,2,8,38,1,1,1,2,1,19,7,3,3,3,1x1|1x9|1x9,27,6,27,19,8,True,0.000109,0.004537,0.009363
,256,2,8,38,1,188,3,2,1,19,7,3,3,3,1x1|1x9|1x9,27,6,27,19,8,True,0.000104,0.005823,0.009156
,256,2,8,38,2,1,1,2,1,19,6,2,3,3,1x1|2x9,27,6,27,19,4,True,0.000132,0.004307,0.009509
,256,2,8,38,2,12,5,2,1,19,6,2,3,3,1x1|2x9,27,6,27,19,4,True,0.000118,0.004565,0.009235
,256,2,8,38,3,1,1,2,1,19,5,3,3,3,1x1|1x9|1x9,27,6,27,19,8,True,0.000175,0.004718,0.009011
,256,2,8,38,3,188,3,2,1,19,5,3,3,3,1x1|1x9|1x9,27,6,27,19,8,True,0.000166,0.005067,0.009069
,256,2,8,38,4,1,1,2,1,19,4,2,3,3,1x1|2x9,27,6,27,19,4,True,0.000125,0.005458,0.011209
,256,2,8,38,4,8,17,2,1,19,4,2,3,3,1x1|2x9,27,6,27,19,4,True,0.000128,0.004405,0.009577
,256,2,8,38,5,1,1,2,1,19,3,3,3,3,1x1|1x9|1x9,27,6,27,19,8,True,0.000156,0.005007,0.009499
,256,2,8,38,5,188,3,2,1,19,3,3,3,3,1x1|1x9|1x9,27,6,27,19,8,True,0.000194,0.005116,0.011374
,256,2,8,38,6,1,1,2,1,19,2,2,3,3,1x1|2x9,27,6,27,19,4,True,0.000236,0.005768,0.008474
,256,2,8,38,6,12,5,2,1,19,2,2,3,3,1x1|2x9,27,6,27,19,4,True,0.000278,0.005379,0.009359
,256,2,8,38,7,1,1,2,1,19,1,3,3,3,1x1|1x9|1x9,27,6,27,19,8,True,0.000111,0.004436,0.008606
,256,2,8,38,7,188,3,2,1,19,1,3,3,3,1x1|1x9|1x9,27,6,27,19,8,True,0.000189,0.00649,0.010386
,256,2,8,39,0,1,1,1,0,39,8,8,15,15,1x1|2x1|2x3|2x3|2x3|2x3|2x3|2x3,32768,14,32768,19,256,True,0.000285,14.34927,14.501027
,256,2,8,39,1,1,1,1,0,39,7,6,15,15,1x1|1x1|1x1|4x3|4x3|4x3,32768,7,32768,18,64,True,0.000278,15.011371,14.930726
,256,2,8,39,2,1,1,1,0,39,6,10,15,15,1x1|1x3|1x3|1x3|1x3|2x1|2x3|2x3|2x3|2x3,32768,10,32768,13,1024,True,0.000261,16.571011,17.76037
,256,2,8,39,2,12,5,1,0,39,6,10,15,15,1x1|1x3|1x3|1x3|1x3|2x1|2x3|2x3|2x3|2x3,32768,10,32768,13,1024,True,0.000334,17.33527,16.392688
,256,2,8,39,3,1,1,1,0,39,5,6,15,15,1x1|1x1|1x1|4x3|4x3|4x3,32768,7,32768,18,64,True,0.000295,16.491801,15.967557
,256,2,8,39,4,1,1,1,0,39,4,8,15,15,1x1|2x1|2x3|2x3|2x3|2x3|2x3|2x3,32768,14,32768,19,256,True,0.00029,17.331241,15.042728
,256,2,8,39,4,8,17,1,0,39,4,8,15,15,1x1|2x1|2x3|2x3|2x3|2x3|2x3|2x3,32768,14,32768,19,256,True,0.000286,14.714154,15.174878
,256,2,8,39,5,1,1,1,0,39,3,6,15,15,1x1|1x1|1x1|4x3|4x3|4x3,32768,7,32768,18,64,True,0.000494,15.757889,15.411101
,256,2,8,39,6,1,1,1,0,39,2,10,15,15,1x1|1x3|1x3|1x3|1x3|2x1|2x3|2x3|2x3|2x3,32768,10,32768,13,1024,True,0.000428,15.964803,16.824033
,256,2,8,39,6,12,5,1,0,39,2,10,15,15,1x1|1x3|1x3|1x3|1x3|2x1|2x3|2x3|2x3|2x3,32768,10,32768,13,1024,True,0.000242,16.625911,15.886287
,256,2,8,39,7,1,1,1,0,39,1,6,15,15,1x1|1x1|1x1|4x3|4x3|4x3,32768,7,32768,18,64,True,0.000264,15.061452,15.311986
,256,2,8,40,0,1,1,8,3,5,8,3,5,5,1x1|2x1|2x1,59049,21,59049,20,8,True,0.003328,24.940328,18.937693
,256,2,8,40,1,1,1,8,3,5,7,2,5,5,1x1|4x1,59049,21,59049,20,4,True,0.010553,26.526762,21.542929
,256,2,8,40,1,188,3,8,3,5,7,2,5,5,1x1|4x1,59049,21,59049,20,4,True,0.01617,27.067277,21.227561
,256,2,8,40,2,1,1,8,3,5,6,5,5,5,1x1|1x1|1x1|1x1|1x1,59049,21,59049,20,32,True,0.000789,24.500578,18.833587
,256,2,8,40,3,1,1,8,3,5,5,2,5,5,1x1|4x1,59049,21,59049,20,4,True,0.010572,28.091321,20.608268
,256,2,8,40,3,188,3,8,3,5,5,2,5,5,1x1|4x1,59049,21,59049,20,4,True,0.010427,25.845391,20.433854
,256,2,8,40,4,1,1,8,3,5,4,3,5,5,1x1|2x1|2x1,59049,21,59049,20,8,True,0.00684,23.804644,18.769384
,256,2,8,40,4,8,17,8,3,5,4,3,5,5,1x1|2x1|2x1,59049,21,59049,20,8,True,0.003239,25.669103,19.397445
,256,2,8,40,5,1,1,8,3,5,3,2,5,5,1x1|4x1,59049,21,59049,20,4,True,0.011946,25.812782,20.008552
,256,2,8,40,5,188,3,8,3,5,3,2,5,5,1x1|4x1,59049,21,59049,20,4,True,0.01177,24.888633,19.835156
,256,2,8,40,6,1,1,8,3,5,2,5,5,5,1x1|1x1|1x1|1x1|1x1,59049,21,59049,20,32,True,0.000844,22.593904,17.083461
,256,2,8,40,7,1,1,8,3,5,1,2,5,5,1x1|4x1,59049,21,59049,20,4,True,0.01034,25.676188,19.244096
,256,2,8,40,7,188,3,8,3,5,1,2,5,5,1x1|4x1,59049,21,59049,20,4,True,0.008725,24.051745,19.88502
,256,2,8,41,0,1,1,1,0,41,8,5,9,9,1x1|2x5|2x5|2x5|2x5,512,5,512,20,32,True,0.000181,0.202335,0.212408
,256,2,8,41,1,1,1,1,0,41,7,3,9,9,1x1|4x5|4x5,512,5,512,20,8,True,0.000215,0.256637,0.231404
,256,2,8,41,1,188,3,1,0,41,7,3,9,9,1x1|4x5|4x5,512,5,512,20,8,True,0.000159,0.227651,0.245028
,256,2,8,41,2,1,1,1,0,41,6,9,9,9,1x1|1x5|1x5|1x5|1x5|1x5|1x5|1x5|1x5,512,1,512,0,512,True,0.00018,0.249243,0.243192
,256,2,8,41,2,12,5,1,0,41,6,9,9,9,1x1|1x5|1x5|1x5|1x5|1x5|1x5|1x5|1x5,512,1,512,0,512,True,0.000194,0.238719,0.258367
,256,2,8,41,3,1,1,1,0,41,5,3,9,9,1x1|4x5|4x5,512,5,512,20,8,True,0.000171,0.233837,0.237371
,256,2,8,41,3,188,3,1,0,41,5,3,9,9,1x1|4x5|4x5,512,5,512,20,8,True,0.000176,0.220078,0.246162
,256,2,8,41,4,1,1,1,0,41,4,5,9,9,1x1|2x5|2x5|2x5|2x5,512,5,512,20,32,True,0.000226,0.20385,0.212353
,256,2,8,41,4,8,17,1,0,41,4,5,9,9,1x1|2x5|2x5|2x5|2x5,512,5,512,20,32,True,0.0002,0.201407,0.211338
,256,2,8,41,5,1,1,1,0,41,3,3,9,9,1x1|4x5|4x5,512,5,512,20,8,True,0.00017,0.217862,0.230689
,256,2,8,41,5,188,3,1,0,41,3,3,9,9,1x1|4x5|4x5,512,5,512,20,8,True,0.000165,0.219094,0.2439
,256,2,8,41,6,1,1,1,0,41,2,9,9,9,1x1|1x5|1x5|1x5|1x5|1x5|1x5|1x5|1x5,512,1,512,0,512,True,0.000231,0.246957,0.245822
,256,2,8,41,6,12,5,1,0,41,2,9,9,9,1x1|1x5|1x5|1x5|1x5|1x5|1x5|1x5|1x5,512,1,512,0,512,True,0.00023,0.232896,0.232809
,256,2,8,41,7,1,1,1,0,41,1,3,9,9,1x1|4x5|4x5,512,5,512,20,8,True,0.000228,0.215101,0.232661
,256,2,8,41,7,188,3,1,0,41,1,3,9,9,1x1|4x5|4x5,512,5,512,20,8,True,0.000155,0.224532,0.231189
,256,2,8,42,0,1,1,2,1,21,8,5,9,9,1x1|2x1|2x3|2x3|2x3,19683,22,19683,21,32,True,0.000354,6.357157,6.277749
,256,2,8,42,1,1,1,2,1,21,7,6,9,9,1x1|1x1|1x1|2x3|2x3|2x3,19683,22,19683,21,64,True,0.000542,6.173858,5.586871
,256,2,8,42,2,1,1,2,1,21,6,5,9,9,1x1|2x1|2x3|2x3|2x3,19683,22,19683,21,32,True,0.00033,6.032093,5.547606
,256,2,8,42,2,12,5,2,1,21,6,5,9,9,1x1|2x1|2x3|2x3|2x3,19683,22,19683,21,32,True,0.000368,6.47042,5.807438
,256,2,8,42,3,1,1,2,1,21,5,6,9,9,1x1|1x1|1x1|2x3|2x3|2x3,19683,22,19683,21,64,True,0.000295,5.94035,5.648358
,256,2,8,42,4,1,1,2,1,21,4,5,9,9,1x1|2x1|2x3|2x3|2x3,19683,22,19683,21,32,True,0.000332,6.112914,5.704249
,256,2,8,42,4,8,17,2,1,21,4,5,9,9,1x1|2x1|2x3|2x3|2x3,19683,22,19683,21,32,True,0.000376,6.05483,5.733706
,256,2,8,42,5,1,1,2,1,21,3,6,9,9,1x1|1x1|1x1|2x3|2x3|2x3,19683,22,19683,21,64,True,0.000329,5.752243,5.415448
,256,2,8,42,6,1,1,2,1,21,2,5,9,9,1x1|2x1|2x3|2x3|2x3,19683,22,19683,21,32,True,0.000403,5.756458,5.135729
,256,2,8,42,6,12,5,2,1,21,2,5,9,9,1x1|2x1|2x3|2x3|2x3,19683,22,19683,21,32,True,0.000334,5.806875,5.363267
,256,2,8,42,7,1,1,2,1,21,1,6,9,9,1x1|1x1|1x1|2x3|2x3|2x3,19683,22,19683,21,64,True,0.00033,5.721735,5.353103
,256,2,8,43,0,1,1,1,0,43,8,4,7,7,1x1|2x7|2x7|2x7,128,4,128,21,16,True,0.000162,0.037309,0.04545
,256,2,8,43,1,1,1,1,0,43,7,7,7,7,1x1|1x7|1x7|1x7|1x7|1x7|1x7,128,1,128,0,128,True,0.000199,0.046988,0.047448
,256,2,8,43,1,188,3,1,0,43,7,7,7,7,1x1|1x7|1x7|1x7|1x7|1x7|1x7,128,1,128,0,128,True,0.000166,0.039266,0.052682
,256,2,8,43,2,1,1,1,0,43,6,4,7,7,1x1|2x7|2x7|2x7,128,4,128,21,16,True,0.000163,0.038491,0.043937
,256,2,8,43,2,12,5,1,0,43,6,4,7,7,1x1|2x7|2x7|2x7,128,4,128,21,16,True,0.000146,0.032262,0.039972
,256,2,8,43,3,1,1,1,0,43,5,7,7,7,1x1|1x7|1x7|1x7|1x7|1x7|1x7,128,1,128,0,128,True,0.00014,0.040351,0.052485
,256,2,8,43,3,188,3,1,0,43,5,7,7,7,1x1|1x7|1x7|1x7|1x7|1x7|1x7,128,1,128,0,128,True,0.000133,0.037871,0.042313
,256,2,8,43,4,1,1,1,0,43,4,4,7,7,1x1|2x7|2x7|2x7,128,4,128,21,16,True,0.000139,0.028933,0.03724
,256,2,8,43,4,8,17,1,0,43,4,4,7,7,1x1|2x7|2x7|2x7,128,4,128,21,16,True,0.000135,0.031948,0.040252
,256,2,8,43,5,1,1,1,0,43,3,7,7,7,1x1|1x7|1x7|1x7|1x7|1x7|1x7,128,1,128,0,128,True,0.000131,0.038897,0.043748
,256,2,8,43,5,188,3,1,0,43,3,7,7,7,1x1|1x7|1x7|1x7|1x7|1x7|1x7,128,1,128,0,128,True,0.000132,0.039773,0.045256
,256,2,8,43,6,1,1,1,0,43,2,4,7,7,1x1|2x7|2x7|2x7,128,4,128,21,16,True,0.000125,0.030214,0.036279
,256,2,8,43,6,12,5,1,0,43,2,4,7,7,1x1|2x7|2x7|2x7,128,4,128,21,16,True,0.000118,0.030045,0.04012
,256,2,8,43,7,1,1,1,0,43,1,7,7,7,1x1|1x7|1x7|1x7|1x7|1x7|1x7,128,1,128,0,128,True,0.000121,0.036276,0.044089
,256,2,8,43,7,188,3,1,0,43,1,7,7,7,1x1|1x7|1x7|1x7|1x7|1x7|1x7,128,1,128,0,128,True,0.000141,0.037858,0.045245
,256,2,8,44,0,1,1,4,2,11,8,2,3,3,1x1|2x5,125,15,125,22,4,True,0.000367,0.029969,0.024192
,256,2,8,44,1,1,1,4,2,11,7,3,3,3,1x1|1x5|1x5,125,15,125,22,8,True,0.000208,0.031423,0.025479
,256,2,8,44,1,188,3,4,2,11,7,3,3,3,1x1|1x5|1x5,125,15,125,22,8,True,0.000195,0.030764,0.025528
,256,2,8,44,2,1,1,4,2,11,6,2,3,3,1x1|2x5,125,15,125,22,4,True,0.000319,0.027106,0.023457
,256,2,8,44,2,12,5,4,2,11,6,2,3,3,1x1|2x5,125,15,125,22,4,True,0.00041,0.02739,0.022354
,256,2,8,44,3,1,1,4,2,11,5,3,3,3,1x1|1x5|1x5,125,15,125,22,8,True,0.000175,0.027893,0.024403
,256,2,8,44,3,188,3,4,2,11,5,3,3,3,1x1|1x5|1x5,125,15,125,22,8,True,0.000189,0.029049,0.024214
,256,2,8,44,4,1,1,4,2,11,4,2,3,3,1x1|2x5,125,15,125,22,4,True,0.000294,0.025535,0.022308
,256,2,8,44,4,8,17,4,2,11,4,2,3,3,1x1|2x5,125,15,125,22,4,True,0.000347,0.028158,0.023649
,256,2,8,44,5,1,1,4,2,11,3,3,3,3,1x1|1x5|1x5,125,15,125,22,8,True,0.00025,0.029833,0.02609
,256,2,8,44,5,188,3,4,2,11,3,3,3,3,1x1|1x5|1x5,125,15,125,22,8,True,0.000262,0.02925,0.02529
,256,2,8,44,6,1,1,4,2,11,2,2,3,3,1x1|2x5,125,15,125,22,4,True,0.000585,0.034463,0.023631
,256,2,8,44,6,12,5,4,2,11,2,2,3,3,1x1|2x5,125,15,125,22,4,True,0.000319,0.028028,0.023365
,256,2,8,44,7,1,1,4,2,11,1,3,3,3,1x1|1x5|1x5,125,15,125,22,8,True,0.000187,0.029542,0.024318
,256,2,8,44,7,188,3,4,2,11,1,3,3,3,1x1|1x5|1x5,125,15,125,22,8,True,0.000181,0.030965,0.024957
,256,2,8,46,0,1,1,2,1,23,8,2,3,3,1x1|2x11,27,6,27,23,4,True,0.000123,0.004232,0.006501
,256,2,8,46,1,1,1,2,1,23,7,2,3,3,1x1|2x11,27,6,27,23,4,True,0.000119,0.004203,0.006644
,256,2,8,46,1,188,3,2,1,23,7,2,3,3,1x1|2x11,27,6,27,23,4,True,0.000113,0.004002,0.006519
,256,2,8,46,2,1,1,2,1,23,6,2,3,3,1x1|2x11,27,6,27,23,4,True,0.000117,0.004113,0.006115
,256,2,8,46,2,12,5,2,1,23,6,2,3,3,1x1|2x11,27,6,27,23,4,True,0.000113,0.004219,0.006538
,256,2,8,46,3,1,1,2,1,23,5,2,3,3,1x1|2x11,27,6,27,23,4,True,0.00013,0.003616,0.005957
,256,2,8,46,3,188,3,2,1,23,5,2,3,3,1x1|2x11,27,6,27,23,4,True,0.000117,0.003906,0.006164
,256,2,8,46,4,1,1,2,1,23,4,2,3,3,1x1|2x11,27,6,27,23,4,True,0.000115,0.003618,0.006193
,256,2,8,46,4,8,17,2,1,23,4,2,3,3,1x1|2x11,27,6,27,23,4,True,0.000118,0.00413,0.006537
,256,2,8,46,5,1,1,2,1,23,3,2,3,3,1x1|2x11,27,6,27,23,4,True,0.000117,0.003994,0.006244
,256,2,8,46,5,188,3,2,1,23,3,2,3,3,1x1|2x11,27,6,27,23,4,True,0.000132,0.004136,0.006769
,256,2,8,46,6,1,1,2,1,23,2,2,3,3,1x1|2x11,27,6,27,23,4,True,0.000154,0.004117,0.006557
,256,2,8,46,6,12,5,2,1,23,2,2,3,3,1x1|2x11,27,6,27,23,4,True,0.00017,0.005276,0.007082
,256,2,8,46,7,1,1,2,1,23,1,2,3,3,1x1|2x11,27,6,27,23,4,True,0.000133,0.004187,0.006757
,256,2,8,46,7,188,3,2,1,23,1,2,3,3,1x1|2x11,27,6,27,23,4,True,0.000151,0.004191,0.006585
,256,2,8,47,0,1,1,1,0,47,8,2,3,3,1x1|2x23,8,2,8,23,4,True,8.4e-05,0.001009,0.02001
,256,2,8,47,1,1,1,1,0,47,7,2,3,3,1x1|2x23,8,2,8,23,4,True,7.4e-05,0.001047,0.020231
,256,2,8,47,1,188,3,1,0,47,7,2,3,3,1x1|2x23,8,2,8,23,4,True,0.0006,0.001175,0.020877
,256,2,8,47,2,1,1,1,0,47,6,2,3,3,1x1|2x23,8,2,8,23,4,True,7.7e-05,0.001069,0.020382
,256,2,8,47,2,12,5,1,0,47,6,2,3,3,1x1|2x23,8,2,8,23,4,True,8.2e-05,0.001109,0.022772
,256,2,8,47,3,1,1,1,0,47,5,2,3,3,1x1|2x23,8,2,8,23,4,True,0.000134,0.000864,0.019133
,256,2,8,47,3,188,3,1,0,47,5,2,3,3,1x1|2x23,8,2,8,23,4,True,7.7e-05,0.001076,0.018805
,256,2,8,47,4,1,1,1,0,47,4,2,3,3,1x1|2x23,8,2,8,23,4,True,8.1e-05,0.00094,0.017669
,256,2,8,47,4,8,17,1,0,47,4,2,3,3,1x1|2x23,8,2,8,23,4,True,7.6e-05,0.000989,0.018643
,256,2,8,47,5,1,1,1,0,47,3,2,3,3,1x1|2x23,8,2,8,23,4,True,6.7e-05,0.000832,0.017589
,256,2,8,47,5,188,3,1,0,47,3,2,3,3,1x1|2x23,8,2,8,23,4,True,7.1e-05,0.000966,0.019716
,256,2,8,47,6,1,1,1,0,47,2,2,3,3,1x1|2x23,8,2,8,23,4,True,6.7e-05,0.00084,0.017935
,256,2,8,47,6,12,5,1,0,47,2,2,3,3,1x1|2x23,8,2,8,23,4,True,8.1e-05,0.000929,0.019473
,256,2,8,47,7,1,1,1,0,47,1,2,3,3,1x1|2x23,8,2,8,23,4,True,8.2e-05,0.000937,0.018177
,256,2,8,47,7,188,3,1,0,47,1,2,3,3,1x1|2x23,8,2,8,23,4,True,8.4e-05,0.000959,0.018913
,256,2,8,48,0,1,1,16,4,3,8,2,3,3,1x1|2x1,4913,25,4913,24,4,True,0.013743,1.72203,1.127979
,256,2,8,48,1,1,1,16,4,3,7,3,3,3,1x1|1x1|1x1,4913,25,4913,24,8,True,0.001679,1.858058,1.164621
,256,2,8,48,2,1,1,16,4,3,6,2,3,3,1x1|2x1,4913,25,4913,24,4,True,0.011993,1.715263,1.109318
,256,2,8,48,2,12,5,16,4,3,6,2,3,3,1x1|2x1,4913,25,4913,24,4,True,0.013022,1.726887,1.207379
,256,2,8,48,3,1,1,16,4,3,5,3,3,3,1x1|1x1|1x1,4913,25,4913,24,8,True,0.001665,1.764509,1.165981
,256,2,8,48,4,1,1,16,4,3,4,2,3,3,1x1|2x1,4913,25,4913,24,4,True,0.013343,1.747853,1.222505
,256,2,8,48,4,8,17,16,4,3,4,2,3,3,1x1|2x1,4913,25,4913,24,4,True,0.013158,1.857321,1.291948
,256,2,8,48,5,1,1,16,4,3,3,3,3,3,1x1|1x1|1x1,4913,25,4913,24,8,True,0.003318,1.72215,1.129632
,256,2,8,48,6,1,1,16,4,3,2,2,3,3,1x1|2x1,4913,25,4913,24,4,True,0.013812,1.735111,1.115323
,256,2,8,48,6,12,5,16,4,3,2,2,3,3,1x1|2x1,4913,25,4913,24,4,True,0.014471,1.63454,1.104872
,256,2,8,48,7,1,1,16,4,3,1,3,3,3,1x1|1x1|1x1,4913,25,4913,24,8,True,0.001681,1.644395,1.115145
,256,2,8,49,0,1,1,1,0,49,8,3,5,5,1x1|2x3|2x21,32,4,32,24,8,True,0.000108,0.003489,0.00785
,256,2,8,49,1,1,1,1,0,49,7,3,5,5,1x1|2x3|2x21,32,4,32,24,8,True,0.000108,0.003635,0.008034
,256,2,8,49,1,188,3,1,0,49,7,3,5,5,1x1|2x3|2x21,32,4,32,24,8,True,0.000104,0.003828,0.007802
,256,2,8,49,2,1,1,1,0,49,6,3,5,5,1x1|2x3|2x21,32,4,32,24,8,True,9e-05,0.00326,0.007652
,256,2,8,49,2,12,5,1,0,49,6,3,5,5,1x1|2x3|2x21,32,4,32,24,8,True,9.8e-05,0.003695,0.007907
,256,2,8,49,3,1,1,1,0,49,5,3,5,5,1x1|2x3|2x21,32,4,32,24,8,True,0.000122,0.00319,0.007561
,256,2,8,49,3,188,3,1,0,49,5,3,5,5,1x1|2x3|2x21,32,4,32,24,8,True,0.000127,0.00369,0.008214
,256,2,8,49,4,1,1,1,0,49,4,3,5,5,1x1|2x3|2x21,32,4,32,24,8,True,0.000109,0.003399,0.007903
,256,2,8,49,4,8,17,1,0,49,4,3,5,5,1x1|2x3|2x21,32,4,32,24,8,True,0.000103,0.003614,0.008129
,256,2,8,49,5,1,1,1,0,49,3,3,5,5,1x1|2x3|2x21,32,4,32,24,8,True,9.3e-05,0.003257,0.007987
,256,2,8,49,5,188,3,1,0,49,3,3,5,5,1x1|2x3|2x21,32,4,32,24,8,True,0.000101,0.003559,0.007864
,256,2,8,49,6,1,1,1,0,49,2,3,5,5,1x1|2x3|2x21,32,4,32,24,8,True,0.0001,0.003512,0.008414
,256,2,8,49,6,12,5,1,0,49,2,3,5,5,1x1|2x3|2x21,32,4,32,24,8,True,0.000111,0.003666,0.007653
,256,2,8,49,7,1,1,1,0,49,1,3,5,5,1x1|2x3|2x21,32,4,32,24,8,True,0.000121,0.003321,0.007246
,256,2,8,49,7,188,3,1,0,49,1,3,5,5,1x1|2x3|2x21,32,4,32,24,8,True,0.000103,0.003132,0.007314
,256,2,8,50,0,1,1,2,1,25,8,5,9,9,1x1|2x1|2x1|2x5|2x5,19683,26,19683,25,32,True,0.000299,6.722226,6.822353
,256,2,8,50,1,1,1,2,1,25,7,3,9,9,1x1|4x1|4x5,19683,26,19683,25,8,True,0.000404,7.401143,7.210328
,256,2,8,50,1,188,3,2,1,25,7,3,9,9,1x1|4x1|4x5,19683,26,19683,25,8,True,0.00046,7.732058,7.26028
,256,2,8,50,2,1,1,2,1,25,6,9,9,9,1x1|1x1|1x1|1x1|1x1|1x5|1x5|1x5|1x5,19683,26,19683,25,512,True,0.00026,6.654844,6.286114
,256,2,8,50,3,1,1,2,1,25,5,3,9,9,1x1|4x1|4x5,19683,26,19683,25,8,True,0.000452,8.353818,7.928411
,256,2,8,50,3,188,3,2,1,25,5,3,9,9,1x1|4x1|4x5,19683,26,19683,25,8,True,0.000464,8.087535,7.960313
,256,2,8,50,4,1,1,2,1,25,4,5,9,9,1x1|2x1|2x1|2x5|2x5,19683,26,19683,25,32,True,0.000351,7.203172,7.074353
,256,2,8,50,4,8,17,2,1,25,4,5,9,9,1x1|2x1|2x1|2x5|2x5,19683,26,19683,25,32,True,0.000354,7.23601,6.889908
,256,2,8,50,5,1,1,2,1,25,3,3,9,9,1x1|4x1|4x5,19683,26,19683,25,8,True,0.000467,7.728434,7.528177
,256,2,8,50,5,188,3,2,1,25,3,3,9,9,1x1|4x1|4x5,19683,26,19683,25,8,True,0.000426,7.949259,7.719952
,256,2,8,50,6,1,1,2,1,25,2,9,9,9,1x1|1x1|1x1|1x1|1x1|1x5|1x5|1x5|1x5,19683,26,19683,25,512,True,0.000386,6.626564,6.293601
,256,2,8,50,7,1,1,2,1,25,1,3,9,9,1x1|4x1|4x5,19683,26,19683,25,8,True,0.000439,7.816317,7.632136
,256,2,8,50,7,188,3,2,1,25,1,3,9,9,1x1|4x1|4x5,19683,26,19683,25,8,True,0.000424,7.528598,7.225876
,256,2,8,52,0,1,1,4,2,13,8,3,5,5,1x1|2x3|2x3,3125,27,3125,26,8,True,0.000576,1.521155,1.362279
,256,2,8,52,1,1,1,4,2,13,7,2,5,5,1x1|4x3,3125,27,3125,26,4,True,0.001141,1.751353,1.493188
,256,2,8,52,1,188,3,4,2,13,7,2,5,5,1x1|4x3,3125,27,3125,26,4,True,0.001192,1.885439,1.500853
,256,2,8,52,2,1,1,4,2,13,6,5,5,5,1x1|1x3|1x3|1x3|1x3,3125,27,3125,26,32,True,0.000273,1.528256,1.323802
,256,2,8,52,2,12,5,4,2,13,6,5,5,5,1x1|1x3|1x3|1x3|1x3,3125,27,3125,26,32,True,0.000298,1.501251,1.39042
,256,2,8,52,3,1,1,4,2,13,5,2,5,5,1x1|4x3,3125,27,3125,26,4,True,0.001165,1.788778,1.450106
,256,2,8,52,3,188,3,4,2,13,5,2,5,5,1x1|4x3,3125,27,3125,26,4,True,0.001059,1.63992,1.449958
,256,2,8,52,4,1,1,4,2,13,4,3,5,5,1x1|2x3|2x3,3125,27,3125,26,8,True,0.000603,1.687558,1.350383
,256,2,8,52,4,8,17,4,2,13,4,3,5,5,1x1|2x3|2x3,3125,27,3125,26,8,True,0.00056,1.617211,1.235109
,256,2,8,52,5,1,1,4,2,13,3,2,5,5,1x1|4x3,3125,27,3125,26,4,True,0.001102,1.660493,1.550525
,256,2,8,52,5,188,3,4,2,13,3,2,5,5,1x1|4x3,3125,27,3125,26,4,True,0.001064,1.764979,1.493547
,256,2,8,52,6,1,1,4,2,13,2,5,5,5,1x1|1x3|1x3|1x3|1x3,3125,27,3125,26,32,True,0.00031,1.503279,1.256692
,256,2,8,52,6,12,5,4,2,13,2,5,5,5,1x1|1x3|1x3|1x3|1x3,3125,27,3125,26,32,True,0.000284,1.471048,1.2917
,256,2,8,52,7,1,1,4,2,13,1,2,5,5,1x1|4x3,3125,27,3125,26,4,True,0.00105,1.675711,1.474494
,256,2,8,52,7,188,3,4,2,13,1,2,5,5,1x1|4x3,3125,27,3125,26,4,True,0.001417,1.661969,1.397649
,256,2,8,53,0,1,1,1,0,53,8,3,5,5,1x1|2x13|2x13,32,3,32,26,8,True,0.000137,0.013949,0.046507
,256,2,8,53,1,1,1,1,0,53,7,2,5,5,1x1|4x13,32,3,32,26,4,True,0.000107,0.014959,0.047103
,256,2,8,53,1,188,3,1,0,53,7,2,5,5,1x1|4x13,32,3,32,26,4,True,0.000103,0.01606,0.048679
,256,2,8,53,2,1,1,1,0,53,6,5,5,5,1x1|1x13|1x13|1x13|1x13,32,1,32,0,32,True,0.000109,0.016885,0.049273
,256,2,8,53,2,12,5,1,0,53,6,5,5,5,1x1|1x13|1x13|1x13|1x13,32,1,32,0,32,True,0.000113,0.017332,0.048276
,256,2,8,53,3,1,1,1,0,53,5,2,5,5,1x1|4x13,32,3,32,26,4,True,0.00014,0.014591,0.046353
,256,2,8,53,3,188,3,1,0,53,5,2,5,5,1x1|4x13,32,3,32,26,4,True,0.000108,0.015151,0.045333
,256,2,8,53,4,1,1,1,0,53,4,3,5,5,1x1|2x13|2x13,32,3,32,26,8,True,0.000107,0.013281,0.042714
,256,2,8,53,4,8,17,1,0,53,4,3,5,5,1x1|2x13|2x13,32,3,32,26,8,True,9.5e-05,0.015707,0.043924
,256,2,8,53,5,1,1,1,0,53,3,2,5,5,1x1|4x13,32,3,32,26,4,True,0.0001,0.014737,0.047068
,256,2,8,53,5,188,3,1,0,53,3,2,5,5,1x1|4x13,32,3,32,26,4,True,0.000124,0.014751,0.046082
,256,2,8,53,6,1,1,1,0,53,2,5,5,5,1x1|1x13|1x13|1x13|1x13,32,1,32,0,32,True,0.000114,0.017092,0.050879
,256,2,8,53,6,12,5,1,0,53,2,5,5,5,1x1|1x13|1x13|1x13|1x13,32,1,32,0,32,True,0.000118,0.018621,0.051973
,256,2,8,53,7,1,1,1,0,53,1,2,5,5,1x1|4x13,32,3,32,26,4,True,0.000109,0.016219,0.04872
,256,2,8,53,7,188,3,1,0,53,1,2,5,5,1x1|4x13,32,3,32,26,4,True,0.000103,0.016108,0.050491
,256,2,8,54,0,1,1,2,1,27,8,4,7,7,1x1|2x1|2x3|2x9,2187,28,2187,27,16,True,0.000312,0.553203,0.516361
,256,2,8,54,1,1,1,2,1,27,7,7,7,7,1x1|1x1|1x1|1x3|1x3|1x9|1x9,2187,28,2187,27,128,True,0.000232,0.550568,0.522385
,256,2,8,54,2,1,1,2,1,27,6,4,7,7,1x1|2x1|2x3|2x9,2187,28,2187,27,16,True,0.000317,0.544067,0.526924
,256,2,8,54,2,12,5,2,1,27,6,4,7,7,1x1|2x1|2x3|2x9,2187,28,2187,27,16,True,0.000373,0.578122,0.560195
,256,2,8,54,3,1,1,2,1,27,5,7,7,7,1x1|1x1|1x1|1x3|1x3|1x9|1x9,2187,28,2187,27,128,True,0.000325,0.567354,0.518207
,256,2,8,54,4,1,1,2,1,27,4,4,7,7,1x1|2x1|2x3|2x9,2187,28,2187,27,16,True,0.000486,0.573072,0.51935
,256,2,8,54,4,8,17,2,1,27,4,4,7,7,1x1|2x1|2x3|2x9,2187,28,2187,27,16,True,0.000311,0.604316,0.525305
,256,2,8,54,5,1,1,2,1,27,3,7,7,7,1x1|1x1|1x1|1x3|1x3|1x9|1x9,2187,28,2187,27,128,True,0.000239,0.514328,0.480124
,256,2,8,54,6,1,1,2,1,27,2,4,7,7,1x1|2x1|2x3|2x9,2187,28,2187,27,16,True,0.000242,0.534337,0.501941
,256,2,8,54,6,12,5,2,1,27,2,4,7,7,1x1|2x1|2x3|2x9,2187,28,2187,27,16,True,0.000325,0.504508,0.614745
,256,2,8,54,7,1,1,2,1,27,1,7,7,7,1x1|1x1|1x1|1x3|1x3|1x9|1x9,2187,28,2187,27,128,True,0.000349,0.492985,0.466902
,256,2,8,55,0,1,1,1,0,55,8,8,15,15,1x1|2x1|2x1|2x5|2x5|2x5|2x5|2x5,32768,18,32768,27,256,True,0.000312,21.492589,22.565379
,256,2,8,55,1,1,1,1,0,55,7,6,15,15,1x1|1x5|1x5|4x1|4x5|4x5,32768,15,32768,22,64,True,0.000247,24.087177,24.262887
,256,2,8,55,1,188,3,1,0,55,7,6,15,15,1x1|1x5|1x5|4x1|4x5|4x5,32768,15,32768,22,64,True,0.000578,23.873014,24.085871
,256,2,8,55,2,1,1,1,0,55,6,10,15,15,1x1|1x1|1x1|1x1|1x1|2x5|2x5|2x5|2x5|2x5,32768,6,32768,25,1024,True,0.000266,20.270519,20.780457
,256,2,8,55,3,1,1,1,0,55,5,6,15,15,1x1|1x5|1x5|4x1|4x5|4x5,32768,15,32768,22,64,True,0.000261,23.222433,23.552395
,256,2,8,55,3,188,3,1,0,55,5,6,15,15,1x1|1x5|1x5|4x1|4x5|4x5,32768,15,32768,22,64,True,0.000303,23.10789,24.08637
,256,2,8,55,4,1,1,1,0,55,4,8,15,15,1x1|2x1|2x1|2x5|2x5|2x5|2x5|2x5,32768,18,32768,27,256,True,0.000337,21.321541,22.397762
,256,2,8,55,4,8,17,1,0,55,4,8,15,15,1x1|2x1|2x1|2x5|2x5|2x5|2x5|2x5,32768,18,32768,27,256,True,0.000241,21.58724,22.786952
,256,2,8,55,5,1,1,1,0,55,3,6,15,15,1x1|1x5|1x5|4x1|4x5|4x5,32768,15,32768,22,64,True,0.000267,23.370121,23.559838
,256,2,8,55,5,188,3,1,0,55,3,6,15,15,1x1|1x5|1x5|4x1|4x5|4x5,32768,15,32768,22,64,True,0.000257,23.569943,24.899311
,256,2,8,55,6,1,1,1,0,55,2,10,15,15,1x1|1x1|1x1|1x1|1x1|2x5|2x5|2x5|2x5|2x5,32768,6,32768,25,1024,True,0.000261,21.966715,22.582069
,256,2,8,55,7,1,1,1,0,55,1,6,15,15,1x1|1x5|1x5|4x1|4x5|4x5,32768,15,32768,22,64,True,0.000252,24.893873,26.339816
,256,2,8,55,7,188,3,1,0,55,1,6,15,15,1x1|1x5|1x5|4x1|4x5|4x5,32768,15,32768,22,64,True,0.000264,25.363293,24.782263
,256,2,8,56,0,1,1,8,3,7,8,2,3,3,1x1|2x3,729,29,729,28,4,True,0.001639,0.181869,0.151467
,256,2,8,56,1,1,1,8,3,7,7,2,3,3,1x1|2x3,729,29,729,28,4,True,0.001809,0.187896,0.153368
,256,2,8,56,1,188,3,8,3,7,7,2,3,3,1x1|2x3,729,29,729,28,4,True,0.00169,0.182654,0.142244
,256,2,8,56,2,1,1,8,3,7,6,2,3,3,1x1|2x3,729,29,729,28,4,True,0.001518,0.176801,0.144081
,256,2,8,56,2,12,5,8,3,7,6,2,3,3,1x1|2x3,729,29,729,28,4,True,0.001669,0.184152,0.149804
,256,2,8,56,3,1,1,8,3,7,5,2,3,3,1x1|2x3,729,29,729,28,4,True,0.001681,0.180348,0.139905
,256,2,8,56,3,188,3,8,3,7,5,2,3,3,1x1|2x3,729,29,729,28,4,True,0.001599,0.188656,0.14623
,256,2,8,56,4,1,1,8,3,7,4,2,3,3,1x1|2x3,729,29,729,28,4,True,0.001488,0.182611,0.141531
,256,2,8,56,4,8,17,8,3,7,4,2,3,3,1x1|2x3,729,29,729,28,4,True,0.001788,0.183611,0.139948
,256,2,8,56,5,1,1,8,3,7,3,2,3,3,1x1|2x3,729,29,729,28,4,True,0.00153,0.164779,0.147627
,256,2,8,56,5,188,3,8,3,7,3,2,3,3,1x1|2x3,729,29,729,28,4,True,0.002422,0.193101,0.161724
,256,2,8,56,6,1,1,8,3,7,2,2,3,3,1x1|2x3,729,29,729,28,4,True,0.001503,0.168616,0.139939
,256,2,8,56,6,12,5,8,3,7,2,2,3,3,1x1|2x3,729,29,729,28,4,True,0.001762,0.179478,0.144621
,256,2,8,56,7,1,1,8,3,7,1,2,3,3,1x1|2x3,729,29,729,28,4,True,0.001668,0.170712,0.139543
,256,2,8,56,7,188,3,8,3,7,1,2,3,3,1x1|2x3,729,29,729,28,4,True,0.001487,0.183043,0.142565
,256,2,8,57,0,1,1,1,0,57,8,5,9,9,1x1|2x1|2x9|2x9|2x9,512,8,512,28,32,True,0.000166,0.19251,0.206424
,256,2,8,57,1,1,1,1,0,57,7,9,9,9,1x1|1x1|1x1|1x9|1x9|1x9|1x9|1x9|1x9,512,1,512,0,512,True,0.000213,0.23029,0.244953
,256,2,8,57,2,1,1,1,0,57,6,5,9,9,1x1|2x1|2x9|2x9|2x9,512,8,512,28,32,True,0.000195,0.188684,0.211571
,256,2,8,57,2,12,5,1,0,57,6,5,9,9,1x1|2x1|2x9|2x9|2x9,512,8,512,28,32,True,0.000168,0.217181,0.248383
,256,2,8,57,3,1,1,1,0,57,5,9,9,9,1x1|1x1|1x1|1x9|1x9|1x9|1x9|1x9|1x9,512,1,512,0,512,True,0.000201,0.247228,0.263615
,256,2,8,57,4,1,1,1,0,57,4,5,9,9,1x1|2x1|2x9|2x9|2x9,512,8,512,28,32,True,0.000178,0.221095,0.243314
,256,2,8,57,4,8,17,1,0,57,4,5,9,9,1x1|2x1|2x9|2x9|2x9,512,8,512,28,32,True,0.000196,0.231107,0.236076
,256,2,8,57,5,1,1,1,0,57,3,9,9,9,1x1|1x1|1x1|1x9|1x9|1x9|1x9|1x9|1x9,512,1,512,0,512,True,0.000286,0.260222,0.26514
,256,2,8,57,6,1,1,1,0,57,2,5,9,9,1x1|2x1|2x9|2x9|2x9,512,8,512,28,32,True,0.000172,0.20385,0.217646
,256,2,8,57,6,12,5,1,0,57,2,5,9,9,1x1|2x1|2x9|2x9|2x9,512,8,512,28,32,True,0.000228,0.204853,0.219222
,256,2,8,57,7,1,1,1,0,57,1,9,9,9,1x1|1x1|1x1|1x9|1x9|1x9|1x9|1x9|1x9,512,1,512,0,512,True,0.000188,0.253626,0.28298
,256,2,8,58,0,1,1,2,1,29,8,3,5,5,1x1|2x7|2x7,243,10,243,29,8,True,0.000238,0.146755,0.122013
,256,2,8,58,1,1,1,2,1,29,7,2,5,5,1x1|4x7,243,10,243,29,4,True,0.000254,0.155786,0.151404
,256,2,8,58,1,188,3,2,1,29,7,2,5,5,1x1|4x7,243,10,243,29,4,True,0.000236,0.163644,0.146875
,256,2,8,58,2,1,1,2,1,29,6,5,5,5,1x1|1x7|1x7|1x7|1x7,243,10,243,29,32,True,0.000164,0.131301,0.118408
,256,2,8,58,2,12,5,2,1,29,6,5,5,5,1x1|1x7|1x7|1x7|1x7,243,10,243,29,32,True,0.000158,0.12824,0.118239
,256,2,8,58,3,1,1,2,1,29,5,2,5,5,1x1|4x7,243,10,243,29,4,True,0.000219,0.138093,0.12816
,256,2,8,58,3,188,3,2,1,29,5,2,5,5,1x1|4x7,243,10,243,29,4,True,0.000202,0.129792,0.125841
,256,2,8,58,4,1,1,2,1,29,4,3,5,5,1x1|2x7|2x7,243,10,243,29,8,True,0.000189,0.117893,0.110425
,256,2,8,58,4,8,17,2,1,29,4,3,5,5,1x1|2x7|2x7,243,10,243,29,8,True,0.000227,0.125418,0.118274
,256,2,8,58,5,1,1,2,1,29,3,2,5,5,1x1|4x7,243,10,243,29,4,True,0.000223,0.135008,0.126729
,256,2,8,58,5,188,3,2,1,29,3,2,5,5,1x1|4x7,243,10,243,29,4,True,0.000261,0.136979,0.132122
,256,2,8,58,6,1,1,2,1,29,2,5,5,5,1x1|1x7|1x7|1x7|1x7,243,10,243,29,32,True,0.000167,0.128725,0.123002
,256,2,8,58,6,12,5,2,1,29,2,5,5,5,1x1|1x7|1x7|1x7|1x7,243,10,243,29,32,True,0.000177,0.128595,0.119861
,256,2,8,58,7,1,1,2,1,29,1,2,5,5,1x1|4x7,243,10,243,29,4,True,0.000253,0.142604,0.132197
,256,2,8,58,7,188,3,2,1,29,1,2,5,5,1x1|4x7,243,10,243,29,4,True,0.000239,0.139927,0.133889
,256,2,8,59,0,1,1,1,0,59,8,2,3,3,1x1|2x29,8,2,8,29,4,True,7.6e-05,0.002187,0.091371
,256,2,8,59,1,1,1,1,0,59,7,3,3,3,1x1|1x29|1x29,8,1,8,0,8,True,8.7e-05,0.003627,0.092008
,256,2,8,59,1,188,3,1,0,59,7,3,3,3,1x1|1x29|1x29,8,1,8,0,8,True,0.000119,0.003627,0.090504
,256,2,8,59,2,1,1,1,0,59,6,2,3,3,1x1|2x29,8,2,8,29,4,True,7.7e-05,0.001937,0.08937
,256,2,8,59,2,12,5,1,0,59,6,2,3,3,1x1|2x29,8,2,8,29,4,True,8.7e-05,0.00218,0.090915
,256,2,8,59,3,1,1,1,0,59,5,3,3,3,1x1|1x29|1x29,8,1,8,0,8,True,7.5e-05,0.003889,0.102112
,256,2,8,59,3,188,3,1,0,59,5,3,3,3,1x1|1x29|1x29,8,1,8,0,8,True,0.000105,0.003769,0.127752
,256,2,8,59,4,1,1,1,0,59,4,2,3,3,1x1|2x29,8,2,8,29,4,True,9.1e-05,0.001945,0.093517
,256,2,8,59,4,8,17,1,0,59,4,2,3,3,1x1|2x29,8,2,8,29,4,True,8.6e-05,0.002086,0.0924
,256,2,8,59,5,1,1,1,0,59,3,3,3,3,1x1|1x29|1x29,8,1,8,0,8,True,9.6e-05,0.003637,0.093868
,256,2,8,59,5,188,3,1,0,59,3,3,3,3,1x1|1x29|1x29,8,1,8,0,8,True,8.3e-05,0.003295,0.092819
,256,2,8,59,6,1,1,1,0,59,2,2,3,3,1x1|2x29,8,2,8,29,4,True,8e-05,0.002071,0.094975
,256,2,8,59,6,12,5,1,0,59,2,2,3,3,1x1|2x29,8,2,8,29,4,True,7.5e-05,0.002128,0.093667
,256,2,8,59,7,1,1,1,0,59,1,3,3,3,1x1|1x29|1x29,8,1,8,0,8,True,7.6e-05,0.003628,0.096784
,256,2,8,59,7,188,3,1,0,59,1,3,3,3,1x1|1x29|1x29,8,1,8,0,8,True,7.8e-05,0.0036,0.095781
,4,2,2,1,0,1,1,1,0,1,2,1,1,1,1x1,2,1,2,0,2,True,5.2e-05,4.7e-05,4.3e-05
,4,2,2,1,1,1,1,1,0,1,1,1,1,1,1x1,2,1,2,0,2,True,4e-05,4.1e-05,3.9e-05
,4,2,2,1,1,2,3,1,0,1,1,1,1,1,1x1,2,1,2,0,2,True,4e-05,4.1e-05,3.9e-05
,4,2,2,2,0,1,1,2,1,1,2,1,1,1,1x1,3,2,3,1,2,True,6.9e-05,7.2e-05,6.2e-05
,4,2,2,2,1,1,1,2,1,1,1,1,1,1,1x1,3,2,3,1,2,True,5.8e-05,6.8e-05,5.8e-05
,4,2,2,2,1,2,3,2,1,1,1,1,1,1,1x1,3,2,3,1,2,True,4.1e-05,6e-05,6.2e-05
,4,2,2,3,0,1,1,1,0,3,2,2,3,3,1x1|2x1,8,2,8,1,4,True,6.2e-05,0.000166,0.000163
,4,2,2,3,1,1,1,1,0,3,1,3,3,3,1x1|1x1|1x1,8,1,8,0,8,True,6.9e-05,0.000179,0.000174
,4,2,2,4,0,1,1,4,2,1,2,1,1,1,1x1,5,3,5,2,2,True,7e-05,0.000112,0.0001
,4,2,2,4,1,1,1,4,2,1,1,1,1,1,1x1,5,3,5,2,2,True,0.000116,0.000116,0.000102
,4,2,2,4,1,2,3,4,2,1,1,1,1,1,1x1,5,3,5,2,2,True,6.9e-05,0.000113,0.000109
,4,2,2,5,0,1,1,1,0,5,2,3,3,3,1x1|1x2|1x2,8,1,8,0,8,True,9.3e-05,0.000221,0.000297
,4,2,2,5,1,1,1,1,0,5,1,2,3,3,1x1|2x2,8,2,8,2,4,True,6.5e-05,0.000204,0.000267
,4,2,2,5,1,2,3,1,0,5,1,2,3,3,1x1|2x2,8,2,8,2,4,True,6.9e-05,0.000194,0.000268
,4,2,2,6,0,1,1,2,1,3,2,2,3,3,1x1|2x1,27,4,27,3,4,True,0.000111,0.000768,0.0007
,4,2,2,6,1,1,1,2,1,3,1,3,3,3,1x1|1x1|1x1,27,4,27,3,8,True,9.4e-05,0.0008,0.000666
,4,2,2,7,0,1,1,1,0,7,2,2,3,3,1x1|2x3,8,2,8,3,4,True,0.000104,0.00036,0.000519
,4,2,2,7,1,1,1,1,0,7,1,2,3,3,1x1|2x3,8,2,8,3,4,True,0.00013,0.000239,0.000303
,4,2,2,7,1,2,3,1,0,7,1,2,3,3,1x1|2x3,8,2,8,3,4,True,8.8e-05,0.000206,0.000307
,4,2,2,8,0,1,1,8,3,1,2,1,1,1,1x1,9,5,9,4,2,True,0.000184,0.000297,0.000245
,4,2,2,8,1,1,1,8,3,1,1,1,1,1,1x1,9,5,9,4,2,True,0.00016,0.000299,0.000238
,4,2,2,8,1,2,3,8,3,1,1,1,1,1,1x1,9,5,9,4,2,True,0.000178,0.000277,0.000235
,4,2,2,9,0,1,1,1,0,9,2,3,5,5,1x1|2x1|2x3,32,4,32,4,8,True,0.000103,0.001162,0.001261
,4,2,2,9,1,1,1,1,0,9,1,5,5,5,1x1|1x1|1x1|1x3|1x3,32,1,32,0,32,True,9.7e-05,0.001237,0.001287
,4,2,2,10,0,1,1,2,1,5,2,3,3,3,1x1|1x2|1x2,27,6,27,5,8,True,9.1e-05,0.000982,0.000957
,4,2,2,10,1,1,1,2,1,5,1,2,3,3,1x1|2x2,27,6,27,5,4,True,0.000112,0.000967,0.000933
,4,2,2,10,1,2,3,2,1,5,1,2,3,3,1x1|2x2,27,6,27,5,4,True,0.000118,0.000902,0.000978
,4,2,2,11,0,1,1,1,0,11,2,2,3,3,1x1|2x5,8,2,8,5,4,True,9.3e-05,0.00033,0.00052
,4,2,2,11,1,1,1,1,0,11,1,3,3,3,1x1|1x5|1x5,8,1,8,0,8,True,9e-05,0.000602,0.000878
,4,2,2,11,1,2,3,1,0,11,1,3,3,3,1x1|1x5|1x5,8,1,8,0,8,True,8.7e-05,0.000446,0.000634
,4,2,2,12,0,1,1,4,2,3,2,2,3,3,1x1|2x1,125,7,125,6,4,True,0.000302,0.005824,0.004781
,4,2,2,12,1,1,1,4,2,3,1,3,3,3,1x1|1x1|1x1,125,7,125,6,8,True,0.000183,0.005921,0.004822
,4,2,2,13,0,1,1,1,0,13,2,3,3,3,1x1|1x6|1x6,8,1,8,0,8,True,7.5e-05,0.000416,0.000885
,4,2,2,13,1,1,1,1,0,13,1,2,3,3,1x1|2x6,8,2,8,6,4,True,8.5e-05,0.000285,0.000794
,4,2,2,13,1,2,3,1,0,13,1,2,3,3,1x1|2x6,8,2,8,6,4,True,6.2e-05,0.000316,0.000784
,4,2,2,14,0,1,1,2,1,7,2,2,3,3,1x1|2x3,27,6,27,7,4,True,0.000104,0.001064,0.001136
,4,2,2,14,1,1,1,2,1,7,1,2,3,3,1x1|2x3,27,6,27,7,4,True,0.0001,0.001037,0.001059
,4,2,2,14,1,2,3,2,1,7,1,2,3,3,1x1|2x3,27,6,27,7,4,True,0.000103,0.001055,0.001068
,4,2,2,15,0,1,1,1,0,15,2,6,9,9,1x1|1x2|1x2|2x1|2x2|2x2,512,6,512,5,64,True,0.000144,0.035044,0.037337
,4,2,2,15,1,1,1,1,0,15,1,6,9,9,1x1|1x1|1x1|2x2|2x2|2x2,512,4,512,6,64,True,0.000168,0.033182,0.034467
,4,2,2,16,0,1,1,16,4,1,2,1,1,1,1x1,17,9,17,8,2,True,0.000649,0.000831,0.000619
,4,2,2,16,1,1,1,16,4,1,1,1,1,1,1x1,17,9,17,8,2,True,0.00052,0.000891,0.000615
,4,2,2,16,1,2,3,16,4,1,1,1,1,1,1x1,17,9,17,8,2,True,0.000554,0.000849,0.00064
,4,2,2,17,0,1,1,1,0,17,2,5,5,5,1x1|1x4|1x4|1x4|1x4,32,1,32,0,32,True,0.000126,0.002595,0.002922
,4,2,2,17,1,1,1,1,0,17,1,3,5,5,1x1|2x4|2x4,32,3,32,8,8,True,0.000101,0.001936,0.002395
,4,2,2,17,1,2,3,1,0,17,1,3,5,5,1x1|2x4|2x4,32,3,32,8,8,True,0.00012,0.002013,0.002375
,4,2,2,18,0,1,1,2,1,9,2,3,5,5,1x1|2x1|2x3,243,10,243,9,8,True,0.000195,0.015443,0.013675
,4,2,2,18,1,1,1,2,1,9,1,5,5,5,1x1|1x1|1x1|1x3|1x3,243,10,243,9,32,True,0.000141,0.014684,0.013471
,4,2,2,19,0,1,1,1,0,19,2,2,3,3,1x1|2x9,8,2,8,9,4,True,8.3e-05,0.000474,0.001345
,4,2,2,19,1,1,1,1,0,19,1,3,3,3,1x1|1x9|1x9,8,1,8,0,8,True,6e-05,0.000524,0.001538
,4,2,2,19,1,2,3,1,0,19,1,3,3,3,1x1|1x9|1x9,8,1,8,0,8,True,6.5e-05,0.000575,0.001495
,4,2,2,20,0,1,1,4,2,5,2,3,3,3,1x1|1x2|1x2,125,11,125,10,8,True,0.000187,0.00956,0.007837
,4,2,2,20,1,1,1,4,2,5,1,2,3,3,1x1|2x2,125,11,125,10,4,True,0.000314,0.009161,0.007535
,4,2,2,20,1,2,3,4,2,5,1,2,3,3,1x1|2x2,125,11,125,10,4,True,0.000295,0.010297,0.008888
,4,2,2,21,0,1,1,1,0,21,2,5,9,9,1x1|2x1|2x3|2x3|2x3,512,8,512,10,32,True,0.00016,0.051869,0.053636
,4,2,2,21,1,1,1,1,0,21,1,6,9,9,1x1|1x1|1x1|2x3|2x3|2x3,512,4,512,9,64,True,0.000145,0.047456,0.050182
,4,2,2,22,0,1,1,2,1,11,2,2,3,3,1x1|2x5,27,6,27,11,4,True,0.000121,0.001986,0.002018
,4,2,2,22,1,1,1,2,1,11,1,3,3,3,1x1|1x5|1x5,27,6,27,11,8,True,9.9e-05,0.00204,0.002029
,4,2,2,22,1,2,3,2,1,11,1,3,3,3,1x1|1x5|1x5,27,6,27,11,8,True,0.000102,0.002028,0.00207
,4,2,2,23,0,1,1,1,0,23,2,2,3,3,1x1|2x11,8,2,8,11,4,True,6.6e-05,0.000402,0.001009
,4,2,2,23,1,1,1,1,0,23,1,2,3,3,1x1|2x11,8,2,8,11,4,True,0.000102,0.000391,0.001003
,4,2,2,23,1,2,3,1,0,23,1,2,3,3,1x1|2x11,8,2,8,11,4,True,6.4e-05,0.000398,0.001024
,4,2,2,24,0,1,1,8,3,3,2,2,3,3,1x1|2x1,729,13,729,12,4,True,0.00148,0.076401,0.056027
,4,2,2,24,1,1,1,8,3,3,1,3,3,3,1x1|1x1|1x1,729,13,729,12,8,True,0.000455,0.077566,0.05949
,4,2,2,25,0,1,1,1,0,25,2,5,5,5,1x1|1x2|1x2|1x10|1x10,32,1,32,0,32,True,0.000108,0.003242,0.003713
,4,2,2,25,1,1,1,1,0,25,1,3,5,5,1x1|2x2|2x10,32,4,32,12,8,True,0.000104,0.002218,0.00276
,4,2,2,25,1,2,3,1,0,25,1,3,5,5,1x1|2x2|2x10,32,4,32,12,8,True,0.00013,0.002231,0.002757
,4,2,2,26,0,1,1,2,1,13,2,3,3,3,1x1|1x6|1x6,27,6,27,13,8,True,0.000112,0.002481,0.002737
,4,2,2,26,1,1,1,2,1,13,1,2,3,3,1x1|2x6,27,6,27,13,4,True,0.000115,0.002267,0.002733
,4,2,2,26,1,2,3,2,1,13,1,2,3,3,1x1|2x6,27,6,27,13,4,True,0.000114,0.002369,0.00246
,4,2,2,27,0,1,1,1,0,27,2,4,7,7,1x1|2x1|2x3|2x9,128,8,128,13,16,True,0.000127,0.009068,0.010027
,4,2,2,27,1,1,1,1,0,27,1,7,7,7,1x1|1x1|1x1|1x3|1x3|1x9|1x9,128,1,128,0,128,True,0.00016,0.012555,0.011741
,4,2,2,28,0,1,1,4,2,7,2,2,3,3,1x1|2x3,125,15,125,14,4,True,0.000296,0.010365,0.00897
,4,2,2,28,1,1,1,4,2,7,1,2,3,3,1x1|2x3,125,15,125,14,4,True,0.000298,0.010005,0.008592
,4,2,2,28,1,2,3,4,2,7,1,2,3,3,1x1|2x3,125,15,125,14,4,True,0.000302,0.010711,0.008934
,4,2,2,29,0,1,1,1,0,29,2,3,3,3,1x1|1x14|1x14,8,1,8,0,8,True,6.6e-05,0.001052,0.004731
,4,2,2,29,1,1,1,1,0,29,1,2,3,3,1x1|2x14,8,2,8,14,4,True,6.4e-05,0.000698,0.004346
,4,2,2,29,1,2,3,1,0,29,1,2,3,3,1x1|2x14,8,2,8,14,4,True,6.4e-05,0.000684,0.004354
,4,2,2,30,0,1,1,2,1,15,2,6,9,9,1x1|1x2|1x2|2x1|2x2|2x2,19683,16,19683,15,64,True,0.000287,3.360836,3.132065
,4,2,2,30,1,1,1,2,1,15,1,6,9,9,1x1|1x1|1x1|2x2|2x2|2x2,19683,16,19683,15,64,True,0.000295,3.291307,3.145604
,4,2,2,31,0,1,1,1,0,31,2,4,7,7,1x1|2x5|2x5|2x5,128,4,128,15,16,True,0.000134,0.014496,0.013796
,4,2,2,31,1,1,1,1,0,31,1,4,7,7,1x1|2x5|2x5|2x5,128,4,128,15,16,True,0.000123,0.013819,0.013803
,4,2,2,31,1,2,3,1,0,31,1,4,7,7,1x1|2x5|2x5|2x5,128,4,128,15,16,True,0.000145,0.013076,0.013929
,4,2,2,32,0,1,1,32,5,1,2,1,1,1,1x1,33,17,33,16,2,True,0.00271,0.003395,0.002134
,4,2,2,32,1,1,1,32,5,1,1,1,1,1,1x1,33,17,33,16,2,True,0.002523,0.003214,0.002025
,4,2,2,32,1,2,3,32,5,1,1,1,1,1,1x1,33,17,33,16,2,True,0.002681,0.003303,0.002045
,4,2,2,33,0,1,1,1,0,33,2,5,9,9,1x1|2x1|2x5|2x5|2x5,512,8,512,16,32,True,0.000179,0.079689,0.081487
,4,2,2,33,1,1,1,1,0,33,1,9,9,9,1x1|1x1|1x1|1x5|1x5|1x5|1x5|1x5|1x5,512,1,512,0,512,True,0.000143,0.094425,0.104302
,4,2,2,34,0,1,1,2,1,17,2,5,5,5,1x1|1x4|1x4|1x4|1x4,243,10,243,17,32,True,0.000163,0.041694,0.034537
,4,2,2,34,1,1,1,2,1,17,1,3,5,5,1x1|2x4|2x4,243,10,243,17,8,True,0.000178,0.037043,0.037874
,4,2,2,34,1,2,3,2,1,17,1,3,5,5,1x1|2x4|2x4,243,10,243,17,8,True,0.000316,0.047472,0.036064
,4,2,2,35,0,1,1,1,0,35,2,6,9,9,1x1|1x2|1x2|2x3|2x6|2x6,512,6,512,15,64,True,0.000148,0.110598,0.108775
,4,2,2,35,1,1,1,1,0,35,1,5,9,9,1x1|2x2|2x3|2x6|2x6,512,12,512,17,32,True,0.000212,0.094368,0.097252
,4,2,2,35,1,2,3,1,0,35,1,5,9,9,1x1|2x2|2x3|2x6|2x6,512,12,512,17,32,True,0.000181,0.090875,0.09977
,4,2,2,36,0,1,1,4,2,9,2,3,5,5,1x1|2x1|2x3,3125,19,3125,18,8,True,0.000512,0.487557,0.434193
,4,2,2,36,1,1,1,4,2,9,1,5,5,5,1x1|1x1|1x1|1x3|1x3,3125,19,3125,18,32,True,0.000285,0.50381,0.427393
,4,2,2,37,0,1,1,1,0,37,2,3,3,3,1x1|1x18|1x18,8,1,8,0,8,True,6.7e-05,0.001467,0.010623
,4,2,2,37,1,1,1,1,0,37,1,2,3,3,1x1|2x18,8,2,8,18,4,True,6.3e-05,0.00097,0.01016
,4,2,2,37,1,2,3,1,0,37,1,2,3,3,1x1|2x18,8,2,8,18,4,True,6.1e-05,0.000919,0.010364
,4,2,2,38,0,1,1,2,1,19,2,2,3,3,1x1|2x9,27,6,27,19,4,True,0.000109,0.00346,0.004209
,4,2,2,38,1,1,1,2,1,19,1,3,3,3,1x1|1x9|1x9,27,6,27,19,8,True,9.7e-05,0.003569,0.0043
,4,2,2,38,1,2,3,2,1,19,1,3,3,3,1x1|1x9|1x9,27,6,27,19,8,True,9e-05,0.003576,0.004217
,4,2,2,39,0,1,1,1,0,39,2,6,9,9,1x1|1x6|1x6|2x1|2x6|2x6,512,6,512,13,64,True,0.000182,0.117873,0.122911
,4,2,2,39,1,1,1,1,0,39,1,6,9,9,1x1|1x1|1x1|2x6|2x6|2x6,512,4,512,18,64,True,0.000167,0.10305,0.114655
,4,2,2,40,0,1,1,8,3,5,2,3,3,3,1x1|1x2|1x2,729,21,729,20,8,True,0.000444,0.159595,0.151792
,4,2,2,40,1,1,1,8,3,5,1,2,3,3,1x1|2x2,729,21,729,20,4,True,0.002454,0.155961,0.149948
,4,2,2,40,1,2,3,8,3,5,1,2,3,3,1x1|2x2,729,21,729,20,4,True,0.002688,0.173573,0.109688
,4,2,2,41,0,1,1,1,0,41,2,5,5,5,1x1|1x10|1x10|1x10|1x10,32,1,32,0,32,True,0.000122,0.008129,0.011581
,4,2,2,41,1,1,1,1,0,41,1,3,5,5,1x1|2x10|2x10,32,3,32,20,8,True,0.00011,0.005842,0.009617
,4,2,2,41,1,2,3,1,0,41,1,3,5,5,1x1|2x10|2x10,32,3,32,20,8,True,0.000116,0.006179,0.009852
,4,2,2,42,0,1,1,2,1,21,2,5,9,9,1x1|2x1|2x3|2x3|2x3,19683,22,19683,21,32,True,0.000317,5.078337,4.920338
,4,2,2,42,1,1,1,2,1,21,1,6,9,9,1x1|1x1|1x1|2x3|2x3|2x3,19683,22,19683,21,64,True,0.000312,4.977643,4.724016
,4,2,2,43,0,1,1,1,0,43,2,4,7,7,1x1|2x7|2x7|2x7,128,4,128,21,16,True,0.000127,0.026318,0.028718
,4,2,2,43,1,1,1,1,0,43,1,7,7,7,1x1|1x7|1x7|1x7|1x7|1x7|1x7,128,1,128,0,128,True,0.000125,0.032061,0.034657
,4,2,2,43,1,2,3,1,0,43,1,7,7,7,1x1|1x7|1x7|1x7|1x7|1x7|1x7,128,1,128,0,128,True,0.00013,0.032224,0.035163
,4,2,2,44,0,1,1,4,2,11,2,2,3,3,1x1|2x5,125,15,125,22,4,True,0.000329,0.022187,0.018004
,4,2,2,44,1,1,1,4,2,11,1,3,3,3,1x1|1x5|1x5,125,15,125,22,8,True,0.000209,0.024454,0.020348
,4,2,2,44,1,2,3,4,2,11,1,3,3,3,1x1|1x5|1x5,125,15,125,22,8,True,0.000163,0.025548,0.020122
,4,2,2,45,0,1,1,1,0,45,2,9,15,15,1x1|1x2|1x2|2x1|2x2|2x2|2x3|2x6|2x6,32768,21,32768,20,512,True,0.000253,9.996854,10.137883
,4,2,2,45,1,1,1,1,0,45,1,10,15,15,1x1|1x1|1x1|1x3|1x3|2x2|2x2|2x2|2x6|2x6,32768,10,32768,18,1024,True,0.000283,10.24539,10.163071
,4,2,2,46,0,1,1,2,1,23,2,2,3,3,1x1|2x11,27,6,27,23,4,True,0.000127,0.003549,0.003841
,4,2,2,46,1,1,1,2,1,23,1,2,3,3,1x1|2x11,27,6,27,23,4,True,0.000115,0.003343,0.003816
,4,2,2,46,1,2,3,2,1,23,1,2,3,3,1x1|2x11,27,6,27,23,4,True,0.00011,0.003503,0.003837
,4,2,2,47,0,1,1,1,0,47,2,2,3,3,1x1|2x23,8,2,8,23,4,True,8.7e-05,0.000866,0.004842
,4,2,2,47,1,1,1,1,0,47,1,2,3,3,1x1|2x23,8,2,8,23,4,True,8.1e-05,0.000819,0.004917
,4,2,2,47,1,2,3,1,0,47,1,2,3,3,1x1|2x23,8,2,8,23,4,True,7e-05,0.000843,0.004931
,4,2,2,48,0,1,1,16,4,3,2,2,3,3,1x1|2x1,4913,25,4913,24,4,True,0.032749,1.70991,1.082982
,4,2,2,48,1,1,1,16,4,3,1,3,3,3,1x1|1x1|1x1,4913,25,4913,24,8,True,0.001856,1.548718,1.109543
,4,2,2,49,0,1,1,1,0,49,2,3,5,5,1x1|2x3|2x21,32,4,32,24,8,True,0.000128,0.003505,0.005127
,4,2,2,49,1,1,1,1,0,49,1,3,5,5,1x1|2x3|2x21,32,4,32,24,8,True,0.000115,0.003551,0.004894
,4,2,2,49,1,2,3,1,0,49,1,3,5,5,1x1|2x3|2x21,32,4,32,24,8,True,0.000133,0.003496,0.005167
,4,2,2,50,0,1,1,2,1,25,2,5,5,5,1x1|1x2|1x2|1x10|1x10,243,18,243,25,32,True,0.000173,0.046525,0.043279
,4,2,2,50,1,1,1,2,1,25,1,3,5,5,1x1|2x2|2x10,243,18,243,25,8,True,0.000189,0.04345,0.041622
,4,2,2,50,1,2,3,2,1,25,1,3,5,5,1x1|2x2|2x10,243,18,243,25,8,True,0.000184,0.044537,0.044312
,4,2,2,51,0,1,1,1,0,51,2,10,15,15,1x1|1x4|1x4|1x4|1x4|2x1|2x4|2x4|2x4|2x4,32768,10,32768,17,1024,True,0.000243,15.561009,16.24913
,4,2,2,51,1,1,1,1,0,51,1,9,15,15,1x1|1x1|1x1|2x4|2x4|2x4|2x4|2x4|2x4,32768,7,32768,24,512,True,0.000329,14.034818,14.254552
,4,2,2,52,0,1,1,4,2,13,2,3,3,3,1x1|1x6|1x6,125,15,125,26,8,True,0.000213,0.031731,0.02887
,4,2,2,52,1,1,1,4,2,13,1,2,3,3,1x1|2x6,125,15,125,26,4,True,0.000411,0.031631,0.027226
,4,2,2,52,1,2,3,4,2,13,1,2,3,3,1x1|2x6,125,15,125,26,4,True,0.000384,0.031996,0.029064
,4,2,2,53,0,1,1,1,0,53,2,3,3,3,1x1|1x26|1x26,8,1,8,0,8,True,0.000101,0.002707,0.023999
,4,2,2,53,1,1,1,1,0,53,1,2,3,3,1x1|2x26,8,2,8,26,4,True,0.000106,0.001608,0.024589
,4,2,2,53,1,2,3,1,0,53,1,2,3,3,1x1|2x26,8,2,8,26,4,True,7.6e-05,0.001543,0.023378
,4,2,2,54,0,1,1,2,1,27,2,4,7,7,1x1|2x1|2x3|2x9,2187,28,2187,27,16,True,0.000274,0.475951,0.472538
,4,2,2,54,1,1,1,2,1,27,1,7,7,7,1x1|1x1|1x1|1x3|1x3|1x9|1x9,2187,28,2187,27,128,True,0.000295,0.461049,0.452556
,4,2,2,55,0,1,1,1,0,55,2,6,9,9,1x1|1x2|1x2|2x5|2x10|2x10,512,6,512,25,64,True,0.00019,0.174583,0.194261
,4,2,2,55,1,1,1,1,0,55,1,6,9,9,1x1|1x5|1x5|2x2|2x10|2x10,512,6,512,22,64,True,0.000199,0.209496,0.22105
,4,2,2,55,1,2,3,1,0,55,1,6,9,9,1x1|1x5|1x5|2x2|2x10|2x10,512,6,512,22,64,True,0.000179,0.20198,0.215935
,4,2,2,56,0,1,1,8,3,7,2,2,3,3,1x1|2x3,729,29,729,28,4,True,0.001663,0.170771,0.135027
,4,2,2,56,1,1,1,8,3,7,1,2,3,3,1x1|2x3,729,29,729,28,4,True,0.001482,0.170805,0.13105
,4,2,2,56,1,2,3,8,3,7,1,2,3,3,1x1|2x3,729,29,729,28,4,True,0.001667,0.167303,0.136338
,4,2,2,57,0,1,1,1,0,57,2,5,9,9,1x1|2x1|2x9|2x9|2x9,512,8,512,28,32,True,0.000199,0.186363,0.179935
,4,2,2,57,1,1,1,1,0,57,1,9,9,9,1x1|1x1|1x1|1x9|1x9|1x9|1x9|1x9|1x9,512,1,512,0,512,True,0.000146,0.210303,0.22747
,4,2,2,58,0,1,1,2,1,29,2,3,3,3,1x1|1x14|1x14,27,6,27,29,8,True,0.000141,0.008268,0.011679
,4,2,2,58,1,1,1,2,1,29,1,2,3,3,1x1|2x14,27,6,27,29,4,True,0.000144,0.008401,0.011812
,4,2,2,58,1,2,3,2,1,29,1,2,3,3,1x1|2x14,27,6,27,29,4,True,0.000207,0.008016,0.011758
,4,2,2,59,0,1,1,1,0,59,2,2,3,3,1x1|2x29,8,2,8,29,4,True,9.1e-05,0.002057,0.02502
,4,2,2,59,1,1,1,1,0,59,1,3,3,3,1x1|1x29|1x29,8,1,8,0,8,True,0.000106,0.00354,0.026037
,4,2,2,59,1,2,3,1,0,59,1,3,3,3,1x1|1x29|1x29,8,1,8,0,8,True,0.000105,0.003101,0.02531
,8,2,3,1,0,1,1,1,0,1,3,1,1,1,1x1,2,1,2,0,2,True,5.3e-05,5.2e-05,4.3e-05
,8,2,3,1,1,1,1,1,0,1,2,1,1,1,1x1,2,1,2,0,2,True,3.3e-05,4.5e-05,4e-05
,8,2,3,1,2,1,1,1,0,1,1,1,1,1,1x1,2,1,2,0,2,True,3.5e-05,8.7e-05,4.2e-05
,8,2,3,2,0,1,1,2,1,1,3,1,1,1,1x1,3,2,3,1,2,True,5.7e-05,6.9e-05,5.9e-05
,8,2,3,2,1,1,1,2,1,1,2,1,1,1,1x1,3,2,3,1,2,True,7.7e-05,7.7e-05,6.6e-05
,8,2,3,2,2,1,1,2,1,1,1,1,1,1,1x1,3,2,3,1,2,True,4.8e-05,8.6e-05,6.1e-05
,8,2,3,3,0,1,1,1,0,3,3,2,2,2,1x1|1x2,4,1,4,0,4,True,6.7e-05,0.000118,0.000235
,8,2,3,3,1,1,1,1,0,3,2,2,2,2,1x1|1x2,4,1,4,0,4,True,5.4e-05,0.000139,0.00027
,8,2,3,3,2,1,1,1,0,3,1,2,2,2,1x1|1x2,4,1,4,0,4,True,5.4e-05,9.5e-05,0.000141
,8,2,3,4,0,1,1,4,2,1,3,1,1,1,1x1,5,3,5,2,2,True,7.4e-05,0.000119,0.000111
,8,2,3,4,1,1,1,4,2,1,2,1,1,1,1x1,5,3,5,2,2,True,7.3e-05,0.000211,0.00011
,8,2,3,4,2,1,1,4,2,1,1,1,1,1,1x1,5,3,5,2,2,True,7.2e-05,0.000108,0.000129
,8,2,3,5,0,1,1,1,0,5,3,2,2,2,1x1|1x4,4,1,4,0,4,True,4.9e-05,0.00011,0.000266
,8,2,3,5,1,1,1,1,0,5,2,2,2,2,1x1|1x4,4,1,4,0,4,True,7.7e-05,0.000261,0.00038
,8,2,3,5,2,1,1,1,0,5,1,2,2,2,1x1|1x4,4,1,4,0,4,True,4.8e-05,0.0001,0.0003
,8,2,3,6,0,1,1,2,1,3,3,2,2,2,1x1|1x2,9,4,9,3,4,True,0.000132,0.000393,0.000476
,8,2,3,6,1,1,1,2,1,3,2,2,2,2,1x1|1x2,9,4,9,3,4,True,8.2e-05,0.000236,0.000406
,8,2,3,6,2,1,1,2,1,3,1,2,2,2,1x1|1x2,9,4,9,3,4,True,7.7e-05,0.000446,0.000451
,8,2,3,7,0,1,1,1,0,7,3,4,7,7,1x1|2x1|2x1|2x1,128,4,128,3,16,True,0.000231,0.008216,0.008934
,8,2,3,7,1,1,1,1,0,7,2,2,7,7,1x1|6x1,128,4,128,3,4,True,0.000253,0.005009,0.004668
,8,2,3,7,2,1,1,1,0,7,1,2,7,7,1x1|6x1,128,4,128,3,4,True,0.000209,0.004958,0.005445
,8,2,3,8,0,1,1,8,3,1,3,1,1,1,1x1,9,5,9,4,2,True,0.00019,0.000336,0.000266
,8,2,3,8,1,1,1,8,3,1,2,1,1,1,1x1,9,5,9,4,2,True,0.000165,0.000394,0.000257
,8,2,3,8,2,1,1,8,3,1,1,1,1,1,1x1,9,5,9,4,2,True,0.000164,0.000279,0.00028
,8,2,3,9,0,1,1,1,0,9,3,5,5,5,1x1|1x2|1x2|1x2|1x2,32,1,32,0,32,True,0.000124,0.001647,0.002052
,8,2,3,9,1,1,1,1,0,9,2,3,5,5,1x1|1x2|3x2,32,2,32,2,8,True,0.000148,0.001612,0.001705
,8,2,3,9,2,1,1,1,0,9,1,3,5,5,1x1|1x2|3x2,32,2,32,2,8,True,0.000103,0.001541,0.001696
,8,2,3,10,0,1,1,2,1,5,3,2,2,2,1x1|1x4,9,4,9,5,4,True,8e-05,0.000364,0.000444
,8,2,3,10,1,1,1,2,1,5,2,2,2,2,1x1|1x4,9,4,9,5,4,True,8.4e-05,0.000424,0.000415
,8,2,3,10,2,1,1,2,1,5,1,2,2,2,1x1|1x4,9,4,9,5,4,True,7.5e-05,0.000339,0.000394
,8,2,3,11,0,1,1,1,0,11,3,2,2,2,1x1|1x10,4,1,4,0,4,True,5.1e-05,0.000141,0.000766
,8,2,3,11,1,1,1,1,0,11,2,2,2,2,1x1|1x10,4,1,4,0,4,True,5.2e-05,0.000212,0.000707
,8,2,3,11,2,1,1,1,0,11,1,2,2,2,1x1|1x10,4,1,4,0,4,True,4.9e-05,0.000136,0.00069
,8,2,3,12,0,1,1,4,2,3,3,2,2,2,1x1|1x2,25,7,25,6,4,True,0.000159,0.001077,0.000989
,8,2,3,12,1,1,1,4,2,3,2,2,2,2,1x1|1x2,25,7,25,6,4,True,0.000127,0.001086,0.000951
,8,2,3,12,2,1,1,4,2,3,1,2,2,2,1x1|1x2,25,7,25,6,4,True,0.000121,0.000967,0.000903
,8,2,3,13,0,1,1,1,0,13,3,4,4,4,1x1|1x4|1x4|1x4,16,1,16,0,16,True,0.000141,0.001123,0.001557
,8,2,3,13,1,1,1,1,0,13,2,2,4,4,1x1|3x4,16,2,16,4,4,True,8.4e-05,0.00109,0.001578
,8,2,3,13,2,1,1,1,0,13,1,2,4,4,1x1|3x4,16,2,16,4,4,True,8.2e-05,0.000927,0.001531
,8,2,3,14,0,1,1,2,1,7,3,4,7,7,1x1|2x1|2x1|2x1,2187,8,2187,7,16,True,0.000253,0.16938,0.155503
,8,2,3,14,1,1,1,2,1,7,2,2,7,7,1x1|6x1,2187,8,2187,7,4,True,0.000981,0.172313,0.155643
,8,2,3,14,2,1,1,2,1,7,1,2,7,7,1x1|6x1,2187,8,2187,7,4,True,0.000915,0.164758,0.159396
,8,2,3,15,0,1,1,1,0,15,3,4,5,5,1x1|1x2|1x4|2x4,32,2,32,4,16,True,0.000139,0.001863,0.002117
,8,2,3,15,1,1,1,1,0,15,2,4,5,5,1x1|1x2|1x4|2x4,32,2,32,4,16,True,0.00016,0.001718,0.002215
,8,2,3,15,2,1,1,1,0,15,1,4,5,5,1x1|1x2|1x4|2x4,32,2,32,4,16,True,0.000136,0.001738,0.002128
,8,2,3,16,0,1,1,16,4,1,3,1,1,1,1x1,17,9,17,8,2,True,0.000702,0.000998,0.000754
,8,2,3,16,1,1,1,16,4,1,2,1,1,1,1x1,17,9,17,8,2,True,0.000683,0.001055,0.000701
,8,2,3,16,2,1,1,16,4,1,1,1,1,1,1x1,17,9,17,8,2,True,0.000622,0.000987,0.00075
,8,2,3,17,0,1,1,1,0,17,3,3,3,3,1x1|1x8|1x8,8,1,8,0,8,True,7.9e-05,0.000433,0.001576
,8,2,3,17,1,1,1,1,0,17,2,3,3,3,1x1|1x8|1x8,8,1,8,0,8,True,7.9e-05,0.000473,0.001308
,8,2,3,17,2,1,1,1,0,17,1,3,3,3,1x1|1x8|1x8,8,1,8,0,8,True,7.9e-05,0.000521,0.001361
,8,2,3,18,0,1,1,2,1,9,3,5,5,5,1x1|1x2|1x2|1x2|1x2,243,10,243,9,32,True,0.000256,0.022032,0.020555
,8,2,3,18,1,1,1,2,1,9,2,3,5,5,1x1|1x2|3x2,243,10,243,9,8,True,0.000271,0.023962,0.02095
,8,2,3,18,2,1,1,2,1,9,1,3,5,5,1x1|1x2|3x2,243,10,243,9,8,True,0.000233,0.02153,0.021183
,8,2,3,19,0,1,1,1,0,19,3,4,4,4,1x1|1x6|1x6|1x6,16,1,16,0,16,True,9.3e-05,0.001515,0.003111
,8,2,3,19,1,1,1,1,0,19,2,2,4,4,1x1|3x6,16,2,16,6,4,True,7.9e-05,0.001183,0.002671
,8,2,3,19,2,1,1,1,0,19,1,2,4,4,1x1|3x6,16,2,16,6,4,True,0.000103,0.001296,0.002745
,8,2,3,20,0,1,1,4,2,5,3,2,2,2,1x1|1x4,25,9,25,10,4,True,0.000148,0.001478,0.001371
,8,2,3,20,1,1,1,4,2,5,2,2,2,2,1x1|1x4,25,9,25,10,4,True,0.000126,0.001436,0.001253
,8,2,3,20,2,1,1,4,2,5,1,2,2,2,1x1|1x4,25,9,25,10,4,True,0.000121,0.001312,0.001306
,8,2,3,21,0,1,1,1,0,21,3,8,14,14,1x1|1x2|2x1|2x1|2x1|2x2|2x2|2x2,16384,10,16384,9,256,True,0.000268,2.390057,2.506378
,8,2,3,21,1,1,1,1,0,21,2,4,14,14,1x1|1x2|6x1|6x2,16384,10,16384,9,16,True,0.000349,2.41497,2.582277
,8,2,3,21,2,1,1,1,0,21,1,4,14,14,1x1|1x2|6x1|6x2,16384,10,16384,9,16,True,0.000605,2.555737,2.748608
,8,2,3,22,0,1,1,2,1,11,3,2,2,2,1x1|1x10,9,4,9,11,4,True,0.000139,0.000976,0.001526
,8,2,3,22,1,1,1,2,1,11,2,2,2,2,1x1|1x10,9,4,9,11,4,True,0.000127,0.0005,0.001072
,8,2,3,22,2,1,1,2,1,11,1,2,2,2,1x1|1x10,9,4,9,11,4,True,7.6e-05,0.000579,0.001164
,8,2,3,23,0,1,1,1,0,23,3,2,3,3,1x1|2x11,8,2,8,11,4,True,0.000123,0.000557,0.001575
,8,2,3,23,1,1,1,1,0,23,2,2,3,3,1x1|2x11,8,2,8,11,4,True,8.7e-05,0.000519,0.001568
,8,2,3,23,2,1,1,1,0,23,1,2,3,3,1x1|2x11,8,2,8,11,4,True,9.5e-05,0.000586,0.001714
,8,2,3,24,0,1,1,8,3,3,3,2,2,2,1x1|1x2,81,13,81,12,4,True,0.00048,0.007636,0.008092
,8,2,3,24,1,1,1,8,3,3,2,2,2,2,1x1|1x2,81,13,81,12,4,True,0.000365,0.00714,0.005414
,8,2,3,24,2,1,1,8,3,3,1,2,2,2,1x1|1x2,81,13,81,12,4,True,0.000376,0.006857,0.005613
,8,2,3,25,0,1,1,1,0,25,3,3,3,3,1x1|1x4|1x20,8,1,8,0,8,True,8.2e-05,0.000471,0.001739
,8,2,3,25,1,1,1,1,0,25,2,3,3,3,1x1|1x4|1x20,8,1,8,0,8,True,0.000103,0.000512,0.001855
,8,2,3,25,2,1,1,1,0,25,1,3,3,3,1x1|1x4|1x20,8,1,8,0,8,True,0.000101,0.000539,0.001805
,8,2,3,26,0,1,1,2,1,13,3,4,4,4,1x1|1x4|1x4|1x4,81,8,81,13,16,True,0.000205,0.013321,0.011916
,8,2,3,26,1,1,1,2,1,13,2,2,4,4,1x1|3x4,81,8,81,13,4,True,0.000206,0.012645,0.01192
,8,2,3,26,2,1,1,2,1,13,1,2,4,4,1x1|3x4,81,8,81,13,4,True,0.000346,0.014889,0.01121
,8,2,3,27,0,1,1,1,0,27,3,8,8,8,1x1|1x2|1x2|1x2|1x2|1x6|1x6|1x6,256,1,256,0,256,True,0.000162,0.04741,0.048116
,8,2,3,27,1,1,1,1,0,27,2,4,8,8,1x1|1x2|3x2|3x6,256,4,256,8,16,True,0.000201,0.040131,0.040612
,8,2,3,27,2,1,1,1,0,27,1,4,8,8,1x1|1x2|3x2|3x6,256,4,256,8,16,True,0.000183,0.056816,0.046973
,8,2,3,28,0,1,1,4,2,7,3,4,7,7,1x1|2x1|2x1|2x1,78125,15,78125,14,16,True,0.000943,17.92604,13.870595
,8,2,3,28,1,1,1,4,2,7,2,2,7,7,1x1|6x1,78125,15,78125,14,4,True,0.016207,17.883795,13.697398
,8,2,3,28,2,1,1,4,2,7,1,2,7,7,1x1|6x1,78125,15,78125,14,4,True,0.013968,16.089815,14.009178
,8,2,3,29,0,1,1,1,0,29,3,2,2,2,1x1|1x28,4,1,4,0,4,True,8.5e-05,0.000309,0.003326
,8,2,3,29,1,1,1,1,0,29,2,2,2,2,1x1|1x28,4,1,4,0,4,True,6.8e-05,0.000253,0.003258
,8,2,3,29,2,1,1,1,0,29,1,2,2,2,1x1|1x28,4,1,4,0,4,True,0.000114,0.000251,0.003314
,8,2,3,30,0,1,1,2,1,15,3,4,5,5,1x1|1x2|1x4|2x4,243,16,243,15,16,True,0.000192,0.028702,0.027636
,8,2,3,30,1,1,1,2,1,15,2,4,5,5,1x1|1x2|1x4|2x4,243,16,243,15,16,True,0.000216,0.028461,0.029167
,8,2,3,30,2,1,1,2,1,15,1,4,5,5,1x1|1x2|1x4|2x4,243,16,243,15,16,True,0.000322,0.027772,0.025529
,8,2,3,31,0,1,1,1,0,31,3,4,7,7,1x1|2x5|2x5|2x5,128,4,128,15,16,True,0.000127,0.014692,0.015779
,8,2,3,31,1,1,1,1,0,31,2,4,7,7,1x1|2x5|2x5|2x5,128,4,128,15,16,True,0.000132,0.014645,0.016283
,8,2,3,31,2,1,1,1,0,31,1,4,7,7,1x1|2x5|2x5|2x5,128,4,128,15,16,True,0.000129,0.016908,0.019843
,8,2,3,32,0,1,1,32,5,1,3,1,1,1,1x1,33,17,33,16,2,True,0.003151,0.003993,0.002377
,8,2,3,32,1,1,1,32,5,1,2,1,1,1,1x1,33,17,33,16,2,True,0.002692,0.004009,0.002539
,8,2,3,32,2,1,1,32,5,1,1,1,1,1,1x1,33,17,33,16,2,True,0.002824,0.003801,0.002402
,8,2,3,33,0,1,1,1,0,33,3,5,5,5,1x1|1x2|1x10|1x10|1x10,32,1,32,0,32,True,0.000106,0.003809,0.005888
,8,2,3,33,1,1,1,1,0,33,2,5,5,5,1x1|1x2|1x10|1x10|1x10,32,1,32,0,32,True,9.7e-05,0.003625,0.005914
,8,2,3,33,2,1,1,1,0,33,1,5,5,5,1x1|1x2|1x10|1x10|1x10,32,1,32,0,32,True,0.000128,0.003779,0.006531
,8,2,3,34,0,1,1,2,1,17,3,3,3,3,1x1|1x8|1x8,27,6,27,17,8,True,0.000123,0.002787,0.003296
,8,2,3,34,1,1,1,2,1,17,2,3,3,3,1x1|1x8|1x8,27,6,27,17,8,True,9.9e-05,0.002614,0.003142
,8,2,3,34,2,1,1,2,1,17,1,3,3,3,1x1|1x8|1x8,27,6,27,17,8,True,9.3e-05,0.00258,0.003198
,8,2,3,35,0,1,1,1,0,35,3,8,14,14,1x1|1x4|2x1|2x1|2x1|2x4|2x4|2x4,16384,16,16384,15,256,True,0.000233,4.815396,4.827042
,8,2,3,35,1,1,1,1,0,35,2,4,14,14,1x1|1x4|6x1|6x4,16384,16,16384,15,16,True,0.000391,4.884095,5.196476
,8,2,3,35,2,1,1,1,0,35,1,4,14,14,1x1|1x4|6x1|6x4,16384,16,16384,15,16,True,0.000302,4.885367,5.080503
,8,2,3,36,0,1,1,4,2,9,3,5,5,5,1x1|1x2|1x2|1x2|1x2,3125,19,3125,18,32,True,0.000442,0.754328,0.624624
,8,2,3,36,1,1,1,4,2,9,2,3,5,5,1x1|1x2|3x2,3125,19,3125,18,8,True,0.000918,0.845332,0.689655
,8,2,3,36,2,1,1,4,2,9,1,3,5,5,1x1|1x2|3x2,3125,19,3125,18,8,True,0.000739,0.879545,0.751824
,8,2,3,37,0,1,1,1,0,37,3,4,4,4,1x1|1x12|1x12|1x12,16,1,16,0,16,True,8.1e-05,0.004984,0.016777
,8,2,3,37,1,1,1,1,0,37,2,2,4,4,1x1|3x12,16,2,16,12,4,True,0.000112,0.003657,0.015767
,8,2,3,37,2,1,1,1,0,37,1,2,4,4,1x1|3x12,16,2,16,12,4,True,8.8e-05,0.004056,0.015176
,8,2,3,38,0,1,1,2,1,19,3,4,4,4,1x1|1x6|1x6|1x6,81,8,81,19,16,True,0.00013,0.020608,0.019185
,8,2,3,38,1,1,1,2,1,19,2,2,4,4,1x1|3x6,81,8,81,19,4,True,0.000159,0.022403,0.021753
,8,2,3,38,2,1,1,2,1,19,1,2,4,4,1x1|3x6,81,8,81,19,4,True,0.00017,0.018415,0.019948
,8,2,3,39,0,1,1,1,0,39,3,8,11,11,1x1|1x2|1x4|1x4|1x4|2x4|2x4|2x4,2048,4,2048,12,256,True,0.000278,0.797127,0.813971
,8,2,3,39,1,1,1,1,0,39,2,4,11,11,1x1|1x2|3x4|6x4,2048,5,2048,16,16,True,0.000224,0.706389,0.787042
,8,2,3,39,2,1,1,1,0,39,1,4,11,11,1x1|1x2|3x4|6x4,2048,5,2048,16,16,True,0.000404,0.680725,0.688073
,8,2,3,40,0,1,1,8,3,5,3,2,2,2,1x1|1x4,81,21,81,20,4,True,0.000439,0.010789,0.008052
,8,2,3,40,1,1,1,8,3,5,2,2,2,2,1x1|1x4,81,21,81,20,4,True,0.000338,0.01053,0.007933
,8,2,3,40,2,1,1,8,3,5,1,2,2,2,1x1|1x4,81,21,81,20,4,True,0.0004,0.010136,0.007799
,8,2,3,41,0,1,1,1,0,41,3,3,3,3,1x1|1x20|1x20,8,1,8,0,8,True,7.4e-05,0.001178,0.010662
,8,2,3,41,1,1,1,1,0,41,2,3,3,3,1x1|1x20|1x20,8,1,8,0,8,True,6.4e-05,0.001095,0.010459
,8,2,3,41,2,1,1,1,0,41,1,3,3,3,1x1|1x20|1x20,8,1,8,0,8,True,6.2e-05,0.001073,0.010538
,8,2,3,43,0,1,1,1,0,43,3,4,4,4,1x1|1x14|1x14|1x14,16,1,16,0,16,True,8.4e-05,0.002692,0.007779
,8,2,3,43,1,1,1,1,0,43,2,4,4,4,1x1|1x14|1x14|1x14,16,1,16,0,16,True,7.7e-05,0.002535,0.007873
,8,2,3,43,2,1,1,1,0,43,1,4,4,4,1x1|1x14|1x14|1x14,16,1,16,0,16,True,7.4e-05,0.002478,0.007686
,8,2,3,44,0,1,1,4,2,11,3,2,2,2,1x1|1x10,25,9,25,22,4,True,0.000134,0.003331,0.003065
,8,2,3,44,1,1,1,4,2,11,2,2,2,2,1x1|1x10,25,9,25,22,4,True,0.000128,0.002987,0.002954
,8,2,3,44,2,1,1,4,2,11,1,2,2,2,1x1|1x10,25,9,25,22,4,True,0.000278,0.002975,0.002913
,8,2,3,45,0,1,1,1,0,45,3,10,14,14,1x1|1x2|1x2|1x2|1x2|1x4|2x4|2x4|2x4|2x4,16384,5,16384,16,1024,True,0.000229,7.873143,8.396643
,8,2,3,45,1,1,1,1,0,45,2,6,14,14,1x1|1x2|1x4|2x4|3x2|6x4,16384,10,16384,18,64,True,0.000321,7.737616,8.378647
,8,2,3,45,2,1,1,1,0,45,1,6,14,14,1x1|1x2|1x4|2x4|3x2|6x4,16384,10,16384,18,64,True,0.000359,8.396729,8.440102
,8,2,3,46,0,1,1,2,1,23,3,2,3,3,1x1|2x11,27,6,27,23,4,True,0.000174,0.003979,0.00507
,8,2,3,46,1,1,1,2,1,23,2,2,3,3,1x1|2x11,27,6,27,23,4,True,0.000181,0.003907,0.004584
,8,2,3,46,2,1,1,2,1,23,1,2,3,3,1x1|2x11,27,6,27,23,4,True,0.000152,0.003727,0.004438
,8,2,3,47,0,1,1,1,0,47,3,2,3,3,1x1|2x23,8,2,8,23,4,True,6.7e-05,0.000997,0.007548
,8,2,3,47,1,1,1,1,0,47,2,2,3,3,1x1|2x23,8,2,8,23,4,True,7.1e-05,0.000887,0.007447
,8,2,3,47,2,1,1,1,0,47,1,2,3,3,1x1|2x23,8,2,8,23,4,True,6.8e-05,0.000894,0.007491
,8,2,3,48,0,1,1,16,4,3,3,2,2,2,1x1|1x2,289,25,289,24,4,True,0.00209,0.055992,0.039308
,8,2,3,48,1,1,1,16,4,3,2,2,2,2,1x1|1x2,289,25,289,24,4,True,0.001165,0.058673,0.040156
,8,2,3,48,2,1,1,16,4,3,1,2,2,2,1x1|1x2,289,25,289,24,4,True,0.001808,0.067265,0.04745
,8,2,3,49,0,1,1,1,0,49,3,7,13,13,1x1|2x1|2x1|2x1|2x7|2x7|2x7,8192,16,8192,24,128,True,0.000367,2.419809,2.272768
,8,2,3,49,1,1,1,1,0,49,2,3,13,13,1x1|6x1|6x7,8192,16,8192,24,8,True,0.000364,2.219377,2.427282
,8,2,3,49,2,1,1,1,0,49,1,3,13,13,1x1|6x1|6x7,8192,16,8192,24,8,True,0.000302,2.303698,2.345723
,8,2,3,50,0,1,1,2,1,25,3,3,3,3,1x1|1x4|1x20,27,8,27,25,8,True,0.000123,0.003059,0.004006
,8,2,3,50,1,1,1,2,1,25,2,3,3,3,1x1|1x4|1x20,27,8,27,25,8,True,0.000161,0.003167,0.003941
,8,2,3,50,2,1,1,2,1,25,1,3,3,3,1x1|1x4|1x20,27,8,27,25,8,True,0.0001,0.00288,0.004012
,8,2,3,51,0,1,1,1,0,51,3,6,8,8,1x1|1x2|1x8|1x8|2x8|2x8,256,3,256,16,64,True,0.000148,0.064824,0.068623
,8,2,3,51,1,1,1,1,0,51,2,6,8,8,1x1|1x2|1x8|1x8|2x8|2x8,256,3,256,16,64,True,0.000163,0.068097,0.068807
,8,2,3,51,2,1,1,1,0,51,1,6,8,8,1x1|1x2|1x8|1x8|2x8|2x8,256,3,256,16,64,True,0.000158,0.067013,0.06763
,8,2,3,52,0,1,1,4,2,13,3,4,4,4,1x1|1x4|1x4|1x4,625,21,625,26,16,True,0.000329,0.25757,0.204151
,8,2,3,52,1,1,1,4,2,13,2,2,4,4,1x1|3x4,625,21,625,26,4,True,0.000631,0.264258,0.225776
,8,2,3,52,2,1,1,4,2,13,1,2,4,4,1x1|3x4,625,21,625,26,4,True,0.000675,0.257145,0.222041
,8,2,3,53,0,1,1,1,0,53,3,2,2,2,1x1|1x52,4,1,4,0,4,True,9.8e-05,0.000694,0.010449
,8,2,3,53,1,1,1,1,0,53,2,2,2,2,1x1|1x52,4,1,4,0,4,True,5.3e-05,0.000411,0.009759
,8,2,3,53,2,1,1,1,0,53,1,2,2,2,1x1|1x52,4,1,4,0,4,True,6.3e-05,0.000352,0.009467
,8,2,3,54,0,1,1,2,1,27,3,8,8,8,1x1|1x2|1x2|1x2|1x2|1x6|1x6|1x6,6561,28,6561,27,256,True,0.000371,2.648541,2.631247
,8,2,3,54,1,1,1,2,1,27,2,4,8,8,1x1|1x2|3x2|3x6,6561,28,6561,27,16,True,0.000432,3.010319,3.028613
,8,2,3,54,2,1,1,2,1,27,1,4,8,8,1x1|1x2|3x2|3x6,6561,28,6561,27,16,True,0.00045,3.066186,3.151141
,8,2,3,55,0,1,1,1,0,55,3,4,5,5,1x1|1x4|1x10|2x20,32,2,32,20,16,True,0.000108,0.006658,0.022537
,8,2,3,55,1,1,1,1,0,55,2,4,5,5,1x1|1x4|1x10|2x20,32,2,32,20,16,True,0.000279,0.010457,0.026955
,8,2,3,55,2,1,1,1,0,55,1,4,5,5,1x1|1x4|1x10|2x20,32,2,32,20,16,True,0.000112,0.0067,0.017083
,8,2,3,57,0,1,1,1,0,57,3,11,11,11,1x1|1x2|1x6|1x6|1x6|1x6|1x6|1x6|1x6|1x6|1x6,2048,1,2048,0,2048,True,0.000188,1.490422,1.600846
,8,2,3,57,1,1,1,1,0,57,2,5,11,11,1x1|1x2|3x6|3x6|3x6,2048,4,2048,18,32,True,0.000373,1.403586,1.497167
,8,2,3,57,2,1,1,1,0,57,1,5,11,11,1x1|1x2|3x6|3x6|3x6,2048,4,2048,18,32,True,0.000195,1.302275,1.358935
,8,2,3,58,0,1,1,2,1,29,3,2,2,2,1x1|1x28,9,4,9,29,4,True,0.000135,0.001685,0.005267
,8,2,3,58,1,1,1,2,1,29,2,2,2,2,1x1|1x28,9,4,9,29,4,True,8.2e-05,0.00116,0.004528
,8,2,3,58,2,1,1,2,1,29,1,2,2,2,1x1|1x28,9,4,9,29,4,True,8.6e-05,0.001215,0.004009
,8,2,3,59,0,1,1,1,0,59,3,2,2,2,1x1|1x58,4,1,4,0,4,True,5.6e-05,0.000404,0.011937
,8,2,3,59,1,1,1,1,0,59,2,2,2,2,1x1|1x58,4,1,4,0,4,True,5.7e-05,0.000427,0.012335
,8,2,3,59,2,1,1,1,0,59,1,2,2,2,1x1|1x58,4,1,4,0,4,True,6e-05,0.000381,0.012022
,8,2,3,60,0,1,1,4,2,15,3,4,5,5,1x1|1x2|1x4|2x4,3125,31,3125,30,16,True,0.000587,0.999555,0.930551
,8,2,3,60,1,1,1,4,2,15,2,4,5,5,1x1|1x2|1x4|2x4,3125,31,3125,30,16,True,0.00054,1.002228,0.847933
,8,2,3,60,2,1,1,4,2,15,1,4,5,5,1x1|1x2|1x4|2x4,3125,31,3125,30,16,True,0.000504,0.901398,0.790136
,9,3,2,1,0,1,1,1,0,1,2,1,1,1,1x1,2,1,2,0,2,True,5.1e-05,5.9e-05,5.1e-05
,9,3,2,1,0,2,2,1,0,1,2,1,1,1,1x1,2,1,2,0,2,True,5.2e-05,5.4e-05,4.4e-05
,9,3,2,1,1,1,1,1,0,1,1,1,1,1,1x1,2,1,2,0,2,True,4.1e-05,5.1e-05,4.4e-05
,9,3,2,1,1,2,2,1,0,1,1,1,1,1,1x1,2,1,2,0,2,True,3.5e-05,4.6e-05,4.5e-05
,9,3,2,1,1,3,4,1,0,1,1,1,1,1,1x1,2,1,2,0,2,True,3.6e-05,4.6e-05,4.2e-05
,9,3,2,2,0,1,1,1,0,2,2,2,2,2,1x1|1x1,4,1,4,0,4,True,0.000157,0.000108,9.3e-05
,9,3,2,2,1,1,1,1,0,2,1,2,2,2,1x1|1x1,4,1,4,0,4,True,6.3e-05,9.2e-05,8.8e-05
,9,3,2,3,0,1,1,3,1,1,2,1,1,1,1x1,4,2,4,1,2,True,6.8e-05,0.000218,0.000127
,9,3,2,3,0,2,2,3,1,1,2,1,1,1,1x1,4,2,4,1,2,True,5.6e-05,9e-05,0.000103
,9,3,2,3,1,1,1,3,1,1,1,1,1,1,1x1,4,2,4,1,2,True,6e-05,9e-05,9.2e-05
,9,3,2,3,1,3,4,3,1,1,1,1,1,1,1x1,4,2,4,1,2,True,5.3e-05,0.000197,9.4e-05
,9,3,2,4,0,1,1,1,0,4,2,3,4,4,1x1|1x1|2x1,16,2,16,1,8,True,8.2e-05,0.000475,0.000552
,9,3,2,4,1,1,1,1,0,4,1,4,4,4,1x1|1x1|1x1|1x1,16,1,16,0,16,True,8.2e-05,0.000436,0.000452
,9,3,2,5,0,1,1,1,0,5,2,3,3,3,1x1|1x2|1x2,8,1,8,0,8,True,6.8e-05,0.000342,0.00043
,9,3,2,5,0,2,2,1,0,5,2,3,3,3,1x1|1x2|1x2,8,1,8,0,8,True,7.2e-05,0.000279,0.000423
,9,3,2,5,1,1,1,1,0,5,1,2,3,3,1x1|2x2,8,2,8,2,4,True,6.6e-05,0.000256,0.000331
,9,3,2,5,1,2,2,1,0,5,1,2,3,3,1x1|2x2,8,2,8,2,4,True,6.6e-05,0.000303,0.000329
,9,3,2,5,1,3,4,1,0,5,1,2,3,3,1x1|2x2,8,2,8,2,4,True,6.4e-05,0.000202,0.000327
,9,3,2,6,0,1,1,3,1,2,2,2,2,2,1x1|1x1,16,3,16,2,4,True,9.8e-05,0.00047,0.000375
,9,3,2,6,1,1,1,3,1,2,1,2,2,2,1x1|1x1,16,3,16,2,4,True,8.2e-05,0.000415,0.000426
,9,3,2,7,0,1,1,1,0,7,2,2,3,3,1x1|2x3,8,2,8,3,4,True,6.5e-05,0.000353,0.000451
,9,3,2,7,0,2,2,1,0,7,2,2,3,3,1x1|2x3,8,2,8,3,4,True,6.5e-05,0.00028,0.000434
,9,3,2,7,1,1,1,1,0,7,1,3,3,3,1x1|1x3|1x3,8,1,8,0,8,True,7.3e-05,0.000301,0.000519
,9,3,2,7,1,2,2,1,0,7,1,3,3,3,1x1|1x3|1x3,8,1,8,0,8,True,9.6e-05,0.000388,0.000567
,9,3,2,7,1,3,4,1,0,7,1,3,3,3,1x1|1x3|1x3,8,1,8,0,8,True,6.6e-05,0.000383,0.000515
,9,3,2,8,0,1,1,1,0,8,2,5,8,8,1x1|1x1|2x1|2x1|2x1,256,4,256,3,32,True,0.000151,0.011771,0.01427
,9,3,2,8,1,1,1,1,0,8,1,6,8,8,1x1|1x1|1x1|1x1|2x1|2x1,256,3,256,2,64,True,0.000265,0.013158,0.013032
,9,3,2,9,0,1,1,9,2,1,2,1,1,1,1x1,10,5,10,4,2,True,0.000233,0.000443,0.000348
,9,3,2,9,0,2,2,9,2,1,2,1,1,1,1x1,10,5,10,4,2,True,0.000203,0.000444,0.000346
,9,3,2,9,1,1,1,9,2,1,1,1,1,1,1x1,10,5,10,4,2,True,0.000287,0.000423,0.000328
,9,3,2,9,1,2,2,9,2,1,1,1,1,1,1x1,10,5,10,4,2,True,0.000204,0.000445,0.000329
,9,3,2,9,1,3,4,9,2,1,1,1,1,1,1x1,10,5,10,4,2,True,0.000287,0.000481,0.000326
,9,3,2,10,0,1,1,1,0,10,2,6,6,6,1x1|1x1|1x2|1x2|1x2|1x2,64,1,64,0,64,True,0.000115,0.0037,0.003865
,9,3,2,10,1,1,1,1,0,10,1,4,6,6,1x1|1x1|2x2|2x2,64,3,64,4,16,True,0.000117,0.003314,0.00334
,9,3,2,11,0,1,1,1,0,11,2,2,3,3,1x1|2x5,8,2,8,5,4,True,7.3e-05,0.000309,0.000881
,9,3,2,11,0,2,2,1,0,11,2,2,3,3,1x1|2x5,8,2,8,5,4,True,6.9e-05,0.000312,0.000827
,9,3,2,11,1,1,1,1,0,11,1,2,3,3,1x1|2x5,8,2,8,5,4,True,6.4e-05,0.000291,0.000796
,9,3,2,11,1,2,2,1,0,11,1,2,3,3,1x1|2x5,8,2,8,5,4,True,6.7e-05,0.000314,0.000804
,9,3,2,11,1,3,4,1,0,11,1,2,3,3,1x1|2x5,8,2,8,5,4,True,7.3e-05,0.000547,0.001303
,9,3,2,12,0,1,1,3,1,4,2,3,4,4,1x1|1x1|2x1,256,6,256,5,8,True,0.000387,0.023257,0.020283
,9,3,2,12,1,1,1,3,1,4,1,4,4,4,1x1|1x1|1x1|1x1,256,5,256,4,16,True,0.000217,0.0172,0.015532
,9,3,2,13,0,1,1,1,0,13,2,3,5,5,1x1|2x3|2x3,32,3,32,6,8,True,0.000117,0.001771,0.002465
,9,3,2,13,0,2,2,1,0,13,2,3,5,5,1x1|2x3|2x3,32,3,32,6,8,True,0.000137,0.002047,0.002482
,9,3,2,13,1,1,1,1,0,13,1,3,5,5,1x1|2x3|2x3,32,3,32,6,8,True,0.000145,0.001976,0.002542
,9,3,2,13,1,2,2,1,0,13,1,3,5,5,1x1|2x3|2x3,32,3,32,6,8,True,0.000107,0.0018,0.002467
,9,3,2,13,1,3,4,1,0,13,1,3,5,5,1x1|2x3|2x3,32,3,32,6,8,True,0.000139,0.002111,0.002449
,9,3,2,14,0,1,1,1,0,14,2,4,6,6,1x1|1x1|2x3|2x3,64,3,64,6,16,True,0.000125,0.005262,0.004715
,9,3,2,14,1,1,1,1,0,14,1,6,6,6,1x1|1x1|1x3|1x3|1x3|1x3,64,1,64,0,64,True,0.00017,0.005558,0.007081
,9,3,2,15,0,1,1,3,1,5,2,3,3,3,1x1|1x2|1x2,64,6,64,5,8,True,0.000158,0.006398,0.005265
,9,3,2,15,0,2,2,3,1,5,2,3,3,3,1x1|1x2|1x2,64,6,64,5,8,True,0.000212,0.006809,0.00587
,9,3,2,15,1,1,1,3,1,5,1,2,3,3,1x1|2x2,64,8,64,7,4,True,0.00037,0.005281,0.00421
,9,3,2,15,1,2,2,3,1,5,1,2,3,3,1x1|2x2,64,8,64,7,4,True,0.000308,0.00516,0.004416
,9,3,2,15,1,3,4,3,1,5,1,2,3,3,1x1|2x2,64,8,64,7,4,True,0.000213,0.004491,0.003958
,9,3,2,16,0,1,1,1,0,16,2,7,12,12,1x1|1x1|2x1|2x1|2x1|2x2|2x2,4096,8,4096,7,128,True,0.000208,0.420242,0.418905
,9,3,2,16,1,1,1,1,0,16,1,8,12,12,1x1|1x1|1x1|1x1|2x1|2x1|2x2|2x2,4096,7,4096,6,256,True,0.000252,0.462369,0.468518
,9,3,2,17,0,1,1,1,0,17,2,3,3,3,1x1|1x8|1x8,8,1,8,0,8,True,0.000132,0.001205,0.004655
,9,3,2,17,0,2,2,1,0,17,2,3,3,3,1x1|1x8|1x8,8,1,8,0,8,True,0.000117,0.00113,0.00479
,9,3,2,17,1,1,1,1,0,17,1,2,3,3,1x1|2x8,8,2,8,8,4,True,0.00012,0.000761,0.004472
,9,3,2,17,1,2,2,1,0,17,1,2,3,3,1x1|2x8,8,2,8,8,4,True,0.000109,0.000825,0.004255
,9,3,2,17,1,3,4,1,0,17,1,2,3,3,1x1|2x8,8,2,8,8,4,True,0.000112,0.000715,0.004247
,9,3,2,18,0,1,1,9,2,2,2,2,2,2,1x1|1x1,100,9,100,8,4,True,0.000792,0.013146,0.009932
,9,3,2,18,1,1,1,9,2,2,1,2,2,2,1x1|1x1,100,9,100,8,4,True,0.000706,0.012221,0.007605
,9,3,2,19,0,1,1,1,0,19,2,2,3,3,1x1|2x9,8,2,8,9,4,True,8.8e-05,0.00065,0.004339
,9,3,2,19,0,2,2,1,0,19,2,2,3,3,1x1|2x9,8,2,8,9,4,True,7.6e-05,0.000553,0.003997
,9,3,2,19,1,1,1,1,0,19,1,3,3,3,1x1|1x9|1x9,8,1,8,0,8,True,0.000113,0.001485,0.004964
,9,3,2,19,1,2,2,1,0,19,1,3,3,3,1x1|1x9|1x9,8,1,8,0,8,True,8e-05,0.001253,0.004738
,9,3,2,19,1,3,4,1,0,19,1,3,3,3,1x1|1x9|1x9,8,1,8,0,8,True,0.000117,0.001319,0.005816
,9,3,2,20,0,1,1,1,0,20,2,9,12,12,1x1|1x1|1x2|1x2|1x2|1x2|2x1|2x2|2x2,4096,6,4096,5,512,True,0.000309,0.620237,0.632659
,9,3,2,20,1,1,1,1,0,20,1,8,12,12,1x1|1x1|1x1|1x1|2x2|2x2|2x2|2x2,4096,5,4096,8,256,True,0.000247,0.560027,0.576638
,9,3,2,21,0,1,1,3,1,7,2,2,3,3,1x1|2x3,64,8,64,10,4,True,0.000253,0.00634,0.0058
,9,3,2,21,0,2,2,3,1,7,2,2,3,3,1x1|2x3,64,8,64,10,4,True,0.000205,0.006538,0.007156
,9,3,2,21,1,1,1,3,1,7,1,3,3,3,1x1|1x3|1x3,64,6,64,7,8,True,0.00016,0.008327,0.007741
,9,3,2,21,1,2,2,3,1,7,1,3,3,3,1x1|1x3|1x3,64,6,64,7,8,True,0.000146,0.008935,0.007101
,9,3,2,21,1,3,4,3,1,7,1,3,3,3,1x1|1x3|1x3,64,6,64,7,8,True,0.00022,0.007651,0.006752
,9,3,2,22,0,1,1,1,0,22,2,4,6,6,1x1|1x1|2x5|2x5,64,3,64,10,16,True,0.000131,0.005548,0.006488
,9,3,2,22,1,1,1,1,0,22,1,4,6,6,1x1|1x1|2x5|2x5,64,3,64,10,16,True,0.00016,0.006047,0.007727
,9,3,2,23,0,1,1,1,0,23,2,2,3,3,1x1|2x11,8,2,8,11,4,True,8.4e-05,0.000528,0.002429
,9,3,2,23,0,2,2,1,0,23,2,2,3,3,1x1|2x11,8,2,8,11,4,True,7.2e-05,0.000506,0.002441
,9,3,2,23,1,1,1,1,0,23,1,2,3,3,1x1|2x11,8,2,8,11,4,True,0.000107,0.000693,0.004109
,9,3,2,23,1,2,2,1,0,23,1,2,3,3,1x1|2x11,8,2,8,11,4,True,0.00012,0.000949,0.004063
,9,3,2,23,1,3,4,1,0,23,1,2,3,3,1x1|2x11,8,2,8,11,4,True,7.5e-05,0.000527,0.002397
,9,3,2,24,0,1,1,3,1,8,2,5,8,8,1x1|1x1|2x1|2x1|2x1,65536,12,65536,11,32,True,0.000551,11.834263,9.993833
,9,3,2,24,1,1,1,3,1,8,1,6,8,8,1x1|1x1|1x1|1x1|2x1|2x1,65536,11,65536,10,64,True,0.000468,12.891284,11.141783
,9,3,2,25,0,1,1,1,0,25,2,5,5,5,1x1|1x2|1x2|1x10|1x10,32,1,32,0,32,True,0.000244,0.003791,0.005013
,9,3,2,25,0,2,2,1,0,25,2,5,5,5,1x1|1x2|1x2|1x10|1x10,32,1,32,0,32,True,0.000181,0.003744,0.004855
,9,3,2,25,1,1,1,1,0,25,1,3,5,5,1x1|2x2|2x10,32,4,32,12,8,True,0.000184,0.003957,0.004435
,9,3,2,25,1,2,2,1,0,25,1,3,5,5,1x1|2x2|2x10,32,4,32,12,8,True,0.000147,0.002792,0.004245
,9,3,2,25,1,3,4,1,0,25,1,3,5,5,1x1|2x2|2x10,32,4,32,12,8,True,0.000134,0.002774,0.004088
,9,3,2,26,0,1,1,1,0,26,2,6,10,10,1x1|1x1|2x3|2x3|2x3|2x3,1024,5,1024,12,64,True,0.000212,0.139548,0.141482
,9,3,2,26,1,1,1,1,0,26,1,6,10,10,1x1|1x1|2x3|2x3|2x3|2x3,1024,5,1024,12,64,True,0.000268,0.139465,0.141129
,9,3,2,27,0,1,1,27,3,1,2,1,1,1,1x1,28,14,28,13,2,True,0.002187,0.003639,0.002329
,9,3,2,27,0,2,2,27,3,1,2,1,1,1,1x1,28,14,28,13,2,True,0.002239,0.00398,0.002817
,9,3,2,27,1,1,1,27,3,1,1,1,1,1,1x1,28,14,28,13,2,True,0.002047,0.003355,0.002262
,9,3,2,27,1,2,2,27,3,1,1,1,1,1,1x1,28,14,28,13,2,True,0.001714,0.003089,0.002057
,9,3,2,27,1,3,4,27,3,1,1,1,1,1,1x1,28,14,28,13,2,True,0.001753,0.003136,0.002123
,9,3,2,28,0,1,1,1,0,28,2,7,12,12,1x1|1x1|2x1|2x3|2x3|2x3|2x3,4096,10,4096,13,128,True,0.000216,0.85378,0.85208
,9,3,2,28,1,1,1,1,0,28,1,12,12,12,1x1|1x1|1x1|1x1|1x3|1x3|1x3|1x3|1x3|1x3|1x3|1x3,4096,1,4096,0,4096,True,0.00033,1.018749,1.001721
,9,3,2,29,0,1,1,1,0,29,2,3,3,3,1x1|1x14|1x14,8,1,8,0,8,True,0.000109,0.001336,0.013069
,9,3,2,29,0,2,2,1,0,29,2,3,3,3,1x1|1x14|1x14,8,1,8,0,8,True,0.0001,0.001427,0.014278
,9,3,2,29,1,1,1,1,0,29,1,2,3,3,1x1|2x14,8,2,8,14,4,True,8.4e-05,0.000841,0.012827
,9,3,2,29,1,2,2,1,0,29,1,2,3,3,1x1|2x14,8,2,8,14,4,True,8.2e-05,0.000866,0.012716
,9,3,2,29,1,3,4,1,0,29,1,2,3,3,1x1|2x14,8,2,8,14,4,True,7.2e-05,0.000801,0.01225
,9,3,2,30,0,1,1,3,1,10,2,6,6,6,1x1|1x1|1x2|1x2|1x2|1x2,4096,11,4096,10,64,True,0.000285,1.096684,0.904837
,9,3,2,30,1,1,1,3,1,10,1,4,6,6,1x1|1x1|2x2|2x2,4096,15,4096,14,16,True,0.000585,0.830959,0.734075
,9,3,2,31,0,1,1,1,0,31,2,2,3,3,1x1|2x15,8,2,8,15,4,True,7.5e-05,0.00096,0.006472
,9,3,2,31,0,2,2,1,0,31,2,2,3,3,1x1|2x15,8,2,8,15,4,True,0.000109,0.000984,0.006567
,9,3,2,31,1,1,1,1,0,31,1,3,3,3,1x1|1x15|1x15,8,1,8,0,8,True,7e-05,0.001538,0.006892
,9,3,2,31,1,2,2,1,0,31,1,3,3,3,1x1|1x15|1x15,8,1,8,0,8,True,9.5e-05,0.001637,0.007708
,9,3,2,31,1,3,4,1,0,31,1,3,3,3,1x1|1x15|1x15,8,1,8,0,8,True,7.8e-05,0.001459,0.007548
,9,3,2,32,0,1,1,1,0,32,2,9,16,16,1x1|1x1|2x1|2x1|2x1|2x2|2x2|2x4|2x4,65536,16,65536,15,512,True,0.000282,14.271415,14.976366
,9,3,2,32,1,1,1,1,0,32,1,10,16,16,1x1|1x1|1x1|1x1|2x1|2x1|2x2|2x2|2x4|2x4,65536,15,65536,14,1024,True,0.000298,14.849552,15.906236
,9,3,2,33,0,1,1,3,1,11,2,2,3,3,1x1|2x5,64,8,64,16,4,True,0.000371,0.009776,0.01101
,9,3,2,33,0,2,2,3,1,11,2,2,3,3,1x1|2x5,64,8,64,16,4,True,0.000374,0.012391,0.008043
,9,3,2,33,1,1,1,3,1,11,1,2,3,3,1x1|2x5,64,8,64,16,4,True,0.00025,0.009187,0.008338
,9,3,2,33,1,2,2,3,1,11,1,2,3,3,1x1|2x5,64,8,64,16,4,True,0.00021,0.008633,0.007885
,9,3,2,33,1,3,4,3,1,11,1,2,3,3,1x1|2x5,64,8,64,16,4,True,0.000196,0.008588,0.007739
,9,3,2,34,0,1,1,1,0,34,2,6,6,6,1x1|1x1|1x8|1x8|1x8|1x8,64,1,64,0,64,True,0.000135,0.015213,0.01983
,9,3,2,34,1,1,1,1,0,34,1,4,6,6,1x1|1x1|2x8|2x8,64,3,64,16,16,True,0.000132,0.010236,0.015331
,9,3,2,35,0,1,1,1,0,35,2,6,9,9,1x1|1x2|1x2|2x3|2x6|2x6,512,6,512,15,64,True,0.00018,0.146051,0.15204
,9,3,2,35,0,2,2,1,0,35,2,6,9,9,1x1|1x2|1x2|2x3|2x6|2x6,512,6,512,15,64,True,0.00026,0.145045,0.151232
,9,3,2,35,1,1,1,1,0,35,1,6,9,9,1x1|1x3|1x3|2x2|2x6|2x6,512,6,512,14,64,True,0.000475,0.162151,0.150022
,9,3,2,35,1,2,2,1,0,35,1,6,9,9,1x1|1x3|1x3|2x2|2x6|2x6,512,6,512,14,64,True,0.000225,0.146986,0.156115
,9,3,2,35,1,3,4,1,0,35,1,6,9,9,1x1|1x3|1x3|2x2|2x6|2x6,512,6,512,14,64,True,0.000222,0.157604,0.140313
,9,3,2,36,0,1,1,9,2,4,2,3,4,4,1x1|1x1|2x1,10000,18,10000,17,8,True,0.002648,2.960622,2.245851
,9,3,2,36,1,1,1,9,2,4,1,4,4,4,1x1|1x1|1x1|1x1,10000,17,10000,16,16,True,0.001033,3.358894,2.625124
,9,3,2,37,0,1,1,1,0,37,2,3,5,5,1x1|2x9|2x9,32,3,32,18,8,True,0.00013,0.007233,0.014892
,9,3,2,37,0,2,2,1,0,37,2,3,5,5,1x1|2x9|2x9,32,3,32,18,8,True,0.000101,0.007298,0.015274
,9,3,2,37,1,1,1,1,0,37,1,5,5,5,1x1|1x9|1x9|1x9|1x9,32,1,32,0,32,True,0.000103,0.012381,0.017751
,9,3,2,37,1,2,2,1,0,37,1,5,5,5,1x1|1x9|1x9|1x9|1x9,32,1,32,0,32,True,8.7e-05,0.009887,0.018826
,9,3,2,37,1,3,4,1,0,37,1,5,5,5,1x1|1x9|1x9|1x9|1x9,32,1,32,0,32,True,0.000155,0.013361,0.019277
,9,3,2,38,0,1,1,1,0,38,2,4,6,6,1x1|1x1|2x9|2x9,64,3,64,18,16,True,0.000149,0.012994,0.020073
,9,3,2,38,1,1,1,1,0,38,1,6,6,6,1x1|1x1|1x9|1x9|1x9|1x9,64,1,64,0,64,True,0.000116,0.017622,0.026392
,9,3,2,39,0,1,1,3,1,13,2,3,5,5,1x1|2x3|2x3,1024,14,1024,19,8,True,0.000383,0.2275,0.20019
,9,3,2,39,0,2,2,3,1,13,2,3,5,5,1x1|2x3|2x3,1024,14,1024,19,8,True,0.000391,0.246776,0.208557
,9,3,2,39,1,1,1,3,1,13,1,3,5,5,1x1|2x3|2x3,1024,14,1024,19,8,True,0.000361,0.22605,0.202609
,9,3,2,39,1,2,2,3,1,13,1,3,5,5,1x1|2x3|2x3,1024,14,1024,19,8,True,0.000381,0.264588,0.204599
,9,3,2,39,1,3,4,3,1,13,1,3,5,5,1x1|2x3|2x3,1024,14,1024,19,8,True,0.000329,0.208189,0.186818
,9,3,2,41,0,1,1,1,0,41,2,11,11,11,1x1|1x4|1x4|1x4|1x4|1x4|1x4|1x4|1x4|1x4|1x4,2048,1,2048,0,2048,True,0.000265,0.919017,0.98499
,9,3,2,41,0,2,2,1,0,41,2,11,11,11,1x1|1x4|1x4|1x4|1x4|1x4|1x4|1x4|1x4|1x4|1x4,2048,1,2048,0,2048,True,0.000209,0.929124,0.96742
,9,3,2,41,1,1,1,1,0,41,1,6,11,11,1x1|2x4|2x4|2x4|2x4|2x4,2048,6,2048,20,64,True,0.000326,0.691653,0.715628
,9,3,2,41,1,2,2,1,0,41,1,6,11,11,1x1|2x4|2x4|2x4|2x4|2x4,2048,6,2048,20,64,True,0.000201,0.683023,0.72023
,9,3,2,41,1,3,4,1,0,41,1,6,11,11,1x1|2x4|2x4|2x4|2x4|2x4,2048,6,2048,20,64,True,0.000218,0.698655,0.728591
,9,3,2,42,0,1,1,3,1,14,2,4,6,6,1x1|1x1|2x3|2x3,4096,21,4096,20,16,True,0.000558,1.309373,1.257996
,9,3,2,42,1,1,1,3,1,14,1,6,6,6,1x1|1x1|1x3|1x3|1x3|1x3,4096,15,4096,14,64,True,0.000479,1.675182,1.658295
,9,3,2,43,0,1,1,1,0,43,2,2,3,3,1x1|2x21,8,2,8,21,4,True,0.000101,0.001375,0.03652
,9,3,2,43,0,2,2,1,0,43,2,2,3,3,1x1|2x21,8,2,8,21,4,True,8.2e-05,0.001325,0.036231
,9,3,2,43,1,1,1,1,0,43,1,3,3,3,1x1|1x21|1x21,8,1,8,0,8,True,7.9e-05,0.002557,0.034139
,9,3,2,43,1,2,2,1,0,43,1,3,3,3,1x1|1x21|1x21,8,1,8,0,8,True,9.2e-05,0.002548,0.038029
,9,3,2,43,1,3,4,1,0,43,1,3,3,3,1x1|1x21|1x21,8,1,8,0,8,True,7.6e-05,0.002448,0.039557
,9,3,2,44,0,1,1,1,0,44,2,7,12,12,1x1|1x1|2x1|2x5|2x5|2x5|2x5,4096,10,4096,21,128,True,0.000222,1.469141,1.538061
,9,3,2,44,1,1,1,1,0,44,1,8,12,12,1x1|1x1|1x1|1x1|2x5|2x5|2x5|2x5,4096,5,4096,20,256,True,0.000334,1.404354,1.547214
,9,3,2,45,0,1,1,9,2,5,2,3,3,3,1x1|1x2|1x2,1000,21,1000,20,8,True,0.000621,0.412411,0.329228
,9,3,2,45,0,2,2,9,2,5,2,3,3,3,1x1|1x2|1x2,1000,21,1000,20,8,True,0.00079,0.398623,0.356497
,9,3,2,45,1,1,1,9,2,5,1,2,3,3,1x1|2x2,1000,23,1000,22,4,True,0.002627,0.341566,0.264112
,9,3,2,45,1,2,2,9,2,5,1,2,3,3,1x1|2x2,1000,23,1000,22,4,True,0.002475,0.341918,0.257735
,9,3,2,45,1,3,4,9,2,5,1,2,3,3,1x1|2x2,1000,23,1000,22,4,True,0.002305,0.343658,0.2896
,9,3,2,46,0,1,1,1,0,46,2,4,6,6,1x1|1x1|2x11|2x11,64,3,64,22,16,True,0.000155,0.014565,0.019494
,9,3,2,46,1,1,1,1,0,46,1,4,6,6,1x1|1x1|2x11|2x11,64,3,64,22,16,True,0.000216,0.016228,0.018687
,9,3,2,47,0,1,1,1,0,47,2,2,3,3,1x1|2x23,8,2,8,23,4,True,0.0001,0.001134,0.017854
,9,3,2,47,0,2,2,1,0,47,2,2,3,3,1x1|2x23,8,2,8,23,4,True,8.6e-05,0.001096,0.018409
,9,3,2,47,1,1,1,1,0,47,1,2,3,3,1x1|2x23,8,2,8,23,4,True,9.5e-05,0.001153,0.019692
,9,3,2,47,1,2,2,1,0,47,1,2,3,3,1x1|2x23,8,2,8,23,4,True,7.5e-05,0.001277,0.017012
,9,3,2,47,1,3,4,1,0,47,1,2,3,3,1x1|2x23,8,2,8,23,4,True,7.4e-05,0.001072,0.018815
,9,3,2,49,0,1,1,1,0,49,2,3,5,5,1x1|2x3|2x21,32,4,32,24,8,True,0.000186,0.007739,0.010449
,9,3,2,49,0,2,2,1,0,49,2,3,5,5,1x1|2x3|2x21,32,4,32,24,8,True,0.000109,0.005295,0.009764
,9,3,2,49,1,1,1,1,0,49,1,5,5,5,1x1|1x3|1x3|1x21|1x21,32,1,32,0,32,True,0.000131,0.007722,0.011113
,9,3,2,49,1,2,2,1,0,49,1,5,5,5,1x1|1x3|1x3|1x21|1x21,32,1,32,0,32,True,0.000102,0.007411,0.01117
,9,3,2,49,1,3,4,1,0,49,1,5,5,5,1x1|1x3|1x3|1x21|1x21,32,1,32,0,32,True,0.000109,0.00764,0.013811
,9,3,2,50,0,1,1,1,0,50,2,10,10,10,1x1|1x1|1x2|1x2|1x2|1x2|1x10|1x10|1x10|1x10,1024,1,1024,0,1024,True,0.000303,0.408794,0.405726
,9,3,2,50,1,1,1,1,0,50,1,6,10,10,1x1|1x1|2x2|2x2|2x10|2x10,1024,9,1024,24,64,True,0.000192,0.273428,0.298775
,9,3,2,51,0,1,1,3,1,17,2,3,3,3,1x1|1x8|1x8,64,6,64,17,8,True,0.000175,0.027638,0.028113
,9,3,2,51,0,2,2,3,1,17,2,3,3,3,1x1|1x8|1x8,64,6,64,17,8,True,0.000142,0.027632,0.026389
,9,3,2,51,1,1,1,3,1,17,1,2,3,3,1x1|2x8,64,8,64,25,4,True,0.00023,0.020439,0.020191
,9,3,2,51,1,2,2,3,1,17,1,2,3,3,1x1|2x8,64,8,64,25,4,True,0.000207,0.020755,0.02082
,9,3,2,51,1,3,4,3,1,17,1,2,3,3,1x1|2x8,64,8,64,25,4,True,0.00021,0.023199,0.021049
,9,3,2,53,0,1,1,1,0,53,2,3,3,3,1x1|1x26|1x26,8,1,8,0,8,True,9.1e-05,0.003349,0.076513
,9,3,2,53,0,2,2,1,0,53,2,3,3,3,1x1|1x26|1x26,8,1,8,0,8,True,8.3e-05,0.003389,0.069949
,9,3,2,53,1,1,1,1,0,53,1,2,3,3,1x1|2x26,8,2,8,26,4,True,8.3e-05,0.001883,0.067546
,9,3,2,53,1,2,2,1,0,53,1,2,3,3,1x1|2x26,8,2,8,26,4,True,0.000106,0.001973,0.069071
,9,3,2,53,1,3,4,1,0,53,1,2,3,3,1x1|2x26,8,2,8,26,4,True,7.8e-05,0.001826,0.073991
,9,3,2,54,0,1,1,27,3,2,2,2,2,2,1x1|1x1,784,27,784,26,4,True,0.003943,0.329428,0.209687
,9,3,2,54,1,1,1,27,3,2,1,2,2,2,1x1|1x1,784,27,784,26,4,True,0.003469,0.30915,0.20715
,9,3,2,55,0,1,1,1,0,55,2,6,9,9,1x1|1x2|1x2|2x5|2x10|2x10,512,6,512,25,64,True,0.000278,0.258358,0.274339
,9,3,2,55,0,2,2,1,0,55,2,6,9,9,1x1|1x2|1x2|2x5|2x10|2x10,512,6,512,25,64,True,0.00019,0.254352,0.254377
,9,3,2,55,1,1,1,1,0,55,1,5,9,9,1x1|2x2|2x5|2x10|2x10,512,12,512,27,32,True,0.000215,0.254548,0.273785
,9,3,2,55,1,2,2,1,0,55,1,5,9,9,1x1|2x2|2x5|2x10|2x10,512,12,512,27,32,True,0.00016,0.249192,0.275909
,9,3,2,55,1,3,4,1,0,55,1,5,9,9,1x1|2x2|2x5|2x10|2x10,512,12,512,27,32,True,0.000263,0.261047,0.266706
,9,3,2,57,0,1,1,3,1,19,2,2,3,3,1x1|2x9,64,8,64,28,4,True,0.000231,0.030319,0.028495
,9,3,2,57,0,2,2,3,1,19,2,2,3,3,1x1|2x9,64,8,64,28,4,True,0.000422,0.037424,0.027256
,9,3,2,57,1,1,1,3,1,19,1,3,3,3,1x1|1x9|1x9,64,6,64,19,8,True,0.000144,0.036646,0.029382
,9,3,2,57,1,2,2,3,1,19,1,3,3,3,1x1|1x9|1x9,64,6,64,19,8,True,0.000136,0.031132,0.029995
,9,3,2,57,1,3,4,3,1,19,1,3,3,3,1x1|1x9|1x9,64,6,64,19,8,True,0.000144,0.03067,0.02968
,9,3,2,58,0,1,1,1,0,58,2,6,6,6,1x1|1x1|1x14|1x14|1x14|1x14,64,1,64,0,64,True,0.000117,0.034877,0.060651
,9,3,2,58,1,1,1,1,0,58,1,4,6,6,1x1|1x1|2x14|2x14,64,3,64,28,16,True,0.000148,0.023998,0.049622
,9,3,2,59,0,1,1,1,0,59,2,2,3,3,1x1|2x29,8,2,8,29,4,True,0.000113,0.001667,0.034642
,9,3,2,59,0,2,2,1,0,59,2,2,3,3,1x1|2x29,8,2,8,29,4,True,8.6e-05,0.001587,0.036201
,9,3,2,59,1,1,1,1,0,59,1,2,3,3,1x1|2x29,8,2,8,29,4,True,9.7e-05,0.001593,0.035457
,9,3,2,59,1,2,2,1,0,59,1,2,3,3,1x1|2x29,8,2,8,29,4,True,7.4e-05,0.001599,0.034575
,9,3,2,59,1,3,4,1,0,59,1,2,3,3,1x1|2x29,8,2,8,29,4,True,7.1e-05,0.00149,0.033309
,16,2,4,1,0,1,1,1,0,1,4,1,1,1,1x1,2,1,2,0,2,True,5.3e-05,0.000125,6.5e-05
,16,2,4,1,1,1,1,1,0,1,3,1,1,1,1x1,2,1,2,0,2,True,5.2e-05,5.7e-05,5.4e-05
,16,2,4,1,1,6,3,1,0,1,3,1,1,1,1x1,2,1,2,0,2,True,5.4e-05,4.6e-05,4e-05
,16,2,4,1,2,1,1,1,0,1,2,1,1,1,1x1,2,1,2,0,2,True,3.3e-05,4.2e-05,3.8e-05
,16,2,4,1,2,8,5,1,0,1,2,1,1,1,1x1,2,1,2,0,2,True,3.1e-05,4e-05,4.8e-05
,16,2,4,1,3,1,1,1,0,1,1,1,1,1,1x1,2,1,2,0,2,True,6.1e-05,5.4e-05,4.5e-05
,16,2,4,1,3,6,3,1,0,1,1,1,1,1,1x1,2,1,2,0,2,True,4.3e-05,6.1e-05,4.2e-05
,16,2,4,2,0,1,1,2,1,1,4,1,1,1,1x1,3,2,3,1,2,True,5.6e-05,6.5e-05,6.1e-05
,16,2,4,2,1,1,1,2,1,1,3,1,1,1,1x1,3,2,3,1,2,True,5.7e-05,6.1e-05,6.7e-05
,16,2,4,2,1,6,3,2,1,1,3,1,1,1,1x1,3,2,3,1,2,True,4.4e-05,6.7e-05,5.9e-05
,16,2,4,2,2,1,1,2,1,1,2,1,1,1,1x1,3,2,3,1,2,True,4.3e-05,6.1e-05,5.2e-05
,16,2,4,2,2,8,5,2,1,1,2,1,1,1,1x1,3,2,3,1,2,True,4.8e-05,7.7e-05,0.000132
,16,2,4,2,3,1,1,2,1,1,1,1,1,1,1x1,3,2,3,1,2,True,3.5e-05,5.2e-05,4.9e-05
,16,2,4,2,3,6,3,2,1,1,1,1,1,1,1x1,3,2,3,1,2,True,3.6e-05,5.4e-05,5.2e-05
,16,2,4,3,0,1,1,1,0,3,4,2,3,3,1x1|2x1,8,2,8,1,4,True,6e-05,0.000286,0.000219
,16,2,4,3,1,1,1,1,0,3,3,3,3,3,1x1|1x1|1x1,8,1,8,0,8,True,6.4e-05,0.000264,0.000247
,16,2,4,3,2,1,1,1,0,3,2,2,3,3,1x1|2x1,8,2,8,1,4,True,6.2e-05,0.00026,0.000175
,16,2,4,3,2,8,5,1,0,3,2,2,3,3,1x1|2x1,8,2,8,1,4,True,9.1e-05,0.000304,0.000173
,16,2,4,3,3,1,1,1,0,3,1,3,3,3,1x1|1x1|1x1,8,1,8,0,8,True,6.6e-05,0.000327,0.000185
,16,2,4,4,0,1,1,4,2,1,4,1,1,1,1x1,5,3,5,2,2,True,8.7e-05,0.00012,0.000109
,16,2,4,4,1,1,1,4,2,1,3,1,1,1,1x1,5,3,5,2,2,True,6.8e-05,0.000156,0.000109
,16,2,4,4,1,6,3,4,2,1,3,1,1,1,1x1,5,3,5,2,2,True,6.5e-05,0.000197,0.000104
,16,2,4,4,2,1,1,4,2,1,2,1,1,1,1x1,5,3,5,2,2,True,6.6e-05,0.000182,0.000106
,16,2,4,4,2,8,5,4,2,1,2,1,1,1,1x1,5,3,5,2,2,True,6.4e-05,0.000112,0.000133
,16,2,4,4,3,1,1,4,2,1,1,1,1,1,1x1,5,3,5,2,2,True,7.8e-05,0.000113,0.000241
,16,2,4,4,3,6,3,4,2,1,1,1,1,1,1x1,5,3,5,2,2,True,8.1e-05,0.000145,0.000103
,16,2,4,5,0,1,1,1,0,5,4,3,5,5,1x1|2x1|2x1,32,3,32,2,8,True,0.000144,0.001013,0.000993
,16,2,4,5,1,1,1,1,0,5,3,2,5,5,1x1|4x1,32,3,32,2,4,True,9.2e-05,0.001048,0.000997
,16,2,4,5,1,6,3,1,0,5,3,2,5,5,1x1|4x1,32,3,32,2,4,True,9.5e-05,0.001227,0.001355
,16,2,4,5,2,1,1,1,0,5,2,5,5,5,1x1|1x1|1x1|1x1|1x1,32,1,32,0,32,True,0.000146,0.001401,0.001383
,16,2,4,5,3,6,3,1,0,5,1,2,5,5,1x1|4x1,32,3,32,2,4,True,9.3e-05,0.000932,0.001247
,16,2,4,6,0,1,1,2,1,3,4,2,3,3,1x1|2x1,27,4,27,3,4,True,0.000171,0.001031,0.000874
,16,2,4,6,1,1,1,2,1,3,3,3,3,3,1x1|1x1|1x1,27,4,27,3,8,True,0.000105,0.000886,0.000716
,16,2,4,6,2,1,1,2,1,3,2,2,3,3,1x1|2x1,27,4,27,3,4,True,0.000142,0.001049,0.000932
,16,2,4,6,2,8,5,2,1,3,2,2,3,3,1x1|2x1,27,4,27,3,4,True,0.000167,0.001187,0.001143
,16,2,4,6,3,1,1,2,1,3,1,3,3,3,1x1|1x1|1x1,27,4,27,3,8,True,0.000126,0.000922,0.000734
,16,2,4,7,0,1,1,1,0,7,4,2,3,3,1x1|2x3,8,2,8,3,4,True,7.1e-05,0.000234,0.000368
,16,2,4,7,1,1,1,1,0,7,3,2,3,3,1x1|2x3,8,2,8,3,4,True,6.6e-05,0.000326,0.000366
,16,2,4,7,1,6,3,1,0,7,3,2,3,3,1x1|2x3,8,2,8,3,4,True,6.9e-05,0.00027,0.000515
,16,2,4,7,2,1,1,1,0,7,2,2,3,3,1x1|2x3,8,2,8,3,4,True,0.000131,0.000262,0.000425
,16,2,4,7,2,8,5,1,0,7,2,2,3,3,1x1|2x3,8,2,8,3,4,True,6.7e-05,0.000221,0.000401
,16,2,4,7,3,1,1,1,0,7,1,2,3,3,1x1|2x3,8,2,8,3,4,True,6.6e-05,0.000338,0.000368
,16,2,4,7,3,6,3,1,0,7,1,2,3,3,1x1|2x3,8,2,8,3,4,True,7e-05,0.000219,0.000403
,16,2,4,8,0,1,1,8,3,1,4,1,1,1,1x1,9,5,9,4,2,True,0.00018,0.000336,0.000312
,16,2,4,8,1,1,1,8,3,1,3,1,1,1,1x1,9,5,9,4,2,True,0.00023,0.000277,0.00028
,16,2,4,8,1,6,3,8,3,1,3,1,1,1,1x1,9,5,9,4,2,True,0.000182,0.000274,0.000241
,16,2,4,8,2,1,1,8,3,1,2,1,1,1,1x1,9,5,9,4,2,True,0.000195,0.00036,0.000276
,16,2,4,8,2,8,5,8,3,1,2,1,1,1,1x1,9,5,9,4,2,True,0.00016,0.000334,0.000233
,16,2,4,8,3,1,1,8,3,1,1,1,1,1,1x1,9,5,9,4,2,True,0.000335,0.000564,0.000463
,16,2,4,8,3,6,3,8,3,1,1,1,1,1,1x1,9,5,9,4,2,True,0.000455,0.000441,0.000384
,16,2,4,9,0,1,1,1,0,9,4,3,5,5,1x1|2x1|2x3,32,4,32,4,8,True,0.000164,0.001804,0.002138
,16,2,4,9,1,1,1,1,0,9,3,5,5,5,1x1|1x1|1x1|1x3|1x3,32,1,32,0,32,True,0.000154,0.002103,0.002475
,16,2,4,9,2,1,1,1,0,9,2,3,5,5,1x1|2x1|2x3,32,4,32,4,8,True,0.00012,0.001153,0.001256
,16,2,4,9,2,8,5,1,0,9,2,3,5,5,1x1|2x1|2x3,32,4,32,4,8,True,0.000104,0.001329,0.001304
,16,2,4,9,3,1,1,1,0,9,1,5,5,5,1x1|1x1|1x1|1x3|1x3,32,1,32,0,32,True,9.9e-05,0.001304,0.001514
,16,2,4,10,0,1,1,2,1,5,4,3,5,5,1x1|2x1|2x1,243,6,243,5,8,True,0.000191,0.012871,0.012421
,16,2,4,10,1,1,1,2,1,5,3,2,5,5,1x1|4x1,243,6,243,5,4,True,0.000252,0.01236,0.01181
,16,2,4,10,1,6,3,2,1,5,3,2,5,5,1x1|4x1,243,6,243,5,4,True,0.000228,0.012729,0.011985
,16,2,4,10,2,1,1,2,1,5,2,5,5,5,1x1|1x1|1x1|1x1|1x1,243,6,243,5,32,True,0.000169,0.011627,0.010425
,16,2,4,10,3,1,1,2,1,5,1,2,5,5,1x1|4x1,243,6,243,5,4,True,0.000257,0.013921,0.012197
,16,2,4,10,3,6,3,2,1,5,1,2,5,5,1x1|4x1,243,6,243,5,4,True,0.000265,0.012253,0.011463
,16,2,4,11,0,1,1,1,0,11,4,2,3,3,1x1|2x5,8,2,8,5,4,True,6.7e-05,0.000307,0.000755
,16,2,4,11,1,1,1,1,0,11,3,3,3,3,1x1|1x5|1x5,8,1,8,0,8,True,5.9e-05,0.000386,0.000855
,16,2,4,11,1,6,3,1,0,11,3,3,3,3,1x1|1x5|1x5,8,1,8,0,8,True,6.4e-05,0.000398,0.000813
,16,2,4,11,2,1,1,1,0,11,2,2,3,3,1x1|2x5,8,2,8,5,4,True,5.9e-05,0.00028,0.000775
,16,2,4,11,2,8,5,1,0,11,2,2,3,3,1x1|2x5,8,2,8,5,4,True,7.8e-05,0.000371,0.001181
,16,2,4,11,3,1,1,1,0,11,1,3,3,3,1x1|1x5|1x5,8,1,8,0,8,True,0.000108,0.00069,0.001471
,16,2,4,11,3,6,3,1,0,11,1,3,3,3,1x1|1x5|1x5,8,1,8,0,8,True,6.2e-05,0.000386,0.000903
,16,2,4,12,0,1,1,4,2,3,4,2,3,3,1x1|2x1,125,7,125,6,4,True,0.000336,0.006636,0.005518
,16,2,4,12,1,1,1,4,2,3,3,3,3,3,1x1|1x1|1x1,125,7,125,6,8,True,0.000348,0.006615,0.005699
,16,2,4,12,2,1,1,4,2,3,2,2,3,3,1x1|2x1,125,7,125,6,4,True,0.000345,0.006359,0.005349
,16,2,4,12,2,8,5,4,2,3,2,2,3,3,1x1|2x1,125,7,125,6,4,True,0.000345,0.009649,0.006432
,16,2,4,12,3,1,1,4,2,3,1,3,3,3,1x1|1x1|1x1,125,7,125,6,8,True,0.000191,0.007375,0.005604
,16,2,4,13,0,1,1,1,0,13,4,3,5,5,1x1|2x3|2x3,32,3,32,6,8,True,0.000108,0.002564,0.002824
,16,2,4,13,1,1,1,1,0,13,3,2,5,5,1x1|4x3,32,3,32,6,4,True,0.000101,0.002234,0.003055
,16,2,4,13,1,6,3,1,0,13,3,2,5,5,1x1|4x3,32,3,32,6,4,True,0.000171,0.002192,0.00284
,16,2,4,13,2,1,1,1,0,13,2,5,5,5,1x1|1x3|1x3|1x3|1x3,32,1,32,0,32,True,0.000108,0.002421,0.002937
,16,2,4,13,2,8,5,1,0,13,2,5,5,5,1x1|1x3|1x3|1x3|1x3,32,1,32,0,32,True,0.000107,0.0024,0.002968
,16,2,4,13,3,1,1,1,0,13,1,2,5,5,1x1|4x3,32,3,32,6,4,True,0.000105,0.002136,0.002623
,16,2,4,13,3,6,3,1,0,13,1,2,5,5,1x1|4x3,32,3,32,6,4,True,0.000119,0.002129,0.002726
,16,2,4,14,0,1,1,2,1,7,4,2,3,3,1x1|2x3,27,6,27,7,4,True,0.000125,0.001205,0.001503
,16,2,4,14,1,1,1,2,1,7,3,2,3,3,1x1|2x3,27,6,27,7,4,True,0.000162,0.001239,0.001374
,16,2,4,14,1,6,3,2,1,7,3,2,3,3,1x1|2x3,27,6,27,7,4,True,0.000129,0.001399,0.00154
,16,2,4,14,2,1,1,2,1,7,2,2,3,3,1x1|2x3,27,6,27,7,4,True,0.000135,0.001368,0.001277
,16,2,4,14,2,8,5,2,1,7,2,2,3,3,1x1|2x3,27,6,27,7,4,True,0.000113,0.001061,0.001234
,16,2,4,14,3,1,1,2,1,7,1,2,3,3,1x1|2x3,27,6,27,7,4,True,0.000108,0.001038,0.001127
,16,2,4,14,3,6,3,2,1,7,1,2,3,3,1x1|2x3,27,6,27,7,4,True,0.000202,0.00201,0.00208
,16,2,4,15,0,1,1,1,0,15,4,8,15,15,1x1|2x1|2x1|2x1|2x1|2x1|2x1|2x1,32768,8,32768,7,256,True,0.00044,3.666965,3.497506
,16,2,4,15,1,1,1,1,0,15,3,6,15,15,1x1|1x1|1x1|4x1|4x1|4x1,32768,7,32768,6,64,True,0.00031,3.257777,3.790255
,16,2,4,15,2,1,1,1,0,15,2,10,15,15,1x1|1x1|1x1|1x1|1x1|2x1|2x1|2x1|2x1|2x1,32768,6,32768,5,1024,True,0.000376,3.42896,3.619692
,16,2,4,16,0,1,1,16,4,1,4,1,1,1,1x1,17,9,17,8,2,True,0.000833,0.001269,0.000918
,16,2,4,16,1,1,1,16,4,1,3,1,1,1,1x1,17,9,17,8,2,True,0.001008,0.001444,0.00111
,16,2,4,16,1,6,3,16,4,1,3,1,1,1,1x1,17,9,17,8,2,True,0.001185,0.001271,0.00092
,16,2,4,16,2,1,1,16,4,1,2,1,1,1,1x1,17,9,17,8,2,True,0.000682,0.001641,0.000775
,16,2,4,16,2,8,5,16,4,1,2,1,1,1,1x1,17,9,17,8,2,True,0.00071,0.000979,0.000765
,16,2,4,16,3,1,1,16,4,1,1,1,1,1,1x1,17,9,17,8,2,True,0.000653,0.000976,0.000742
,16,2,4,16,3,6,3,16,4,1,1,1,1,1,1x1,17,9,17,8,2,True,0.00062,0.001002,0.000687
,16,2,4,17,0,1,1,1,0,17,4,9,9,9,1x1|1x2|1x2|1x2|1x2|1x2|1x2|1x2|1x2,512,1,512,0,512,True,0.000172,0.063322,0.06311
,16,2,4,17,1,1,1,1,0,17,3,3,9,9,1x1|4x2|4x2,512,5,512,8,8,True,0.000215,0.056372,0.060793
,16,2,4,17,1,6,3,1,0,17,3,3,9,9,1x1|4x2|4x2,512,5,512,8,8,True,0.000231,0.05794,0.057335
,16,2,4,17,2,1,1,1,0,17,2,5,9,9,1x1|2x2|2x2|2x2|2x2,512,5,512,8,32,True,0.000165,0.053812,0.059591
,16,2,4,17,2,8,5,1,0,17,2,5,9,9,1x1|2x2|2x2|2x2|2x2,512,5,512,8,32,True,0.000165,0.054122,0.05338
,16,2,4,17,3,6,3,1,0,17,1,3,9,9,1x1|4x2|4x2,512,5,512,8,8,True,0.000162,0.052366,0.057391
,16,2,4,18,0,1,1,2,1,9,4,3,5,5,1x1|2x1|2x3,243,10,243,9,8,True,0.000198,0.017592,0.016007
,16,2,4,18,1,1,1,2,1,9,3,5,5,5,1x1|1x1|1x1|1x3|1x3,243,10,243,9,32,True,0.000186,0.016659,0.015983
,16,2,4,18,2,1,1,2,1,9,2,3,5,5,1x1|2x1|2x3,243,10,243,9,8,True,0.000193,0.01596,0.015249
,16,2,4,18,2,8,5,2,1,9,2,3,5,5,1x1|2x1|2x3,243,10,243,9,8,True,0.000232,0.017082,0.015445
,16,2,4,18,3,1,1,2,1,9,1,5,5,5,1x1|1x1|1x1|1x3|1x3,243,10,243,9,32,True,0.000155,0.016409,0.015147
,16,2,4,19,0,1,1,1,0,19,4,2,3,3,1x1|2x9,8,2,8,9,4,True,7.2e-05,0.000471,0.002691
,16,2,4,19,1,1,1,1,0,19,3,3,3,3,1x1|1x9|1x9,8,1,8,0,8,True,9.3e-05,0.000719,0.002821
,16,2,4,19,1,6,3,1,0,19,3,3,3,3,1x1|1x9|1x9,8,1,8,0,8,True,8.9e-05,0.000667,0.002841
,16,2,4,19,2,1,1,1,0,19,2,2,3,3,1x1|2x9,8,2,8,9,4,True,7.4e-05,0.000497,0.002697
,16,2,4,19,2,8,5,1,0,19,2,2,3,3,1x1|2x9,8,2,8,9,4,True,0.000115,0.000464,0.00282
,16,2,4,19,3,1,1,1,0,19,1,3,3,3,1x1|1x9|1x9,8,1,8,0,8,True,6.7e-05,0.000606,0.002857
,16,2,4,19,3,6,3,1,0,19,1,3,3,3,1x1|1x9|1x9,8,1,8,0,8,True,6.7e-05,0.000635,0.002771
,16,2,4,20,0,1,1,4,2,5,4,3,5,5,1x1|2x1|2x1,3125,11,3125,10,8,True,0.000654,0.372487,0.295194
,16,2,4,20,1,1,1,4,2,5,3,2,5,5,1x1|4x1,3125,11,3125,10,4,True,0.001004,0.385273,0.341386
,16,2,4,20,1,6,3,4,2,5,3,2,5,5,1x1|4x1,3125,11,3125,10,4,True,0.001124,0.400531,0.333379
,16,2,4,20,2,1,1,4,2,5,2,5,5,5,1x1|1x1|1x1|1x1|1x1,3125,11,3125,10,32,True,0.000307,0.370804,0.340583
,16,2,4,20,3,1,1,4,2,5,1,2,5,5,1x1|4x1,3125,11,3125,10,4,True,0.002158,0.382612,0.329779
,16,2,4,20,3,6,3,4,2,5,1,2,5,5,1x1|4x1,3125,11,3125,10,4,True,0.001217,0.398408,0.35116
,16,2,4,21,0,1,1,1,0,21,4,5,9,9,1x1|2x1|2x3|2x3|2x3,512,8,512,10,32,True,0.000161,0.051096,0.055048
,16,2,4,21,1,1,1,1,0,21,3,6,9,9,1x1|1x1|1x1|2x3|2x3|2x3,512,4,512,9,64,True,0.000174,0.05225,0.051699
,16,2,4,21,2,1,1,1,0,21,2,5,9,9,1x1|2x1|2x3|2x3|2x3,512,8,512,10,32,True,0.000163,0.049368,0.051966
,16,2,4,21,2,8,5,1,0,21,2,5,9,9,1x1|2x1|2x3|2x3|2x3,512,8,512,10,32,True,0.00016,0.048817,0.052976
,16,2,4,21,3,1,1,1,0,21,1,6,9,9,1x1|1x1|1x1|2x3|2x3|2x3,512,4,512,9,64,True,0.000177,0.05104,0.052714
,16,2,4,22,0,1,1,2,1,11,4,2,3,3,1x1|2x5,27,6,27,11,4,True,0.000135,0.002273,0.00263
,16,2,4,22,1,1,1,2,1,11,3,3,3,3,1x1|1x5|1x5,27,6,27,11,8,True,0.000102,0.002285,0.002554
,16,2,4,22,1,6,3,2,1,11,3,3,3,3,1x1|1x5|1x5,27,6,27,11,8,True,0.000108,0.002288,0.002636
,16,2,4,22,2,1,1,2,1,11,2,2,3,3,1x1|2x5,27,6,27,11,4,True,0.000115,0.002176,0.002504
,16,2,4,22,2,8,5,2,1,11,2,2,3,3,1x1|2x5,27,6,27,11,4,True,0.000146,0.002215,0.002468
,16,2,4,22,3,1,1,2,1,11,1,3,3,3,1x1|1x5|1x5,27,6,27,11,8,True,0.000102,0.002296,0.002519
,16,2,4,22,3,6,3,2,1,11,1,3,3,3,1x1|1x5|1x5,27,6,27,11,8,True,9.6e-05,0.002165,0.002496
,16,2,4,23,0,1,1,1,0,23,4,2,3,3,1x1|2x11,8,2,8,11,4,True,6.9e-05,0.00044,0.001713
,16,2,4,23,1,1,1,1,0,23,3,2,3,3,1x1|2x11,8,2,8,11,4,True,6e-05,0.000396,0.001599
,16,2,4,23,1,6,3,1,0,23,3,2,3,3,1x1|2x11,8,2,8,11,4,True,5.9e-05,0.000441,0.001597
,16,2,4,23,2,1,1,1,0,23,2,2,3,3,1x1|2x11,8,2,8,11,4,True,6.8e-05,0.000396,0.001675
,16,2,4,23,2,8,5,1,0,23,2,2,3,3,1x1|2x11,8,2,8,11,4,True,5.9e-05,0.000399,0.001618
,16,2,4,23,3,1,1,1,0,23,1,2,3,3,1x1|2x11,8,2,8,11,4,True,6.7e-05,0.000419,0.001602
,16,2,4,23,3,6,3,1,0,23,1,2,3,3,1x1|2x11,8,2,8,11,4,True,8.6e-05,0.000427,0.001729
,16,2,4,24,0,1,1,8,3,3,4,2,3,3,1x1|2x1,729,13,729,12,4,True,0.00149,0.089974,0.066109
,16,2,4,24,1,1,1,8,3,3,3,3,3,3,1x1|1x1|1x1,729,13,729,12,8,True,0.000456,0.084043,0.063577
,16,2,4,24,2,1,1,8,3,3,2,2,3,3,1x1|2x1,729,13,729,12,4,True,0.001647,0.081709,0.058711
,16,2,4,24,2,8,5,8,3,3,2,2,3,3,1x1|2x1,729,13,729,12,4,True,0.001516,0.081772,0.062303
,16,2,4,24,3,1,1,8,3,3,1,3,3,3,1x1|1x1|1x1,729,13,729,12,8,True,0.000571,0.08572,0.063253
,16,2,4,25,0,1,1,1,0,25,4,5,9,9,1x1|2x1|2x1|2x5|2x5,512,9,512,12,32,True,0.000191,0.055452,0.054026
,16,2,4,25,1,1,1,1,0,25,3,3,9,9,1x1|4x1|4x5,512,9,512,12,8,True,0.000175,0.054787,0.057172
,16,2,4,25,1,6,3,1,0,25,3,3,9,9,1x1|4x1|4x5,512,9,512,12,8,True,0.000157,0.054116,0.054692
,16,2,4,25,2,1,1,1,0,25,2,9,9,9,1x1|1x1|1x1|1x1|1x1|1x5|1x5|1x5|1x5,512,1,512,0,512,True,0.000142,0.064465,0.064819
,16,2,4,25,3,1,1,1,0,25,1,3,9,9,1x1|4x1|4x5,512,9,512,12,8,True,0.000158,0.055474,0.061006
,16,2,4,25,3,6,3,1,0,25,1,3,9,9,1x1|4x1|4x5,512,9,512,12,8,True,0.000191,0.057974,0.059444
,16,2,4,26,0,1,1,2,1,13,4,3,5,5,1x1|2x3|2x3,243,10,243,13,8,True,0.000176,0.035888,0.033666
,16,2,4,26,1,1,1,2,1,13,3,2,5,5,1x1|4x3,243,10,243,13,4,True,0.000238,0.040402,0.038357
,16,2,4,26,1,6,3,2,1,13,3,2,5,5,1x1|4x3,243,10,243,13,4,True,0.000344,0.039499,0.037401
,16,2,4,26,2,1,1,2,1,13,2,5,5,5,1x1|1x3|1x3|1x3|1x3,243,10,243,13,32,True,0.000171,0.035937,0.032098
,16,2,4,26,2,8,5,2,1,13,2,5,5,5,1x1|1x3|1x3|1x3|1x3,243,10,243,13,32,True,0.000202,0.035478,0.031342
,16,2,4,26,3,1,1,2,1,13,1,2,5,5,1x1|4x3,243,10,243,13,4,True,0.000309,0.038714,0.035621
,16,2,4,26,3,6,3,2,1,13,1,2,5,5,1x1|4x3,243,10,243,13,4,True,0.0002,0.038153,0.036857
,16,2,4,27,0,1,1,1,0,27,4,4,7,7,1x1|2x1|2x3|2x9,128,8,128,13,16,True,0.000132,0.009947,0.01074
,16,2,4,27,1,1,1,1,0,27,3,7,7,7,1x1|1x1|1x1|1x3|1x3|1x9|1x9,128,1,128,0,128,True,0.000134,0.01271,0.013612
,16,2,4,27,2,1,1,1,0,27,2,4,7,7,1x1|2x1|2x3|2x9,128,8,128,13,16,True,0.000191,0.00994,0.010743
,16,2,4,27,2,8,5,1,0,27,2,4,7,7,1x1|2x1|2x3|2x9,128,8,128,13,16,True,0.000138,0.010049,0.010436
,16,2,4,27,3,1,1,1,0,27,1,7,7,7,1x1|1x1|1x1|1x3|1x3|1x9|1x9,128,1,128,0,128,True,0.000157,0.011716,0.012515
,16,2,4,28,0,1,1,4,2,7,4,2,3,3,1x1|2x3,125,15,125,14,4,True,0.000366,0.012763,0.010386
,16,2,4,28,1,1,1,4,2,7,3,2,3,3,1x1|2x3,125,15,125,14,4,True,0.000354,0.01151,0.014497
,16,2,4,28,1,6,3,4,2,7,3,2,3,3,1x1|2x3,125,15,125,14,4,True,0.000492,0.013467,0.011778
,16,2,4,28,2,1,1,4,2,7,2,2,3,3,1x1|2x3,125,15,125,14,4,True,0.000427,0.011192,0.010049
,16,2,4,28,2,8,5,4,2,7,2,2,3,3,1x1|2x3,125,15,125,14,4,True,0.000314,0.011936,0.011678
,16,2,4,28,3,1,1,4,2,7,1,2,3,3,1x1|2x3,125,15,125,14,4,True,0.000317,0.010786,0.009539
,16,2,4,28,3,6,3,4,2,7,1,2,3,3,1x1|2x3,125,15,125,14,4,True,0.000464,0.011339,0.010566
,16,2,4,29,0,1,1,1,0,29,4,3,5,5,1x1|2x7|2x7,32,3,32,14,8,True,0.000206,0.005862,0.013942
,16,2,4,29,1,1,1,1,0,29,3,2,5,5,1x1|4x7,32,3,32,14,4,True,0.0001,0.00658,0.009604
,16,2,4,29,1,6,3,1,0,29,3,2,5,5,1x1|4x7,32,3,32,14,4,True,0.000204,0.005826,0.009271
,16,2,4,29,2,1,1,1,0,29,2,5,5,5,1x1|1x7|1x7|1x7|1x7,32,1,32,0,32,True,0.000132,0.006379,0.00886
,16,2,4,29,2,8,5,1,0,29,2,5,5,5,1x1|1x7|1x7|1x7|1x7,32,1,32,0,32,True,9.7e-05,0.0063,0.009255
,16,2,4,29,3,1,1,1,0,29,1,2,5,5,1x1|4x7,32,3,32,14,4,True,0.000133,0.005674,0.010328
,16,2,4,29,3,6,3,1,0,29,1,2,5,5,1x1|4x7,32,3,32,14,4,True,0.000135,0.005921,0.008193
,16,2,4,31,0,1,1,1,0,31,4,4,7,7,1x1|2x5|2x5|2x5,128,4,128,15,16,True,0.000136,0.013877,0.018375
,16,2,4,31,1,1,1,1,0,31,3,4,7,7,1x1|2x5|2x5|2x5,128,4,128,15,16,True,0.000207,0.01612,0.018002
,16,2,4,31,1,6,3,1,0,31,3,4,7,7,1x1|2x5|2x5|2x5,128,4,128,15,16,True,0.000142,0.015062,0.015421
,16,2,4,31,2,1,1,1,0,31,2,4,7,7,1x1|2x5|2x5|2x5,128,4,128,15,16,True,0.000152,0.015249,0.020433
,16,2,4,31,2,8,5,1,0,31,2,4,7,7,1x1|2x5|2x5|2x5,128,4,128,15,16,True,0.000148,0.014989,0.016349
,16,2,4,31,3,1,1,1,0,31,1,4,7,7,1x1|2x5|2x5|2x5,128,4,128,15,16,True,0.000138,0.017217,0.016061
,16,2,4,31,3,6,3,1,0,31,1,4,7,7,1x1|2x5|2x5|2x5,128,4,128,15,16,True,0.000148,0.014291,0.014951
,16,2,4,32,0,1,1,32,5,1,4,1,1,1,1x1,33,17,33,16,2,True,0.002702,0.003726,0.00229
,16,2,4,32,1,1,1,32,5,1,3,1,1,1,1x1,33,17,33,16,2,True,0.002561,0.005411,0.003164
,16,2,4,32,1,6,3,32,5,1,3,1,1,1,1x1,33,17,33,16,2,True,0.002796,0.004204,0.002364
,16,2,4,32,2,1,1,32,5,1,2,1,1,1,1x1,33,17,33,16,2,True,0.004664,0.003969,0.002174
,16,2,4,32,2,8,5,32,5,1,2,1,1,1,1x1,33,17,33,16,2,True,0.002546,0.003471,0.002096
,16,2,4,32,3,1,1,32,5,1,1,1,1,1,1x1,33,17,33,16,2,True,0.002352,0.003255,0.002013
,16,2,4,32,3,6,3,32,5,1,1,1,1,1,1x1,33,17,33,16,2,True,0.004536,0.003772,0.002582
,16,2,4,33,0,1,1,1,0,33,4,5,9,9,1x1|2x1|2x5|2x5|2x5,512,8,512,16,32,True,0.000169,0.099172,0.10006
,16,2,4,33,1,1,1,1,0,33,3,9,9,9,1x1|1x1|1x1|1x5|1x5|1x5|1x5|1x5|1x5,512,1,512,0,512,True,0.000204,0.111204,0.120095
,16,2,4,33,2,1,1,1,0,33,2,5,9,9,1x1|2x1|2x5|2x5|2x5,512,8,512,16,32,True,0.000175,0.096654,0.100892
,16,2,4,33,2,8,5,1,0,33,2,5,9,9,1x1|2x1|2x5|2x5|2x5,512,8,512,16,32,True,0.000219,0.09299,0.097389
,16,2,4,33,3,1,1,1,0,33,1,9,9,9,1x1|1x1|1x1|1x5|1x5|1x5|1x5|1x5|1x5,512,1,512,0,512,True,0.000169,0.1087,0.112351
,16,2,4,34,0,1,1,2,1,17,4,9,9,9,1x1|1x2|1x2|1x2|1x2|1x2|1x2|1x2|1x2,19683,18,19683,17,512,True,0.000303,5.564407,5.113127
,16,2,4,34,1,1,1,2,1,17,3,3,9,9,1x1|4x2|4x2,19683,18,19683,17,8,True,0.000474,6.183743,5.898559
,16,2,4,34,1,6,3,2,1,17,3,3,9,9,1x1|4x2|4x2,19683,18,19683,17,8,True,0.00044,5.729811,5.526236
,16,2,4,34,2,1,1,2,1,17,2,5,9,9,1x1|2x2|2x2|2x2|2x2,19683,18,19683,17,32,True,0.000377,5.374182,4.905031
,16,2,4,34,2,8,5,2,1,17,2,5,9,9,1x1|2x2|2x2|2x2|2x2,19683,18,19683,17,32,True,0.00036,5.315611,4.538079
,16,2,4,34,3,1,1,2,1,17,1,3,9,9,1x1|4x2|4x2,19683,18,19683,17,8,True,0.000404,5.545538,5.18703
,16,2,4,34,3,6,3,2,1,17,1,3,9,9,1x1|4x2|4x2,19683,18,19683,17,8,True,0.000401,5.76605,5.353349
,16,2,4,35,0,1,1,1,0,35,4,8,15,15,1x1|2x1|2x1|2x3|2x3|2x3|2x3|2x3,32768,18,32768,17,256,True,0.000298,9.808547,9.949604
,16,2,4,35,1,1,1,1,0,35,3,5,15,15,1x1|2x3|4x1|4x3|4x3,32768,18,32768,17,32,True,0.000235,9.862954,10.221839
,16,2,4,35,1,6,3,1,0,35,3,5,15,15,1x1|2x3|4x1|4x3|4x3,32768,18,32768,17,32,True,0.000266,10.360156,10.566955
,16,2,4,35,2,1,1,1,0,35,2,10,15,15,1x1|1x1|1x1|1x1|1x1|2x3|2x3|2x3|2x3|2x3,32768,6,32768,15,1024,True,0.000312,9.751866,10.419244
,16,2,4,35,3,1,1,1,0,35,1,5,15,15,1x1|2x3|4x1|4x3|4x3,32768,18,32768,17,32,True,0.000256,10.217604,10.786026
,16,2,4,35,3,6,3,1,0,35,1,5,15,15,1x1|2x3|4x1|4x3|4x3,32768,18,32768,17,32,True,0.000281,10.335145,11.101231
,16,2,4,36,0,1,1,4,2,9,4,3,5,5,1x1|2x1|2x3,3125,19,3125,18,8,True,0.000642,0.603245,0.509455
,16,2,4,36,1,1,1,4,2,9,3,5,5,5,1x1|1x1|1x1|1x3|1x3,3125,19,3125,18,32,True,0.000321,0.637754,0.552109
,16,2,4,36,2,1,1,4,2,9,2,3,5,5,1x1|2x1|2x3,3125,19,3125,18,8,True,0.001006,0.669191,0.737938
,16,2,4,36,2,8,5,4,2,9,2,3,5,5,1x1|2x1|2x3,3125,19,3125,18,8,True,0.000642,0.573037,0.514281
,16,2,4,36,3,1,1,4,2,9,1,5,5,5,1x1|1x1|1x1|1x3|1x3,3125,19,3125,18,32,True,0.000291,0.581655,0.501348
,16,2,4,37,0,1,1,1,0,37,4,3,5,5,1x1|2x9|2x9,32,3,32,18,8,True,0.000172,0.008357,0.015154
,16,2,4,37,1,1,1,1,0,37,3,2,5,5,1x1|4x9,32,3,32,18,4,True,0.000123,0.008379,0.015974
,16,2,4,37,1,6,3,1,0,37,3,2,5,5,1x1|4x9,32,3,32,18,4,True,0.000109,0.009553,0.017895
,16,2,4,37,2,1,1,1,0,37,2,5,5,5,1x1|1x9|1x9|1x9|1x9,32,1,32,0,32,True,0.000103,0.009559,0.016916
,16,2,4,37,2,8,5,1,0,37,2,5,5,5,1x1|1x9|1x9|1x9|1x9,32,1,32,0,32,True,0.000105,0.01035,0.018289
,16,2,4,37,3,1,1,1,0,37,1,2,5,5,1x1|4x9,32,3,32,18,4,True,0.000149,0.009985,0.016582
,16,2,4,37,3,6,3,1,0,37,1,2,5,5,1x1|4x9,32,3,32,18,4,True,9.7e-05,0.009258,0.017158
,16,2,4,38,0,1,1,2,1,19,4,2,3,3,1x1|2x9,27,6,27,19,4,True,0.000139,0.004356,0.006426
,16,2,4,38,1,1,1,2,1,19,3,3,3,3,1x1|1x9|1x9,27,6,27,19,8,True,0.000153,0.004676,0.006298
,16,2,4,38,1,6,3,2,1,19,3,3,3,3,1x1|1x9|1x9,27,6,27,19,8,True,0.000178,0.005303,0.012387
,16,2,4,38,2,1,1,2,1,19,2,2,3,3,1x1|2x9,27,6,27,19,4,True,0.000139,0.004548,0.006059
,16,2,4,38,2,8,5,2,1,19,2,2,3,3,1x1|2x9,27,6,27,19,4,True,0.00012,0.004141,0.005852
,16,2,4,38,3,1,1,2,1,19,1,3,3,3,1x1|1x9|1x9,27,6,27,19,8,True,0.000107,0.004003,0.007575
,16,2,4,38,3,6,3,2,1,19,1,3,3,3,1x1|1x9|1x9,27,6,27,19,8,True,0.000165,0.006463,0.006071
,16,2,4,39,0,1,1,1,0,39,4,8,15,15,1x1|2x1|2x3|2x3|2x3|2x3|2x3|2x3,32768,14,32768,19,256,True,0.000417,13.319848,13.72928
,16,2,4,39,1,1,1,1,0,39,3,6,15,15,1x1|1x1|1x1|4x3|4x3|4x3,32768,7,32768,18,64,True,0.000265,13.472382,14.520322
,16,2,4,39,2,1,1,1,0,39,2,10,15,15,1x1|1x3|1x3|1x3|1x3|2x1|2x3|2x3|2x3|2x3,32768,10,32768,13,1024,True,0.000299,15.494808,15.082716
,16,2,4,39,2,8,5,1,0,39,2,10,15,15,1x1|1x3|1x3|1x3|1x3|2x1|2x3|2x3|2x3|2x3,32768,10,32768,13,1024,True,0.000293,14.198033,14.930959
,16,2,4,39,3,1,1,1,0,39,1,6,15,15,1x1|1x1|1x1|4x3|4x3|4x3,32768,7,32768,18,64,True,0.000268,13.039218,13.258578
,16,2,4,40,0,1,1,8,3,5,4,3,5,5,1x1|2x1|2x1,59049,21,59049,20,8,True,0.003261,21.754801,17.914535
,16,2,4,40,1,1,1,8,3,5,3,2,5,5,1x1|4x1,59049,21,59049,20,4,True,0.009963,23.627613,18.119544
,16,2,4,40,1,6,3,8,3,5,3,2,5,5,1x1|4x1,59049,21,59049,20,4,True,0.011729,23.656177,18.011652
,16,2,4,40,2,1,1,8,3,5,2,5,5,5,1x1|1x1|1x1|1x1|1x1,59049,21,59049,20,32,True,0.000798,20.104262,15.827333
,16,2,4,40,3,1,1,8,3,5,1,2,5,5,1x1|4x1,59049,21,59049,20,4,True,0.011147,24.202133,17.732067
,16,2,4,40,3,6,3,8,3,5,1,2,5,5,1x1|4x1,59049,21,59049,20,4,True,0.009722,24.169876,18.100616
,16,2,4,41,0,1,1,1,0,41,4,5,9,9,1x1|2x5|2x5|2x5|2x5,512,5,512,20,32,True,0.000205,0.175436,0.188289
,16,2,4,41,1,1,1,1,0,41,3,3,9,9,1x1|4x5|4x5,512,5,512,20,8,True,0.000273,0.19321,0.218957
,16,2,4,41,1,6,3,1,0,41,3,3,9,9,1x1|4x5|4x5,512,5,512,20,8,True,0.000333,0.215818,0.212969
,16,2,4,41,2,1,1,1,0,41,2,9,9,9,1x1|1x5|1x5|1x5|1x5|1x5|1x5|1x5|1x5,512,1,512,0,512,True,0.000193,0.221046,0.229877
,16,2,4,41,2,8,5,1,0,41,2,9,9,9,1x1|1x5|1x5|1x5|1x5|1x5|1x5|1x5|1x5,512,1,512,0,512,True,0.000246,0.227828,0.235463
,16,2,4,41,3,1,1,1,0,41,1,3,9,9,1x1|4x5|4x5,512,5,512,20,8,True,0.000158,0.197653,0.227101
,16,2,4,41,3,6,3,1,0,41,1,3,9,9,1x1|4x5|4x5,512,5,512,20,8,True,0.000215,0.205183,0.215887
,16,2,4,42,0,1,1,2,1,21,4,5,9,9,1x1|2x1|2x3|2x3|2x3,19683,22,19683,21,32,True,0.000353,6.149549,5.760432
,16,2,4,42,1,1,1,2,1,21,3,6,9,9,1x1|1x1|1x1|2x3|2x3|2x3,19683,22,19683,21,64,True,0.000546,6.203164,5.810936
,16,2,4,42,2,1,1,2,1,21,2,5,9,9,1x1|2x1|2x3|2x3|2x3,19683,22,19683,21,32,True,0.000347,6.1587,5.79092
,16,2,4,42,2,8,5,2,1,21,2,5,9,9,1x1|2x1|2x3|2x3|2x3,19683,22,19683,21,32,True,0.00044,13.444554,5.703542
,16,2,4,42,3,1,1,2,1,21,1,6,9,9,1x1|1x1|1x1|2x3|2x3|2x3,19683,22,19683,21,64,True,0.00059,5.755322,5.664829
,16,2,4,43,0,1,1,1,0,43,4,4,7,7,1x1|2x7|2x7|2x7,128,4,128,21,16,True,0.000236,0.034459,0.035236
,16,2,4,43,1,1,1,1,0,43,3,7,7,7,1x1|1x7|1x7|1x7|1x7|1x7|1x7,128,1,128,0,128,True,0.000224,0.037942,0.041451
,16,2,4,43,1,6,3,1,0,43,3,7,7,7,1x1|1x7|1x7|1x7|1x7|1x7|1x7,128,1,128,0,128,True,0.000125,0.037315,0.040612
,16,2,4,43,2,1,1,1,0,43,2,4,7,7,1x1|2x7|2x7|2x7,128,4,128,21,16,True,0.000137,0.031902,0.034505
,16,2,4,43,2,8,5,1,0,43,2,4,7,7,1x1|2x7|2x7|2x7,128,4,128,21,16,True,0.000143,0.032146,0.037111
,16,2,4,43,3,1,1,1,0,43,1,7,7,7,1x1|1x7|1x7|1x7|1x7|1x7|1x7,128,1,128,0,128,True,0.000152,0.039621,0.039485
,16,2,4,43,3,6,3,1,0,43,1,7,7,7,1x1|1x7|1x7|1x7|1x7|1x7|1x7,128,1,128,0,128,True,0.000195,0.038212,0.043807
,16,2,4,44,0,1,1,4,2,11,4,2,3,3,1x1|2x5,125,15,125,22,4,True,0.000361,0.028218,0.034087
,16,2,4,44,1,1,1,4,2,11,3,3,3,3,1x1|1x5|1x5,125,15,125,22,8,True,0.000342,0.036985,0.026687
,16,2,4,44,1,6,3,4,2,11,3,3,3,3,1x1|1x5|1x5,125,15,125,22,8,True,0.000191,0.029592,0.024927
,16,2,4,44,2,1,1,4,2,11,2,2,3,3,1x1|2x5,125,15,125,22,4,True,0.000694,0.029094,0.023002
,16,2,4,44,2,8,5,4,2,11,2,2,3,3,1x1|2x5,125,15,125,22,4,True,0.000633,0.032127,0.023074
,16,2,4,44,3,1,1,4,2,11,1,3,3,3,1x1|1x5|1x5,125,15,125,22,8,True,0.000232,0.027349,0.025614
,16,2,4,44,3,6,3,4,2,11,1,3,3,3,1x1|1x5|1x5,125,15,125,22,8,True,0.00034,0.030381,0.027347
,16,2,4,46,0,1,1,2,1,23,4,2,3,3,1x1|2x11,27,6,27,23,4,True,0.000181,0.004489,0.005503
,16,2,4,46,1,1,1,2,1,23,3,2,3,3,1x1|2x11,27,6,27,23,4,True,0.000127,0.004163,0.005993
,16,2,4,46,1,6,3,2,1,23,3,2,3,3,1x1|2x11,27,6,27,23,4,True,0.000125,0.004156,0.005253
,16,2,4,46,2,1,1,2,1,23,2,2,3,3,1x1|2x11,27,6,27,23,4,True,0.000121,0.003868,0.004937
,16,2,4,46,2,8,5,2,1,23,2,2,3,3,1x1|2x11,27,6,27,23,4,True,0.000138,0.003884,0.005118
,16,2,4,46,3,1,1,2,1,23,1,2,3,3,1x1|2x11,27,6,27,23,4,True,0.000123,0.003959,0.005654
,16,2,4,46,3,6,3,2,1,23,1,2,3,3,1x1|2x11,27,6,27,23,4,True,0.000153,0.004552,0.005027
,16,2,4,47,0,1,1,1,0,47,4,2,3,3,1x1|2x23,8,2,8,23,4,True,7.9e-05,0.000905,0.012162
,16,2,4,47,1,1,1,1,0,47,3,2,3,3,1x1|2x23,8,2,8,23,4,True,7.8e-05,0.000962,0.010003
,16,2,4,47,1,6,3,1,0,47,3,2,3,3,1x1|2x23,8,2,8,23,4,True,6.8e-05,0.000936,0.010516
,16,2,4,47,2,1,1,1,0,47,2,2,3,3,1x1|2x23,8,2,8,23,4,True,7.5e-05,0.000948,0.010512
,16,2,4,47,2,8,5,1,0,47,2,2,3,3,1x1|2x23,8,2,8,23,4,True,7.8e-05,0.001009,0.010369
,16,2,4,47,3,1,1,1,0,47,1,2,3,3,1x1|2x23,8,2,8,23,4,True,8.2e-05,0.000991,0.010154
,16,2,4,47,3,6,3,1,0,47,1,2,3,3,1x1|2x23,8,2,8,23,4,True,7.4e-05,0.000987,0.009973
,16,2,4,48,0,1,1,16,4,3,4,2,3,3,1x1|2x1,4913,25,4913,24,4,True,0.012751,1.721095,1.254365
,16,2,4,48,1,1,1,16,4,3,3,3,3,3,1x1|1x1|1x1,4913,25,4913,24,8,True,0.001945,1.906706,1.241407
,16,2,4,48,2,1,1,16,4,3,2,2,3,3,1x1|2x1,4913,25,4913,24,4,True,0.013639,1.755964,1.128721
,16,2,4,48,2,8,5,16,4,3,2,2,3,3,1x1|2x1,4913,25,4913,24,4,True,0.013388,1.684881,1.10973
,16,2,4,48,3,1,1,16,4,3,1,3,3,3,1x1|1x1|1x1,4913,25,4913,24,8,True,0.00192,1.69972,1.165189
,16,2,4,49,0,1,1,1,0,49,4,3,5,5,1x1|2x3|2x21,32,4,32,24,8,True,0.000118,0.003176,0.005245
,16,2,4,49,1,1,1,1,0,49,3,3,5,5,1x1|2x3|2x21,32,4,32,24,8,True,9.4e-05,0.003192,0.005816
,16,2,4,49,1,6,3,1,0,49,3,3,5,5,1x1|2x3|2x21,32,4,32,24,8,True,0.000105,0.003498,0.00582
,16,2,4,49,2,1,1,1,0,49,2,3,5,5,1x1|2x3|2x21,32,4,32,24,8,True,9.8e-05,0.003336,0.005804
,16,2,4,49,2,8,5,1,0,49,2,3,5,5,1x1|2x3|2x21,32,4,32,24,8,True,9.9e-05,0.003481,0.005458
,16,2,4,49,3,1,1,1,0,49,1,3,5,5,1x1|2x3|2x21,32,4,32,24,8,True,0.000142,0.003238,0.005481
,16,2,4,49,3,6,3,1,0,49,1,3,5,5,1x1|2x3|2x21,32,4,32,24,8,True,0.000163,0.003622,0.007852
,16,2,4,50,0,1,1,2,1,25,4,5,9,9,1x1|2x1|2x1|2x5|2x5,19683,26,19683,25,32,True,0.000658,7.156183,7.218285
,16,2,4,50,1,1,1,2,1,25,3,3,9,9,1x1|4x1|4x5,19683,26,19683,25,8,True,0.000486,7.71475,7.279309
,16,2,4,50,1,6,3,2,1,25,3,3,9,9,1x1|4x1|4x5,19683,26,19683,25,8,True,0.000449,7.584183,7.693297
,16,2,4,50,2,1,1,2,1,25,2,9,9,9,1x1|1x1|1x1|1x1|1x1|1x5|1x5|1x5|1x5,19683,26,19683,25,512,True,0.000343,7.022837,6.539448
,16,2,4,50,3,1,1,2,1,25,1,3,9,9,1x1|4x1|4x5,19683,26,19683,25,8,True,0.000461,7.870795,7.604103
,16,2,4,50,3,6,3,2,1,25,1,3,9,9,1x1|4x1|4x5,19683,26,19683,25,8,True,0.000437,7.791023,7.313297
,16,2,4,52,0,1,1,4,2,13,4,3,5,5,1x1|2x3|2x3,3125,27,3125,26,8,True,0.000678,1.533562,1.311189
,16,2,4,52,1,1,1,4,2,13,3,2,5,5,1x1|4x3,3125,27,3125,26,4,True,0.001154,1.765242,1.457001
,16,2,4,52,1,6,3,4,2,13,3,2,5,5,1x1|4x3,3125,27,3125,26,4,True,0.001075,1.645475,1.418368
,16,2,4,52,2,1,1,4,2,13,2,5,5,5,1x1|1x3|1x3|1x3|1x3,3125,27,3125,26,32,True,0.000337,1.431433,1.286397
,16,2,4,52,2,8,5,4,2,13,2,5,5,5,1x1|1x3|1x3|1x3|1x3,3125,27,3125,26,32,True,0.00035,1.466373,1.231266
,16,2,4,52,3,1,1,4,2,13,1,2,5,5,1x1|4x3,3125,27,3125,26,4,True,0.001215,1.606879,1.436479
,16,2,4,52,3,6,3,4,2,13,1,2,5,5,1x1|4x3,3125,27,3125,26,4,True,0.001154,1.63667,1.383876
,16,2,4,53,0,1,1,1,0,53,4,3,5,5,1x1|2x13|2x13,32,3,32,26,8,True,0.000123,0.013312,0.028128
,16,2,4,53,1,1,1,1,0,53,3,2,5,5,1x1|4x13,32,3,32,26,4,True,0.000106,0.014446,0.034617
,16,2,4,53,1,6,3,1,0,53,3,2,5,5,1x1|4x13,32,3,32,26,4,True,0.000119,0.017963,0.033804
,16,2,4,53,2,1,1,1,0,53,2,5,5,5,1x1|1x13|1x13|1x13|1x13,32,1,32,0,32,True,0.000179,0.020452,0.035443
,16,2,4,53,2,8,5,1,0,53,2,5,5,5,1x1|1x13|1x13|1x13|1x13,32,1,32,0,32,True,0.000108,0.019205,0.031315
,16,2,4,53,3,1,1,1,0,53,1,2,5,5,1x1|4x13,32,3,32,26,4,True,0.0001,0.013863,0.029727
,16,2,4,53,3,6,3,1,0,53,1,2,5,5,1x1|4x13,32,3,32,26,4,True,9.7e-05,0.014406,0.030205
,16,2,4,54,0,1,1,2,1,27,4,4,7,7,1x1|2x1|2x3|2x9,2187,28,2187,27,16,True,0.000263,0.625853,0.5008
,16,2,4,54,1,1,1,2,1,27,3,7,7,7,1x1|1x1|1x1|1x3|1x3|1x9|1x9,2187,28,2187,27,128,True,0.00027,0.490361,0.502859
,16,2,4,54,2,1,1,2,1,27,2,4,7,7,1x1|2x1|2x3|2x9,2187,28,2187,27,16,True,0.000278,0.51828,0.500842
,16,2,4,54,2,8,5,2,1,27,2,4,7,7,1x1|2x1|2x3|2x9,2187,28,2187,27,16,True,0.000279,0.499338,0.486469
,16,2,4,54,3,1,1,2,1,27,1,7,7,7,1x1|1x1|1x1|1x3|1x3|1x9|1x9,2187,28,2187,27,128,True,0.000245,0.520745,0.528162
,16,2,4,55,0,1,1,1,0,55,4,8,15,15,1x1|2x1|2x1|2x5|2x5|2x5|2x5|2x5,32768,18,32768,27,256,True,0.000291,22.138669,22.772122
,16,2,4,55,1,1,1,1,0,55,3,6,15,15,1x1|1x5|1x5|4x1|4x5|4x5,32768,15,32768,22,64,True,0.000261,23.007542,23.875169
,16,2,4,55,1,6,3,1,0,55,3,6,15,15,1x1|1x5|1x5|4x1|4x5|4x5,32768,15,32768,22,64,True,0.000297,23.601733,25.065741
,16,2,4,55,2,1,1,1,0,55,2,10,15,15,1x1|1x1|1x1|1x1|1x1|2x5|2x5|2x5|2x5|2x5,32768,6,32768,25,1024,True,0.000287,22.155763,22.115111
,16,2,4,55,3,1,1,1,0,55,1,6,15,15,1x1|1x5|1x5|4x1|4x5|4x5,32768,15,32768,22,64,True,0.000256,24.998494,25.911343
,16,2,4,55,3,6,3,1,0,55,1,6,15,15,1x1|1x5|1x5|4x1|4x5|4x5,32768,15,32768,22,64,True,0.000246,24.989661,24.740761
,16,2,4,56,0,1,1,8,3,7,4,2,3,3,1x1|2x3,729,29,729,28,4,True,0.00189,0.183923,0.149188
,16,2,4,56,1,1,1,8,3,7,3,2,3,3,1x1|2x3,729,29,729,28,4,True,0.001905,0.178795,0.145106
,16,2,4,56,1,6,3,8,3,7,3,2,3,3,1x1|2x3,729,29,729,28,4,True,0.003043,0.18055,0.145558
,16,2,4,56,2,1,1,8,3,7,2,2,3,3,1x1|2x3,729,29,729,28,4,True,0.001604,0.165978,0.135644
,16,2,4,56,2,8,5,8,3,7,2,2,3,3,1x1|2x3,729,29,729,28,4,True,0.001626,0.170935,0.135099
,16,2,4,56,3,1,1,8,3,7,1,2,3,3,1x1|2x3,729,29,729,28,4,True,0.00164,0.172226,0.137328
,16,2,4,56,3,6,3,8,3,7,1,2,3,3,1x1|2x3,729,29,729,28,4,True,0.001529,0.172045,0.132265
,16,2,4,57,0,1,1,1,0,57,4,5,9,9,1x1|2x1|2x9|2x9|2x9,512,8,512,28,32,True,0.000202,0.18533,0.197233
,16,2,4,57,1,1,1,1,0,57,3,9,9,9,1x1|1x1|1x1|1x9|1x9|1x9|1x9|1x9|1x9,512,1,512,0,512,True,0.000136,0.224918,0.2649
,16,2,4,57,2,1,1,1,0,57,2,5,9,9,1x1|2x1|2x9|2x9|2x9,512,8,512,28,32,True,0.000313,0.201868,0.204939
,16,2,4,57,2,8,5,1,0,57,2,5,9,9,1x1|2x1|2x9|2x9|2x9,512,8,512,28,32,True,0.000169,0.19426,0.204374
,16,2,4,57,3,1,1,1,0,57,1,9,9,9,1x1|1x1|1x1|1x9|1x9|1x9|1x9|1x9|1x9,512,1,512,0,512,True,0.000166,0.229776,0.24461
,16,2,4,58,0,1,1,2,1,29,4,3,5,5,1x1|2x7|2x7,243,10,243,29,8,True,0.00023,0.140056,0.128593
,16,2,4,58,1,1,1,2,1,29,3,2,5,5,1x1|4x7,243,10,243,29,4,True,0.000262,0.150804,0.143692
,16,2,4,58,1,6,3,2,1,29,3,2,5,5,1x1|4x7,243,10,243,29,4,True,0.000326,0.137784,0.139346
,16,2,4,58,2,1,1,2,1,29,2,5,5,5,1x1|1x7|1x7|1x7|1x7,243,10,243,29,32,True,0.000167,0.136597,0.114158
,16,2,4,58,2,8,5,2,1,29,2,5,5,5,1x1|1x7|1x7|1x7|1x7,243,10,243,29,32,True,0.000212,0.121776,0.105484
,16,2,4,58,3,1,1,2,1,29,1,2,5,5,1x1|4x7,243,10,243,29,4,True,0.000272,0.129203,0.144326
,16,2,4,58,3,6,3,2,1,29,1,2,5,5,1x1|4x7,243,10,243,29,4,True,0.000308,0.150684,0.133636
,16,2,4,59,0,1,1,1,0,59,4,2,3,3,1x1|2x29,8,2,8,29,4,True,7.8e-05,0.00181,0.04557
,16,2,4,59,1,1,1,1,0,59,3,3,3,3,1x1|1x29|1x29,8,1,8,0,8,True,8e-05,0.00347,0.047671
,16,2,4,59,1,6,3,1,0,59,3,3,3,3,1x1|1x29|1x29,8,1,8,0,8,True,6.9e-05,0.003092,0.047387
,16,2,4,59,2,1,1,1,0,59,2,2,3,3,1x1|2x29,8,2,8,29,4,True,7.7e-05,0.002088,0.044556
,16,2,4,59,2,8,5,1,0,59,2,2,3,3,1x1|2x29,8,2,8,29,4,True,0.000108,0.002072,0.045634
,16,2,4,59,3,1,1,1,0,59,1,3,3,3,1x1|1x29|1x29,8,1,8,0,8,True,7e-05,0.003312,0.047995
,16,2,4,59,3,6,3,1,0,59,1,3,3,3,1x1|1x29|1x29,8,1,8,0,8,True,8.6e-05,0.003352,0.04697
,25,5,2,1,0,1,1,1,0,1,2,1,1,1,1x1,2,1,2,0,2,True,4.7e-05,4.7e-05,3.9e-05
,25,5,2,1,0,4,2,1,0,1,2,1,1,1,1x1,2,1,2,0,2,True,5.3e-05,8.5e-05,3.9e-05
,25,5,2,1,1,1,1,1,0,1,1,1,1,1,1x1,2,1,2,0,2,True,3.4e-05,4e-05,4.4e-05
,25,5,2,1,1,4,2,1,0,1,1,1,1,1,1x1,2,1,2,0,2,True,3.2e-05,3.9e-05,3.5e-05
,25,5,2,1,1,7,3,1,0,1,1,1,1,1,1x1,2,1,2,0,2,True,2.9e-05,3.8e-05,3.5e-05
,25,5,2,1,1,8,6,1,0,1,1,1,1,1,1x1,2,1,2,0,2,True,3.6e-05,4.1e-05,3.9e-05
,25,5,2,2,0,1,1,1,0,2,2,2,2,2,1x1|1x1,4,1,4,0,4,True,4.8e-05,8.7e-05,8.2e-05
,25,5,2,2,1,1,1,1,0,2,1,2,2,2,1x1|1x1,4,1,4,0,4,True,6.5e-05,9.1e-05,8.2e-05
,25,5,2,2,1,7,3,1,0,2,1,2,2,2,1x1|1x1,4,1,4,0,4,True,4.9e-05,0.000109,8.1e-05
,25,5,2,3,0,1,1,1,0,3,2,2,3,3,1x1|2x1,8,2,8,1,4,True,6.2e-05,0.000162,0.000213
,25,5,2,3,0,4,2,1,0,3,2,2,3,3,1x1|2x1,8,2,8,1,4,True,6.4e-05,0.000199,0.000166
,25,5,2,3,1,1,1,1,0,3,1,3,3,3,1x1|1x1|1x1,8,1,8,0,8,True,0.000103,0.000201,0.0002
,25,5,2,3,1,4,2,1,0,3,1,3,3,3,1x1|1x1|1x1,8,1,8,0,8,True,6e-05,0.000194,0.000168
,25,5,2,4,0,1,1,1,0,4,2,3,4,4,1x1|1x1|2x1,16,2,16,1,8,True,7.7e-05,0.00038,0.000409
,25,5,2,4,1,1,1,1,0,4,1,3,4,4,1x1|1x1|2x1,16,2,16,1,8,True,7.8e-05,0.000422,0.000364
,25,5,2,4,1,7,3,1,0,4,1,3,4,4,1x1|1x1|2x1,16,2,16,1,8,True,8.8e-05,0.000396,0.000404
,25,5,2,5,0,1,1,5,1,1,2,1,1,1,1x1,6,3,6,2,2,True,0.000118,0.000163,0.0002
,25,5,2,5,0,4,2,5,1,1,2,1,1,1,1x1,6,3,6,2,2,True,8.6e-05,0.00018,0.000143
,25,5,2,5,1,1,1,5,1,1,1,1,1,1,1x1,6,3,6,2,2,True,8.6e-05,0.000187,0.000147
,25,5,2,5,1,4,2,5,1,1,1,1,1,1,1x1,6,3,6,2,2,True,8e-05,0.000169,0.000132
,25,5,2,5,1,7,3,5,1,1,1,1,1,1,1x1,6,3,6,2,2,True,9.3e-05,0.000164,0.000157
,25,5,2,5,1,8,6,5,1,1,1,1,1,1,1x1,6,3,6,2,2,True,7.9e-05,0.000157,0.000149
,25,5,2,6,0,1,1,1,0,6,2,4,6,6,1x1|1x1|2x1|2x1,64,3,64,2,16,True,0.000127,0.00217,0.002105
,25,5,2,6,1,1,1,1,0,6,1,6,6,6,1x1|1x1|1x1|1x1|1x1|1x1,64,1,64,0,64,True,0.000112,0.00246,0.002331
,25,5,2,7,0,1,1,1,0,7,2,2,3,3,1x1|2x3,8,2,8,3,4,True,7.4e-05,0.000252,0.000531
,25,5,2,7,0,4,2,1,0,7,2,2,3,3,1x1|2x3,8,2,8,3,4,True,6.4e-05,0.000229,0.000503
,25,5,2,7,1,1,1,1,0,7,1,3,3,3,1x1|1x3|1x3,8,1,8,0,8,True,8.2e-05,0.000347,0.000507
,25,5,2,7,1,4,2,1,0,7,1,3,3,3,1x1|1x3|1x3,8,1,8,0,8,True,6.5e-05,0.000274,0.000525
,25,5,2,7,1,8,6,1,0,7,1,3,3,3,1x1|1x3|1x3,8,1,8,0,8,True,7.7e-05,0.000335,0.000821
,25,5,2,8,0,1,1,1,0,8,2,5,8,8,1x1|1x1|2x1|2x1|2x1,256,4,256,3,32,True,0.0002,0.011286,0.012763
,25,5,2,8,1,1,1,1,0,8,1,5,8,8,1x1|1x1|2x1|2x1|2x1,256,4,256,3,32,True,0.000184,0.01146,0.012215
,25,5,2,8,1,7,3,1,0,8,1,5,8,8,1x1|1x1|2x1|2x1|2x1,256,4,256,3,32,True,0.000265,0.01177,0.012331
,25,5,2,9,0,1,1,1,0,9,2,3,5,5,1x1|2x1|2x3,32,4,32,4,8,True,0.000121,0.001283,0.001324
,25,5,2,9,0,4,2,1,0,9,2,3,5,5,1x1|2x1|2x3,32,4,32,4,8,True,0.000115,0.001275,0.001734
,25,5,2,9,1,1,1,1,0,9,1,5,5,5,1x1|1x1|1x1|1x3|1x3,32,1,32,0,32,True,9.8e-05,0.001485,0.001669
,25,5,2,9,1,4,2,1,0,9,1,5,5,5,1x1|1x1|1x1|1x3|1x3,32,1,32,0,32,True,0.00017,0.00153,0.001643
,25,5,2,10,0,1,1,5,1,2,2,2,2,2,1x1|1x1,36,5,36,4,4,True,0.000186,0.001843,0.001527
,25,5,2,10,1,1,1,5,1,2,1,2,2,2,1x1|1x1,36,5,36,4,4,True,0.000195,0.001909,0.001713
,25,5,2,10,1,7,3,5,1,2,1,2,2,2,1x1|1x1,36,5,36,4,4,True,0.000177,0.001745,0.00148
,25,5,2,11,0,1,1,1,0,11,2,2,3,3,1x1|2x5,8,2,8,5,4,True,7.5e-05,0.000391,0.001173
,25,5,2,11,0,4,2,1,0,11,2,2,3,3,1x1|2x5,8,2,8,5,4,True,9.2e-05,0.000336,0.001092
,25,5,2,11,1,1,1,1,0,11,1,2,3,3,1x1|2x5,8,2,8,5,4,True,8.3e-05,0.000389,0.001156
,25,5,2,11,1,4,2,1,0,11,1,2,3,3,1x1|2x5,8,2,8,5,4,True,7.2e-05,0.000333,0.001064
,25,5,2,11,1,7,3,1,0,11,1,2,3,3,1x1|2x5,8,2,8,5,4,True,0.00017,0.000372,0.00107
,25,5,2,11,1,8,6,1,0,11,1,2,3,3,1x1|2x5,8,2,8,5,4,True,9.9e-05,0.000347,0.001159
,25,5,2,12,0,1,1,1,0,12,2,7,12,12,1x1|1x1|2x1|2x1|2x1|2x1|2x1,4096,6,4096,5,128,True,0.00025,0.311708,0.342608
,25,5,2,12,1,1,1,1,0,12,1,9,12,12,1x1|1x1|1x1|1x1|1x1|1x1|2x1|2x1|2x1,4096,4,4096,3,512,True,0.000215,0.316568,0.341392
,25,5,2,13,0,1,1,1,0,13,2,7,7,7,1x1|1x2|1x2|1x2|1x2|1x2|1x2,128,1,128,0,128,True,0.000121,0.010903,0.011537
,25,5,2,13,0,4,2,1,0,13,2,7,7,7,1x1|1x2|1x2|1x2|1x2|1x2|1x2,128,1,128,0,128,True,0.000117,0.010017,0.011612
,25,5,2,13,1,1,1,1,0,13,1,4,7,7,1x1|2x2|2x2|2x2,128,4,128,6,16,True,0.000132,0.008287,0.008937
,25,5,2,13,1,4,2,1,0,13,1,4,7,7,1x1|2x2|2x2|2x2,128,4,128,6,16,True,0.000139,0.008789,0.009899
,25,5,2,13,1,7,3,1,0,13,1,4,7,7,1x1|2x2|2x2|2x2,128,4,128,6,16,True,0.000117,0.008062,0.009382
,25,5,2,13,1,8,6,1,0,13,1,4,7,7,1x1|2x2|2x2|2x2,128,4,128,6,16,True,0.000129,0.008994,0.009906
,25,5,2,14,0,1,1,1,0,14,2,4,6,6,1x1|1x1|2x3|2x3,64,3,64,6,16,True,0.000129,0.004116,0.004571
,25,5,2,14,1,1,1,1,0,14,1,6,6,6,1x1|1x1|1x3|1x3|1x3|1x3,64,1,64,0,64,True,0.000132,0.004924,0.005445
,25,5,2,14,1,7,3,1,0,14,1,6,6,6,1x1|1x1|1x3|1x3|1x3|1x3,64,1,64,0,64,True,0.000178,0.004894,0.005571
,25,5,2,15,0,1,1,5,1,3,2,2,3,3,1x1|2x1,216,8,216,7,4,True,0.000534,0.017218,0.014415
,25,5,2,15,0,4,2,5,1,3,2,2,3,3,1x1|2x1,216,8,216,7,4,True,0.000521,0.017507,0.014063
,25,5,2,15,1,1,1,5,1,3,1,3,3,3,1x1|1x1|1x1,216,7,216,6,8,True,0.000261,0.0193,0.015231
,25,5,2,15,1,4,2,5,1,3,1,3,3,3,1x1|1x1|1x1,216,7,216,6,8,True,0.000269,0.019615,0.015707
,25,5,2,16,0,1,1,1,0,16,2,7,12,12,1x1|1x1|2x1|2x1|2x1|2x2|2x2,4096,8,4096,7,128,True,0.000254,0.412718,0.420814
,25,5,2,16,1,1,1,1,0,16,1,7,12,12,1x1|1x1|2x1|2x1|2x1|2x2|2x2,4096,8,4096,7,128,True,0.0002,0.399648,0.426577
,25,5,2,16,1,7,3,1,0,16,1,7,12,12,1x1|1x1|2x1|2x1|2x1|2x2|2x2,4096,8,4096,7,128,True,0.0003,0.42132,0.431475
,25,5,2,17,0,1,1,1,0,17,2,3,3,3,1x1|1x8|1x8,8,1,8,0,8,True,0.000136,0.000909,0.005024
,25,5,2,17,0,4,2,1,0,17,2,3,3,3,1x1|1x8|1x8,8,1,8,0,8,True,0.000131,0.000786,0.005077
,25,5,2,17,1,1,1,1,0,17,1,2,3,3,1x1|2x8,8,2,8,8,4,True,7.9e-05,0.00062,0.004908
,25,5,2,17,1,4,2,1,0,17,1,2,3,3,1x1|2x8,8,2,8,8,4,True,8.7e-05,0.000575,0.00494
,25,5,2,17,1,7,3,1,0,17,1,2,3,3,1x1|2x8,8,2,8,8,4,True,8.9e-05,0.000499,0.005359
,25,5,2,17,1,8,6,1,0,17,1,2,3,3,1x1|2x8,8,2,8,8,4,True,0.000117,0.000752,0.005293
,25,5,2,18,0,1,1,1,0,18,2,6,10,10,1x1|1x1|2x1|2x1|2x3|2x3,1024,9,1024,8,64,True,0.000199,0.091891,0.103614
,25,5,2,18,1,1,1,1,0,18,1,10,10,10,1x1|1x1|1x1|1x1|1x1|1x1|1x3|1x3|1x3|1x3,1024,1,1024,0,1024,True,0.000282,0.117134,0.120863
,25,5,2,19,0,1,1,1,0,19,2,2,3,3,1x1|2x9,8,2,8,9,4,True,9e-05,0.000584,0.004361
,25,5,2,19,0,4,2,1,0,19,2,2,3,3,1x1|2x9,8,2,8,9,4,True,7.1e-05,0.000534,0.004953
,25,5,2,19,1,1,1,1,0,19,1,2,3,3,1x1|2x9,8,2,8,9,4,True,0.000111,0.000497,0.00445
,25,5,2,19,1,4,2,1,0,19,1,2,3,3,1x1|2x9,8,2,8,9,4,True,7.3e-05,0.000589,0.004273
,25,5,2,19,1,7,3,1,0,19,1,2,3,3,1x1|2x9,8,2,8,9,4,True,6.6e-05,0.000501,0.004291
,25,5,2,19,1,8,6,1,0,19,1,2,3,3,1x1|2x9,8,2,8,9,4,True,7.1e-05,0.000625,0.004308
,25,5,2,20,0,1,1,5,1,4,2,3,4,4,1x1|1x1|2x1,1296,10,1296,9,8,True,0.000628,0.164865,0.16015
,25,5,2,20,1,1,1,5,1,4,1,3,4,4,1x1|1x1|2x1,1296,10,1296,9,8,True,0.000672,0.158385,0.142095
,25,5,2,20,1,7,3,5,1,4,1,3,4,4,1x1|1x1|2x1,1296,10,1296,9,8,True,0.00063,0.165393,0.128103
,25,5,2,21,0,1,1,1,0,21,2,5,9,9,1x1|2x1|2x3|2x3|2x3,512,8,512,10,32,True,0.000229,0.069296,0.075779
,25,5,2,21,0,4,2,1,0,21,2,5,9,9,1x1|2x1|2x3|2x3|2x3,512,8,512,10,32,True,0.000269,0.069581,0.075554
,25,5,2,21,1,1,1,1,0,21,1,9,9,9,1x1|1x1|1x1|1x3|1x3|1x3|1x3|1x3|1x3,512,1,512,0,512,True,0.00025,0.081691,0.084358
,25,5,2,21,1,4,2,1,0,21,1,9,9,9,1x1|1x1|1x1|1x3|1x3|1x3|1x3|1x3|1x3,512,1,512,0,512,True,0.000166,0.087678,0.087933
,25,5,2,22,0,1,1,1,0,22,2,4,6,6,1x1|1x1|2x5|2x5,64,3,64,10,16,True,0.000123,0.006164,0.007824
,25,5,2,22,1,1,1,1,0,22,1,4,6,6,1x1|1x1|2x5|2x5,64,3,64,10,16,True,0.000118,0.005703,0.007132
,25,5,2,22,1,7,3,1,0,22,1,4,6,6,1x1|1x1|2x5|2x5,64,3,64,10,16,True,0.000132,0.006754,0.008474
,25,5,2,23,0,1,1,1,0,23,2,2,3,3,1x1|2x11,8,2,8,11,4,True,0.000101,0.00108,0.006456
,25,5,2,23,0,4,2,1,0,23,2,2,3,3,1x1|2x11,8,2,8,11,4,True,6.2e-05,0.000612,0.005136
,25,5,2,23,1,1,1,1,0,23,1,3,3,3,1x1|1x11|1x11,8,1,8,0,8,True,6.9e-05,0.001015,0.00565
,25,5,2,23,1,4,2,1,0,23,1,3,3,3,1x1|1x11|1x11,8,1,8,0,8,True,6.5e-05,0.000939,0.005354
,25,5,2,23,1,7,3,1,0,23,1,3,3,3,1x1|1x11|1x11,8,1,8,0,8,True,7.4e-05,0.001131,0.005795
,25,5,2,23,1,8,6,1,0,23,1,3,3,3,1x1|1x11|1x11,8,1,8,0,8,True,9.1e-05,0.00109,0.005983
,25,5,2,25,0,1,1,25,2,1,2,1,1,1,1x1,26,13,26,12,2,True,0.001679,0.004775,0.003675
,25,5,2,25,0,4,2,25,2,1,2,1,1,1,1x1,26,13,26,12,2,True,0.001811,0.003457,0.002397
,25,5,2,25,1,1,1,25,2,1,1,1,1,1,1x1,26,13,26,12,2,True,0.00169,0.003489,0.002505
,25,5,2,25,1,4,2,25,2,1,1,1,1,1,1x1,26,13,26,12,2,True,0.002111,0.003448,0.002171
,25,5,2,25,1,7,3,25,2,1,1,1,1,1,1x1,26,13,26,12,2,True,0.001529,0.003105,0.002129
,25,5,2,25,1,8,6,25,2,1,1,1,1,1,1x1,26,13,26,12,2,True,0.001442,0.003211,0.002006
,25,5,2,26,0,1,1,1,0,26,2,14,14,14,1x1|1x1|1x2|1x2|1x2|1x2|1x2|1x2|1x2|1x2|1x2|1x2|1x2|1x2,16384,1,16384,0,16384,True,0.000271,4.068867,4.368029
,25,5,2,26,1,1,1,1,0,26,1,8,14,14,1x1|1x1|2x2|2x2|2x2|2x2|2x2|2x2,16384,7,16384,12,256,True,0.000242,3.210645,3.508093
,25,5,2,26,1,7,3,1,0,26,1,8,14,14,1x1|1x1|2x2|2x2|2x2|2x2|2x2|2x2,16384,7,16384,12,256,True,0.000273,3.276734,3.368925
,25,5,2,27,0,1,1,1,0,27,2,4,7,7,1x1|2x1|2x3|2x9,128,8,128,13,16,True,0.00015,0.011377,0.011777
,25,5,2,27,0,4,2,1,0,27,2,4,7,7,1x1|2x1|2x3|2x9,128,8,128,13,16,True,0.000163,0.011601,0.015604
,25,5,2,27,1,1,1,1,0,27,1,7,7,7,1x1|1x1|1x1|1x3|1x3|1x9|1x9,128,1,128,0,128,True,0.000199,0.017167,0.021171
,25,5,2,27,1,4,2,1,0,27,1,7,7,7,1x1|1x1|1x1|1x3|1x3|1x9|1x9,128,1,128,0,128,True,0.000124,0.016546,0.016397
,25,5,2,28,0,1,1,1,0,28,2,7,12,12,1x1|1x1|2x1|2x3|2x3|2x3|2x3,4096,10,4096,13,128,True,0.000246,0.854427,0.92275
,25,5,2,28,1,1,1,1,0,28,1,9,12,12,1x1|1x1|1x3|1x3|1x3|1x3|2x1|2x3|2x3,4096,6,4096,7,512,True,0.000275,1.017318,1.061076
,25,5,2,28,1,7,3,1,0,28,1,9,12,12,1x1|1x1|1x3|1x3|1x3|1x3|2x1|2x3|2x3,4096,6,4096,7,512,True,0.000194,0.962519,1.056387
,25,5,2,29,0,1,1,1,0,29,2,3,5,5,1x1|2x7|2x7,32,3,32,14,8,True,0.000178,0.006662,0.012521
,25,5,2,29,0,4,2,1,0,29,2,3,5,5,1x1|2x7|2x7,32,3,32,14,8,True,0.000141,0.005632,0.010895
,25,5,2,29,1,1,1,1,0,29,1,5,5,5,1x1|1x7|1x7|1x7|1x7,32,1,32,0,32,True,0.000107,0.007478,0.012277
,25,5,2,29,1,4,2,1,0,29,1,5,5,5,1x1|1x7|1x7|1x7|1x7,32,1,32,0,32,True,0.000133,0.007448,0.015464
,25,5,2,29,1,7,3,1,0,29,1,5,5,5,1x1|1x7|1x7|1x7|1x7,32,1,32,0,32,True,0.000163,0.007761,0.011965
,25,5,2,29,1,8,6,1,0,29,1,5,5,5,1x1|1x7|1x7|1x7|1x7,32,1,32,0,32,True,0.000114,0.007755,0.012453
,25,5,2,30,0,1,1,5,1,6,2,4,6,6,1x1|1x1|2x1|2x1,46656,15,46656,14,16,True,0.002186,13.565976,10.282646
,25,5,2,30,1,1,1,5,1,6,1,6,6,6,1x1|1x1|1x1|1x1|1x1|1x1,46656,13,46656,12,64,True,0.000461,13.521846,11.617355
,25,5,2,31,0,1,1,1,0,31,2,6,11,11,1x1|2x3|2x3|2x3|2x3|2x3,2048,6,2048,15,64,True,0.000219,0.537399,0.507857
,25,5,2,31,0,4,2,1,0,31,2,6,11,11,1x1|2x3|2x3|2x3|2x3|2x3,2048,6,2048,15,64,True,0.000208,0.48847,0.483953
,25,5,2,31,1,1,1,1,0,31,1,6,11,11,1x1|2x3|2x3|2x3|2x3|2x3,2048,6,2048,15,64,True,0.000186,0.4785,0.485003
,25,5,2,31,1,4,2,1,0,31,1,6,11,11,1x1|2x3|2x3|2x3|2x3|2x3,2048,6,2048,15,64,True,0.000209,0.457625,0.472466
,25,5,2,31,1,7,3,1,0,31,1,6,11,11,1x1|2x3|2x3|2x3|2x3|2x3,2048,6,2048,15,64,True,0.000208,0.443764,0.45785
,25,5,2,31,1,8,6,1,0,31,1,6,11,11,1x1|2x3|2x3|2x3|2x3|2x3,2048,6,2048,15,64,True,0.000205,0.461077,0.511542
,25,5,2,32,0,1,1,1,0,32,2,9,16,16,1x1|1x1|2x1|2x1|2x1|2x2|2x2|2x4|2x4,65536,16,65536,15,512,True,0.000336,15.493653,16.321337
,25,5,2,32,1,1,1,1,0,32,1,9,16,16,1x1|1x1|2x1|2x1|2x1|2x2|2x2|2x4|2x4,65536,16,65536,15,512,True,0.000283,14.823087,15.697234
,25,5,2,32,1,7,3,1,0,32,1,9,16,16,1x1|1x1|2x1|2x1|2x1|2x2|2x2|2x4|2x4,65536,16,65536,15,512,True,0.0003,15.766258,16.192979
,25,5,2,33,0,1,1,1,0,33,2,5,9,9,1x1|2x1|2x5|2x5|2x5,512,8,512,16,32,True,0.000164,0.138069,0.138897
,25,5,2,33,0,4,2,1,0,33,2,5,9,9,1x1|2x1|2x5|2x5|2x5,512,8,512,16,32,True,0.000232,0.130432,0.144648
,25,5,2,33,1,1,1,1,0,33,1,6,9,9,1x1|1x1|1x1|2x5|2x5|2x5,512,4,512,15,64,True,0.000172,0.121187,0.133648
,25,5,2,33,1,4,2,1,0,33,1,6,9,9,1x1|1x1|1x1|2x5|2x5|2x5,512,4,512,15,64,True,0.000213,0.121705,0.130067
,25,5,2,34,0,1,1,1,0,34,2,6,6,6,1x1|1x1|1x8|1x8|1x8|1x8,64,1,64,0,64,True,0.000127,0.01669,0.026464
,25,5,2,34,1,1,1,1,0,34,1,4,6,6,1x1|1x1|2x8|2x8,64,3,64,16,16,True,0.000131,0.014117,0.021478
,25,5,2,34,1,7,3,1,0,34,1,4,6,6,1x1|1x1|2x8|2x8,64,3,64,16,16,True,0.0002,0.011993,0.020697
,25,5,2,35,0,1,1,5,1,7,2,2,3,3,1x1|2x3,216,18,216,17,4,True,0.000636,0.057947,0.04681
,25,5,2,35,0,4,2,5,1,7,2,2,3,3,1x1|2x3,216,18,216,17,4,True,0.000527,0.054719,0.042743
,25,5,2,35,1,1,1,5,1,7,1,3,3,3,1x1|1x3|1x3,216,15,216,14,8,True,0.0003,0.062778,0.05302
,25,5,2,35,1,4,2,5,1,7,1,3,3,3,1x1|1x3|1x3,216,15,216,14,8,True,0.000273,0.059728,0.052026
,25,5,2,35,1,7,3,5,1,7,1,3,3,3,1x1|1x3|1x3,216,15,216,14,8,True,0.000293,0.062085,0.052985
,25,5,2,35,1,8,6,5,1,7,1,3,3,3,1x1|1x3|1x3,216,15,216,14,8,True,0.000444,0.068671,0.057016
,25,5,2,37,0,1,1,1,0,37,2,3,3,3,1x1|1x18|1x18,8,1,8,0,8,True,9.2e-05,0.002013,0.048128
,25,5,2,37,0,4,2,1,0,37,2,3,3,3,1x1|1x18|1x18,8,1,8,0,8,True,7.5e-05,0.002038,0.049415
,25,5,2,37,1,1,1,1,0,37,1,2,3,3,1x1|2x18,8,2,8,18,4,True,0.000115,0.001244,0.044542
,25,5,2,37,1,4,2,1,0,37,1,2,3,3,1x1|2x18,8,2,8,18,4,True,8.7e-05,0.0012,0.047321
,25,5,2,37,1,7,3,1,0,37,1,2,3,3,1x1|2x18,8,2,8,18,4,True,7.8e-05,0.001117,0.044116
,25,5,2,37,1,8,6,1,0,37,1,2,3,3,1x1|2x18,8,2,8,18,4,True,0.000102,0.001306,0.044314
,25,5,2,38,0,1,1,1,0,38,2,4,6,6,1x1|1x1|2x9|2x9,64,3,64,18,16,True,0.000138,0.011998,0.020656
,25,5,2,38,1,1,1,1,0,38,1,4,6,6,1x1|1x1|2x9|2x9,64,3,64,18,16,True,0.000126,0.01364,0.019606
,25,5,2,38,1,7,3,1,0,38,1,4,6,6,1x1|1x1|2x9|2x9,64,3,64,18,16,True,0.000123,0.012005,0.022176
,25,5,2,41,0,1,1,1,0,41,2,5,5,5,1x1|1x10|1x10|1x10|1x10,32,1,32,0,32,True,0.000216,0.014448,0.033362
,25,5,2,41,0,4,2,1,0,41,2,5,5,5,1x1|1x10|1x10|1x10|1x10,32,1,32,0,32,True,0.000134,0.013049,0.032408
,25,5,2,41,1,1,1,1,0,41,1,3,5,5,1x1|2x10|2x10,32,3,32,20,8,True,0.000107,0.008961,0.028064
,25,5,2,41,1,4,2,1,0,41,1,3,5,5,1x1|2x10|2x10,32,3,32,20,8,True,9.9e-05,0.008838,0.027141
,25,5,2,41,1,7,3,1,0,41,1,3,5,5,1x1|2x10|2x10,32,3,32,20,8,True,0.000113,0.008708,0.027803
,25,5,2,41,1,8,6,1,0,41,1,3,5,5,1x1|2x10|2x10,32,3,32,20,8,True,0.000107,0.008983,0.02735
,25,5,2,43,0,1,1,1,0,43,2,2,3,3,1x1|2x21,8,2,8,21,4,True,6.8e-05,0.001274,0.052595
,25,5,2,43,0,4,2,1,0,43,2,2,3,3,1x1|2x21,8,2,8,21,4,True,7.8e-05,0.00145,0.053452
,25,5,2,43,1,1,1,1,0,43,1,3,3,3,1x1|1x21|1x21,8,1,8,0,8,True,7e-05,0.002519,0.053125
,25,5,2,43,1,4,2,1,0,43,1,3,3,3,1x1|1x21|1x21,8,1,8,0,8,True,6.6e-05,0.002537,0.053811
,25,5,2,43,1,7,3,1,0,43,1,3,3,3,1x1|1x21|1x21,8,1,8,0,8,True,6.9e-05,0.00268,0.052659
,25,5,2,43,1,8,6,1,0,43,1,3,3,3,1x1|1x21|1x21,8,1,8,0,8,True,7.4e-05,0.002623,0.053078
,25,5,2,44,0,1,1,1,0,44,2,7,12,12,1x1|1x1|2x1|2x5|2x5|2x5|2x5,4096,10,4096,21,128,True,0.00021,1.414845,1.585384
,25,5,2,44,1,1,1,1,0,44,1,7,12,12,1x1|1x1|2x1|2x5|2x5|2x5|2x5,4096,10,4096,21,128,True,0.000206,1.459306,1.483483
,25,5,2,44,1,7,3,1,0,44,1,7,12,12,1x1|1x1|2x1|2x5|2x5|2x5|2x5,4096,10,4096,21,128,True,0.000229,1.455509,1.58555
,25,5,2,45,0,1,1,5,1,9,2,3,5,5,1x1|2x1|2x3,7776,23,7776,22,8,True,0.000996,2.901394,2.388505
,25,5,2,45,0,4,2,5,1,9,2,3,5,5,1x1|2x1|2x3,7776,23,7776,22,8,True,0.000849,2.672131,2.588719
,25,5,2,45,1,1,1,5,1,9,1,5,5,5,1x1|1x1|1x1|1x3|1x3,7776,19,7776,18,32,True,0.000434,3.439504,3.072848
,25,5,2,45,1,4,2,5,1,9,1,5,5,5,1x1|1x1|1x1|1x3|1x3,7776,19,7776,18,32,True,0.000394,3.258076,2.88628
,25,5,2,46,0,1,1,1,0,46,2,4,6,6,1x1|1x1|2x11|2x11,64,3,64,22,16,True,0.000126,0.021841,0.037218
,25,5,2,46,1,1,1,1,0,46,1,6,6,6,1x1|1x1|1x11|1x11|1x11|1x11,64,1,64,0,64,True,0.000129,0.028193,0.044402
,25,5,2,46,1,7,3,1,0,46,1,6,6,6,1x1|1x1|1x11|1x11|1x11|1x11,64,1,64,0,64,True,0.000117,0.026666,0.036047
,25,5,2,47,0,1,1,1,0,47,2,2,3,3,1x1|2x23,8,2,8,23,4,True,7.5e-05,0.001672,0.044703
,25,5,2,47,0,4,2,1,0,47,2,2,3,3,1x1|2x23,8,2,8,23,4,True,8e-05,0.001783,0.046962
,25,5,2,47,1,1,1,1,0,47,1,3,3,3,1x1|1x23|1x23,8,1,8,0,8,True,0.000124,0.003579,0.043378
,25,5,2,47,1,4,2,1,0,47,1,3,3,3,1x1|1x23|1x23,8,1,8,0,8,True,7.6e-05,0.003143,0.046252
,25,5,2,47,1,7,3,1,0,47,1,3,3,3,1x1|1x23|1x23,8,1,8,0,8,True,7.1e-05,0.003128,0.045399
,25,5,2,47,1,8,6,1,0,47,1,3,3,3,1x1|1x23|1x23,8,1,8,0,8,True,7.3e-05,0.003453,0.048528
,25,5,2,49,0,1,1,1,0,49,2,3,5,5,1x1|2x3|2x21,32,4,32,24,8,True,0.000111,0.005539,0.010643
,25,5,2,49,0,4,2,1,0,49,2,3,5,5,1x1|2x3|2x21,32,4,32,24,8,True,0.000121,0.005137,0.010573
,25,5,2,49,1,1,1,1,0,49,1,5,5,5,1x1|1x3|1x3|1x21|1x21,32,1,32,0,32,True,0.00012,0.007753,0.020141
,25,5,2,49,1,4,2,1,0,49,1,5,5,5,1x1|1x3|1x3|1x21|1x21,32,1,32,0,32,True,0.000128,0.011344,0.013681
,25,5,2,49,1,7,3,1,0,49,1,5,5,5,1x1|1x3|1x3|1x21|1x21,32,1,32,0,32,True,0.000142,0.007788,0.014138
,25,5,2,49,1,8,6,1,0,49,1,5,5,5,1x1|1x3|1x3|1x21|1x21,32,1,32,0,32,True,0.000164,0.010469,0.016357
,25,5,2,50,0,1,1,25,2,2,2,2,2,2,1x1|1x1,676,25,676,24,4,True,0.004068,0.351297,0.193022
,25,5,2,50,1,1,1,25,2,2,1,2,2,2,1x1|1x1,676,25,676,24,4,True,0.003017,0.31084,0.214987
,25,5,2,50,1,7,3,25,2,2,1,2,2,2,1x1|1x1,676,25,676,24,4,True,0.003034,0.28094,0.197602
,25,5,2,51,0,1,1,1,0,51,2,6,9,9,1x1|1x8|1x8|2x1|2x8|2x8,512,6,512,17,64,True,0.000176,0.280722,0.288629
,25,5,2,51,0,4,2,1,0,51,2,6,9,9,1x1|1x8|1x8|2x1|2x8|2x8,512,6,512,17,64,True,0.000188,0.281113,0.303574
,25,5,2,51,1,1,1,1,0,51,1,6,9,9,1x1|1x1|1x1|2x8|2x8|2x8,512,4,512,24,64,True,0.000364,0.230176,0.248093
,25,5,2,51,1,4,2,1,0,51,1,6,9,9,1x1|1x1|1x1|2x8|2x8|2x8,512,4,512,24,64,True,0.00026,0.230577,0.278325
,25,5,2,53,0,1,1,1,0,53,2,3,3,3,1x1|1x26|1x26,8,1,8,0,8,True,0.000124,0.004362,0.128302
,25,5,2,53,0,4,2,1,0,53,2,3,3,3,1x1|1x26|1x26,8,1,8,0,8,True,0.000129,0.004019,0.118681
,25,5,2,53,1,1,1,1,0,53,1,2,3,3,1x1|2x26,8,2,8,26,4,True,9.4e-05,0.002389,0.119961
,25,5,2,53,1,4,2,1,0,53,1,2,3,3,1x1|2x26,8,2,8,26,4,True,8.1e-05,0.00186,0.108879
,25,5,2,53,1,7,3,1,0,53,1,2,3,3,1x1|2x26,8,2,8,26,4,True,7.7e-05,0.001831,0.105631
,25,5,2,53,1,8,6,1,0,53,1,2,3,3,1x1|2x26,8,2,8,26,4,True,0.0001,0.001927,0.103545
,25,5,2,54,0,1,1,1,0,54,2,8,14,14,1x1|1x1|2x1|2x1|2x3|2x3|2x9|2x9,16384,27,16384,26,256,True,0.00028,6.026218,5.919594
,25,5,2,54,1,1,1,1,0,54,1,14,14,14,1x1|1x1|1x1|1x1|1x1|1x1|1x3|1x3|1x3|1x3|1x9|1x9|1x9|1x9,16384,1,16384,0,16384,True,0.00022,8.037407,8.989751
,25,5,2,55,0,1,1,5,1,11,2,2,3,3,1x1|2x5,216,18,216,27,4,True,0.000551,0.081708,0.065561
,25,5,2,55,0,4,2,5,1,11,2,2,3,3,1x1|2x5,216,18,216,27,4,True,0.000618,0.092692,0.075075
,25,5,2,55,1,1,1,5,1,11,1,2,3,3,1x1|2x5,216,18,216,27,4,True,0.000565,0.085987,0.069832
,25,5,2,55,1,4,2,5,1,11,1,2,3,3,1x1|2x5,216,18,216,27,4,True,0.000511,0.08688,0.073792
,25,5,2,55,1,7,3,5,1,11,1,2,3,3,1x1|2x5,216,18,216,27,4,True,0.000548,0.087465,0.070719
,25,5,2,55,1,8,6,5,1,11,1,2,3,3,1x1|2x5,216,18,216,27,4,True,0.000644,0.087075,0.076332
,25,5,2,57,0,1,1,1,0,57,2,5,9,9,1x1|2x1|2x9|2x9|2x9,512,8,512,28,32,True,0.000185,0.299199,0.302888
,25,5,2,57,0,4,2,1,0,57,2,5,9,9,1x1|2x1|2x9|2x9|2x9,512,8,512,28,32,True,0.000181,0.28626,0.393482
,25,5,2,57,1,1,1,1,0,57,1,6,9,9,1x1|1x1|1x1|2x9|2x9|2x9,512,4,512,27,64,True,0.000182,0.281488,0.308802
,25,5,2,57,1,4,2,1,0,57,1,6,9,9,1x1|1x1|1x1|2x9|2x9|2x9,512,4,512,27,64,True,0.000216,0.277046,0.337179
,25,5,2,58,0,1,1,1,0,58,2,6,10,10,1x1|1x1|2x7|2x7|2x7|2x7,1024,5,1024,28,64,True,0.000412,0.764672,0.755702
,25,5,2,58,1,1,1,1,0,58,1,10,10,10,1x1|1x1|1x7|1x7|1x7|1x7|1x7|1x7|1x7|1x7,1024,1,1024,0,1024,True,0.000226,0.956597,0.981237
,25,5,2,58,1,7,3,1,0,58,1,10,10,10,1x1|1x1|1x7|1x7|1x7|1x7|1x7|1x7|1x7|1x7,1024,1,1024,0,1024,True,0.000182,0.919692,1.030485
,25,5,2,59,0,1,1,1,0,59,2,2,3,3,1x1|2x29,8,2,8,29,4,True,0.000148,0.002039,0.087464
,25,5,2,59,0,4,2,1,0,59,2,2,3,3,1x1|2x29,8,2,8,29,4,True,7.7e-05,0.001865,0.087232
,25,5,2,59,1,1,1,1,0,59,1,2,3,3,1x1|2x29,8,2,8,29,4,True,9.6e-05,0.001962,0.0864
,25,5,2,59,1,4,2,1,0,59,1,2,3,3,1x1|2x29,8,2,8,29,4,True,0.000102,0.001849,0.089719
,25,5,2,59,1,7,3,1,0,59,1,2,3,3,1x1|2x29,8,2,8,29,4,True,0.000107,0.002269,0.079658
,25,5,2,59,1,8,6,1,0,59,1,2,3,3,1x1|2x29,8,2,8,29,4,True,0.00013,0.002256,0.085597
,27,3,3,1,0,1,1,1,0,1,3,1,1,1,1x1,2,1,2,0,2,True,9.9e-05,8.1e-05,7e-05
,27,3,3,1,0,2,2,1,0,1,3,1,1,1,1x1,2,1,2,0,2,True,4.8e-05,4.8e-05,4.4e-05
,27,3,3,1,1,1,1,1,0,1,2,1,1,1,1x1,2,1,2,0,2,True,6.8e-05,8e-05,7.3e-05
,27,3,3,1,1,2,2,1,0,1,2,1,1,1,1x1,2,1,2,0,2,True,6e-05,7.5e-05,7.1e-05
,27,3,3,1,2,1,1,1,0,1,1,1,1,1,1x1,2,1,2,0,2,True,6.3e-05,7.7e-05,7.2e-05
,27,3,3,1,2,2,2,1,0,1,1,1,1,1,1x1,2,1,2,0,2,True,7.3e-05,7.4e-05,6.8e-05
,27,3,3,2,0,1,1,1,0,2,3,2,2,2,1x1|1x1,4,1,4,0,4,True,9.2e-05,0.000175,0.000103
,27,3,3,2,1,1,1,1,0,2,2,2,2,2,1x1|1x1,4,1,4,0,4,True,6e-05,0.000163,9.5e-05
,27,3,3,2,2,1,1,1,0,2,1,2,2,2,1x1|1x1,4,1,4,0,4,True,7.8e-05,0.000114,9.3e-05
,27,3,3,3,0,1,1,3,1,1,3,1,1,1,1x1,4,2,4,1,2,True,0.000108,0.000221,0.000162
,27,3,3,3,0,2,2,3,1,1,3,1,1,1,1x1,4,2,4,1,2,True,9.9e-05,0.000153,0.000138
,27,3,3,3,1,1,1,3,1,1,2,1,1,1,1x1,4,2,4,1,2,True,8.8e-05,0.000178,0.000136
,27,3,3,3,1,2,2,3,1,1,2,1,1,1,1x1,4,2,4,1,2,True,9.8e-05,0.000153,0.000127
,27,3,3,3,2,1,1,3,1,1,1,1,1,1,1x1,4,2,4,1,2,True,6.1e-05,9.4e-05,8.6e-05
,27,3,3,3,2,2,2,3,1,1,1,1,1,1,1x1,4,2,4,1,2,True,9.3e-05,0.000183,0.000134
,27,3,3,4,0,1,1,1,0,4,3,3,3,3,1x1|1x1|1x2,8,1,8,0,8,True,0.000121,0.000375,0.000506
,27,3,3,4,1,1,1,1,0,4,2,3,3,3,1x1|1x1|1x2,8,1,8,0,8,True,0.000123,0.000346,0.000471
,27,3,3,4,2,1,1,1,0,4,1,3,3,3,1x1|1x1|1x2,8,1,8,0,8,True,0.000115,0.000301,0.000457
,27,3,3,5,0,1,1,1,0,5,3,2,2,2,1x1|1x4,4,1,4,0,4,True,6.8e-05,0.000128,0.000607
,27,3,3,5,0,2,2,1,0,5,3,2,2,2,1x1|1x4,4,1,4,0,4,True,7.1e-05,0.000125,0.000384
,27,3,3,5,1,1,1,1,0,5,2,2,2,2,1x1|1x4,4,1,4,0,4,True,5.2e-05,0.000111,0.00034
,27,3,3,5,1,2,2,1,0,5,2,2,2,2,1x1|1x4,4,1,4,0,4,True,7e-05,0.000121,0.000382
,27,3,3,5,2,1,1,1,0,5,1,2,2,2,1x1|1x4,4,1,4,0,4,True,7e-05,0.000173,0.000356
,27,3,3,5,2,2,2,1,0,5,1,2,2,2,1x1|1x4,4,1,4,0,4,True,5.6e-05,0.000113,0.000536
,27,3,3,6,0,1,1,3,1,2,3,2,2,2,1x1|1x1,16,3,16,2,4,True,0.00016,0.000492,0.000529
,27,3,3,6,1,1,1,3,1,2,2,2,2,2,1x1|1x1,16,3,16,2,4,True,9.6e-05,0.000764,0.000795
,27,3,3,6,2,1,1,3,1,2,1,2,2,2,1x1|1x1,16,3,16,2,4,True,0.000201,0.000779,0.000808
,27,3,3,7,0,1,1,1,0,7,3,4,4,4,1x1|1x2|1x2|1x2,16,1,16,0,16,True,0.000147,0.001294,0.001638
,27,3,3,7,0,2,2,1,0,7,3,4,4,4,1x1|1x2|1x2|1x2,16,1,16,0,16,True,0.000153,0.001265,0.001713
,27,3,3,7,1,1,1,1,0,7,2,2,4,4,1x1|3x2,16,2,16,2,4,True,0.000149,0.001079,0.001617
,27,3,3,7,1,2,2,1,0,7,2,2,4,4,1x1|3x2,16,2,16,2,4,True,0.00011,0.000606,0.000944
,27,3,3,7,2,1,1,1,0,7,1,2,4,4,1x1|3x2,16,2,16,2,4,True,9.5e-05,0.000703,0.000999
,27,3,3,7,2,2,2,1,0,7,1,2,4,4,1x1|3x2,16,2,16,2,4,True,0.000107,0.000652,0.00105
,27,3,3,8,0,1,1,1,0,8,3,4,5,5,1x1|1x1|1x2|2x2,32,2,32,2,16,True,0.000102,0.001288,0.001483
,27,3,3,8,1,1,1,1,0,8,2,4,5,5,1x1|1x1|1x2|2x2,32,2,32,2,16,True,0.000113,0.001153,0.001397
,27,3,3,8,2,1,1,1,0,8,1,4,5,5,1x1|1x1|1x2|2x2,32,2,32,2,16,True,0.000123,0.001153,0.001523
,27,3,3,9,0,1,1,9,2,1,3,1,1,1,1x1,10,5,10,4,2,True,0.000222,0.000423,0.000347
,27,3,3,9,0,2,2,9,2,1,3,1,1,1,1x1,10,5,10,4,2,True,0.000274,0.000428,0.000336
,27,3,3,9,1,1,1,9,2,1,2,1,1,1,1x1,10,5,10,4,2,True,0.000285,0.000463,0.000443
,27,3,3,9,1,2,2,9,2,1,2,1,1,1,1x1,10,5,10,4,2,True,0.000215,0.000407,0.000326
,27,3,3,9,2,1,1,9,2,1,1,1,1,1,1x1,10,5,10,4,2,True,0.00029,0.00041,0.000379
,27,3,3,9,2,2,2,9,2,1,1,1,1,1,1x1,10,5,10,4,2,True,0.000215,0.000402,0.000345
,27,3,3,10,0,1,1,1,0,10,3,4,4,4,1x1|1x1|1x4|1x4,16,1,16,0,16,True,0.000195,0.001098,0.001478
,27,3,3,10,1,1,1,1,0,10,2,4,4,4,1x1|1x1|1x4|1x4,16,1,16,0,16,True,0.000108,0.001039,0.001215
,27,3,3,10,2,1,1,1,0,10,1,4,4,4,1x1|1x1|1x4|1x4,16,1,16,0,16,True,8e-05,0.00064,0.001143
,27,3,3,11,0,1,1,1,0,11,3,2,3,3,1x1|2x5,8,2,8,5,4,True,6.6e-05,0.000323,0.00136
,27,3,3,11,0,2,2,1,0,11,3,2,3,3,1x1|2x5,8,2,8,5,4,True,7.9e-05,0.000365,0.001137
,27,3,3,11,1,1,1,1,0,11,2,2,3,3,1x1|2x5,8,2,8,5,4,True,7.8e-05,0.00054,0.001824
,27,3,3,11,1,2,2,1,0,11,2,2,3,3,1x1|2x5,8,2,8,5,4,True,7.4e-05,0.000354,0.001298
,27,3,3,11,2,1,1,1,0,11,1,2,3,3,1x1|2x5,8,2,8,5,4,True,7.8e-05,0.000308,0.001651
,27,3,3,11,2,2,2,1,0,11,1,2,3,3,1x1|2x5,8,2,8,5,4,True,0.000113,0.000517,0.001296
,27,3,3,12,0,1,1,3,1,4,3,3,3,3,1x1|1x1|1x2,64,5,64,4,8,True,0.000178,0.003378,0.003291
,27,3,3,12,1,1,1,3,1,4,2,3,3,3,1x1|1x1|1x2,64,5,64,4,8,True,0.00014,0.00373,0.003214
,27,3,3,12,2,1,1,3,1,4,1,3,3,3,1x1|1x1|1x2,64,5,64,4,8,True,0.000156,0.003265,0.002927
,27,3,3,13,0,1,1,1,0,13,3,7,13,13,1x1|2x1|2x1|2x1|2x1|2x1|2x1,8192,7,8192,6,128,True,0.000268,0.723338,0.74644
,27,3,3,13,0,2,2,1,0,13,3,7,13,13,1x1|2x1|2x1|2x1|2x1|2x1|2x1,8192,7,8192,6,128,True,0.000229,0.69696,0.744539
,27,3,3,13,1,1,1,1,0,13,2,3,13,13,1x1|6x1|6x1,8192,7,8192,6,8,True,0.000274,0.678197,0.711645
,27,3,3,13,1,2,2,1,0,13,2,3,13,13,1x1|6x1|6x1,8192,7,8192,6,8,True,0.000273,0.674711,0.740032
,27,3,3,13,2,1,1,1,0,13,1,3,13,13,1x1|6x1|6x1,8192,7,8192,6,8,True,0.000274,0.683048,0.731729
,27,3,3,13,2,2,2,1,0,13,1,3,13,13,1x1|6x1|6x1,8192,7,8192,6,8,True,0.000304,0.699633,0.722706
,27,3,3,14,0,1,1,1,0,14,3,8,8,8,1x1|1x1|1x2|1x2|1x2|1x2|1x2|1x2,256,1,256,0,256,True,0.000165,0.023414,0.0231
,27,3,3,14,1,1,1,1,0,14,2,4,8,8,1x1|1x1|3x2|3x2,256,3,256,4,16,True,0.000151,0.017812,0.019717
,27,3,3,14,2,1,1,1,0,14,1,4,8,8,1x1|1x1|3x2|3x2,256,3,256,4,16,True,0.000146,0.018394,0.020777
,27,3,3,15,0,1,1,3,1,5,3,2,2,2,1x1|1x4,16,4,16,5,4,True,0.000104,0.000896,0.001078
,27,3,3,15,0,2,2,3,1,5,3,2,2,2,1x1|1x4,16,4,16,5,4,True,9.2e-05,0.000853,0.000985
,27,3,3,15,1,1,1,3,1,5,2,2,2,2,1x1|1x4,16,4,16,5,4,True,0.000117,0.000794,0.000928
,27,3,3,15,1,2,2,3,1,5,2,2,2,2,1x1|1x4,16,4,16,5,4,True,8.9e-05,0.000875,0.000996
,27,3,3,15,2,1,1,3,1,5,1,2,2,2,1x1|1x4,16,4,16,5,4,True,9e-05,0.000837,0.00098
,27,3,3,16,0,1,1,1,0,16,3,5,7,7,1x1|1x1|1x2|2x2|2x4,128,4,128,6,32,True,0.00013,0.007423,0.007644
,27,3,3,16,1,1,1,1,0,16,2,5,7,7,1x1|1x1|1x2|2x2|2x4,128,4,128,6,32,True,0.000121,0.007296,0.007931
,27,3,3,16,2,1,1,1,0,16,1,5,7,7,1x1|1x1|1x2|2x2|2x4,128,4,128,6,32,True,0.00016,0.00725,0.007356
,27,3,3,17,0,1,1,1,0,17,3,2,2,2,1x1|1x16,4,1,4,0,4,True,4.7e-05,0.000172,0.002913
,27,3,3,17,0,2,2,1,0,17,3,2,2,2,1x1|1x16,4,1,4,0,4,True,4.4e-05,0.000161,0.002923
,27,3,3,17,1,1,1,1,0,17,2,2,2,2,1x1|1x16,4,1,4,0,4,True,4.9e-05,0.000174,0.00293
,27,3,3,17,1,2,2,1,0,17,2,2,2,2,1x1|1x16,4,1,4,0,4,True,4.8e-05,0.000165,0.003101
,27,3,3,17,2,1,1,1,0,17,1,2,2,2,1x1|1x16,4,1,4,0,4,True,5.2e-05,0.000173,0.003014
,27,3,3,17,2,2,2,1,0,17,1,2,2,2,1x1|1x16,4,1,4,0,4,True,4.5e-05,0.000157,0.002876
,27,3,3,18,0,1,1,9,2,2,3,2,2,2,1x1|1x1,100,9,100,8,4,True,0.000364,0.007721,0.00565
,27,3,3,18,1,1,1,9,2,2,2,2,2,2,1x1|1x1,100,9,100,8,4,True,0.000337,0.007387,0.006286
,27,3,3,18,2,1,1,9,2,2,1,2,2,2,1x1|1x1,100,9,100,8,4,True,0.000384,0.00853,0.006503
,27,3,3,19,0,1,1,1,0,19,3,4,4,4,1x1|1x6|1x6|1x6,16,1,16,0,16,True,8.1e-05,0.002003,0.006346
,27,3,3,19,0,2,2,1,0,19,3,4,4,4,1x1|1x6|1x6|1x6,16,1,16,0,16,True,7.7e-05,0.001945,0.006061
,27,3,3,19,1,1,1,1,0,19,2,2,4,4,1x1|3x6,16,2,16,6,4,True,7.2e-05,0.001326,0.005313
,27,3,3,19,1,2,2,1,0,19,2,2,4,4,1x1|3x6,16,2,16,6,4,True,7.1e-05,0.001418,0.005177
,27,3,3,19,2,1,1,1,0,19,1,2,4,4,1x1|3x6,16,2,16,6,4,True,7.5e-05,0.001446,0.005541
,27,3,3,19,2,2,2,1,0,19,1,2,4,4,1x1|3x6,16,2,16,6,4,True,7e-05,0.001578,0.005112
,27,3,3,20,0,1,1,1,0,20,3,6,7,7,1x1|1x1|1x2|1x4|1x4|2x4,128,2,128,4,64,True,0.000114,0.010471,0.011754
,27,3,3,20,1,1,1,1,0,20,2,6,7,7,1x1|1x1|1x2|1x4|1x4|2x4,128,2,128,4,64,True,0.000136,0.01024,0.011726
,27,3,3,20,2,1,1,1,0,20,1,6,7,7,1x1|1x1|1x2|1x4|1x4|2x4,128,2,128,4,64,True,0.00011,0.010212,0.012172
,27,3,3,21,0,1,1,3,1,7,3,4,4,4,1x1|1x2|1x2|1x2,256,8,256,7,16,True,0.00017,0.037147,0.033176
,27,3,3,21,0,2,2,3,1,7,3,4,4,4,1x1|1x2|1x2|1x2,256,8,256,7,16,True,0.000168,0.035931,0.03172
,27,3,3,21,1,1,1,3,1,7,2,2,4,4,1x1|3x2,256,10,256,9,4,True,0.000367,0.032474,0.028784
,27,3,3,21,1,2,2,3,1,7,2,2,4,4,1x1|3x2,256,10,256,9,4,True,0.000398,0.031554,0.028383
,27,3,3,21,2,1,1,3,1,7,1,2,4,4,1x1|3x2,256,10,256,9,4,True,0.000613,0.032856,0.027514
,27,3,3,21,2,2,2,3,1,7,1,2,4,4,1x1|3x2,256,10,256,9,4,True,0.00029,0.028606,0.025899
,27,3,3,22,0,1,1,1,0,22,3,4,6,6,1x1|1x1|2x5|2x5,64,3,64,10,16,True,0.000107,0.005117,0.007027
,27,3,3,22,1,1,1,1,0,22,2,4,6,6,1x1|1x1|2x5|2x5,64,3,64,10,16,True,0.000102,0.004895,0.0064
,27,3,3,22,2,1,1,1,0,22,1,4,6,6,1x1|1x1|2x5|2x5,64,3,64,10,16,True,0.000125,0.004831,0.006272
,27,3,3,23,0,1,1,1,0,23,3,2,3,3,1x1|2x11,8,2,8,11,4,True,8.2e-05,0.000451,0.003424
,27,3,3,23,0,2,2,1,0,23,3,2,3,3,1x1|2x11,8,2,8,11,4,True,6.7e-05,0.000583,0.003587
,27,3,3,23,1,1,1,1,0,23,2,2,3,3,1x1|2x11,8,2,8,11,4,True,6.4e-05,0.000488,0.003583
,27,3,3,23,1,2,2,1,0,23,2,2,3,3,1x1|2x11,8,2,8,11,4,True,8e-05,0.000493,0.003678
,27,3,3,23,2,1,1,1,0,23,1,2,3,3,1x1|2x11,8,2,8,11,4,True,7.2e-05,0.000496,0.00367
,27,3,3,23,2,2,2,1,0,23,1,2,3,3,1x1|2x11,8,2,8,11,4,True,8.8e-05,0.00047,0.0033
,27,3,3,24,0,1,1,3,1,8,3,4,5,5,1x1|1x1|1x2|2x2,1024,11,1024,10,16,True,0.000277,0.109064,0.125705
,27,3,3,24,1,1,1,3,1,8,2,4,5,5,1x1|1x1|1x2|2x2,1024,11,1024,10,16,True,0.000298,0.11953,0.095302
,27,3,3,24,2,1,1,3,1,8,1,4,5,5,1x1|1x1|1x2|2x2,1024,11,1024,10,16,True,0.000251,0.112341,0.095901
,27,3,3,25,0,1,1,1,0,25,3,3,3,3,1x1|1x4|1x20,8,1,8,0,8,True,7.2e-05,0.000498,0.003005
,27,3,3,25,0,2,2,1,0,25,3,3,3,3,1x1|1x4|1x20,8,1,8,0,8,True,6.3e-05,0.000493,0.002995
,27,3,3,25,1,1,1,1,0,25,2,3,3,3,1x1|1x4|1x20,8,1,8,0,8,True,6.4e-05,0.000494,0.002822
,27,3,3,25,1,2,2,1,0,25,2,3,3,3,1x1|1x4|1x20,8,1,8,0,8,True,5.7e-05,0.000444,0.002915
,27,3,3,25,2,1,1,1,0,25,1,3,3,3,1x1|1x4|1x20,8,1,8,0,8,True,7.8e-05,0.000534,0.002922
,27,3,3,25,2,2,2,1,0,25,1,3,3,3,1x1|1x4|1x20,8,1,8,0,8,True,6.1e-05,0.000467,0.002971
,27,3,3,27,0,1,1,27,3,1,3,1,1,1,1x1,28,14,28,13,2,True,0.001926,0.003316,0.002202
,27,3,3,27,0,2,2,27,3,1,3,1,1,1,1x1,28,14,28,13,2,True,0.001705,0.003101,0.002129
,27,3,3,27,1,1,1,27,3,1,2,1,1,1,1x1,28,14,28,13,2,True,0.00171,0.003218,0.002033
,27,3,3,27,1,2,2,27,3,1,2,1,1,1,1x1,28,14,28,13,2,True,0.001578,0.002751,0.002023
,27,3,3,27,2,1,1,27,3,1,1,1,1,1,1x1,28,14,28,13,2,True,0.001694,0.003061,0.002143
,27,3,3,27,2,2,2,27,3,1,1,1,1,1,1x1,28,14,28,13,2,True,0.001919,0.003395,0.00216
,27,3,3,28,0,1,1,1,0,28,3,15,15,15,1x1|1x1|1x2|1x2|1x2|1x2|1x2|1x2|1x2|1x2|1x2|1x2|1x2|1x2|1x2,32768,1,32768,0,32768,True,0.000314,9.653987,9.804337
,27,3,3,28,1,1,1,1,0,28,2,7,15,15,1x1|1x1|1x2|3x2|3x2|3x2|3x2,32768,5,32768,8,128,True,0.00029,7.284275,8.140784
,27,3,3,28,2,1,1,1,0,28,1,7,15,15,1x1|1x1|1x2|3x2|3x2|3x2|3x2,32768,5,32768,8,128,True,0.000262,8.049971,7.736662
,27,3,3,29,0,1,1,1,0,29,3,2,2,2,1x1|1x28,4,1,4,0,4,True,0.000114,0.000279,0.00697
,27,3,3,29,0,2,2,1,0,29,3,2,2,2,1x1|1x28,4,1,4,0,4,True,5.7e-05,0.000256,0.006777
,27,3,3,29,1,1,1,1,0,29,2,2,2,2,1x1|1x28,4,1,4,0,4,True,6.8e-05,0.000335,0.006617
,27,3,3,29,1,2,2,1,0,29,2,2,2,2,1x1|1x28,4,1,4,0,4,True,5.8e-05,0.000249,0.006653
,27,3,3,29,2,1,1,1,0,29,1,2,2,2,1x1|1x28,4,1,4,0,4,True,7.3e-05,0.000251,0.006895
,27,3,3,29,2,2,2,1,0,29,1,2,2,2,1x1|1x28,4,1,4,0,4,True,6.9e-05,0.000354,0.00657
,27,3,3,30,0,1,1,3,1,10,3,4,4,4,1x1|1x1|1x4|1x4,256,9,256,10,16,True,0.000189,0.037808,0.033086
,27,3,3,30,1,1,1,3,1,10,2,4,4,4,1x1|1x1|1x4|1x4,256,9,256,10,16,True,0.00018,0.034627,0.034478
,27,3,3,30,2,1,1,3,1,10,1,4,4,4,1x1|1x1|1x4|1x4,256,9,256,10,16,True,0.000208,0.040145,0.034163
,27,3,3,31,0,1,1,1,0,31,3,4,4,4,1x1|1x10|1x10|1x10,16,1,16,0,16,True,9.7e-05,0.003895,0.010365
,27,3,3,31,0,2,2,1,0,31,3,4,4,4,1x1|1x10|1x10|1x10,16,1,16,0,16,True,8.2e-05,0.00392,0.011078
,27,3,3,31,1,1,1,1,0,31,2,2,4,4,1x1|3x10,16,2,16,10,4,True,8.3e-05,0.002911,0.009579
,27,3,3,31,1,2,2,1,0,31,2,2,4,4,1x1|3x10,16,2,16,10,4,True,0.000108,0.002993,0.009661
,27,3,3,31,2,1,1,1,0,31,1,2,4,4,1x1|3x10,16,2,16,10,4,True,8.9e-05,0.002993,0.009611
,27,3,3,31,2,2,2,1,0,31,1,2,4,4,1x1|3x10,16,2,16,10,4,True,8.7e-05,0.003018,0.009497
,27,3,3,32,0,1,1,1,0,32,3,6,9,9,1x1|1x1|1x2|2x2|2x4|2x8,512,8,512,14,64,True,0.000146,0.057532,0.061357
,27,3,3,32,1,1,1,1,0,32,2,6,9,9,1x1|1x1|1x2|2x2|2x4|2x8,512,8,512,14,64,True,0.000203,0.057535,0.058419
,27,3,3,32,2,1,1,1,0,32,1,6,9,9,1x1|1x1|1x2|2x2|2x4|2x8,512,8,512,14,64,True,0.000157,0.055699,0.056998
,27,3,3,33,0,1,1,3,1,11,3,2,3,3,1x1|2x5,64,8,64,16,4,True,0.000189,0.007763,0.007382
,27,3,3,33,0,2,2,3,1,11,3,2,3,3,1x1|2x5,64,8,64,16,4,True,0.00018,0.00777,0.00743
,27,3,3,33,1,1,1,3,1,11,2,2,3,3,1x1|2x5,64,8,64,16,4,True,0.000208,0.007652,0.007488
,27,3,3,33,1,2,2,3,1,11,2,2,3,3,1x1|2x5,64,8,64,16,4,True,0.000747,0.007742,0.007429
,27,3,3,33,2,1,1,3,1,11,1,2,3,3,1x1|2x5,64,8,64,16,4,True,0.000215,0.007771,0.007707
,27,3,3,33,2,2,2,3,1,11,1,2,3,3,1x1|2x5,64,8,64,16,4,True,0.000195,0.007635,0.007448
,27,3,3,34,0,1,1,1,0,34,3,4,4,4,1x1|1x1|1x16|1x16,16,1,16,0,16,True,7.5e-05,0.00169,0.007157
,27,3,3,34,1,1,1,1,0,34,2,4,4,4,1x1|1x1|1x16|1x16,16,1,16,0,16,True,0.000101,0.001959,0.007919
,27,3,3,34,2,1,1,1,0,34,1,4,4,4,1x1|1x1|1x16|1x16,16,1,16,0,16,True,8.5e-05,0.001848,0.007674
,27,3,3,35,0,1,1,1,0,35,3,8,11,11,1x1|1x2|1x2|1x2|1x4|2x4|2x4|2x4,2048,4,2048,12,256,True,0.000283,0.638364,0.669271
,27,3,3,35,0,2,2,1,0,35,3,8,11,11,1x1|1x2|1x2|1x2|1x4|2x4|2x4|2x4,2048,4,2048,12,256,True,0.000191,0.670029,0.711875
,27,3,3,35,1,1,1,1,0,35,2,4,11,11,1x1|1x4|3x2|6x4,2048,8,2048,14,16,True,0.000231,0.690736,0.645157
,27,3,3,35,1,2,2,1,0,35,2,4,11,11,1x1|1x4|3x2|6x4,2048,8,2048,14,16,True,0.000219,0.678055,0.691476
,27,3,3,35,2,1,1,1,0,35,1,4,11,11,1x1|1x4|3x2|6x4,2048,8,2048,14,16,True,0.000258,0.61616,0.637724
,27,3,3,35,2,2,2,1,0,35,1,4,11,11,1x1|1x4|3x2|6x4,2048,8,2048,14,16,True,0.000224,0.628814,0.728912
,27,3,3,36,0,1,1,9,2,4,3,3,3,3,1x1|1x1|1x2,1000,17,1000,16,8,True,0.000669,0.210865,0.170692
,27,3,3,36,1,1,1,9,2,4,2,3,3,3,1x1|1x1|1x2,1000,17,1000,16,8,True,0.00065,0.207236,0.178931
,27,3,3,36,2,1,1,9,2,4,1,3,3,3,1x1|1x1|1x2,1000,17,1000,16,8,True,0.000629,0.20209,0.159877
,27,3,3,37,0,1,1,1,0,37,3,7,7,7,1x1|1x6|1x6|1x6|1x6|1x6|1x6,128,1,128,0,128,True,0.000274,0.060312,0.069154
,27,3,3,37,0,2,2,1,0,37,3,7,7,7,1x1|1x6|1x6|1x6|1x6|1x6|1x6,128,1,128,0,128,True,0.000168,0.068401,0.072641
,27,3,3,37,1,1,1,1,0,37,2,3,7,7,1x1|3x6|3x6,128,3,128,12,8,True,0.000144,0.045074,0.052525
,27,3,3,37,1,2,2,1,0,37,2,3,7,7,1x1|3x6|3x6,128,3,128,12,8,True,0.000149,0.039534,0.048007
,27,3,3,37,2,1,1,1,0,37,1,3,7,7,1x1|3x6|3x6,128,3,128,12,8,True,0.00018,0.040252,0.046797
,27,3,3,37,2,2,2,1,0,37,1,3,7,7,1x1|3x6|3x6,128,3,128,12,8,True,0.000152,0.041618,0.051213
,27,3,3,38,0,1,1,1,0,38,3,8,8,8,1x1|1x1|1x6|1x6|1x6|1x6|1x6|1x6,256,1,256,0,256,True,0.000168,0.10034,0.119461
,27,3,3,38,1,1,1,1,0,38,2,4,8,8,1x1|1x1|3x6|3x6,256,3,256,12,16,True,0.000193,0.081086,0.090669
,27,3,3,38,2,1,1,1,0,38,1,4,8,8,1x1|1x1|3x6|3x6,256,3,256,12,16,True,0.000157,0.087163,0.093586
,27,3,3,40,0,1,1,1,0,40,3,9,13,13,1x1|1x1|1x2|1x4|1x4|2x2|2x4|2x4|2x4,8192,8,8192,14,512,True,0.000337,2.231315,2.391211
,27,3,3,40,1,1,1,1,0,40,2,9,13,13,1x1|1x1|1x2|1x4|1x4|2x2|2x4|2x4|2x4,8192,8,8192,14,512,True,0.000331,2.280595,2.324725
,27,3,3,40,2,1,1,1,0,40,1,9,13,13,1x1|1x1|1x2|1x4|1x4|2x2|2x4|2x4|2x4,8192,8,8192,14,512,True,0.000314,2.13841,2.232106
,27,3,3,41,0,1,1,1,0,41,3,6,6,6,1x1|1x8|1x8|1x8|1x8|1x8,64,1,64,0,64,True,0.0003,0.02493,0.035369
,27,3,3,41,0,2,2,1,0,41,3,6,6,6,1x1|1x8|1x8|1x8|1x8|1x8,64,1,64,0,64,True,0.000143,0.024575,0.032817
,27,3,3,41,1,1,1,1,0,41,2,6,6,6,1x1|1x8|1x8|1x8|1x8|1x8,64,1,64,0,64,True,0.000114,0.016995,0.024722
,27,3,3,41,1,2,2,1,0,41,2,6,6,6,1x1|1x8|1x8|1x8|1x8|1x8,64,1,64,0,64,True,0.000108,0.016649,0.024763
,27,3,3,41,2,1,1,1,0,41,1,6,6,6,1x1|1x8|1x8|1x8|1x8|1x8,64,1,64,0,64,True,0.000119,0.017265,0.026821
,27,3,3,41,2,2,2,1,0,41,1,6,6,6,1x1|1x8|1x8|1x8|1x8|1x8,64,1,64,0,64,True,0.00011,0.017245,0.024029
,27,3,3,42,0,1,1,3,1,14,3,8,8,8,1x1|1x1|1x2|1x2|1x2|1x2|1x2|1x2,65536,15,65536,14,256,True,0.000334,34.288103,30.745608
,27,3,3,42,1,1,1,3,1,14,2,4,8,8,1x1|1x1|3x2|3x2,65536,19,65536,18,16,True,0.000654,28.249994,25.946895
,27,3,3,42,2,1,1,3,1,14,1,4,8,8,1x1|1x1|3x2|3x2,65536,19,65536,18,16,True,0.000784,28.444516,25.727203
,27,3,3,43,0,1,1,1,0,43,3,4,4,4,1x1|1x14|1x14|1x14,16,1,16,0,16,True,0.00012,0.006754,0.037731
,27,3,3,43,0,2,2,1,0,43,3,4,4,4,1x1|1x14|1x14|1x14,16,1,16,0,16,True,9e-05,0.006491,0.040662
,27,3,3,43,1,1,1,1,0,43,2,2,4,4,1x1|3x14,16,2,16,14,4,True,0.000207,0.005474,0.040291
,27,3,3,43,1,2,2,1,0,43,2,2,4,4,1x1|3x14,16,2,16,14,4,True,0.000121,0.004815,0.037346
,27,3,3,43,2,1,1,1,0,43,1,2,4,4,1x1|3x14,16,2,16,14,4,True,0.000178,0.00537,0.042765
,27,3,3,43,2,2,2,1,0,43,1,2,4,4,1x1|3x14,16,2,16,14,4,True,0.0001,0.004795,0.038049
,27,3,3,44,0,1,1,1,0,44,3,6,9,9,1x1|1x1|1x2|2x5|2x5|2x10,512,5,512,20,64,True,0.000227,0.117949,0.122376
,27,3,3,44,1,1,1,1,0,44,2,6,9,9,1x1|1x1|1x2|2x5|2x5|2x10,512,5,512,20,64,True,0.000201,0.115891,0.120162
,27,3,3,44,2,1,1,1,0,44,1,6,9,9,1x1|1x1|1x2|2x5|2x5|2x10,512,5,512,20,64,True,0.00018,0.116729,0.119395
,27,3,3,45,0,1,1,9,2,5,3,2,2,2,1x1|1x4,100,21,100,20,4,True,0.000683,0.022602,0.017479
,27,3,3,45,0,2,2,9,2,5,3,2,2,2,1x1|1x4,100,21,100,20,4,True,0.000385,0.022805,0.018275
,27,3,3,45,1,1,1,9,2,5,2,2,2,2,1x1|1x4,100,21,100,20,4,True,0.000413,0.022494,0.017345
,27,3,3,45,1,2,2,9,2,5,2,2,2,2,1x1|1x4,100,21,100,20,4,True,0.000403,0.022094,0.017465
,27,3,3,45,2,1,1,9,2,5,1,2,2,2,1x1|1x4,100,21,100,20,4,True,0.000452,0.023051,0.017522
,27,3,3,45,2,2,2,9,2,5,1,2,2,2,1x1|1x4,100,21,100,20,4,True,0.000419,0.02248,0.018213
,27,3,3,46,0,1,1,1,0,46,3,4,6,6,1x1|1x1|2x11|2x11,64,3,64,22,16,True,0.000135,0.013242,0.020024
,27,3,3,46,1,1,1,1,0,46,2,4,6,6,1x1|1x1|2x11|2x11,64,3,64,22,16,True,0.00018,0.013304,0.01949
,27,3,3,46,2,1,1,1,0,46,1,4,6,6,1x1|1x1|2x11|2x11,64,3,64,22,16,True,0.000122,0.01344,0.02047
,27,3,3,47,0,1,1,1,0,47,3,2,3,3,1x1|2x23,8,2,8,23,4,True,8.3e-05,0.00108,0.02595
,27,3,3,47,0,2,2,1,0,47,3,2,3,3,1x1|2x23,8,2,8,23,4,True,0.000134,0.001389,0.02471
,27,3,3,47,1,1,1,1,0,47,2,2,3,3,1x1|2x23,8,2,8,23,4,True,8.3e-05,0.001098,0.023724
,27,3,3,47,1,2,2,1,0,47,2,2,3,3,1x1|2x23,8,2,8,23,4,True,0.00011,0.001157,0.023663
,27,3,3,47,2,1,1,1,0,47,1,2,3,3,1x1|2x23,8,2,8,23,4,True,7.7e-05,0.001105,0.02283
,27,3,3,47,2,2,2,1,0,47,1,2,3,3,1x1|2x23,8,2,8,23,4,True,7.6e-05,0.001089,0.026176
,27,3,3,48,0,1,1,3,1,16,3,5,7,7,1x1|1x1|1x2|2x2|2x4,16384,23,16384,22,32,True,0.000556,5.102455,4.718711
,27,3,3,48,1,1,1,3,1,16,2,5,7,7,1x1|1x1|1x2|2x2|2x4,16384,23,16384,22,32,True,0.000514,5.021566,4.503183
,27,3,3,48,2,1,1,3,1,16,1,5,7,7,1x1|1x1|1x2|2x2|2x4,16384,23,16384,22,32,True,0.000445,4.846115,4.114982
,27,3,3,49,0,1,1,1,0,49,3,7,7,7,1x1|1x2|1x2|1x2|1x14|1x14|1x14,128,1,128,0,128,True,0.000198,0.041848,0.045052
,27,3,3,49,0,2,2,1,0,49,3,7,7,7,1x1|1x2|1x2|1x2|1x14|1x14|1x14,128,1,128,0,128,True,0.00013,0.037305,0.042772
,27,3,3,49,1,1,1,1,0,49,2,3,7,7,1x1|3x2|3x14,128,4,128,16,8,True,0.000159,0.028998,0.031591
,27,3,3,49,1,2,2,1,0,49,2,3,7,7,1x1|3x2|3x14,128,4,128,16,8,True,0.000119,0.025613,0.030428
,27,3,3,49,2,1,1,1,0,49,1,3,7,7,1x1|3x2|3x14,128,4,128,16,8,True,0.000128,0.025461,0.030169
,27,3,3,49,2,2,2,1,0,49,1,3,7,7,1x1|3x2|3x14,128,4,128,16,8,True,0.000175,0.026982,0.030779
,27,3,3,50,0,1,1,1,0,50,3,6,6,6,1x1|1x1|1x4|1x4|1x20|1x20,64,1,64,0,64,True,0.000106,0.011413,0.016445
,27,3,3,50,1,1,1,1,0,50,2,6,6,6,1x1|1x1|1x4|1x4|1x20|1x20,64,1,64,0,64,True,0.000164,0.012088,0.017339
,27,3,3,50,2,1,1,1,0,50,1,6,6,6,1x1|1x1|1x4|1x4|1x20|1x20,64,1,64,0,64,True,0.000183,0.018228,0.02563
,27,3,3,51,0,1,1,3,1,17,3,2,2,2,1x1|1x16,16,4,16,17,4,True,0.00019,0.003161,0.006165
,27,3,3,51,0,2,2,3,1,17,3,2,2,2,1x1|1x16,16,4,16,17,4,True,0.000164,0.004159,0.007633
,27,3,3,51,1,1,1,3,1,17,2,2,2,2,1x1|1x16,16,4,16,17,4,True,0.000145,0.002819,0.005488
,27,3,3,51,1,2,2,3,1,17,2,2,2,2,1x1|1x16,16,4,16,17,4,True,0.000103,0.002656,0.005497
,27,3,3,51,2,1,1,3,1,17,1,2,2,2,1x1|1x16,16,4,16,17,4,True,0.000108,0.002645,0.005546
,27,3,3,51,2,2,2,3,1,17,1,2,2,2,1x1|1x16,16,4,16,17,4,True,0.000109,0.002669,0.00544
,27,3,3,53,0,1,1,1,0,53,3,2,2,2,1x1|1x52,4,1,4,0,4,True,7.3e-05,0.000518,0.020362
,27,3,3,53,0,2,2,1,0,53,3,2,2,2,1x1|1x52,4,1,4,0,4,True,6.3e-05,0.000428,0.019428
,27,3,3,53,1,1,1,1,0,53,2,2,2,2,1x1|1x52,4,1,4,0,4,True,5.8e-05,0.000376,0.019974
,27,3,3,53,1,2,2,1,0,53,2,2,2,2,1x1|1x52,4,1,4,0,4,True,6e-05,0.000397,0.02014
,27,3,3,53,2,1,1,1,0,53,1,2,2,2,1x1|1x52,4,1,4,0,4,True,8.5e-05,0.000457,0.019166
,27,3,3,53,2,2,2,1,0,53,1,2,2,2,1x1|1x52,4,1,4,0,4,True,7.2e-05,0.000381,0.019837
,27,3,3,54,0,1,1,27,3,2,3,2,2,2,1x1|1x1,784,27,784,26,4,True,0.004566,0.328106,0.211407
,27,3,3,54,1,1,1,27,3,2,2,2,2,2,1x1|1x1,784,27,784,26,4,True,0.003806,0.29376,0.259058
,27,3,3,54,2,1,1,27,3,2,1,2,2,2,1x1|1x1,784,27,784,26,4,True,0.007014,0.343629,0.194255
,27,3,3,55,0,1,1,1,0,55,3,4,6,6,1x1|1x4|2x5|2x20,64,4,64,25,16,True,0.000162,0.016856,0.052581
,27,3,3,55,0,2,2,1,0,55,3,4,6,6,1x1|1x4|2x5|2x20,64,4,64,25,16,True,0.000213,0.018381,0.051307
,27,3,3,55,1,1,1,1,0,55,2,4,6,6,1x1|1x4|2x5|2x20,64,4,64,25,16,True,0.000122,0.016701,0.054425
,27,3,3,55,1,2,2,1,0,55,2,4,6,6,1x1|1x4|2x5|2x20,64,4,64,25,16,True,0.000151,0.016237,0.052554
,27,3,3,55,2,1,1,1,0,55,1,4,6,6,1x1|1x4|2x5|2x20,64,4,64,25,16,True,0.000131,0.016316,0.045474
,27,3,3,55,2,2,2,1,0,55,1,4,6,6,1x1|1x4|2x5|2x20,64,4,64,25,16,True,0.000119,0.014767,0.044057
,27,3,3,57,0,1,1,3,1,19,3,4,4,4,1x1|1x6|1x6|1x6,256,8,256,19,16,True,0.000203,0.154707,0.173339
,27,3,3,57,0,2,2,3,1,19,3,4,4,4,1x1|1x6|1x6|1x6,256,8,256,19,16,True,0.000204,0.174261,0.150387
,27,3,3,57,1,1,1,3,1,19,2,2,4,4,1x1|3x6,256,10,256,25,4,True,0.000372,0.162843,0.134516
,27,3,3,57,1,2,2,3,1,19,2,2,4,4,1x1|3x6,256,10,256,25,4,True,0.000376,0.140423,0.13307
,27,3,3,57,2,1,1,3,1,19,1,2,4,4,1x1|3x6,256,10,256,25,4,True,0.000423,0.147064,0.134978
,27,3,3,57,2,2,2,3,1,19,1,2,4,4,1x1|3x6,256,10,256,25,4,True,0.000418,0.151533,0.12706
,27,3,3,58,0,1,1,1,0,58,3,4,4,4,1x1|1x1|1x28|1x28,16,1,16,0,16,True,0.000115,0.003653,0.01674
,27,3,3,58,1,1,1,1,0,58,2,4,4,4,1x1|1x1|1x28|1x28,16,1,16,0,16,True,9.3e-05,0.003345,0.017554
,27,3,3,58,2,1,1,1,0,58,1,4,4,4,1x1|1x1|1x28|1x28,16,1,16,0,16,True,0.00011,0.003696,0.017795
,27,3,3,59,0,1,1,1,0,59,3,2,3,3,1x1|2x29,8,2,8,29,4,True,9.6e-05,0.001529,0.053086
,27,3,3,59,0,2,2,1,0,59,3,2,3,3,1x1|2x29,8,2,8,29,4,True,8.7e-05,0.001623,0.052731
,27,3,3,59,1,1,1,1,0,59,2,2,3,3,1x1|2x29,8,2,8,29,4,True,8.3e-05,0.001765,0.052008
,27,3,3,59,1,2,2,1,0,59,2,2,3,3,1x1|2x29,8,2,8,29,4,True,0.000108,0.001688,0.053994
,27,3,3,59,2,1,1,1,0,59,1,2,3,3,1x1|2x29,8,2,8,29,4,True,8.4e-05,0.001492,0.050869
,27,3,3,59,2,2,2,1,0,59,1,2,3,3,1x1|2x29,8,2,8,29,4,True,0.000129,0.001514,0.048334
,27,3,3,60,0,1,1,3,1,20,3,6,7,7,1x1|1x1|1x2|1x4|1x4|2x4,16384,25,16384,24,64,True,0.00034,7.608195,6.844968
,27,3,3,60,1,1,1,3,1,20,2,6,7,7,1x1|1x1|1x2|1x4|1x4|2x4,16384,25,16384,24,64,True,0.000337,7.480377,6.571347
,27,3,3,60,2,1,1,3,1,20,1,6,7,7,1x1|1x1|1x2|1x4|1x4|2x4,16384,25,16384,24,64,True,0.000361,7.59712,6.812498
,32,2,5,1,0,1,1,1,0,1,5,1,1,1,1x1,2,1,2,0,2,True,5.7e-05,6.2e-05,5e-05
,32,2,5,1,1,1,1,1,0,1,4,1,1,1,1x1,2,1,2,0,2,True,3.7e-05,4.2e-05,3.9e-05
,32,2,5,1,2,1,1,1,0,1,3,1,1,1,1x1,2,1,2,0,2,True,4e-05,4.2e-05,3.8e-05
,32,2,5,1,3,1,1,1,0,1,2,1,1,1,1x1,2,1,2,0,2,True,3.1e-05,3.7e-05,3.6e-05
,32,2,5,1,4,1,1,1,0,1,1,1,1,1,1x1,2,1,2,0,2,True,6.3e-05,5.5e-05,4.4e-05
,32,2,5,2,0,1,1,2,1,1,5,1,1,1,1x1,3,2,3,1,2,True,4.8e-05,7e-05,6.3e-05
,32,2,5,2,1,1,1,2,1,1,4,1,1,1,1x1,3,2,3,1,2,True,4.6e-05,5.7e-05,5.4e-05
,32,2,5,2,2,1,1,2,1,1,3,1,1,1,1x1,3,2,3,1,2,True,5.2e-05,5.6e-05,5.4e-05
,32,2,5,2,3,1,1,2,1,1,2,1,1,1,1x1,3,2,3,1,2,True,4e-05,5.9e-05,6.2e-05
,32,2,5,2,4,1,1,2,1,1,1,1,1,1,1x1,3,2,3,1,2,True,5.5e-05,6.7e-05,6.5e-05
,32,2,5,3,0,1,1,1,0,3,5,2,2,2,1x1|1x2,4,1,4,0,4,True,5.7e-05,9.7e-05,0.000174
,32,2,5,3,1,1,1,1,0,3,4,2,2,2,1x1|1x2,4,1,4,0,4,True,5.5e-05,0.000103,0.000156
,32,2,5,3,2,1,1,1,0,3,3,2,2,2,1x1|1x2,4,1,4,0,4,True,4.6e-05,8.7e-05,0.000142
,32,2,5,3,3,1,1,1,0,3,2,2,2,2,1x1|1x2,4,1,4,0,4,True,8.7e-05,8.4e-05,0.000149
,32,2,5,3,4,1,1,1,0,3,1,2,2,2,1x1|1x2,4,1,4,0,4,True,4.6e-05,8.4e-05,0.000139
,32,2,5,4,0,1,1,4,2,1,5,1,1,1,1x1,5,3,5,2,2,True,0.000103,0.000128,0.000111
,32,2,5,4,1,1,1,4,2,1,4,1,1,1,1x1,5,3,5,2,2,True,0.000104,0.000123,0.000112
,32,2,5,4,2,1,1,4,2,1,3,1,1,1,1x1,5,3,5,2,2,True,7.2e-05,0.000111,0.000104
,32,2,5,4,3,1,1,4,2,1,2,1,1,1,1x1,5,3,5,2,2,True,7.3e-05,0.00011,0.000144
,32,2,5,4,4,1,1,4,2,1,1,1,1,1,1x1,5,3,5,2,2,True,8.6e-05,0.000117,0.000106
,32,2,5,5,0,1,1,1,0,5,5,2,2,2,1x1|1x4,4,1,4,0,4,True,6e-05,0.000112,0.000315
,32,2,5,5,1,1,1,1,0,5,4,2,2,2,1x1|1x4,4,1,4,0,4,True,5.6e-05,0.00015,0.000302
,32,2,5,5,2,1,1,1,0,5,3,2,2,2,1x1|1x4,4,1,4,0,4,True,5.2e-05,0.000102,0.000327
,32,2,5,5,3,1,1,1,0,5,2,2,2,2,1x1|1x4,4,1,4,0,4,True,5.1e-05,0.000103,0.000285
,32,2,5,5,4,1,1,1,0,5,1,2,2,2,1x1|1x4,4,1,4,0,4,True,5.9e-05,0.000106,0.000319
,32,2,5,6,0,1,1,2,1,3,5,2,2,2,1x1|1x2,9,4,9,3,4,True,9.5e-05,0.000242,0.000352
,32,2,5,6,1,1,1,2,1,3,4,2,2,2,1x1|1x2,9,4,9,3,4,True,8.3e-05,0.00024,0.000328
,32,2,5,6,2,1,1,2,1,3,3,2,2,2,1x1|1x2,9,4,9,3,4,True,7e-05,0.000265,0.000286
,32,2,5,6,3,1,1,2,1,3,2,2,2,2,1x1|1x2,9,4,9,3,4,True,7.4e-05,0.00023,0.000317
,32,2,5,6,4,1,1,2,1,3,1,2,2,2,1x1|1x2,9,4,9,3,4,True,9.7e-05,0.000215,0.000273
,32,2,5,7,0,1,1,1,0,7,5,2,3,3,1x1|2x3,8,2,8,3,4,True,7.3e-05,0.000232,0.000432
,32,2,5,7,1,1,1,1,0,7,4,2,3,3,1x1|2x3,8,2,8,3,4,True,7e-05,0.000216,0.000393
,32,2,5,7,2,1,1,1,0,7,3,2,3,3,1x1|2x3,8,2,8,3,4,True,6.6e-05,0.000215,0.000427
,32,2,5,7,3,1,1,1,0,7,2,2,3,3,1x1|2x3,8,2,8,3,4,True,0.000101,0.000308,0.000458
,32,2,5,7,4,1,1,1,0,7,1,2,3,3,1x1|2x3,8,2,8,3,4,True,9.1e-05,0.000228,0.000413
,32,2,5,8,0,1,1,8,3,1,5,1,1,1,1x1,9,5,9,4,2,True,0.000225,0.000312,0.000262
,32,2,5,8,1,1,1,8,3,1,4,1,1,1,1x1,9,5,9,4,2,True,0.000163,0.000273,0.000281
,32,2,5,8,2,1,1,8,3,1,3,1,1,1,1x1,9,5,9,4,2,True,0.000204,0.000283,0.000242
,32,2,5,8,3,1,1,8,3,1,2,1,1,1,1x1,9,5,9,4,2,True,0.000199,0.000325,0.000454
,32,2,5,8,4,1,1,8,3,1,1,1,1,1,1x1,9,5,9,4,2,True,0.000198,0.000265,0.000237
,32,2,5,9,0,1,1,1,0,9,5,3,3,3,1x1|1x2|1x6,8,1,8,0,8,True,8e-05,0.000297,0.000646
,32,2,5,9,1,1,1,1,0,9,4,3,3,3,1x1|1x2|1x6,8,1,8,0,8,True,8.6e-05,0.000273,0.000644
,32,2,5,9,2,1,1,1,0,9,3,3,3,3,1x1|1x2|1x6,8,1,8,0,8,True,6.9e-05,0.000276,0.000658
,32,2,5,9,3,1,1,1,0,9,2,3,3,3,1x1|1x2|1x6,8,1,8,0,8,True,7.6e-05,0.000266,0.000626
,32,2,5,9,4,1,1,1,0,9,1,3,3,3,1x1|1x2|1x6,8,1,8,0,8,True,8.3e-05,0.000271,0.000662
,32,2,5,10,0,1,1,2,1,5,5,2,2,2,1x1|1x4,9,4,9,5,4,True,9.2e-05,0.000345,0.000474
,32,2,5,10,1,1,1,2,1,5,4,2,2,2,1x1|1x4,9,4,9,5,4,True,7e-05,0.000265,0.000492
,32,2,5,10,2,1,1,2,1,5,3,2,2,2,1x1|1x4,9,4,9,5,4,True,8.4e-05,0.000274,0.000475
,32,2,5,10,3,1,1,2,1,5,2,2,2,2,1x1|1x4,9,4,9,5,4,True,6.9e-05,0.000275,0.000487
,32,2,5,10,4,1,1,2,1,5,1,2,2,2,1x1|1x4,9,4,9,5,4,True,7.2e-05,0.000311,0.000438
,32,2,5,11,0,1,1,1,0,11,5,6,6,6,1x1|1x2|1x2|1x2|1x2|1x2,64,1,64,0,64,True,0.000113,0.004459,0.004671
,32,2,5,11,1,1,1,1,0,11,4,2,6,6,1x1|5x2,64,3,64,4,4,True,0.000112,0.00367,0.004234
,32,2,5,11,2,1,1,1,0,11,3,2,6,6,1x1|5x2,64,3,64,4,4,True,0.000127,0.00364,0.003979
,32,2,5,11,3,1,1,1,0,11,2,2,6,6,1x1|5x2,64,3,64,4,4,True,0.000183,0.003729,0.003765
,32,2,5,11,4,1,1,1,0,11,1,2,6,6,1x1|5x2,64,3,64,4,4,True,0.000166,0.003306,0.003844
,32,2,5,12,0,1,1,4,2,3,5,2,2,2,1x1|1x2,25,7,25,6,4,True,0.000155,0.001116,0.000931
,32,2,5,12,1,1,1,4,2,3,4,2,2,2,1x1|1x2,25,7,25,6,4,True,0.000128,0.001052,0.000984
,32,2,5,12,2,1,1,4,2,3,3,2,2,2,1x1|1x2,25,7,25,6,4,True,0.000149,0.001145,0.000951
,32,2,5,12,3,1,1,4,2,3,2,2,2,2,1x1|1x2,25,7,25,6,4,True,0.000181,0.00102,0.001006
,32,2,5,12,4,1,1,4,2,3,1,2,2,2,1x1|1x2,25,7,25,6,4,True,0.000129,0.000965,0.000899
,32,2,5,13,0,1,1,1,0,13,5,2,2,2,1x1|1x12,4,1,4,0,4,True,6.7e-05,0.000154,0.001437
,32,2,5,13,1,1,1,1,0,13,4,2,2,2,1x1|1x12,4,1,4,0,4,True,4.9e-05,0.00015,0.001431
,32,2,5,13,2,1,1,1,0,13,3,2,2,2,1x1|1x12,4,1,4,0,4,True,7.3e-05,0.000161,0.001687
,32,2,5,13,3,1,1,1,0,13,2,2,2,2,1x1|1x12,4,1,4,0,4,True,5.4e-05,0.00015,0.001421
,32,2,5,13,4,1,1,1,0,13,1,2,2,2,1x1|1x12,4,1,4,0,4,True,7e-05,0.000156,0.001449
,32,2,5,14,0,1,1,2,1,7,5,2,3,3,1x1|2x3,27,6,27,7,4,True,0.000123,0.001243,0.001364
,32,2,5,14,1,1,1,2,1,7,4,2,3,3,1x1|2x3,27,6,27,7,4,True,0.000123,0.001154,0.001224
,32,2,5,14,2,1,1,2,1,7,3,2,3,3,1x1|2x3,27,6,27,7,4,True,0.000118,0.001154,0.00123
,32,2,5,14,3,1,1,2,1,7,2,2,3,3,1x1|2x3,27,6,27,7,4,True,0.000103,0.001124,0.001253
,32,2,5,14,4,1,1,2,1,7,1,2,3,3,1x1|2x3,27,6,27,7,4,True,0.000115,0.00113,0.00151
,32,2,5,15,0,1,1,1,0,15,5,4,5,5,1x1|1x2|1x4|2x4,32,2,32,4,16,True,0.000166,0.001647,0.002011
,32,2,5,15,1,1,1,1,0,15,4,4,5,5,1x1|1x2|1x4|2x4,32,2,32,4,16,True,9e-05,0.00148,0.001947
,32,2,5,15,2,1,1,1,0,15,3,4,5,5,1x1|1x2|1x4|2x4,32,2,32,4,16,True,0.000104,0.001473,0.00194
,32,2,5,15,3,1,1,1,0,15,2,4,5,5,1x1|1x2|1x4|2x4,32,2,32,4,16,True,9e-05,0.001446,0.002028
,32,2,5,15,4,1,1,1,0,15,1,4,5,5,1x1|1x2|1x4|2x4,32,2,32,4,16,True,0.000129,0.001638,0.002506
,32,2,5,16,0,1,1,16,4,1,5,1,1,1,1x1,17,9,17,8,2,True,0.000777,0.001031,0.000763
,32,2,5,16,1,1,1,16,4,1,4,1,1,1,1x1,17,9,17,8,2,True,0.000579,0.000983,0.000705
,32,2,5,16,2,1,1,16,4,1,3,1,1,1,1x1,17,9,17,8,2,True,0.000573,0.000944,0.000715
,32,2,5,16,3,1,1,16,4,1,2,1,1,1,1x1,17,9,17,8,2,True,0.000569,0.000926,0.000776
,32,2,5,16,4,1,1,16,4,1,1,1,1,1,1x1,17,9,17,8,2,True,0.000679,0.000946,0.000684
,32,2,5,17,0,1,1,1,0,17,5,3,3,3,1x1|1x8|1x8,8,1,8,0,8,True,9.7e-05,0.000511,0.001865
,32,2,5,17,1,1,1,1,0,17,4,3,3,3,1x1|1x8|1x8,8,1,8,0,8,True,8.6e-05,0.00045,0.001635
,32,2,5,17,2,1,1,1,0,17,3,3,3,3,1x1|1x8|1x8,8,1,8,0,8,True,7.5e-05,0.000422,0.00162
,32,2,5,17,3,1,1,1,0,17,2,3,3,3,1x1|1x8|1x8,8,1,8,0,8,True,6.9e-05,0.000428,0.001614
,32,2,5,17,4,1,1,1,0,17,1,3,3,3,1x1|1x8|1x8,8,1,8,0,8,True,8.6e-05,0.000422,0.001736
,32,2,5,18,0,1,1,2,1,9,5,3,3,3,1x1|1x2|1x6,27,8,27,9,8,True,0.000102,0.001662,0.001642
,32,2,5,18,1,1,1,2,1,9,4,3,3,3,1x1|1x2|1x6,27,8,27,9,8,True,0.00011,0.001433,0.001639
,32,2,5,18,2,1,1,2,1,9,3,3,3,3,1x1|1x2|1x6,27,8,27,9,8,True,0.0001,0.001284,0.001477
,32,2,5,18,3,1,1,2,1,9,2,3,3,3,1x1|1x2|1x6,27,8,27,9,8,True,9.4e-05,0.001172,0.001436
,32,2,5,18,4,1,1,2,1,9,1,3,3,3,1x1|1x2|1x6,27,8,27,9,8,True,9e-05,0.001135,0.00133
,32,2,5,19,0,1,1,1,0,19,5,2,2,2,1x1|1x18,4,1,4,0,4,True,4.6e-05,0.00018,0.00276
,32,2,5,19,1,1,1,1,0,19,4,2,2,2,1x1|1x18,4,1,4,0,4,True,7.1e-05,0.000211,0.00266
,32,2,5,19,2,1,1,1,0,19,3,2,2,2,1x1|1x18,4,1,4,0,4,True,4.9e-05,0.000187,0.002702
,32,2,5,19,3,1,1,1,0,19,2,2,2,2,1x1|1x18,4,1,4,0,4,True,4.7e-05,0.000176,0.002492
,32,2,5,19,4,1,1,1,0,19,1,2,2,2,1x1|1x18,4,1,4,0,4,True,7.2e-05,0.000172,0.002493
,32,2,5,20,0,1,1,4,2,5,5,2,2,2,1x1|1x4,25,9,25,10,4,True,0.000131,0.001377,0.001307
,32,2,5,20,1,1,1,4,2,5,4,2,2,2,1x1|1x4,25,9,25,10,4,True,0.000139,0.001401,0.001307
,32,2,5,20,2,1,1,4,2,5,3,2,2,2,1x1|1x4,25,9,25,10,4,True,0.000125,0.001357,0.001261
,32,2,5,20,3,1,1,4,2,5,2,2,2,2,1x1|1x4,25,9,25,10,4,True,0.000116,0.001408,0.001295
,32,2,5,20,4,1,1,4,2,5,1,2,2,2,1x1|1x4,25,9,25,10,4,True,0.000126,0.001285,0.00126
,32,2,5,21,0,1,1,1,0,21,5,4,6,6,1x1|1x2|2x3|2x6,64,4,64,9,16,True,0.000112,0.004262,0.005341
,32,2,5,21,1,1,1,1,0,21,4,4,6,6,1x1|1x2|2x3|2x6,64,4,64,9,16,True,0.00013,0.004731,0.004805
,32,2,5,21,2,1,1,1,0,21,3,4,6,6,1x1|1x2|2x3|2x6,64,4,64,9,16,True,0.000113,0.003938,0.004902
,32,2,5,21,3,1,1,1,0,21,2,4,6,6,1x1|1x2|2x3|2x6,64,4,64,9,16,True,0.000135,0.004307,0.004915
,32,2,5,21,4,1,1,1,0,21,1,4,6,6,1x1|1x2|2x3|2x6,64,4,64,9,16,True,0.00015,0.003707,0.004861
,32,2,5,22,0,1,1,2,1,11,5,6,6,6,1x1|1x2|1x2|1x2|1x2|1x2,729,12,729,11,64,True,0.000253,0.095113,0.085624
,32,2,5,22,1,1,1,2,1,11,4,2,6,6,1x1|5x2,729,12,729,11,4,True,0.000434,0.095308,0.087105
,32,2,5,22,2,1,1,2,1,11,3,2,6,6,1x1|5x2,729,12,729,11,4,True,0.000486,0.096225,0.086505
,32,2,5,22,3,1,1,2,1,11,2,2,6,6,1x1|5x2,729,12,729,11,4,True,0.000455,0.098725,0.085584
,32,2,5,22,4,1,1,2,1,11,1,2,6,6,1x1|5x2,729,12,729,11,4,True,0.000417,0.092264,0.087025
,32,2,5,23,0,1,1,1,0,23,5,2,3,3,1x1|2x11,8,2,8,11,4,True,8.4e-05,0.000505,0.002115
,32,2,5,23,1,1,1,1,0,23,4,2,3,3,1x1|2x11,8,2,8,11,4,True,6.8e-05,0.000434,0.001859
,32,2,5,23,2,1,1,1,0,23,3,2,3,3,1x1|2x11,8,2,8,11,4,True,8.2e-05,0.000492,0.001878
,32,2,5,23,3,1,1,1,0,23,2,2,3,3,1x1|2x11,8,2,8,11,4,True,6.2e-05,0.000417,0.001976
,32,2,5,23,4,1,1,1,0,23,1,2,3,3,1x1|2x11,8,2,8,11,4,True,6.2e-05,0.000407,0.001882
,32,2,5,24,0,1,1,8,3,3,5,2,2,2,1x1|1x2,81,13,81,12,4,True,0.000361,0.006432,0.004724
,32,2,5,24,1,1,1,8,3,3,4,2,2,2,1x1|1x2,81,13,81,12,4,True,0.000319,0.00608,0.004738
,32,2,5,24,2,1,1,8,3,3,3,2,2,2,1x1|1x2,81,13,81,12,4,True,0.000326,0.006873,0.00666
,32,2,5,24,3,1,1,8,3,3,2,2,2,2,1x1|1x2,81,13,81,12,4,True,0.000344,0.006961,0.004779
,32,2,5,24,4,1,1,8,3,3,1,2,2,2,1x1|1x2,81,13,81,12,4,True,0.000408,0.009723,0.008284
,32,2,5,25,0,1,1,1,0,25,5,7,7,7,1x1|1x4|1x4|1x4|1x4|1x4|1x4,128,1,128,0,128,True,0.000221,0.024998,0.024765
,32,2,5,25,1,1,1,1,0,25,4,3,7,7,1x1|1x4|5x4,128,3,128,8,8,True,0.00013,0.021391,0.023882
,32,2,5,25,2,1,1,1,0,25,3,3,7,7,1x1|1x4|5x4,128,3,128,8,8,True,0.000129,0.022032,0.025485
,32,2,5,25,3,1,1,1,0,25,2,3,7,7,1x1|1x4|5x4,128,3,128,8,8,True,0.000171,0.022078,0.02527
,32,2,5,25,4,1,1,1,0,25,1,3,7,7,1x1|1x4|5x4,128,3,128,8,8,True,0.000169,0.021536,0.023644
,32,2,5,26,0,1,1,2,1,13,5,2,2,2,1x1|1x12,9,4,9,13,4,True,8.4e-05,0.00053,0.001688
,32,2,5,26,1,1,1,2,1,13,4,2,2,2,1x1|1x12,9,4,9,13,4,True,7e-05,0.000597,0.001761
,32,2,5,26,2,1,1,2,1,13,3,2,2,2,1x1|1x12,9,4,9,13,4,True,7.4e-05,0.000551,0.001913
,32,2,5,26,3,1,1,2,1,13,2,2,2,2,1x1|1x12,9,4,9,13,4,True,7.4e-05,0.000508,0.001806
,32,2,5,26,4,1,1,2,1,13,1,2,2,2,1x1|1x12,9,4,9,13,4,True,8.3e-05,0.000513,0.001817
,32,2,5,27,0,1,1,1,0,27,5,4,4,4,1x1|1x2|1x6|1x18,16,1,16,0,16,True,0.000108,0.001074,0.002507
,32,2,5,27,1,1,1,1,0,27,4,4,4,4,1x1|1x2|1x6|1x18,16,1,16,0,16,True,9.4e-05,0.000951,0.002459
,32,2,5,27,2,1,1,1,0,27,3,4,4,4,1x1|1x2|1x6|1x18,16,1,16,0,16,True,8.1e-05,0.000923,0.002389
,32,2,5,27,3,1,1,1,0,27,2,4,4,4,1x1|1x2|1x6|1x18,16,1,16,0,16,True,7.4e-05,0.000876,0.002336
,32,2,5,27,4,1,1,1,0,27,1,4,4,4,1x1|1x2|1x6|1x18,16,1,16,0,16,True,0.000131,0.000908,0.002328
,32,2,5,28,0,1,1,4,2,7,5,2,3,3,1x1|2x3,125,15,125,14,4,True,0.000294,0.010675,0.009228
,32,2,5,28,1,1,1,4,2,7,4,2,3,3,1x1|2x3,125,15,125,14,4,True,0.000317,0.010442,0.009246
,32,2,5,28,2,1,1,4,2,7,3,2,3,3,1x1|2x3,125,15,125,14,4,True,0.000306,0.010725,0.009859
,32,2,5,28,3,1,1,4,2,7,2,2,3,3,1x1|2x3,125,15,125,14,4,True,0.000302,0.010242,0.009881
,32,2,5,28,4,1,1,4,2,7,1,2,3,3,1x1|2x3,125,15,125,14,4,True,0.000473,0.01133,0.009123
,32,2,5,29,0,1,1,1,0,29,5,2,2,2,1x1|1x28,4,1,4,0,4,True,7.8e-05,0.000267,0.00598
,32,2,5,29,1,1,1,1,0,29,4,2,2,2,1x1|1x28,4,1,4,0,4,True,8.5e-05,0.000266,0.006033
,32,2,5,29,2,1,1,1,0,29,3,2,2,2,1x1|1x28,4,1,4,0,4,True,6e-05,0.000298,0.00576
,32,2,5,29,3,1,1,1,0,29,2,2,2,2,1x1|1x28,4,1,4,0,4,True,8.7e-05,0.000245,0.004928
,32,2,5,29,4,1,1,1,0,29,1,2,2,2,1x1|1x28,4,1,4,0,4,True,4.3e-05,0.000237,0.005066
,32,2,5,30,0,1,1,2,1,15,5,4,5,5,1x1|1x2|1x4|2x4,243,16,243,15,16,True,0.000169,0.024719,0.022894
,32,2,5,30,1,1,1,2,1,15,4,4,5,5,1x1|1x2|1x4|2x4,243,16,243,15,16,True,0.00016,0.023602,0.022753
,32,2,5,30,2,1,1,2,1,15,3,4,5,5,1x1|1x2|1x4|2x4,243,16,243,15,16,True,0.000172,0.023805,0.023094
,32,2,5,30,3,1,1,2,1,15,2,4,5,5,1x1|1x2|1x4|2x4,243,16,243,15,16,True,0.0002,0.023517,0.022035
,32,2,5,30,4,1,1,2,1,15,1,4,5,5,1x1|1x2|1x4|2x4,243,16,243,15,16,True,0.000166,0.023946,0.022176
,32,2,5,32,0,1,1,32,5,1,5,1,1,1,1x1,33,17,33,16,2,True,0.003067,0.003409,0.002173
,32,2,5,32,1,1,1,32,5,1,4,1,1,1,1x1,33,17,33,16,2,True,0.002383,0.003308,0.002206
,32,2,5,32,2,1,1,32,5,1,3,1,1,1,1x1,33,17,33,16,2,True,0.002317,0.003396,0.002138
,32,2,5,32,3,1,1,32,5,1,2,1,1,1,1x1,33,17,33,16,2,True,0.00237,0.00439,0.002442
,32,2,5,32,4,1,1,32,5,1,1,1,1,1,1x1,33,17,33,16,2,True,0.002749,0.003682,0.002321
,32,2,5,34,0,1,1,2,1,17,5,3,3,3,1x1|1x8|1x8,27,6,27,17,8,True,0.000123,0.002712,0.003464
,32,2,5,34,1,1,1,2,1,17,4,3,3,3,1x1|1x8|1x8,27,6,27,17,8,True,9.1e-05,0.002341,0.003462
,32,2,5,34,2,1,1,2,1,17,3,3,3,3,1x1|1x8|1x8,27,6,27,17,8,True,0.0001,0.002435,0.003443
,32,2,5,34,3,1,1,2,1,17,2,3,3,3,1x1|1x8|1x8,27,6,27,17,8,True,9.1e-05,0.002395,0.003411
,32,2,5,34,4,1,1,2,1,17,1,3,3,3,1x1|1x8|1x8,27,6,27,17,8,True,8.9e-05,0.002364,0.00334
,32,2,5,35,0,1,1,1,0,35,5,4,6,6,1x1|1x4|2x3|2x12,64,4,64,15,16,True,0.000118,0.006781,0.010857
,32,2,5,35,1,1,1,1,0,35,4,4,6,6,1x1|1x4|2x3|2x12,64,4,64,15,16,True,0.000104,0.006737,0.010687
,32,2,5,35,2,1,1,1,0,35,3,4,6,6,1x1|1x4|2x3|2x12,64,4,64,15,16,True,0.000109,0.006656,0.01066
,32,2,5,35,3,1,1,1,0,35,2,4,6,6,1x1|1x4|2x3|2x12,64,4,64,15,16,True,0.000126,0.007217,0.011452
,32,2,5,35,4,1,1,1,0,35,1,4,6,6,1x1|1x4|2x3|2x12,64,4,64,15,16,True,0.00011,0.008756,0.013965
,32,2,5,36,0,1,1,4,2,9,5,3,3,3,1x1|1x2|1x6,125,19,125,18,8,True,0.000176,0.011966,0.010893
,32,2,5,36,1,1,1,4,2,9,4,3,3,3,1x1|1x2|1x6,125,19,125,18,8,True,0.000169,0.011954,0.010562
,32,2,5,36,2,1,1,4,2,9,3,3,3,3,1x1|1x2|1x6,125,19,125,18,8,True,0.000181,0.012091,0.010446
,32,2,5,36,3,1,1,4,2,9,2,3,3,3,1x1|1x2|1x6,125,19,125,18,8,True,0.000163,0.01151,0.010315
,32,2,5,36,4,1,1,4,2,9,1,3,3,3,1x1|1x2|1x6,125,19,125,18,8,True,0.000189,0.011542,0.010256
,32,2,5,37,0,1,1,1,0,37,5,2,2,2,1x1|1x36,4,1,4,0,4,True,6.1e-05,0.000299,0.010914
,32,2,5,37,1,1,1,1,0,37,4,2,2,2,1x1|1x36,4,1,4,0,4,True,5.7e-05,0.000365,0.010642
,32,2,5,37,2,1,1,1,0,37,3,2,2,2,1x1|1x36,4,1,4,0,4,True,7.5e-05,0.000262,0.010992
,32,2,5,37,3,1,1,1,0,37,2,2,2,2,1x1|1x36,4,1,4,0,4,True,6.2e-05,0.000352,0.010636
,32,2,5,37,4,1,1,1,0,37,1,2,2,2,1x1|1x36,4,1,4,0,4,True,4.8e-05,0.000252,0.011458
,32,2,5,38,0,1,1,2,1,19,5,2,2,2,1x1|1x18,9,4,9,19,4,True,8.2e-05,0.000857,0.003593
,32,2,5,38,1,1,1,2,1,19,4,2,2,2,1x1|1x18,9,4,9,19,4,True,7.7e-05,0.000899,0.0036
,32,2,5,38,2,1,1,2,1,19,3,2,2,2,1x1|1x18,9,4,9,19,4,True,9.4e-05,0.000857,0.003365
,32,2,5,38,3,1,1,2,1,19,2,2,2,2,1x1|1x18,9,4,9,19,4,True,0.000168,0.000832,0.003713
,32,2,5,38,4,1,1,2,1,19,1,2,2,2,1x1|1x18,9,4,9,19,4,True,0.000134,0.001008,0.004177
,32,2,5,39,0,1,1,1,0,39,5,4,5,5,1x1|1x2|1x12|2x12,32,2,32,12,16,True,0.00012,0.00456,0.009539
,32,2,5,39,1,1,1,1,0,39,4,4,5,5,1x1|1x2|1x12|2x12,32,2,32,12,16,True,9.6e-05,0.004323,0.009664
,32,2,5,39,2,1,1,1,0,39,3,4,5,5,1x1|1x2|1x12|2x12,32,2,32,12,16,True,0.000127,0.004203,0.009563
,32,2,5,39,3,1,1,1,0,39,2,4,5,5,1x1|1x2|1x12|2x12,32,2,32,12,16,True,0.000164,0.006452,0.009299
,32,2,5,39,4,1,1,1,0,39,1,4,5,5,1x1|1x2|1x12|2x12,32,2,32,12,16,True,0.000116,0.004195,0.009057
,32,2,5,40,0,1,1,8,3,5,5,2,2,2,1x1|1x4,81,21,81,20,4,True,0.000351,0.010082,0.00814
,32,2,5,40,1,1,1,8,3,5,4,2,2,2,1x1|1x4,81,21,81,20,4,True,0.000305,0.01081,0.007395
,32,2,5,40,2,1,1,8,3,5,3,2,2,2,1x1|1x4,81,21,81,20,4,True,0.000285,0.009479,0.007368
,32,2,5,40,3,1,1,8,3,5,2,2,2,2,1x1|1x4,81,21,81,20,4,True,0.000281,0.009424,0.007402
,32,2,5,40,4,1,1,8,3,5,1,2,2,2,1x1|1x4,81,21,81,20,4,True,0.000283,0.00991,0.007918
,32,2,5,41,0,1,1,1,0,41,5,11,11,11,1x1|1x4|1x4|1x4|1x4|1x4|1x4|1x4|1x4|1x4|1x4,2048,1,2048,0,2048,True,0.000176,0.823796,0.86541
,32,2,5,41,1,1,1,1,0,41,4,3,11,11,1x1|5x4|5x4,2048,5,2048,16,8,True,0.000234,0.799216,0.795777
,32,2,5,41,2,1,1,1,0,41,3,3,11,11,1x1|5x4|5x4,2048,5,2048,16,8,True,0.000194,0.799003,0.849392
,32,2,5,41,3,1,1,1,0,41,2,3,11,11,1x1|5x4|5x4,2048,5,2048,16,8,True,0.000204,0.794593,0.836145
,32,2,5,41,4,1,1,1,0,41,1,3,11,11,1x1|5x4|5x4,2048,5,2048,16,8,True,0.000191,0.761538,0.788651
,32,2,5,42,0,1,1,2,1,21,5,4,6,6,1x1|1x2|2x3|2x6,729,22,729,21,16,True,0.000233,0.120661,0.106767
,32,2,5,42,1,1,1,2,1,21,4,4,6,6,1x1|1x2|2x3|2x6,729,22,729,21,16,True,0.000217,0.11875,0.109833
,32,2,5,42,2,1,1,2,1,21,3,4,6,6,1x1|1x2|2x3|2x6,729,22,729,21,16,True,0.000217,0.109832,0.108631
,32,2,5,42,3,1,1,2,1,21,2,4,6,6,1x1|1x2|2x3|2x6,729,22,729,21,16,True,0.000211,0.111363,0.106806
,32,2,5,42,4,1,1,2,1,21,1,4,6,6,1x1|1x2|2x3|2x6,729,22,729,21,16,True,0.000218,0.11027,0.101168
,32,2,5,43,0,1,1,1,0,43,5,4,4,4,1x1|1x14|1x14|1x14,16,1,16,0,16,True,9.2e-05,0.002398,0.010478
,32,2,5,43,1,1,1,1,0,43,4,4,4,4,1x1|1x14|1x14|1x14,16,1,16,0,16,True,0.000112,0.002326,0.010576
,32,2,5,43,2,1,1,1,0,43,3,4,4,4,1x1|1x14|1x14|1x14,16,1,16,0,16,True,0.000145,0.002316,0.010367
,32,2,5,43,3,1,1,1,0,43,2,4,4,4,1x1|1x14|1x14|1x14,16,1,16,0,16,True,7.8e-05,0.002272,0.010407
,32,2,5,43,4,1,1,1,0,43,1,4,4,4,1x1|1x14|1x14|1x14,16,1,16,0,16,True,7.6e-05,0.002314,0.010834
,32,2,5,44,0,1,1,4,2,11,5,6,6,6,1x1|1x2|1x2|1x2|1x2|1x2,15625,23,15625,22,64,True,0.000379,5.447202,4.639772
,32,2,5,44,1,1,1,4,2,11,4,2,6,6,1x1|5x2,15625,23,15625,22,4,True,0.003507,7.359688,8.63978
,32,2,5,44,2,1,1,4,2,11,3,2,6,6,1x1|5x2,15625,23,15625,22,4,True,0.004765,8.511062,6.812967
,32,2,5,44,3,1,1,4,2,11,2,2,6,6,1x1|5x2,15625,23,15625,22,4,True,0.003827,7.909929,6.58408
,32,2,5,44,4,1,1,4,2,11,1,2,6,6,1x1|5x2,15625,23,15625,22,4,True,0.004417,8.312675,6.835282
,32,2,5,45,0,1,1,1,0,45,5,6,8,8,1x1|1x2|1x4|1x6|2x4|2x12,256,4,256,16,64,True,0.000213,0.055701,0.052923
,32,2,5,45,1,1,1,1,0,45,4,6,8,8,1x1|1x2|1x4|1x6|2x4|2x12,256,4,256,16,64,True,0.000249,0.04881,0.050813
,32,2,5,45,2,1,1,1,0,45,3,6,8,8,1x1|1x2|1x4|1x6|2x4|2x12,256,4,256,16,64,True,0.000257,0.050229,0.049563
,32,2,5,45,3,1,1,1,0,45,2,6,8,8,1x1|1x2|1x4|1x6|2x4|2x12,256,4,256,16,64,True,0.000171,0.04559,0.052814
,32,2,5,45,4,1,1,1,0,45,1,6,8,8,1x1|1x2|1x4|1x6|2x4|2x12,256,4,256,16,64,True,0.000225,0.055452,0.05025
,32,2,5,46,0,1,1,2,1,23,5,2,3,3,1x1|2x11,27,6,27,23,4,True,0.000157,0.004407,0.0056
,32,2,5,46,1,1,1,2,1,23,4,2,3,3,1x1|2x11,27,6,27,23,4,True,0.000178,0.004871,0.005813
,32,2,5,46,2,1,1,2,1,23,3,2,3,3,1x1|2x11,27,6,27,23,4,True,0.000154,0.004244,0.005519
,32,2,5,46,3,1,1,2,1,23,2,2,3,3,1x1|2x11,27,6,27,23,4,True,0.000221,0.004733,0.005604
,32,2,5,46,4,1,1,2,1,23,1,2,3,3,1x1|2x11,27,6,27,23,4,True,0.000128,0.004685,0.005584
,32,2,5,47,0,1,1,1,0,47,5,2,3,3,1x1|2x23,8,2,8,23,4,True,8.7e-05,0.001259,0.013835
,32,2,5,47,1,1,1,1,0,47,4,2,3,3,1x1|2x23,8,2,8,23,4,True,0.000123,0.001194,0.014428
,32,2,5,47,2,1,1,1,0,47,3,2,3,3,1x1|2x23,8,2,8,23,4,True,0.000102,0.001029,0.01275
,32,2,5,47,3,1,1,1,0,47,2,2,3,3,1x1|2x23,8,2,8,23,4,True,7.4e-05,0.000976,0.015321
,32,2,5,47,4,1,1,1,0,47,1,2,3,3,1x1|2x23,8,2,8,23,4,True,0.000211,0.001615,0.015183
,32,2,5,48,0,1,1,16,4,3,5,2,2,2,1x1|1x2,289,25,289,24,4,True,0.001331,0.077962,0.048455
,32,2,5,48,1,1,1,16,4,3,4,2,2,2,1x1|1x2,289,25,289,24,4,True,0.00119,0.069327,0.047816
,32,2,5,48,2,1,1,16,4,3,3,2,2,2,1x1|1x2,289,25,289,24,4,True,0.001295,0.082232,0.049987
,32,2,5,48,3,1,1,16,4,3,2,2,2,2,1x1|1x2,289,25,289,24,4,True,0.001196,0.070384,0.04368
,32,2,5,48,4,1,1,16,4,3,1,2,2,2,1x1|1x2,289,25,289,24,4,True,0.001691,0.070465,0.052381
,32,2,5,49,0,1,1,1,0,49,5,3,5,5,1x1|2x3|2x21,32,4,32,24,8,True,0.000114,0.003929,0.007764
,32,2,5,49,1,1,1,1,0,49,4,3,5,5,1x1|2x3|2x21,32,4,32,24,8,True,0.000126,0.004812,0.007747
,32,2,5,49,2,1,1,1,0,49,3,3,5,5,1x1|2x3|2x21,32,4,32,24,8,True,0.000117,0.003724,0.007563
,32,2,5,49,3,1,1,1,0,49,2,3,5,5,1x1|2x3|2x21,32,4,32,24,8,True,0.000114,0.004302,0.00702
,32,2,5,49,4,1,1,1,0,49,1,3,5,5,1x1|2x3|2x21,32,4,32,24,8,True,0.000164,0.004007,0.009069
,32,2,5,50,0,1,1,2,1,25,5,7,7,7,1x1|1x4|1x4|1x4|1x4|1x4|1x4,2187,14,2187,25,128,True,0.000446,1.230756,1.108438
,32,2,5,50,1,1,1,2,1,25,4,3,7,7,1x1|1x4|5x4,2187,14,2187,25,8,True,0.000576,1.327279,1.270747
,32,2,5,50,2,1,1,2,1,25,3,3,7,7,1x1|1x4|5x4,2187,14,2187,25,8,True,0.0008,1.288115,1.258943
,32,2,5,50,3,1,1,2,1,25,2,3,7,7,1x1|1x4|5x4,2187,14,2187,25,8,True,0.000671,1.304533,1.201269
,32,2,5,50,4,1,1,2,1,25,1,3,7,7,1x1|1x4|5x4,2187,14,2187,25,8,True,0.000513,1.207212,1.163722
,32,2,5,51,0,1,1,1,0,51,5,6,8,8,1x1|1x2|1x8|1x8|2x8|2x8,256,3,256,16,64,True,0.000254,0.071819,0.072393
,32,2,5,51,1,1,1,1,0,51,4,6,8,8,1x1|1x2|1x8|1x8|2x8|2x8,256,3,256,16,64,True,0.000158,0.065871,0.07123
,32,2,5,51,2,1,1,1,0,51,3,6,8,8,1x1|1x2|1x8|1x8|2x8|2x8,256,3,256,16,64,True,0.000168,0.063931,0.070529
,32,2,5,51,3,1,1,1,0,51,2,6,8,8,1x1|1x2|1x8|1x8|2x8|2x8,256,3,256,16,64,True,0.000172,0.063905,0.072791
,32,2,5,51,4,1,1,1,0,51,1,6,8,8,1x1|1x2|1x8|1x8|2x8|2x8,256,3,256,16,64,True,0.000186,0.066476,0.07101
,32,2,5,52,0,1,1,4,2,13,5,2,2,2,1x1|1x12,25,9,25,26,4,True,0.000156,0.003878,0.004521
,32,2,5,52,1,1,1,4,2,13,4,2,2,2,1x1|1x12,25,9,25,26,4,True,0.000134,0.003857,0.004527
,32,2,5,52,2,1,1,4,2,13,3,2,2,2,1x1|1x12,25,9,25,26,4,True,0.000144,0.003664,0.004341
,32,2,5,52,3,1,1,4,2,13,2,2,2,2,1x1|1x12,25,9,25,26,4,True,0.00015,0.003599,0.004281
,32,2,5,52,4,1,1,4,2,13,1,2,2,2,1x1|1x12,25,9,25,26,4,True,0.000138,0.00356,0.004195
,32,2,5,53,0,1,1,1,0,53,5,2,2,2,1x1|1x52,4,1,4,0,4,True,5.1e-05,0.000401,0.016352
,32,2,5,53,1,1,1,1,0,53,4,2,2,2,1x1|1x52,4,1,4,0,4,True,5.5e-05,0.000418,0.016145
,32,2,5,53,2,1,1,1,0,53,3,2,2,2,1x1|1x52,4,1,4,0,4,True,5.1e-05,0.000377,0.01635
,32,2,5,53,3,1,1,1,0,53,2,2,2,2,1x1|1x52,4,1,4,0,4,True,5.3e-05,0.000485,0.017035
,32,2,5,53,4,1,1,1,0,53,1,2,2,2,1x1|1x52,4,1,4,0,4,True,5.7e-05,0.000426,0.016768
,32,2,5,54,0,1,1,2,1,27,5,4,4,4,1x1|1x2|1x6|1x18,81,16,81,27,16,True,0.000189,0.011795,0.012488
,32,2,5,54,1,1,1,2,1,27,4,4,4,4,1x1|1x2|1x6|1x18,81,16,81,27,16,True,0.000201,0.01122,0.01222
,32,2,5,54,2,1,1,2,1,27,3,4,4,4,1x1|1x2|1x6|1x18,81,16,81,27,16,True,0.000133,0.011141,0.012043
,32,2,5,54,3,1,1,2,1,27,2,4,4,4,1x1|1x2|1x6|1x18,81,16,81,27,16,True,0.000157,0.011039,0.011894
,32,2,5,54,4,1,1,2,1,27,1,4,4,4,1x1|1x2|1x6|1x18,81,16,81,27,16,True,0.00013,0.0106,0.011788
,32,2,5,56,0,1,1,8,3,7,5,2,3,3,1x1|2x3,729,29,729,28,4,True,0.001731,0.209637,0.14911
,32,2,5,56,1,1,1,8,3,7,4,2,3,3,1x1|2x3,729,29,729,28,4,True,0.00177,0.191281,0.147012
,32,2,5,56,2,1,1,8,3,7,3,2,3,3,1x1|2x3,729,29,729,28,4,True,0.001822,0.181176,0.142849
,32,2,5,56,3,1,1,8,3,7,2,2,3,3,1x1|2x3,729,29,729,28,4,True,0.001746,0.172683,0.146924
,32,2,5,56,4,1,1,8,3,7,1,2,3,3,1x1|2x3,729,29,729,28,4,True,0.001717,0.176136,0.140968
,32,2,5,57,0,1,1,1,0,57,5,5,5,5,1x1|1x2|1x18|1x18|1x18,32,1,32,0,32,True,0.00013,0.007707,0.024634
,32,2,5,57,1,1,1,1,0,57,4,5,5,5,1x1|1x2|1x18|1x18|1x18,32,1,32,0,32,True,0.000127,0.007557,0.023307
,32,2,5,57,2,1,1,1,0,57,3,5,5,5,1x1|1x2|1x18|1x18|1x18,32,1,32,0,32,True,0.000101,0.007599,0.024049
,32,2,5,57,3,1,1,1,0,57,2,5,5,5,1x1|1x2|1x18|1x18|1x18,32,1,32,0,32,True,0.000104,0.007431,0.023429
,32,2,5,57,4,1,1,1,0,57,1,5,5,5,1x1|1x2|1x18|1x18|1x18,32,1,32,0,32,True,9.3e-05,0.007114,0.022927
,32,2,5,58,0,1,1,2,1,29,5,2,2,2,1x1|1x28,9,4,9,29,4,True,0.000108,0.001242,0.006453
,32,2,5,58,1,1,1,2,1,29,4,2,2,2,1x1|1x28,9,4,9,29,4,True,7.7e-05,0.001198,0.006599
,32,2,5,58,2,1,1,2,1,29,3,2,2,2,1x1|1x28,9,4,9,29,4,True,0.00011,0.001235,0.006437
,32,2,5,58,3,1,1,2,1,29,2,2,2,2,1x1|1x28,9,4,9,29,4,True,7.2e-05,0.001132,0.006172
,32,2,5,58,4,1,1,2,1,29,1,2,2,2,1x1|1x28,9,4,9,29,4,True,9.4e-05,0.00108,0.006112
,32,2,5,59,0,1,1,1,0,59,5,2,2,2,1x1|1x58,4,1,4,0,4,True,5e-05,0.000402,0.018363
,32,2,5,59,1,1,1,1,0,59,4,2,2,2,1x1|1x58,4,1,4,0,4,True,4.3e-05,0.000437,0.018481
,32,2,5,59,2,1,1,1,0,59,3,2,2,2,1x1|1x58,4,1,4,0,4,True,4.8e-05,0.000378,0.017951
,32,2,5,59,3,1,1,1,0,59,2,2,2,2,1x1|1x58,4,1,4,0,4,True,5.6e-05,0.000417,0.019051
,32,2,5,59,4,1,1,1,0,59,1,2,2,2,1x1|1x58,4,1,4,0,4,True,5e-05,0.000368,0.018977
,32,2,5,60,0,1,1,4,2,15,5,4,5,5,1x1|1x2|1x4|2x4,3125,31,3125,30,16,True,0.000491,0.904192,0.812829
,32,2,5,60,1,1,1,4,2,15,4,4,5,5,1x1|1x2|1x4|2x4,3125,31,3125,30,16,True,0.000621,0.9919,0.894228
,32,2,5,60,2,1,1,4,2,15,3,4,5,5,1x1|1x2|1x4|2x4,3125,31,3125,30,16,True,0.000497,1.017145,0.855335
,32,2,5,60,3,1,1,4,2,15,2,4,5,5,1x1|1x2|1x4|2x4,3125,31,3125,30,16,True,0.000672,1.066826,0.844825
,32,2,5,60,4,1,1,4,2,15,1,4,5,5,1x1|1x2|1x4|2x4,3125,31,3125,30,16,True,0.000561,0.93191,0.767892
,49,7,2,1,0,1,1,1,0,1,2,1,1,1,1x1,2,1,2,0,2,True,5.5e-05,5.2e-05,4e-05
,49,7,2,1,0,6,2,1,0,1,2,1,1,1,1x1,2,1,2,0,2,True,4.5e-05,5.5e-05,5.3e-05
,49,7,2,1,1,1,1,1,0,1,1,1,1,1,1x1,2,1,2,0,2,True,4.4e-05,5.7e-05,5.6e-05
,49,7,2,1,1,6,2,1,0,1,1,1,1,1,1x1,2,1,2,0,2,True,4.6e-05,5.5e-05,5.5e-05
,49,7,2,1,1,7,4,1,0,1,1,1,1,1,1x1,2,1,2,0,2,True,4.7e-05,6.1e-05,5.9e-05
,49,7,2,1,1,16,8,1,0,1,1,1,1,1,1x1,2,1,2,0,2,True,4.4e-05,6e-05,5e-05
,49,7,2,2,0,1,1,1,0,2,2,2,2,2,1x1|1x1,4,1,4,0,4,True,7e-05,0.000181,9.8e-05
,49,7,2,2,1,1,1,1,0,2,1,2,2,2,1x1|1x1,4,1,4,0,4,True,6.6e-05,0.00013,0.000132
,49,7,2,3,0,1,1,1,0,3,2,2,3,3,1x1|2x1,8,2,8,1,4,True,0.000127,0.000208,0.000185
,49,7,2,3,0,6,2,1,0,3,2,2,3,3,1x1|2x1,8,2,8,1,4,True,9.4e-05,0.000201,0.000174
,49,7,2,3,1,1,1,1,0,3,1,2,3,3,1x1|2x1,8,2,8,1,4,True,0.000124,0.000213,0.000166
,49,7,2,3,1,6,2,1,0,3,1,2,3,3,1x1|2x1,8,2,8,1,4,True,8.6e-05,0.000187,0.00016
,49,7,2,3,1,7,4,1,0,3,1,2,3,3,1x1|2x1,8,2,8,1,4,True,9.4e-05,0.000203,0.000185
,49,7,2,3,1,16,8,1,0,3,1,2,3,3,1x1|2x1,8,2,8,1,4,True,9.6e-05,0.000251,0.000231
,49,7,2,4,0,1,1,1,0,4,2,3,4,4,1x1|1x1|2x1,16,2,16,1,8,True,0.000107,0.000512,0.000408
,49,7,2,4,1,1,1,1,0,4,1,4,4,4,1x1|1x1|1x1|1x1,16,1,16,0,16,True,0.000147,0.00056,0.000437
,49,7,2,5,0,1,1,1,0,5,2,3,3,3,1x1|1x2|1x2,8,1,8,0,8,True,0.000153,0.000259,0.000504
,49,7,2,5,0,6,2,1,0,5,2,3,3,3,1x1|1x2|1x2,8,1,8,0,8,True,9.2e-05,0.000278,0.000542
,49,7,2,5,1,1,1,1,0,5,1,2,3,3,1x1|2x2,8,2,8,2,4,True,0.000125,0.000236,0.000447
,49,7,2,5,1,6,2,1,0,5,1,2,3,3,1x1|2x2,8,2,8,2,4,True,9.9e-05,0.000283,0.000419
,49,7,2,5,1,7,4,1,0,5,1,2,3,3,1x1|2x2,8,2,8,2,4,True,9.3e-05,0.000215,0.000516
,49,7,2,5,1,16,8,1,0,5,1,2,3,3,1x1|2x2,8,2,8,2,4,True,9.9e-05,0.000213,0.000404
,49,7,2,6,0,1,1,1,0,6,2,4,6,6,1x1|1x1|2x1|2x1,64,3,64,2,16,True,0.000146,0.002284,0.00214
,49,7,2,6,1,1,1,1,0,6,1,4,6,6,1x1|1x1|2x1|2x1,64,3,64,2,16,True,0.000138,0.002257,0.002382
,49,7,2,7,0,1,1,7,1,1,2,1,1,1,1x1,8,4,8,3,2,True,0.000218,0.000313,0.000269
,49,7,2,7,0,6,2,7,1,1,2,1,1,1,1x1,8,4,8,3,2,True,0.000278,0.00036,0.000258
,49,7,2,7,1,1,1,7,1,1,1,1,1,1,1x1,8,4,8,3,2,True,0.000231,0.000332,0.000264
,49,7,2,7,1,6,2,7,1,1,1,1,1,1,1x1,8,4,8,3,2,True,0.000225,0.000287,0.00039
,49,7,2,7,1,7,4,7,1,1,1,1,1,1,1x1,8,4,8,3,2,True,0.000262,0.000287,0.000295
,49,7,2,7,1,16,8,7,1,1,1,1,1,1,1x1,8,4,8,3,2,True,0.000211,0.000341,0.000407
,49,7,2,8,0,1,1,1,0,8,2,5,8,8,1x1|1x1|2x1|2x1|2x1,256,4,256,3,32,True,0.000246,0.012569,0.013536
,49,7,2,8,1,1,1,1,0,8,1,8,8,8,1x1|1x1|1x1|1x1|1x1|1x1|1x1|1x1,256,1,256,0,256,True,0.000183,0.013695,0.013661
,49,7,2,9,0,1,1,1,0,9,2,3,5,5,1x1|2x1|2x3,32,4,32,4,8,True,0.000115,0.001153,0.001327
,49,7,2,9,0,6,2,1,0,9,2,3,5,5,1x1|2x1|2x3,32,4,32,4,8,True,0.000142,0.001155,0.001368
,49,7,2,9,1,1,1,1,0,9,1,3,5,5,1x1|2x1|2x3,32,4,32,4,8,True,0.00014,0.001144,0.001493
,49,7,2,9,1,6,2,1,0,9,1,3,5,5,1x1|2x1|2x3,32,4,32,4,8,True,0.00011,0.001225,0.001387
,49,7,2,9,1,7,4,1,0,9,1,3,5,5,1x1|2x1|2x3,32,4,32,4,8,True,0.000147,0.001229,0.001419
,49,7,2,9,1,16,8,1,0,9,1,3,5,5,1x1|2x1|2x3,32,4,32,4,8,True,0.000145,0.001503,0.001512
,49,7,2,10,0,1,1,1,0,10,2,6,6,6,1x1|1x1|1x2|1x2|1x2|1x2,64,1,64,0,64,True,0.000175,0.0038,0.004099
,49,7,2,10,1,1,1,1,0,10,1,4,6,6,1x1|1x1|2x2|2x2,64,3,64,4,16,True,0.000164,0.002915,0.003504
,49,7,2,11,0,1,1,1,0,11,2,2,3,3,1x1|2x5,8,2,8,5,4,True,0.0001,0.000363,0.001589
,49,7,2,11,0,6,2,1,0,11,2,2,3,3,1x1|2x5,8,2,8,5,4,True,0.000129,0.000353,0.001537
,49,7,2,11,1,1,1,1,0,11,1,3,3,3,1x1|1x5|1x5,8,1,8,0,8,True,0.000104,0.000502,0.001752
,49,7,2,11,1,6,2,1,0,11,1,3,3,3,1x1|1x5|1x5,8,1,8,0,8,True,0.000126,0.000481,0.00173
,49,7,2,11,1,7,4,1,0,11,1,3,3,3,1x1|1x5|1x5,8,1,8,0,8,True,0.000114,0.00045,0.001683
,49,7,2,11,1,16,8,1,0,11,1,3,3,3,1x1|1x5|1x5,8,1,8,0,8,True,9.5e-05,0.000599,0.001688
,49,7,2,12,0,1,1,1,0,12,2,7,12,12,1x1|1x1|2x1|2x1|2x1|2x1|2x1,4096,6,4096,5,128,True,0.000278,0.314977,0.320262
,49,7,2,12,1,1,1,1,0,12,1,8,12,12,1x1|1x1|1x1|1x1|2x1|2x1|2x1|2x1,4096,5,4096,4,256,True,0.000232,0.311063,0.322012
,49,7,2,13,0,1,1,1,0,13,2,3,3,3,1x1|1x6|1x6,8,1,8,0,8,True,8.2e-05,0.000531,0.003214
,49,7,2,13,0,6,2,1,0,13,2,3,3,3,1x1|1x6|1x6,8,1,8,0,8,True,0.000111,0.000595,0.003112
,49,7,2,13,1,1,1,1,0,13,1,2,3,3,1x1|2x6,8,2,8,6,4,True,6.9e-05,0.000382,0.003006
,49,7,2,13,1,6,2,1,0,13,1,2,3,3,1x1|2x6,8,2,8,6,4,True,0.000115,0.000438,0.002947
,49,7,2,13,1,7,4,1,0,13,1,2,3,3,1x1|2x6,8,2,8,6,4,True,6.6e-05,0.000408,0.002936
,49,7,2,13,1,16,8,1,0,13,1,2,3,3,1x1|2x6,8,2,8,6,4,True,7.2e-05,0.000361,0.002816
,49,7,2,14,0,1,1,7,1,2,2,2,2,2,1x1|1x1,64,7,64,6,4,True,0.000263,0.004658,0.003673
,49,7,2,14,1,1,1,7,1,2,1,2,2,2,1x1|1x1,64,7,64,6,4,True,0.00028,0.00444,0.003688
,49,7,2,15,0,1,1,1,0,15,2,6,9,9,1x1|1x2|1x2|2x1|2x2|2x2,512,6,512,5,64,True,0.000157,0.046031,0.049154
,49,7,2,15,0,6,2,1,0,15,2,6,9,9,1x1|1x2|1x2|2x1|2x2|2x2,512,6,512,5,64,True,0.000175,0.046928,0.046984
,49,7,2,15,1,1,1,1,0,15,1,5,9,9,1x1|2x1|2x2|2x2|2x2,512,8,512,7,32,True,0.000144,0.043532,0.043334
,49,7,2,15,1,6,2,1,0,15,1,5,9,9,1x1|2x1|2x2|2x2|2x2,512,8,512,7,32,True,0.000143,0.041181,0.04347
,49,7,2,15,1,7,4,1,0,15,1,5,9,9,1x1|2x1|2x2|2x2|2x2,512,8,512,7,32,True,0.00018,0.042103,0.042686
,49,7,2,15,1,16,8,1,0,15,1,5,9,9,1x1|2x1|2x2|2x2|2x2,512,8,512,7,32,True,0.000142,0.040146,0.047227
,49,7,2,16,0,1,1,1,0,16,2,9,16,16,1x1|1x1|2x1|2x1|2x1|2x1|2x1|2x1|2x1,65536,8,65536,7,512,True,0.000298,7.712847,8.361938
,49,7,2,16,1,1,1,1,0,16,1,12,16,16,1x1|1x1|1x1|1x1|1x1|1x1|1x1|1x1|2x1|2x1|2x1|2x1,65536,5,65536,4,4096,True,0.000301,8.150783,9.298933
,49,7,2,17,0,1,1,1,0,17,2,3,3,3,1x1|1x8|1x8,8,1,8,0,8,True,7.3e-05,0.000758,0.005224
,49,7,2,17,0,6,2,1,0,17,2,3,3,3,1x1|1x8|1x8,8,1,8,0,8,True,6.6e-05,0.000736,0.005062
,49,7,2,17,1,1,1,1,0,17,1,2,3,3,1x1|2x8,8,2,8,8,4,True,7.5e-05,0.000433,0.004825
,49,7,2,17,1,6,2,1,0,17,1,2,3,3,1x1|2x8,8,2,8,8,4,True,6.5e-05,0.000478,0.005107
,49,7,2,17,1,7,4,1,0,17,1,2,3,3,1x1|2x8,8,2,8,8,4,True,7.4e-05,0.000499,0.005316
,49,7,2,17,1,16,8,1,0,17,1,2,3,3,1x1|2x8,8,2,8,8,4,True,6.8e-05,0.000499,0.005124
,49,7,2,18,0,1,1,1,0,18,2,6,10,10,1x1|1x1|2x1|2x1|2x3|2x3,1024,9,1024,8,64,True,0.000217,0.091656,0.095286
,49,7,2,18,1,1,1,1,0,18,1,6,10,10,1x1|1x1|2x1|2x1|2x3|2x3,1024,9,1024,8,64,True,0.000201,0.087561,0.092474
,49,7,2,19,0,1,1,1,0,19,2,4,7,7,1x1|2x3|2x3|2x3,128,4,128,9,16,True,0.000145,0.013484,0.015717
,49,7,2,19,0,6,2,1,0,19,2,4,7,7,1x1|2x3|2x3|2x3,128,4,128,9,16,True,0.000169,0.013924,0.014287
,49,7,2,19,1,1,1,1,0,19,1,4,7,7,1x1|2x3|2x3|2x3,128,4,128,9,16,True,0.000137,0.013431,0.014824
,49,7,2,19,1,6,2,1,0,19,1,4,7,7,1x1|2x3|2x3|2x3,128,4,128,9,16,True,0.000128,0.012585,0.015002
,49,7,2,19,1,7,4,1,0,19,1,4,7,7,1x1|2x3|2x3|2x3,128,4,128,9,16,True,0.000189,0.014623,0.016488
,49,7,2,19,1,16,8,1,0,19,1,4,7,7,1x1|2x3|2x3|2x3,128,4,128,9,16,True,0.000137,0.014256,0.015396
,49,7,2,20,0,1,1,1,0,20,2,9,12,12,1x1|1x1|1x2|1x2|1x2|1x2|2x1|2x2|2x2,4096,6,4096,5,512,True,0.000209,0.628181,0.624358
,49,7,2,20,1,1,1,1,0,20,1,8,12,12,1x1|1x1|1x1|1x1|2x2|2x2|2x2|2x2,4096,5,4096,8,256,True,0.000193,0.556331,0.588851
,49,7,2,21,0,1,1,7,1,3,2,2,3,3,1x1|2x1,512,11,512,10,4,True,0.001243,0.066627,0.054139
,49,7,2,21,0,6,2,7,1,3,2,2,3,3,1x1|2x1,512,11,512,10,4,True,0.001207,0.06705,0.056379
,49,7,2,21,1,1,1,7,1,3,1,2,3,3,1x1|2x1,512,11,512,10,4,True,0.001302,0.069961,0.056158
,49,7,2,21,1,6,2,7,1,3,1,2,3,3,1x1|2x1,512,11,512,10,4,True,0.001246,0.069174,0.054624
,49,7,2,21,1,7,4,7,1,3,1,2,3,3,1x1|2x1,512,11,512,10,4,True,0.001207,0.066209,0.052052
,49,7,2,21,1,16,8,7,1,3,1,2,3,3,1x1|2x1,512,11,512,10,4,True,0.001175,0.065344,0.050566
,49,7,2,22,0,1,1,1,0,22,2,4,6,6,1x1|1x1|2x5|2x5,64,3,64,10,16,True,0.000123,0.006619,0.008914
,49,7,2,22,1,1,1,1,0,22,1,6,6,6,1x1|1x1|1x5|1x5|1x5|1x5,64,1,64,0,64,True,0.0001,0.00841,0.011259
,49,7,2,23,0,1,1,1,0,23,2,2,3,3,1x1|2x11,8,2,8,11,4,True,9e-05,0.000631,0.005984
,49,7,2,23,0,6,2,1,0,23,2,2,3,3,1x1|2x11,8,2,8,11,4,True,6.7e-05,0.000688,0.005619
,49,7,2,23,1,1,1,1,0,23,1,3,3,3,1x1|1x11|1x11,8,1,8,0,8,True,5.7e-05,0.001008,0.006058
,49,7,2,23,1,6,2,1,0,23,1,3,3,3,1x1|1x11|1x11,8,1,8,0,8,True,6.4e-05,0.001065,0.005858
,49,7,2,23,1,7,4,1,0,23,1,3,3,3,1x1|1x11|1x11,8,1,8,0,8,True,5.9e-05,0.000994,0.00578
,49,7,2,23,1,16,8,1,0,23,1,3,3,3,1x1|1x11|1x11,8,1,8,0,8,True,8.2e-05,0.000974,0.00575
,49,7,2,25,0,1,1,1,0,25,2,13,13,13,1x1|1x2|1x2|1x2|1x2|1x2|1x2|1x2|1x2|1x2|1x2|1x2|1x2,8192,1,8192,0,8192,True,0.000195,1.96995,2.300622
,49,7,2,25,0,6,2,1,0,25,2,13,13,13,1x1|1x2|1x2|1x2|1x2|1x2|1x2|1x2|1x2|1x2|1x2|1x2|1x2,8192,1,8192,0,8192,True,0.00023,2.241955,2.082924
,49,7,2,25,1,1,1,1,0,25,1,7,13,13,1x1|2x2|2x2|2x2|2x2|2x2|2x2,8192,7,8192,12,128,True,0.000228,1.629136,1.835273
,49,7,2,25,1,6,2,1,0,25,1,7,13,13,1x1|2x2|2x2|2x2|2x2|2x2|2x2,8192,7,8192,12,128,True,0.000338,1.543397,1.596987
,49,7,2,25,1,7,4,1,0,25,1,7,13,13,1x1|2x2|2x2|2x2|2x2|2x2|2x2,8192,7,8192,12,128,True,0.000237,1.531873,1.692362
,49,7,2,25,1,16,8,1,0,25,1,7,13,13,1x1|2x2|2x2|2x2|2x2|2x2|2x2,8192,7,8192,12,128,True,0.000254,1.547541,1.63145
,49,7,2,26,0,1,1,1,0,26,2,6,6,6,1x1|1x1|1x6|1x6|1x6|1x6,64,1,64,0,64,True,0.000132,0.011442,0.016084
,49,7,2,26,1,1,1,1,0,26,1,4,6,6,1x1|1x1|2x6|2x6,64,3,64,12,16,True,0.000133,0.008499,0.013946
,49,7,2,27,0,1,1,1,0,27,2,4,7,7,1x1|2x1|2x3|2x9,128,8,128,13,16,True,0.000136,0.015579,0.012352
,49,7,2,27,0,6,2,1,0,27,2,4,7,7,1x1|2x1|2x3|2x9,128,8,128,13,16,True,0.000128,0.010892,0.011937
,49,7,2,27,1,1,1,1,0,27,1,4,7,7,1x1|2x1|2x3|2x9,128,8,128,13,16,True,0.00016,0.010676,0.011012
,49,7,2,27,1,6,2,1,0,27,1,4,7,7,1x1|2x1|2x3|2x9,128,8,128,13,16,True,0.000117,0.011404,0.012544
,49,7,2,27,1,7,4,1,0,27,1,4,7,7,1x1|2x1|2x3|2x9,128,8,128,13,16,True,0.000143,0.011052,0.012173
,49,7,2,27,1,16,8,1,0,27,1,4,7,7,1x1|2x1|2x3|2x9,128,8,128,13,16,True,0.00013,0.011404,0.012311
,49,7,2,28,0,1,1,7,1,4,2,3,4,4,1x1|1x1|2x1,4096,14,4096,13,8,True,0.001291,0.885562,0.691616
,49,7,2,28,1,1,1,7,1,4,1,4,4,4,1x1|1x1|1x1|1x1,4096,13,4096,12,16,True,0.000465,0.94429,0.752125
,49,7,2,29,0,1,1,1,0,29,2,3,5,5,1x1|2x7|2x7,32,3,32,14,8,True,0.000119,0.00775,0.012229
,49,7,2,29,0,6,2,1,0,29,2,3,5,5,1x1|2x7|2x7,32,3,32,14,8,True,0.000106,0.00482,0.010723
,49,7,2,29,1,1,1,1,0,29,1,3,5,5,1x1|2x7|2x7,32,3,32,14,8,True,0.000111,0.005211,0.010504
,49,7,2,29,1,6,2,1,0,29,1,3,5,5,1x1|2x7|2x7,32,3,32,14,8,True,0.000111,0.005088,0.010131
,49,7,2,29,1,7,4,1,0,29,1,3,5,5,1x1|2x7|2x7,32,3,32,14,8,True,0.000137,0.005307,0.010461
,49,7,2,29,1,16,8,1,0,29,1,3,5,5,1x1|2x7|2x7,32,3,32,14,8,True,0.000111,0.005247,0.010704
,49,7,2,31,0,1,1,1,0,31,2,2,3,3,1x1|2x15,8,2,8,15,4,True,7.8e-05,0.00102,0.01119
,49,7,2,31,0,6,2,1,0,31,2,2,3,3,1x1|2x15,8,2,8,15,4,True,6.7e-05,0.000895,0.011519
,49,7,2,31,1,1,1,1,0,31,1,2,3,3,1x1|2x15,8,2,8,15,4,True,7.3e-05,0.000955,0.011496
,49,7,2,31,1,6,2,1,0,31,1,2,3,3,1x1|2x15,8,2,8,15,4,True,7.3e-05,0.000882,0.010989
,49,7,2,31,1,7,4,1,0,31,1,2,3,3,1x1|2x15,8,2,8,15,4,True,6.8e-05,0.000885,0.010937
,49,7,2,31,1,16,8,1,0,31,1,2,3,3,1x1|2x15,8,2,8,15,4,True,6.9e-05,0.000911,0.010954
,49,7,2,33,0,1,1,1,0,33,2,5,9,9,1x1|2x1|2x5|2x5|2x5,512,8,512,16,32,True,0.000157,0.121243,0.13367
,49,7,2,33,0,6,2,1,0,33,2,5,9,9,1x1|2x1|2x5|2x5|2x5,512,8,512,16,32,True,0.000194,0.126235,0.132918
,49,7,2,33,1,1,1,1,0,33,1,6,9,9,1x1|1x5|1x5|2x1|2x5|2x5,512,6,512,11,64,True,0.000196,0.149155,0.149902
,49,7,2,33,1,6,2,1,0,33,1,6,9,9,1x1|1x5|1x5|2x1|2x5|2x5,512,6,512,11,64,True,0.000253,0.145699,0.146045
,49,7,2,33,1,7,4,1,0,33,1,6,9,9,1x1|1x5|1x5|2x1|2x5|2x5,512,6,512,11,64,True,0.000181,0.146858,0.152351
,49,7,2,33,1,16,8,1,0,33,1,6,9,9,1x1|1x5|1x5|2x1|2x5|2x5,512,6,512,11,64,True,0.000169,0.14151,0.146146
,49,7,2,34,0,1,1,1,0,34,2,6,6,6,1x1|1x1|1x8|1x8|1x8|1x8,64,1,64,0,64,True,0.000198,0.017689,0.025713
,49,7,2,34,1,1,1,1,0,34,1,4,6,6,1x1|1x1|2x8|2x8,64,3,64,16,16,True,0.00015,0.011655,0.020311
,49,7,2,35,0,1,1,7,1,5,2,3,3,3,1x1|1x2|1x2,512,16,512,15,8,True,0.000415,0.157303,0.125803
,49,7,2,35,0,6,2,7,1,5,2,3,3,3,1x1|1x2|1x2,512,16,512,15,8,True,0.000335,0.143769,0.130723
,49,7,2,35,1,1,1,7,1,5,1,2,3,3,1x1|2x2,512,18,512,17,4,True,0.001204,0.135925,0.110838
,49,7,2,35,1,6,2,7,1,5,1,2,3,3,1x1|2x2,512,18,512,17,4,True,0.001253,0.138845,0.10859
,49,7,2,35,1,7,4,7,1,5,1,2,3,3,1x1|2x2,512,18,512,17,4,True,0.001041,0.124851,0.107793
,49,7,2,35,1,16,8,7,1,5,1,2,3,3,1x1|2x2,512,18,512,17,4,True,0.001047,0.127764,0.101912
,49,7,2,37,0,1,1,1,0,37,2,3,5,5,1x1|2x9|2x9,32,3,32,18,8,True,0.000217,0.009414,0.027168
,49,7,2,37,0,6,2,1,0,37,2,3,5,5,1x1|2x9|2x9,32,3,32,18,8,True,0.000146,0.01089,0.0207
,49,7,2,37,1,1,1,1,0,37,1,3,5,5,1x1|2x9|2x9,32,3,32,18,8,True,0.000117,0.007514,0.021773
,49,7,2,37,1,6,2,1,0,37,1,3,5,5,1x1|2x9|2x9,32,3,32,18,8,True,0.000201,0.00801,0.021807
,49,7,2,37,1,7,4,1,0,37,1,3,5,5,1x1|2x9|2x9,32,3,32,18,8,True,0.000132,0.007851,0.020317
,49,7,2,37,1,16,8,1,0,37,1,3,5,5,1x1|2x9|2x9,32,3,32,18,8,True,0.000145,0.007005,0.01944
,49,7,2,38,0,1,1,1,0,38,2,8,14,14,1x1|1x1|2x3|2x3|2x3|2x3|2x3|2x3,16384,7,16384,18,256,True,0.00027,5.966984,6.015887
,49,7,2,38,1,1,1,1,0,38,1,8,14,14,1x1|1x1|2x3|2x3|2x3|2x3|2x3|2x3,16384,7,16384,18,256,True,0.000242,5.442479,5.490709
,49,7,2,39,0,1,1,1,0,39,2,6,9,9,1x1|1x6|1x6|2x1|2x6|2x6,512,6,512,13,64,True,0.000146,0.176529,0.182716
,49,7,2,39,0,6,2,1,0,39,2,6,9,9,1x1|1x6|1x6|2x1|2x6|2x6,512,6,512,13,64,True,0.000155,0.172344,0.196595
,49,7,2,39,1,1,1,1,0,39,1,5,9,9,1x1|2x1|2x6|2x6|2x6,512,8,512,19,32,True,0.000188,0.169806,0.171178
,49,7,2,39,1,6,2,1,0,39,1,5,9,9,1x1|2x1|2x6|2x6|2x6,512,8,512,19,32,True,0.000178,0.177195,0.194289
,49,7,2,39,1,7,4,1,0,39,1,5,9,9,1x1|2x1|2x6|2x6|2x6,512,8,512,19,32,True,0.000175,0.165965,0.182843
,49,7,2,39,1,16,8,1,0,39,1,5,9,9,1x1|2x1|2x6|2x6|2x6,512,8,512,19,32,True,0.000231,0.188881,0.177442
,49,7,2,41,0,1,1,1,0,41,2,3,3,3,1x1|1x20|1x20,8,1,8,0,8,True,0.000136,0.003207,0.07654
,49,7,2,41,0,6,2,1,0,41,2,3,3,3,1x1|1x20|1x20,8,1,8,0,8,True,7.1e-05,0.00248,0.076541
,49,7,2,41,1,1,1,1,0,41,1,2,3,3,1x1|2x20,8,2,8,20,4,True,8.7e-05,0.001278,0.071183
,49,7,2,41,1,6,2,1,0,41,1,2,3,3,1x1|2x20,8,2,8,20,4,True,7.5e-05,0.001366,0.074707
,49,7,2,41,1,7,4,1,0,41,1,2,3,3,1x1|2x20,8,2,8,20,4,True,7.2e-05,0.001264,0.074119
,49,7,2,41,1,16,8,1,0,41,1,2,3,3,1x1|2x20,8,2,8,20,4,True,7.4e-05,0.001473,0.07183
,49,7,2,43,0,1,1,1,0,43,2,8,15,15,1x1|2x3|2x3|2x3|2x3|2x3|2x3|2x3,32768,8,32768,21,256,True,0.000257,15.431961,16.366937
,49,7,2,43,0,6,2,1,0,43,2,8,15,15,1x1|2x3|2x3|2x3|2x3|2x3|2x3|2x3,32768,8,32768,21,256,True,0.0003,15.439912,16.371824
,49,7,2,43,1,1,1,1,0,43,1,15,15,15,1x1|1x3|1x3|1x3|1x3|1x3|1x3|1x3|1x3|1x3|1x3|1x3|1x3|1x3|1x3,32768,1,32768,0,32768,True,0.000321,20.061008,21.400625
,49,7,2,43,1,6,2,1,0,43,1,15,15,15,1x1|1x3|1x3|1x3|1x3|1x3|1x3|1x3|1x3|1x3|1x3|1x3|1x3|1x3|1x3,32768,1,32768,0,32768,True,0.000282,21.320495,21.994074
,49,7,2,43,1,7,4,1,0,43,1,15,15,15,1x1|1x3|1x3|1x3|1x3|1x3|1x3|1x3|1x3|1x3|1x3|1x3|1x3|1x3|1x3,32768,1,32768,0,32768,True,0.000269,21.15844,22.331425
,49,7,2,43,1,16,8,1,0,43,1,15,15,15,1x1|1x3|1x3|1x3|1x3|1x3|1x3|1x3|1x3|1x3|1x3|1x3|1x3|1x3|1x3,32768,1,32768,0,32768,True,0.000343,21.772752,21.977789
,49,7,2,44,0,1,1,1,0,44,2,7,12,12,1x1|1x1|2x1|2x5|2x5|2x5|2x5,4096,10,4096,21,128,True,0.000221,1.799908,1.86914
,49,7,2,44,1,1,1,1,0,44,1,12,12,12,1x1|1x1|1x1|1x1|1x5|1x5|1x5|1x5|1x5|1x5|1x5|1x5,4096,1,4096,0,4096,True,0.000284,2.366033,2.419505
,49,7,2,45,0,1,1,1,0,45,2,9,15,15,1x1|1x2|1x2|2x1|2x2|2x2|2x3|2x6|2x6,32768,21,32768,20,512,True,0.000312,15.452067,16.75109
,49,7,2,45,0,6,2,1,0,45,2,9,15,15,1x1|1x2|1x2|2x1|2x2|2x2|2x3|2x6|2x6,32768,21,32768,20,512,True,0.000287,16.312748,17.792008
,49,7,2,45,1,1,1,1,0,45,1,8,15,15,1x1|2x1|2x2|2x2|2x2|2x3|2x6|2x6,32768,23,32768,22,256,True,0.000571,16.670974,16.732675
,49,7,2,45,1,6,2,1,0,45,1,8,15,15,1x1|2x1|2x2|2x2|2x2|2x3|2x6|2x6,32768,23,32768,22,256,True,0.000384,16.334462,16.869534
,49,7,2,45,1,7,4,1,0,45,1,8,15,15,1x1|2x1|2x2|2x2|2x2|2x3|2x6|2x6,32768,23,32768,22,256,True,0.000368,16.288078,16.134722
,49,7,2,45,1,16,8,1,0,45,1,8,15,15,1x1|2x1|2x2|2x2|2x2|2x3|2x6|2x6,32768,23,32768,22,256,True,0.000292,15.712326,16.14123
,49,7,2,46,0,1,1,1,0,46,2,4,6,6,1x1|1x1|2x11|2x11,64,3,64,22,16,True,0.000141,0.021096,0.035177
,49,7,2,46,1,1,1,1,0,46,1,6,6,6,1x1|1x1|1x11|1x11|1x11|1x11,64,1,64,0,64,True,0.000135,0.029788,0.051562
,49,7,2,47,0,1,1,1,0,47,2,2,3,3,1x1|2x23,8,2,8,23,4,True,0.000122,0.001786,0.04873
,49,7,2,47,0,6,2,1,0,47,2,2,3,3,1x1|2x23,8,2,8,23,4,True,0.000133,0.001907,0.040426
,49,7,2,47,1,1,1,1,0,47,1,2,3,3,1x1|2x23,8,2,8,23,4,True,8.5e-05,0.00157,0.048909
,49,7,2,47,1,6,2,1,0,47,1,2,3,3,1x1|2x23,8,2,8,23,4,True,8.7e-05,0.001749,0.045556
,49,7,2,47,1,7,4,1,0,47,1,2,3,3,1x1|2x23,8,2,8,23,4,True,0.000122,0.001597,0.043258
,49,7,2,47,1,16,8,1,0,47,1,2,3,3,1x1|2x23,8,2,8,23,4,True,8e-05,0.001623,0.046355
,49,7,2,49,0,1,1,49,2,1,2,1,1,1,1x1,50,25,50,24,2,True,0.011012,0.017871,0.011002
,49,7,2,49,0,6,2,49,2,1,2,1,1,1,1x1,50,25,50,24,2,True,0.008244,0.019145,0.010866
,49,7,2,49,1,1,1,49,2,1,1,1,1,1,1x1,50,25,50,24,2,True,0.008346,0.017554,0.010824
,49,7,2,49,1,6,2,49,2,1,1,1,1,1,1x1,50,25,50,24,2,True,0.008251,0.017348,0.010647
,49,7,2,49,1,7,4,49,2,1,1,1,1,1,1x1,50,25,50,24,2,True,0.008335,0.017455,0.010386
,49,7,2,49,1,16,8,49,2,1,1,1,1,1,1x1,50,25,50,24,2,True,0.008168,0.017399,0.010413
,49,7,2,51,0,1,1,1,0,51,2,6,9,9,1x1|1x8|1x8|2x1|2x8|2x8,512,6,512,17,64,True,0.000235,0.296265,0.326854
,49,7,2,51,0,6,2,1,0,51,2,6,9,9,1x1|1x8|1x8|2x1|2x8|2x8,512,6,512,17,64,True,0.000189,0.35054,0.34453
,49,7,2,51,1,1,1,1,0,51,1,5,9,9,1x1|2x1|2x8|2x8|2x8,512,8,512,25,32,True,0.000242,0.285132,0.315482
,49,7,2,51,1,6,2,1,0,51,1,5,9,9,1x1|2x1|2x8|2x8|2x8,512,8,512,25,32,True,0.000192,0.288072,0.326405
,49,7,2,51,1,7,4,1,0,51,1,5,9,9,1x1|2x1|2x8|2x8|2x8,512,8,512,25,32,True,0.000178,0.296726,0.317374
,49,7,2,51,1,16,8,1,0,51,1,5,9,9,1x1|2x1|2x8|2x8|2x8,512,8,512,25,32,True,0.000178,0.293514,0.314966
,49,7,2,52,0,1,1,1,0,52,2,9,12,12,1x1|1x1|1x6|1x6|1x6|1x6|2x1|2x6|2x6,4096,6,4096,13,512,True,0.000319,2.954588,3.1305
,49,7,2,52,1,1,1,1,0,52,1,8,12,12,1x1|1x1|1x1|1x1|2x6|2x6|2x6|2x6,4096,5,4096,24,256,True,0.000229,2.415915,2.477254
,49,7,2,53,0,1,1,1,0,53,2,3,5,5,1x1|2x13|2x13,32,3,32,26,8,True,0.000112,0.015411,0.049455
,49,7,2,53,0,6,2,1,0,53,2,3,5,5,1x1|2x13|2x13,32,3,32,26,8,True,0.000138,0.016254,0.04973
,49,7,2,53,1,1,1,1,0,53,1,5,5,5,1x1|1x13|1x13|1x13|1x13,32,1,32,0,32,True,0.000147,0.023367,0.055759
,49,7,2,53,1,6,2,1,0,53,1,5,5,5,1x1|1x13|1x13|1x13|1x13,32,1,32,0,32,True,0.000119,0.021841,0.05578
,49,7,2,53,1,7,4,1,0,53,1,5,5,5,1x1|1x13|1x13|1x13|1x13,32,1,32,0,32,True,0.000117,0.021742,0.055589
,49,7,2,53,1,16,8,1,0,53,1,5,5,5,1x1|1x13|1x13|1x13|1x13,32,1,32,0,32,True,0.000118,0.021856,0.055217
,49,7,2,54,0,1,1,1,0,54,2,8,14,14,1x1|1x1|2x1|2x1|2x3|2x3|2x9|2x9,16384,27,16384,26,256,True,0.000335,6.402768,6.823468
,49,7,2,54,1,1,1,1,0,54,1,8,14,14,1x1|1x1|2x1|2x1|2x3|2x3|2x9|2x9,16384,27,16384,26,256,True,0.000286,6.439348,6.890518
,49,7,2,55,0,1,1,1,0,55,2,6,9,9,1x1|1x2|1x2|2x5|2x10|2x10,512,6,512,25,64,True,0.000181,0.312319,0.355016
,49,7,2,55,0,6,2,1,0,55,2,6,9,9,1x1|1x2|1x2|2x5|2x10|2x10,512,6,512,25,64,True,0.000189,0.316195,0.3571
,49,7,2,55,1,1,1,1,0,55,1,6,9,9,1x1|1x5|1x5|2x2|2x10|2x10,512,6,512,22,64,True,0.000184,0.380197,0.390337
,49,7,2,55,1,6,2,1,0,55,1,6,9,9,1x1|1x5|1x5|2x2|2x10|2x10,512,6,512,22,64,True,0.000228,0.368402,0.393292
,49,7,2,55,1,7,4,1,0,55,1,6,9,9,1x1|1x5|1x5|2x2|2x10|2x10,512,6,512,22,64,True,0.000172,0.406575,0.410935
,49,7,2,55,1,16,8,1,0,55,1,6,9,9,1x1|1x5|1x5|2x2|2x10|2x10,512,6,512,22,64,True,0.000244,0.372352,0.406868
,49,7,2,58,0,1,1,1,0,58,2,6,10,10,1x1|1x1|2x7|2x7|2x7|2x7,1024,5,1024,28,64,True,0.000219,0.644277,0.683691
,49,7,2,58,1,1,1,1,0,58,1,6,10,10,1x1|1x1|2x7|2x7|2x7|2x7,1024,5,1024,28,64,True,0.000235,0.688466,0.701124
,49,7,2,59,0,1,1,1,0,59,2,2,3,3,1x1|2x29,8,2,8,29,4,True,9.1e-05,0.002243,0.125779
,49,7,2,59,0,6,2,1,0,59,2,2,3,3,1x1|2x29,8,2,8,29,4,True,8.4e-05,0.002207,0.135007
,49,7,2,59,1,1,1,1,0,59,1,2,3,3,1x1|2x29,8,2,8,29,4,True,8.9e-05,0.002897,0.12553
,49,7,2,59,1,6,2,1,0,59,1,2,3,3,1x1|2x29,8,2,8,29,4,True,0.000117,0.002273,0.115076
,49,7,2,59,1,7,4,1,0,59,1,2,3,3,1x1|2x29,8,2,8,29,4,True,8.5e-05,0.002244,0.120845
,49,7,2,59,1,16,8,1,0,59,1,2,3,3,1x1|2x29,8,2,8,29,4,True,8.2e-05,0.002137,0.112712
,64,2,6,1,0,1,1,1,0,1,6,1,1,1,1x1,2,1,2,0,2,True,9.1e-05,6.4e-05,4.9e-05
,64,2,6,1,1,1,1,1,0,1,5,1,1,1,1x1,2,1,2,0,2,True,5.6e-05,5.6e-05,4.8e-05
,64,2,6,1,1,58,3,1,0,1,5,1,1,1,1x1,2,1,2,0,2,True,5.5e-05,5.6e-05,4.7e-05
,64,2,6,1,2,1,1,1,0,1,4,1,1,1,1x1,2,1,2,0,2,True,6.3e-05,8.3e-05,6.8e-05
,64,2,6,1,3,1,1,1,0,1,3,1,1,1,1x1,2,1,2,0,2,True,4.9e-05,6.3e-05,6.5e-05
,64,2,6,1,3,58,3,1,0,1,3,1,1,1,1x1,2,1,2,0,2,True,4.7e-05,6.4e-05,6.3e-05
,64,2,6,1,3,6,9,1,0,1,3,1,1,1,1x1,2,1,2,0,2,True,4.7e-05,6.3e-05,8.5e-05
,64,2,6,1,4,1,1,1,0,1,2,1,1,1,1x1,2,1,2,0,2,True,4.9e-05,6.6e-05,6.1e-05
,64,2,6,1,5,1,1,1,0,1,1,1,1,1,1x1,2,1,2,0,2,True,6.8e-05,6.1e-05,5.8e-05
,64,2,6,1,5,58,3,1,0,1,1,1,1,1,1x1,2,1,2,0,2,True,4.3e-05,6.3e-05,0.000104
,64,2,6,2,0,1,1,2,1,1,6,1,1,1,1x1,3,2,3,1,2,True,6.9e-05,0.00013,9.6e-05
,64,2,6,2,1,1,1,2,1,1,5,1,1,1,1x1,3,2,3,1,2,True,6.2e-05,9.5e-05,9.3e-05
,64,2,6,2,1,58,3,2,1,1,5,1,1,1,1x1,3,2,3,1,2,True,5.9e-05,9.6e-05,9e-05
,64,2,6,2,2,1,1,2,1,1,4,1,1,1,1x1,3,2,3,1,2,True,5e-05,6.7e-05,6.3e-05
,64,2,6,2,3,1,1,2,1,1,3,1,1,1,1x1,3,2,3,1,2,True,4.7e-05,6.3e-05,6.1e-05
,64,2,6,2,3,58,3,2,1,1,3,1,1,1,1x1,3,2,3,1,2,True,5e-05,6.4e-05,6.1e-05
,64,2,6,2,3,6,9,2,1,1,3,1,1,1,1x1,3,2,3,1,2,True,4.4e-05,6.3e-05,6.2e-05
,64,2,6,2,4,1,1,2,1,1,2,1,1,1,1x1,3,2,3,1,2,True,7e-05,8.4e-05,6.3e-05
,64,2,6,2,5,1,1,2,1,1,1,1,1,1,1x1,3,2,3,1,2,True,6e-05,7.9e-05,9.1e-05
,64,2,6,2,5,58,3,2,1,1,1,1,1,1,1x1,3,2,3,1,2,True,7.1e-05,8.3e-05,7.1e-05
,64,2,6,3,0,1,1,1,0,3,6,2,3,3,1x1|2x1,8,2,8,1,4,True,0.000123,0.000205,0.000199
,64,2,6,3,1,1,1,1,0,3,5,3,3,3,1x1|1x1|1x1,8,1,8,0,8,True,8.6e-05,0.000248,0.000204
,64,2,6,3,2,1,1,1,0,3,4,2,3,3,1x1|2x1,8,2,8,1,4,True,8.8e-05,0.000199,0.000252
,64,2,6,3,3,1,1,1,0,3,3,3,3,3,1x1|1x1|1x1,8,1,8,0,8,True,8.9e-05,0.00025,0.000202
,64,2,6,3,4,1,1,1,0,3,2,2,3,3,1x1|2x1,8,2,8,1,4,True,9.4e-05,0.000199,0.00024
,64,2,6,3,5,1,1,1,0,3,1,3,3,3,1x1|1x1|1x1,8,1,8,0,8,True,7.2e-05,0.000194,0.000216
,64,2,6,4,0,1,1,4,2,1,6,1,1,1,1x1,5,3,5,2,2,True,8.5e-05,0.000138,0.00012
,64,2,6,4,1,1,1,4,2,1,5,1,1,1,1x1,5,3,5,2,2,True,9.1e-05,0.000124,0.000113
,64,2,6,4,1,58,3,4,2,1,5,1,1,1,1x1,5,3,5,2,2,True,7.2e-05,0.000128,0.000119
,64,2,6,4,2,1,1,4,2,1,4,1,1,1,1x1,5,3,5,2,2,True,7.3e-05,0.000122,0.000112
,64,2,6,4,3,1,1,4,2,1,3,1,1,1,1x1,5,3,5,2,2,True,6.9e-05,0.000116,0.000109
,64,2,6,4,3,58,3,4,2,1,3,1,1,1,1x1,5,3,5,2,2,True,6.9e-05,0.000117,0.000108
,64,2,6,4,3,6,9,4,2,1,3,1,1,1,1x1,5,3,5,2,2,True,6.8e-05,0.000116,0.000107
,64,2,6,4,4,1,1,4,2,1,2,1,1,1,1x1,5,3,5,2,2,True,7.3e-05,0.000119,0.000112
,64,2,6,4,5,1,1,4,2,1,1,1,1,1,1x1,5,3,5,2,2,True,7.1e-05,0.000116,0.000107
,64,2,6,4,5,58,3,4,2,1,1,1,1,1,1x1,5,3,5,2,2,True,8.3e-05,0.00012,0.000109
,64,2,6,5,0,1,1,1,0,5,6,3,3,3,1x1|1x2|1x2,8,1,8,0,8,True,9.6e-05,0.000256,0.000424
,64,2,6,5,1,1,1,1,0,5,5,2,3,3,1x1|2x2,8,2,8,2,4,True,7.5e-05,0.000237,0.000438
,64,2,6,5,1,58,3,1,0,5,5,2,3,3,1x1|2x2,8,2,8,2,4,True,6.8e-05,0.000234,0.000402
,64,2,6,5,2,1,1,1,0,5,4,3,3,3,1x1|1x2|1x2,8,1,8,0,8,True,0.000103,0.000294,0.000509
,64,2,6,5,3,1,1,1,0,5,3,2,3,3,1x1|2x2,8,2,8,2,4,True,7.1e-05,0.000231,0.000428
,64,2,6,5,3,58,3,1,0,5,3,2,3,3,1x1|2x2,8,2,8,2,4,True,6.7e-05,0.000213,0.000387
,64,2,6,5,3,6,9,1,0,5,3,2,3,3,1x1|2x2,8,2,8,2,4,True,6.6e-05,0.000223,0.000411
,64,2,6,5,4,1,1,1,0,5,2,3,3,3,1x1|1x2|1x2,8,1,8,0,8,True,6.5e-05,0.000237,0.000401
,64,2,6,5,5,1,1,1,0,5,1,2,3,3,1x1|2x2,8,2,8,2,4,True,6.7e-05,0.000218,0.000421
,64,2,6,5,5,58,3,1,0,5,1,2,3,3,1x1|2x2,8,2,8,2,4,True,6.6e-05,0.00024,0.000366
,64,2,6,6,0,1,1,2,1,3,6,2,3,3,1x1|2x1,27,4,27,3,4,True,0.000137,0.000947,0.000787
,64,2,6,6,1,1,1,2,1,3,5,3,3,3,1x1|1x1|1x1,27,4,27,3,8,True,0.000102,0.000832,0.000833
,64,2,6,6,2,1,1,2,1,3,4,2,3,3,1x1|2x1,27,4,27,3,4,True,0.000114,0.000882,0.000727
,64,2,6,6,3,1,1,2,1,3,3,3,3,3,1x1|1x1|1x1,27,4,27,3,8,True,9.9e-05,0.000856,0.000839
,64,2,6,6,4,1,1,2,1,3,2,2,3,3,1x1|2x1,27,4,27,3,4,True,0.000118,0.000836,0.000824
,64,2,6,6,5,1,1,2,1,3,1,3,3,3,1x1|1x1|1x1,27,4,27,3,8,True,0.000112,0.00083,0.000732
,64,2,6,7,0,1,1,1,0,7,6,4,7,7,1x1|2x1|2x1|2x1,128,4,128,3,16,True,0.000139,0.00752,0.007898
,64,2,6,7,1,1,1,1,0,7,5,2,7,7,1x1|6x1,128,4,128,3,4,True,0.000165,0.008537,0.005656
,64,2,6,7,1,58,3,1,0,7,5,2,7,7,1x1|6x1,128,4,128,3,4,True,0.00019,0.005829,0.00638
,64,2,6,7,2,1,1,1,0,7,4,2,7,7,1x1|6x1,128,4,128,3,4,True,0.000268,0.005934,0.006036
,64,2,6,7,3,1,1,1,0,7,3,4,7,7,1x1|2x1|2x1|2x1,128,4,128,3,16,True,0.000136,0.005708,0.006406
,64,2,6,7,3,58,3,1,0,7,3,4,7,7,1x1|2x1|2x1|2x1,128,4,128,3,16,True,0.000195,0.005706,0.006181
,64,2,6,7,3,6,9,1,0,7,3,4,7,7,1x1|2x1|2x1|2x1,128,4,128,3,16,True,0.00014,0.006906,0.006082
,64,2,6,7,4,1,1,1,0,7,2,2,7,7,1x1|6x1,128,4,128,3,4,True,0.00018,0.005329,0.005807
,64,2,6,7,5,1,1,1,0,7,1,2,7,7,1x1|6x1,128,4,128,3,4,True,0.000205,0.005216,0.00541
,64,2,6,7,5,58,3,1,0,7,1,2,7,7,1x1|6x1,128,4,128,3,4,True,0.000165,0.008103,0.005532
,64,2,6,8,0,1,1,8,3,1,6,1,1,1,1x1,9,5,9,4,2,True,0.000339,0.000384,0.000291
,64,2,6,8,1,1,1,8,3,1,5,1,1,1,1x1,9,5,9,4,2,True,0.000207,0.000356,0.000276
,64,2,6,8,1,58,3,8,3,1,5,1,1,1,1x1,9,5,9,4,2,True,0.000166,0.000311,0.000302
,64,2,6,8,2,1,1,8,3,1,4,1,1,1,1x1,9,5,9,4,2,True,0.000171,0.000305,0.000264
,64,2,6,8,3,1,1,8,3,1,3,1,1,1,1x1,9,5,9,4,2,True,0.000166,0.000372,0.000274
,64,2,6,8,3,58,3,8,3,1,3,1,1,1,1x1,9,5,9,4,2,True,0.000168,0.000299,0.000293
,64,2,6,8,3,6,9,8,3,1,3,1,1,1,1x1,9,5,9,4,2,True,0.000167,0.000295,0.000345
,64,2,6,8,4,1,1,8,3,1,2,1,1,1,1x1,9,5,9,4,2,True,0.000179,0.000278,0.000249
,64,2,6,8,5,1,1,8,3,1,1,1,1,1,1x1,9,5,9,4,2,True,0.000338,0.000376,0.000253
,64,2,6,8,5,58,3,8,3,1,1,1,1,1,1x1,9,5,9,4,2,True,0.000254,0.001913,0.001272
,64,2,6,9,0,1,1,1,0,9,6,5,9,9,1x1|2x1|2x1|2x1|2x1,512,5,512,4,32,True,0.000175,0.030955,0.03315
,64,2,6,9,1,1,1,1,0,9,5,5,9,9,1x1|1x1|1x1|3x1|3x1,512,3,512,2,32,True,0.000283,0.032016,0.033787
,64,2,6,9,2,1,1,1,0,9,4,3,9,9,1x1|2x1|6x1,512,5,512,4,8,True,0.000292,0.029819,0.03118
,64,2,6,9,3,1,1,1,0,9,3,9,9,9,1x1|1x1|1x1|1x1|1x1|1x1|1x1|1x1|1x1,512,1,512,0,512,True,0.000181,0.03293,0.035186
,64,2,6,9,4,1,1,1,0,9,2,3,9,9,1x1|2x1|6x1,512,5,512,4,8,True,0.000354,0.029622,0.030386
,64,2,6,9,5,1,1,1,0,9,1,5,9,9,1x1|1x1|1x1|3x1|3x1,512,3,512,2,32,True,0.000172,0.030163,0.032719
,64,2,6,10,0,1,1,2,1,5,6,3,3,3,1x1|1x2|1x2,27,6,27,5,8,True,0.000228,0.001608,0.001744
,64,2,6,10,1,1,1,2,1,5,5,2,3,3,1x1|2x2,27,6,27,5,4,True,0.00014,0.001144,0.001664
,64,2,6,10,1,58,3,2,1,5,5,2,3,3,1x1|2x2,27,6,27,5,4,True,0.000204,0.001642,0.00168
,64,2,6,10,2,1,1,2,1,5,4,3,3,3,1x1|1x2|1x2,27,6,27,5,8,True,0.000123,0.001253,0.001183
,64,2,6,10,3,1,1,2,1,5,3,2,3,3,1x1|2x2,27,6,27,5,4,True,0.000121,0.001161,0.001215
,64,2,6,10,3,58,3,2,1,5,3,2,3,3,1x1|2x2,27,6,27,5,4,True,0.00021,0.001343,0.001298
,64,2,6,10,3,6,9,2,1,5,3,2,3,3,1x1|2x2,27,6,27,5,4,True,0.00013,0.001234,0.001245
,64,2,6,10,4,1,1,2,1,5,2,3,3,3,1x1|1x2|1x2,27,6,27,5,8,True,0.000104,0.001138,0.001233
,64,2,6,10,5,1,1,2,1,5,1,2,3,3,1x1|2x2,27,6,27,5,4,True,0.000216,0.001113,0.001236
,64,2,6,10,5,58,3,2,1,5,1,2,3,3,1x1|2x2,27,6,27,5,4,True,0.000127,0.00117,0.001818
,64,2,6,11,0,1,1,1,0,11,6,2,3,3,1x1|2x5,8,2,8,5,4,True,7.8e-05,0.00039,0.001134
,64,2,6,11,1,1,1,1,0,11,5,3,3,3,1x1|1x5|1x5,8,1,8,0,8,True,8.3e-05,0.000438,0.001244
,64,2,6,11,1,58,3,1,0,11,5,3,3,3,1x1|1x5|1x5,8,1,8,0,8,True,7.4e-05,0.000425,0.00127
,64,2,6,11,2,1,1,1,0,11,4,2,3,3,1x1|2x5,8,2,8,5,4,True,0.000109,0.000348,0.001132
,64,2,6,11,3,1,1,1,0,11,3,3,3,3,1x1|1x5|1x5,8,1,8,0,8,True,7.6e-05,0.000426,0.001241
,64,2,6,11,3,58,3,1,0,11,3,3,3,3,1x1|1x5|1x5,8,1,8,0,8,True,7.5e-05,0.000411,0.00127
,64,2,6,11,3,6,9,1,0,11,3,3,3,3,1x1|1x5|1x5,8,1,8,0,8,True,9.4e-05,0.000482,0.001623
,64,2,6,11,4,1,1,1,0,11,2,2,3,3,1x1|2x5,8,2,8,5,4,True,7.7e-05,0.000379,0.00112
,64,2,6,11,5,1,1,1,0,11,1,3,3,3,1x1|1x5|1x5,8,1,8,0,8,True,0.00011,0.000404,0.001292
,64,2,6,11,5,58,3,1,0,11,1,3,3,3,1x1|1x5|1x5,8,1,8,0,8,True,8.9e-05,0.000545,0.001375
,64,2,6,12,0,1,1,4,2,3,6,2,3,3,1x1|2x1,125,7,125,6,4,True,0.000432,0.007402,0.006953
,64,2,6,12,1,1,1,4,2,3,5,3,3,3,1x1|1x1|1x1,125,7,125,6,8,True,0.000387,0.007695,0.005937
,64,2,6,12,2,1,1,4,2,3,4,2,3,3,1x1|2x1,125,7,125,6,4,True,0.000335,0.007363,0.005866
,64,2,6,12,3,1,1,4,2,3,3,3,3,3,1x1|1x1|1x1,125,7,125,6,8,True,0.000191,0.007496,0.005897
,64,2,6,12,4,1,1,4,2,3,2,2,3,3,1x1|2x1,125,7,125,6,4,True,0.000458,0.007075,0.009037
,64,2,6,12,5,1,1,4,2,3,1,3,3,3,1x1|1x1|1x1,125,7,125,6,8,True,0.000338,0.008874,0.005729
,64,2,6,13,0,1,1,1,0,13,6,7,7,7,1x1|1x2|1x2|1x2|1x2|1x2|1x2,128,1,128,0,128,True,0.000181,0.013458,0.012073
,64,2,6,13,1,1,1,1,0,13,5,2,7,7,1x1|6x2,128,4,128,6,4,True,0.000229,0.010058,0.01115
,64,2,6,13,1,58,3,1,0,13,5,2,7,7,1x1|6x2,128,4,128,6,4,True,0.000176,0.010488,0.012331
,64,2,6,13,2,1,1,1,0,13,4,3,7,7,1x1|3x2|3x2,128,3,128,4,8,True,0.000138,0.012871,0.011234
,64,2,6,13,3,1,1,1,0,13,3,4,7,7,1x1|2x2|2x2|2x2,128,4,128,6,16,True,0.000199,0.010315,0.01093
,64,2,6,13,3,58,3,1,0,13,3,4,7,7,1x1|2x2|2x2|2x2,128,4,128,6,16,True,0.000145,0.010151,0.013174
,64,2,6,13,3,6,9,1,0,13,3,4,7,7,1x1|2x2|2x2|2x2,128,4,128,6,16,True,0.000165,0.01142,0.011352
,64,2,6,13,4,1,1,1,0,13,2,3,7,7,1x1|3x2|3x2,128,3,128,4,8,True,0.000189,0.011584,0.011
,64,2,6,13,5,1,1,1,0,13,1,2,7,7,1x1|6x2,128,4,128,6,4,True,0.000171,0.010319,0.010925
,64,2,6,13,5,58,3,1,0,13,1,2,7,7,1x1|6x2,128,4,128,6,4,True,0.00018,0.010373,0.011571
,64,2,6,14,0,1,1,2,1,7,6,4,7,7,1x1|2x1|2x1|2x1,2187,8,2187,7,16,True,0.000343,0.196703,0.183816
,64,2,6,14,1,1,1,2,1,7,5,2,7,7,1x1|6x1,2187,8,2187,7,4,True,0.001234,0.206339,0.191346
,64,2,6,14,1,58,3,2,1,7,5,2,7,7,1x1|6x1,2187,8,2187,7,4,True,0.001238,0.206915,0.189492
,64,2,6,14,2,1,1,2,1,7,4,2,7,7,1x1|6x1,2187,8,2187,7,4,True,0.001522,0.209395,0.185576
,64,2,6,14,3,1,1,2,1,7,3,4,7,7,1x1|2x1|2x1|2x1,2187,8,2187,7,16,True,0.000297,0.193762,0.185634
,64,2,6,14,3,58,3,2,1,7,3,4,7,7,1x1|2x1|2x1|2x1,2187,8,2187,7,16,True,0.000285,0.201844,0.178665
,64,2,6,14,3,6,9,2,1,7,3,4,7,7,1x1|2x1|2x1|2x1,2187,8,2187,7,16,True,0.000302,0.204938,0.1846
,64,2,6,14,4,1,1,2,1,7,2,2,7,7,1x1|6x1,2187,8,2187,7,4,True,0.00099,0.203912,0.188497
,64,2,6,14,5,1,1,2,1,7,1,2,7,7,1x1|6x1,2187,8,2187,7,4,True,0.001174,0.196465,0.180853
,64,2,6,14,5,58,3,2,1,7,1,2,7,7,1x1|6x1,2187,8,2187,7,4,True,0.001015,0.209426,0.18712
,64,2,6,15,0,1,1,1,0,15,6,6,9,9,1x1|1x2|1x2|2x1|2x2|2x2,512,6,512,5,64,True,0.000241,0.045896,0.051331
,64,2,6,15,1,1,1,1,0,15,5,6,9,9,1x1|1x1|1x1|2x2|2x2|2x2,512,4,512,6,64,True,0.000232,0.04705,0.049578
,64,2,6,15,2,1,1,1,0,15,4,6,9,9,1x1|1x2|1x2|2x1|2x2|2x2,512,6,512,5,64,True,0.000221,0.049176,0.047252
,64,2,6,15,3,1,1,1,0,15,3,6,9,9,1x1|1x1|1x1|2x2|2x2|2x2,512,4,512,6,64,True,0.00031,0.048495,0.052007
,64,2,6,15,4,1,1,1,0,15,2,6,9,9,1x1|1x2|1x2|2x1|2x2|2x2,512,6,512,5,64,True,0.000184,0.05232,0.051449
,64,2,6,15,5,1,1,1,0,15,1,6,9,9,1x1|1x1|1x1|2x2|2x2|2x2,512,4,512,6,64,True,0.000188,0.041952,0.0442
,64,2,6,16,0,1,1,16,4,1,6,1,1,1,1x1,17,9,17,8,2,True,0.001294,0.001714,0.001369
,64,2,6,16,1,1,1,16,4,1,5,1,1,1,1x1,17,9,17,8,2,True,0.001178,0.001288,0.000833
,64,2,6,16,1,58,3,16,4,1,5,1,1,1,1x1,17,9,17,8,2,True,0.000798,0.001131,0.000909
,64,2,6,16,2,1,1,16,4,1,4,1,1,1,1x1,17,9,17,8,2,True,0.000734,0.001724,0.001371
,64,2,6,16,3,1,1,16,4,1,3,1,1,1,1x1,17,9,17,8,2,True,0.001253,0.001321,0.000802
,64,2,6,16,3,58,3,16,4,1,3,1,1,1,1x1,17,9,17,8,2,True,0.000607,0.001061,0.000738
,64,2,6,16,3,6,9,16,4,1,3,1,1,1,1x1,17,9,17,8,2,True,0.000715,0.001045,0.000785
,64,2,6,16,4,1,1,16,4,1,2,1,1,1,1x1,17,9,17,8,2,True,0.000685,0.001592,0.001245
,64,2,6,16,5,1,1,16,4,1,1,1,1,1,1x1,17,9,17,8,2,True,0.001344,0.001175,0.00076
,64,2,6,16,5,58,3,16,4,1,1,1,1,1,1x1,17,9,17,8,2,True,0.00066,0.001007,0.000783
,64,2,6,17,0,1,1,1,0,17,6,5,5,5,1x1|1x4|1x4|1x4|1x4,32,1,32,0,32,True,0.000113,0.002966,0.00435
,64,2,6,17,1,1,1,1,0,17,5,3,5,5,1x1|2x4|2x4,32,3,32,8,8,True,0.000123,0.002469,0.003852
,64,2,6,17,1,58,3,1,0,17,5,3,5,5,1x1|2x4|2x4,32,3,32,8,8,True,0.000133,0.002609,0.003697
,64,2,6,17,2,1,1,1,0,17,4,5,5,5,1x1|1x4|1x4|1x4|1x4,32,1,32,0,32,True,0.00011,0.002878,0.004545
,64,2,6,17,3,1,1,1,0,17,3,3,5,5,1x1|2x4|2x4,32,3,32,8,8,True,0.000119,0.002317,0.003756
,64,2,6,17,3,58,3,1,0,17,3,3,5,5,1x1|2x4|2x4,32,3,32,8,8,True,0.000162,0.002871,0.003681
,64,2,6,17,3,6,9,1,0,17,3,3,5,5,1x1|2x4|2x4,32,3,32,8,8,True,0.000129,0.003145,0.004939
,64,2,6,17,4,1,1,1,0,17,2,5,5,5,1x1|1x4|1x4|1x4|1x4,32,1,32,0,32,True,0.00011,0.00318,0.004529
,64,2,6,17,5,1,1,1,0,17,1,3,5,5,1x1|2x4|2x4,32,3,32,8,8,True,0.000121,0.002444,0.003771
,64,2,6,17,5,58,3,1,0,17,1,3,5,5,1x1|2x4|2x4,32,3,32,8,8,True,0.000173,0.002546,0.004215
,64,2,6,18,0,1,1,2,1,9,6,5,9,9,1x1|2x1|2x1|2x1|2x1,19683,10,19683,9,32,True,0.00036,2.811877,2.529938
,64,2,6,18,1,1,1,2,1,9,5,5,9,9,1x1|1x1|1x1|3x1|3x1,19683,10,19683,9,32,True,0.000403,2.936833,2.653517
,64,2,6,18,2,1,1,2,1,9,4,3,9,9,1x1|2x1|6x1,19683,10,19683,9,8,True,0.001082,2.764184,2.63805
,64,2,6,18,3,1,1,2,1,9,3,9,9,9,1x1|1x1|1x1|1x1|1x1|1x1|1x1|1x1|1x1,19683,10,19683,9,512,True,0.000283,2.584889,2.284835
,64,2,6,18,4,1,1,2,1,9,2,3,9,9,1x1|2x1|6x1,19683,10,19683,9,8,True,0.001029,2.713736,2.544053
,64,2,6,18,5,1,1,2,1,9,1,5,9,9,1x1|1x1|1x1|3x1|3x1,19683,10,19683,9,32,True,0.000411,2.892818,2.704915
,64,2,6,19,0,1,1,1,0,19,6,4,7,7,1x1|2x3|2x3|2x3,128,4,128,9,16,True,0.000203,0.020371,0.020579
,64,2,6,19,1,1,1,1,0,19,5,3,7,7,1x1|3x3|3x3,128,3,128,6,8,True,0.000164,0.019655,0.022378
,64,2,6,19,1,58,3,1,0,19,5,3,7,7,1x1|3x3|3x3,128,3,128,6,8,True,0.000268,0.017904,0.018717
,64,2,6,19,2,1,1,1,0,19,4,2,7,7,1x1|6x3,128,4,128,9,4,True,0.000204,0.018448,0.018471
,64,2,6,19,3,1,1,1,0,19,3,7,7,7,1x1|1x3|1x3|1x3|1x3|1x3|1x3,128,1,128,0,128,True,0.000301,0.021336,0.019403
,64,2,6,19,3,58,3,1,0,19,3,7,7,7,1x1|1x3|1x3|1x3|1x3|1x3|1x3,128,1,128,0,128,True,0.0002,0.018844,0.021778
,64,2,6,19,3,6,9,1,0,19,3,7,7,7,1x1|1x3|1x3|1x3|1x3|1x3|1x3,128,1,128,0,128,True,0.000237,0.017107,0.020468
,64,2,6,19,4,1,1,1,0,19,2,2,7,7,1x1|6x3,128,4,128,9,4,True,0.000353,0.017562,0.022975
,64,2,6,19,5,1,1,1,0,19,1,3,7,7,1x1|3x3|3x3,128,3,128,6,8,True,0.000138,0.017912,0.019219
,64,2,6,19,5,58,3,1,0,19,1,3,7,7,1x1|3x3|3x3,128,3,128,6,8,True,0.000233,0.017604,0.019717
,64,2,6,20,0,1,1,4,2,5,6,3,3,3,1x1|1x2|1x2,125,11,125,10,8,True,0.000261,0.01418,0.010443
,64,2,6,20,1,1,1,4,2,5,5,2,3,3,1x1|2x2,125,11,125,10,4,True,0.000356,0.011436,0.009478
,64,2,6,20,1,58,3,4,2,5,5,2,3,3,1x1|2x2,125,11,125,10,4,True,0.000379,0.01196,0.012044
,64,2,6,20,2,1,1,4,2,5,4,3,3,3,1x1|1x2|1x2,125,11,125,10,8,True,0.000227,0.0154,0.00993
,64,2,6,20,3,1,1,4,2,5,3,2,3,3,1x1|2x2,125,11,125,10,4,True,0.000606,0.0124,0.009897
,64,2,6,20,3,58,3,4,2,5,3,2,3,3,1x1|2x2,125,11,125,10,4,True,0.000358,0.01175,0.009575
,64,2,6,20,4,1,1,4,2,5,2,3,3,3,1x1|1x2|1x2,125,11,125,10,8,True,0.000199,0.014735,0.010821
,64,2,6,20,5,1,1,4,2,5,1,2,3,3,1x1|2x2,125,11,125,10,4,True,0.000546,0.013935,0.011162
,64,2,6,20,5,58,3,4,2,5,1,2,3,3,1x1|2x2,125,11,125,10,4,True,0.000364,0.017694,0.010201
,64,2,6,22,0,1,1,2,1,11,6,2,3,3,1x1|2x5,27,6,27,11,4,True,0.000136,0.002402,0.002999
,64,2,6,22,1,1,1,2,1,11,5,3,3,3,1x1|1x5|1x5,27,6,27,11,8,True,0.000108,0.002454,0.003099
,64,2,6,22,1,58,3,2,1,11,5,3,3,3,1x1|1x5|1x5,27,6,27,11,8,True,0.000113,0.002428,0.003058
,64,2,6,22,2,1,1,2,1,11,4,2,3,3,1x1|2x5,27,6,27,11,4,True,0.000152,0.002283,0.002943
,64,2,6,22,3,1,1,2,1,11,3,3,3,3,1x1|1x5|1x5,27,6,27,11,8,True,0.000114,0.002715,0.002929
,64,2,6,22,3,58,3,2,1,11,3,3,3,3,1x1|1x5|1x5,27,6,27,11,8,True,0.000106,0.002355,0.003008
,64,2,6,22,3,6,9,2,1,11,3,3,3,3,1x1|1x5|1x5,27,6,27,11,8,True,0.000154,0.002569,0.003069
,64,2,6,22,4,1,1,2,1,11,2,2,3,3,1x1|2x5,27,6,27,11,4,True,0.000126,0.002521,0.003101
,64,2,6,22,5,1,1,2,1,11,1,3,3,3,1x1|1x5|1x5,27,6,27,11,8,True,0.000103,0.002413,0.002872
,64,2,6,22,5,58,3,2,1,11,1,3,3,3,1x1|1x5|1x5,27,6,27,11,8,True,0.00017,0.002672,0.00348
,64,2,6,23,0,1,1,1,0,23,6,2,3,3,1x1|2x11,8,2,8,11,4,True,0.000105,0.000612,0.002846
,64,2,6,23,1,1,1,1,0,23,5,2,3,3,1x1|2x11,8,2,8,11,4,True,7.7e-05,0.000516,0.003026
,64,2,6,23,1,58,3,1,0,23,5,2,3,3,1x1|2x11,8,2,8,11,4,True,7.5e-05,0.000735,0.002781
,64,2,6,23,2,1,1,1,0,23,4,2,3,3,1x1|2x11,8,2,8,11,4,True,8e-05,0.000656,0.003258
,64,2,6,23,3,1,1,1,0,23,3,2,3,3,1x1|2x11,8,2,8,11,4,True,0.000101,0.000508,0.002639
,64,2,6,23,3,58,3,1,0,23,3,2,3,3,1x1|2x11,8,2,8,11,4,True,7e-05,0.000508,0.003024
,64,2,6,23,3,6,9,1,0,23,3,2,3,3,1x1|2x11,8,2,8,11,4,True,8.2e-05,0.000571,0.0026
,64,2,6,23,4,1,1,1,0,23,2,2,3,3,1x1|2x11,8,2,8,11,4,True,7.3e-05,0.000553,0.018394
,64,2,6,23,5,1,1,1,0,23,1,2,3,3,1x1|2x11,8,2,8,11,4,True,7.7e-05,0.000487,0.002491
,64,2,6,23,5,58,3,1,0,23,1,2,3,3,1x1|2x11,8,2,8,11,4,True,7.6e-05,0.000505,0.00284
,64,2,6,24,0,1,1,8,3,3,6,2,3,3,1x1|2x1,729,13,729,12,4,True,0.001741,0.101782,0.074591
,64,2,6,24,1,1,1,8,3,3,5,3,3,3,1x1|1x1|1x1,729,13,729,12,8,True,0.000519,0.109713,0.075018
,64,2,6,24,2,1,1,8,3,3,4,2,3,3,1x1|2x1,729,13,729,12,4,True,0.001764,0.10038,0.07109
,64,2,6,24,3,1,1,8,3,3,3,3,3,3,1x1|1x1|1x1,729,13,729,12,8,True,0.000618,0.099165,0.079738
,64,2,6,24,4,1,1,8,3,3,2,2,3,3,1x1|2x1,729,13,729,12,4,True,0.001713,0.103883,0.071755
,64,2,6,24,5,1,1,8,3,3,1,3,3,3,1x1|1x1|1x1,729,13,729,12,8,True,0.00059,0.098999,0.06846
,64,2,6,25,0,1,1,1,0,25,6,5,5,5,1x1|1x2|1x2|1x10|1x10,32,1,32,0,32,True,0.000134,0.003414,0.005267
,64,2,6,25,1,1,1,1,0,25,5,3,5,5,1x1|2x2|2x10,32,4,32,12,8,True,0.000113,0.002568,0.00414
,64,2,6,25,1,58,3,1,0,25,5,3,5,5,1x1|2x2|2x10,32,4,32,12,8,True,0.000113,0.00285,0.004136
,64,2,6,25,2,1,1,1,0,25,4,5,5,5,1x1|1x2|1x2|1x10|1x10,32,1,32,0,32,True,0.000104,0.004936,0.00826
,64,2,6,25,3,1,1,1,0,25,3,3,5,5,1x1|2x2|2x10,32,4,32,12,8,True,0.000155,0.00285,0.004507
,64,2,6,25,3,58,3,1,0,25,3,3,5,5,1x1|2x2|2x10,32,4,32,12,8,True,0.000131,0.002625,0.004556
,64,2,6,25,3,6,9,1,0,25,3,3,5,5,1x1|2x2|2x10,32,4,32,12,8,True,0.000114,0.002835,0.005183
,64,2,6,25,4,1,1,1,0,25,2,5,5,5,1x1|1x2|1x2|1x10|1x10,32,1,32,0,32,True,0.000113,0.003142,0.00519
,64,2,6,25,5,1,1,1,0,25,1,3,5,5,1x1|2x2|2x10,32,4,32,12,8,True,0.000144,0.002458,0.004033
,64,2,6,25,5,58,3,1,0,25,1,3,5,5,1x1|2x2|2x10,32,4,32,12,8,True,0.000118,0.002442,0.004298
,64,2,6,26,0,1,1,2,1,13,6,7,7,7,1x1|1x2|1x2|1x2|1x2|1x2|1x2,2187,14,2187,13,128,True,0.000224,0.435267,0.401801
,64,2,6,26,1,1,1,2,1,13,5,2,7,7,1x1|6x2,2187,14,2187,13,4,True,0.001361,0.48243,0.466514
,64,2,6,26,1,58,3,2,1,13,5,2,7,7,1x1|6x2,2187,14,2187,13,4,True,0.001022,0.48641,0.467129
,64,2,6,26,2,1,1,2,1,13,4,3,7,7,1x1|3x2|3x2,2187,14,2187,13,8,True,0.00045,0.474123,0.447396
,64,2,6,26,3,1,1,2,1,13,3,4,7,7,1x1|2x2|2x2|2x2,2187,14,2187,13,16,True,0.000331,0.456162,0.408257
,64,2,6,26,3,58,3,2,1,13,3,4,7,7,1x1|2x2|2x2|2x2,2187,14,2187,13,16,True,0.000365,0.452416,0.431608
,64,2,6,26,3,6,9,2,1,13,3,4,7,7,1x1|2x2|2x2|2x2,2187,14,2187,13,16,True,0.000345,0.478758,0.431017
,64,2,6,26,4,1,1,2,1,13,2,3,7,7,1x1|3x2|3x2,2187,14,2187,13,8,True,0.000344,0.490938,0.466713
,64,2,6,26,5,1,1,2,1,13,1,2,7,7,1x1|6x2,2187,14,2187,13,4,True,0.001046,0.489605,0.449949
,64,2,6,26,5,58,3,2,1,13,1,2,7,7,1x1|6x2,2187,14,2187,13,4,True,0.000997,0.49391,0.43347
,64,2,6,27,0,1,1,1,0,27,6,8,15,15,1x1|2x1|2x1|2x1|2x1|2x3|2x3|2x3,32768,14,32768,13,256,True,0.000291,7.37736,8.298544
,64,2,6,27,1,1,1,1,0,27,5,7,15,15,1x1|1x1|1x1|3x1|3x1|3x3|3x3,32768,9,32768,8,128,True,0.000268,7.679163,8.021144
,64,2,6,27,2,1,1,1,0,27,4,4,15,15,1x1|2x1|6x1|6x3,32768,14,32768,13,16,True,0.000426,7.709227,8.14466
,64,2,6,27,3,1,1,1,0,27,3,15,15,15,1x1|1x1|1x1|1x1|1x1|1x1|1x1|1x1|1x1|1x3|1x3|1x3|1x3|1x3|1x3,32768,1,32768,0,32768,True,0.000435,8.201351,8.44784
,64,2,6,27,4,1,1,1,0,27,2,4,15,15,1x1|2x1|6x1|6x3,32768,14,32768,13,16,True,0.000381,7.592016,8.033387
,64,2,6,27,5,1,1,1,0,27,1,7,15,15,1x1|1x1|1x1|3x1|3x1|3x3|3x3,32768,9,32768,8,128,True,0.000287,7.715374,7.806309
,64,2,6,28,0,1,1,4,2,7,6,4,7,7,1x1|2x1|2x1|2x1,78125,15,78125,14,16,True,0.000992,19.902183,16.686511
,64,2,6,28,1,1,1,4,2,7,5,2,7,7,1x1|6x1,78125,15,78125,14,4,True,0.01919,20.623851,17.730921
,64,2,6,28,1,58,3,4,2,7,5,2,7,7,1x1|6x1,78125,15,78125,14,4,True,0.022601,19.573774,16.852019
,64,2,6,28,2,1,1,4,2,7,4,2,7,7,1x1|6x1,78125,15,78125,14,4,True,0.017582,19.794729,17.626368
,64,2,6,28,3,1,1,4,2,7,3,4,7,7,1x1|2x1|2x1|2x1,78125,15,78125,14,16,True,0.000995,19.066345,16.579166
,64,2,6,28,3,58,3,4,2,7,3,4,7,7,1x1|2x1|2x1|2x1,78125,15,78125,14,16,True,0.000977,19.563117,15.696424
,64,2,6,28,3,6,9,4,2,7,3,4,7,7,1x1|2x1|2x1|2x1,78125,15,78125,14,16,True,0.001028,18.752676,15.659154
,64,2,6,28,4,1,1,4,2,7,2,2,7,7,1x1|6x1,78125,15,78125,14,4,True,0.02008,19.060546,16.054679
,64,2,6,28,5,1,1,4,2,7,1,2,7,7,1x1|6x1,78125,15,78125,14,4,True,0.022224,18.675277,15.522544
,64,2,6,28,5,58,3,4,2,7,1,2,7,7,1x1|6x1,78125,15,78125,14,4,True,0.031433,18.189563,15.497904
,64,2,6,29,0,1,1,1,0,29,6,3,3,3,1x1|1x14|1x14,8,1,8,0,8,True,8.7e-05,0.001283,0.014435
,64,2,6,29,1,1,1,1,0,29,5,2,3,3,1x1|2x14,8,2,8,14,4,True,0.000125,0.000767,0.014025
,64,2,6,29,1,58,3,1,0,29,5,2,3,3,1x1|2x14,8,2,8,14,4,True,7.4e-05,0.000741,0.014
,64,2,6,29,2,1,1,1,0,29,4,3,3,3,1x1|1x14|1x14,8,1,8,0,8,True,7.4e-05,0.001181,0.014076
,64,2,6,29,3,1,1,1,0,29,3,2,3,3,1x1|2x14,8,2,8,14,4,True,7e-05,0.000777,0.013088
,64,2,6,29,3,58,3,1,0,29,3,2,3,3,1x1|2x14,8,2,8,14,4,True,0.000106,0.000744,0.014259
,64,2,6,29,3,6,9,1,0,29,3,2,3,3,1x1|2x14,8,2,8,14,4,True,7.6e-05,0.000811,0.015874
,64,2,6,29,4,1,1,1,0,29,2,3,3,3,1x1|1x14|1x14,8,1,8,0,8,True,8.6e-05,0.00125,0.014165
,64,2,6,29,5,1,1,1,0,29,1,2,3,3,1x1|2x14,8,2,8,14,4,True,0.000134,0.000819,0.014043
,64,2,6,29,5,58,3,1,0,29,1,2,3,3,1x1|2x14,8,2,8,14,4,True,0.000125,0.000797,0.016237
,64,2,6,30,0,1,1,2,1,15,6,6,9,9,1x1|1x2|1x2|2x1|2x2|2x2,19683,16,19683,15,64,True,0.000309,4.238237,4.047987
,64,2,6,30,1,1,1,2,1,15,5,6,9,9,1x1|1x1|1x1|2x2|2x2|2x2,19683,16,19683,15,64,True,0.000327,4.134826,3.818591
,64,2,6,30,2,1,1,2,1,15,4,6,9,9,1x1|1x2|1x2|2x1|2x2|2x2,19683,16,19683,15,64,True,0.000332,4.07731,3.872112
,64,2,6,30,3,1,1,2,1,15,3,6,9,9,1x1|1x1|1x1|2x2|2x2|2x2,19683,16,19683,15,64,True,0.000326,3.932238,3.723819
,64,2,6,30,4,1,1,2,1,15,2,6,9,9,1x1|1x2|1x2|2x1|2x2|2x2,19683,16,19683,15,64,True,0.000288,3.849388,3.84357
,64,2,6,30,5,1,1,2,1,15,1,6,9,9,1x1|1x1|1x1|2x2|2x2|2x2,19683,16,19683,15,64,True,0.000326,4.01304,3.62531
,64,2,6,31,0,1,1,1,0,31,6,4,7,7,1x1|2x5|2x5|2x5,128,4,128,15,16,True,0.000139,0.014987,0.015657
,64,2,6,31,1,1,1,1,0,31,5,4,7,7,1x1|2x5|2x5|2x5,128,4,128,15,16,True,0.000185,0.015172,0.020567
,64,2,6,31,1,58,3,1,0,31,5,4,7,7,1x1|2x5|2x5|2x5,128,4,128,15,16,True,0.000138,0.015444,0.017656
,64,2,6,31,2,1,1,1,0,31,4,4,7,7,1x1|2x5|2x5|2x5,128,4,128,15,16,True,0.000262,0.019192,0.018
,64,2,6,31,3,1,1,1,0,31,3,4,7,7,1x1|2x5|2x5|2x5,128,4,128,15,16,True,0.000144,0.017735,0.018022
,64,2,6,31,3,58,3,1,0,31,3,4,7,7,1x1|2x5|2x5|2x5,128,4,128,15,16,True,0.00022,0.015086,0.01691
,64,2,6,31,3,6,9,1,0,31,3,4,7,7,1x1|2x5|2x5|2x5,128,4,128,15,16,True,0.000173,0.015026,0.016547
,64,2,6,31,4,1,1,1,0,31,2,4,7,7,1x1|2x5|2x5|2x5,128,4,128,15,16,True,0.000159,0.014688,0.015514
,64,2,6,31,5,1,1,1,0,31,1,4,7,7,1x1|2x5|2x5|2x5,128,4,128,15,16,True,0.000144,0.014031,0.016006
,64,2,6,31,5,58,3,1,0,31,1,4,7,7,1x1|2x5|2x5|2x5,128,4,128,15,16,True,0.00014,0.014612,0.015259
,64,2,6,32,0,1,1,32,5,1,6,1,1,1,1x1,33,17,33,16,2,True,0.003108,0.004158,0.00269
,64,2,6,32,1,1,1,32,5,1,5,1,1,1,1x1,33,17,33,16,2,True,0.00289,0.003881,0.00255
,64,2,6,32,1,58,3,32,5,1,5,1,1,1,1x1,33,17,33,16,2,True,0.00272,0.004119,0.002876
,64,2,6,32,2,1,1,32,5,1,4,1,1,1,1x1,33,17,33,16,2,True,0.003287,0.005782,0.002965
,64,2,6,32,3,1,1,32,5,1,3,1,1,1,1x1,33,17,33,16,2,True,0.004867,0.003962,0.002094
,64,2,6,32,3,58,3,32,5,1,3,1,1,1,1x1,33,17,33,16,2,True,0.002706,0.004137,0.002633
,64,2,6,32,3,6,9,32,5,1,3,1,1,1,1x1,33,17,33,16,2,True,0.003122,0.004181,0.002408
,64,2,6,32,4,1,1,32,5,1,2,1,1,1,1x1,33,17,33,16,2,True,0.003456,0.004284,0.002427
,64,2,6,32,5,1,1,32,5,1,1,1,1,1,1x1,33,17,33,16,2,True,0.002598,0.003938,0.003419
,64,2,6,32,5,58,3,32,5,1,1,1,1,1,1x1,33,17,33,16,2,True,0.002595,0.003445,0.002173
,64,2,6,33,0,1,1,1,0,33,6,5,9,9,1x1|2x1|2x5|2x5|2x5,512,8,512,16,32,True,0.000156,0.093376,0.125534
,64,2,6,33,1,1,1,1,0,33,5,9,9,9,1x1|1x1|1x1|1x5|1x5|1x5|1x5|1x5|1x5,512,1,512,0,512,True,0.000165,0.115239,0.110156
,64,2,6,33,2,1,1,1,0,33,4,5,9,9,1x1|2x1|2x5|2x5|2x5,512,8,512,16,32,True,0.00018,0.087585,0.09946
,64,2,6,33,3,1,1,1,0,33,3,9,9,9,1x1|1x1|1x1|1x5|1x5|1x5|1x5|1x5|1x5,512,1,512,0,512,True,0.000222,0.119437,0.120165
,64,2,6,33,4,1,1,1,0,33,2,5,9,9,1x1|2x1|2x5|2x5|2x5,512,8,512,16,32,True,0.000189,0.095937,0.114116
,64,2,6,33,5,1,1,1,0,33,1,9,9,9,1x1|1x1|1x1|1x5|1x5|1x5|1x5|1x5|1x5,512,1,512,0,512,True,0.000256,0.109802,0.122864
,64,2,6,34,0,1,1,2,1,17,6,5,5,5,1x1|1x4|1x4|1x4|1x4,243,10,243,17,32,True,0.000175,0.0456,0.039684
,64,2,6,34,1,1,1,2,1,17,5,3,5,5,1x1|2x4|2x4,243,10,243,17,8,True,0.000175,0.039144,0.036856
,64,2,6,34,1,58,3,2,1,17,5,3,5,5,1x1|2x4|2x4,243,10,243,17,8,True,0.000293,0.064169,0.051899
,64,2,6,34,2,1,1,2,1,17,4,5,5,5,1x1|1x4|1x4|1x4|1x4,243,10,243,17,32,True,0.000223,0.04242,0.037508
,64,2,6,34,3,1,1,2,1,17,3,3,5,5,1x1|2x4|2x4,243,10,243,17,8,True,0.00019,0.044111,0.040354
,64,2,6,34,3,58,3,2,1,17,3,3,5,5,1x1|2x4|2x4,243,10,243,17,8,True,0.000355,0.050146,0.045604
,64,2,6,34,3,6,9,2,1,17,3,3,5,5,1x1|2x4|2x4,243,10,243,17,8,True,0.000304,0.046513,0.040746
,64,2,6,34,4,1,1,2,1,17,2,5,5,5,1x1|1x4|1x4|1x4|1x4,243,10,243,17,32,True,0.000352,0.04645,0.039101
,64,2,6,34,5,1,1,2,1,17,1,3,5,5,1x1|2x4|2x4,243,10,243,17,8,True,0.000203,0.048822,0.040584
,64,2,6,34,5,58,3,2,1,17,1,3,5,5,1x1|2x4|2x4,243,10,243,17,8,True,0.000192,0.044651,0.04216
,64,2,6,37,0,1,1,1,0,37,6,7,7,7,1x1|1x6|1x6|1x6|1x6|1x6|1x6,128,1,128,0,128,True,0.000146,0.04779,0.057348
,64,2,6,37,1,1,1,1,0,37,5,2,7,7,1x1|6x6,128,4,128,18,4,True,0.000177,0.044592,0.058199
,64,2,6,37,1,58,3,1,0,37,5,2,7,7,1x1|6x6,128,4,128,18,4,True,0.000175,0.045739,0.053216
,64,2,6,37,2,1,1,1,0,37,4,3,7,7,1x1|3x6|3x6,128,3,128,12,8,True,0.000163,0.049336,0.082537
,64,2,6,37,3,1,1,1,0,37,3,4,7,7,1x1|2x6|2x6|2x6,128,4,128,18,16,True,0.00017,0.039851,0.054722
,64,2,6,37,3,58,3,1,0,37,3,4,7,7,1x1|2x6|2x6|2x6,128,4,128,18,16,True,0.000225,0.043967,0.052328
,64,2,6,37,3,6,9,1,0,37,3,4,7,7,1x1|2x6|2x6|2x6,128,4,128,18,16,True,0.000149,0.039202,0.05513
,64,2,6,37,4,1,1,1,0,37,2,3,7,7,1x1|3x6|3x6,128,3,128,12,8,True,0.000165,0.05107,0.060702
,64,2,6,37,5,1,1,1,0,37,1,2,7,7,1x1|6x6,128,4,128,18,4,True,0.000223,0.041671,0.054909
,64,2,6,37,5,58,3,1,0,37,1,2,7,7,1x1|6x6,128,4,128,18,4,True,0.000223,0.047623,0.058905
,64,2,6,38,0,1,1,2,1,19,6,4,7,7,1x1|2x3|2x3|2x3,2187,14,2187,19,16,True,0.000283,0.787987,0.693262
,64,2,6,38,1,1,1,2,1,19,5,3,7,7,1x1|3x3|3x3,2187,14,2187,19,8,True,0.000321,0.76149,0.772085
,64,2,6,38,1,58,3,2,1,19,5,3,7,7,1x1|3x3|3x3,2187,14,2187,19,8,True,0.000423,0.803178,0.762129
,64,2,6,38,2,1,1,2,1,19,4,2,7,7,1x1|6x3,2187,14,2187,19,4,True,0.001148,0.805427,0.775485
,64,2,6,38,3,1,1,2,1,19,3,7,7,7,1x1|1x3|1x3|1x3|1x3|1x3|1x3,2187,14,2187,19,128,True,0.000203,0.733251,0.674603
,64,2,6,38,3,58,3,2,1,19,3,7,7,7,1x1|1x3|1x3|1x3|1x3|1x3|1x3,2187,14,2187,19,128,True,0.000219,0.673499,0.624997
,64,2,6,38,3,6,9,2,1,19,3,7,7,7,1x1|1x3|1x3|1x3|1x3|1x3|1x3,2187,14,2187,19,128,True,0.000227,0.718937,0.677587
,64,2,6,38,4,1,1,2,1,19,2,2,7,7,1x1|6x3,2187,14,2187,19,4,True,0.000971,0.82735,0.758276
,64,2,6,38,5,1,1,2,1,19,1,3,7,7,1x1|3x3|3x3,2187,14,2187,19,8,True,0.000528,0.790525,0.745064
,64,2,6,38,5,58,3,2,1,19,1,3,7,7,1x1|3x3|3x3,2187,14,2187,19,8,True,0.000345,0.824952,0.785951
,64,2,6,40,0,1,1,8,3,5,6,3,3,3,1x1|1x2|1x2,729,21,729,20,8,True,0.000559,0.177729,0.141866
,64,2,6,40,1,1,1,8,3,5,5,2,3,3,1x1|2x2,729,21,729,20,4,True,0.002205,0.186821,0.137516
,64,2,6,40,1,58,3,8,3,5,5,2,3,3,1x1|2x2,729,21,729,20,4,True,0.001762,0.190854,0.133095
,64,2,6,40,2,1,1,8,3,5,4,3,3,3,1x1|1x2|1x2,729,21,729,20,8,True,0.000917,0.200983,0.147053
,64,2,6,40,3,1,1,8,3,5,3,2,3,3,1x1|2x2,729,21,729,20,4,True,0.001633,0.177109,0.144934
,64,2,6,40,3,58,3,8,3,5,3,2,3,3,1x1|2x2,729,21,729,20,4,True,0.002439,0.179387,0.142008
,64,2,6,40,3,6,9,8,3,5,3,2,3,3,1x1|2x2,729,21,729,20,4,True,0.0017,0.169036,0.140016
,64,2,6,40,4,1,1,8,3,5,2,3,3,3,1x1|1x2|1x2,729,21,729,20,8,True,0.000613,0.184672,0.134863
,64,2,6,40,5,1,1,8,3,5,1,2,3,3,1x1|2x2,729,21,729,20,4,True,0.001873,0.171635,0.12971
,64,2,6,40,5,58,3,8,3,5,1,2,3,3,1x1|2x2,729,21,729,20,4,True,0.003206,0.199725,0.123822
,64,2,6,41,0,1,1,1,0,41,6,5,5,5,1x1|1x10|1x10|1x10|1x10,32,1,32,0,32,True,0.000152,0.009168,0.024557
,64,2,6,41,1,1,1,1,0,41,5,3,5,5,1x1|2x10|2x10,32,3,32,20,8,True,0.000139,0.007645,0.023671
,64,2,6,41,1,58,3,1,0,41,5,3,5,5,1x1|2x10|2x10,32,3,32,20,8,True,0.000115,0.006681,0.019987
,64,2,6,41,2,1,1,1,0,41,4,5,5,5,1x1|1x10|1x10|1x10|1x10,32,1,32,0,32,True,0.000104,0.008892,0.022361
,64,2,6,41,3,1,1,1,0,41,3,3,5,5,1x1|2x10|2x10,32,3,32,20,8,True,0.000103,0.006423,0.020224
,64,2,6,41,3,58,3,1,0,41,3,3,5,5,1x1|2x10|2x10,32,3,32,20,8,True,0.00012,0.006644,0.017699
,64,2,6,41,3,6,9,1,0,41,3,3,5,5,1x1|2x10|2x10,32,3,32,20,8,True,9.2e-05,0.00607,0.022609
,64,2,6,41,4,1,1,1,0,41,2,5,5,5,1x1|1x10|1x10|1x10|1x10,32,1,32,0,32,True,0.000154,0.011829,0.02089
,64,2,6,41,5,1,1,1,0,41,1,3,5,5,1x1|2x10|2x10,32,3,32,20,8,True,0.00013,0.006526,0.017857
,64,2,6,41,5,58,3,1,0,41,1,3,5,5,1x1|2x10|2x10,32,3,32,20,8,True,0.000556,0.00714,0.02272
,64,2,6,43,0,1,1,1,0,43,6,4,7,7,1x1|2x7|2x7|2x7,128,4,128,21,16,True,0.000142,0.031607,0.043934
,64,2,6,43,1,1,1,1,0,43,5,7,7,7,1x1|1x7|1x7|1x7|1x7|1x7|1x7,128,1,128,0,128,True,0.000181,0.05598,0.044122
,64,2,6,43,1,58,3,1,0,43,5,7,7,7,1x1|1x7|1x7|1x7|1x7|1x7|1x7,128,1,128,0,128,True,0.000129,0.036755,0.04588
,64,2,6,43,2,1,1,1,0,43,4,4,7,7,1x1|2x7|2x7|2x7,128,4,128,21,16,True,0.000144,0.030391,0.042028
,64,2,6,43,3,1,1,1,0,43,3,7,7,7,1x1|1x7|1x7|1x7|1x7|1x7|1x7,128,1,128,0,128,True,0.000128,0.035145,0.042332
,64,2,6,43,3,58,3,1,0,43,3,7,7,7,1x1|1x7|1x7|1x7|1x7|1x7|1x7,128,1,128,0,128,True,0.000178,0.056772,0.059314
,64,2,6,43,3,6,9,1,0,43,3,7,7,7,1x1|1x7|1x7|1x7|1x7|1x7|1x7,128,1,128,0,128,True,0.000203,0.047657,0.044586
,64,2,6,43,4,1,1,1,0,43,2,4,7,7,1x1|2x7|2x7|2x7,128,4,128,21,16,True,0.00014,0.029294,0.03718
,64,2,6,43,5,1,1,1,0,43,1,7,7,7,1x1|1x7|1x7|1x7|1x7|1x7|1x7,128,1,128,0,128,True,0.000128,0.039609,0.041378
,64,2,6,43,5,58,3,1,0,43,1,7,7,7,1x1|1x7|1x7|1x7|1x7|1x7|1x7,128,1,128,0,128,True,0.000147,0.035371,0.04632
,64,2,6,44,0,1,1,4,2,11,6,2,3,3,1x1|2x5,125,15,125,22,4,True,0.000327,0.032412,0.028618
,64,2,6,44,1,1,1,4,2,11,5,3,3,3,1x1|1x5|1x5,125,15,125,22,8,True,0.000213,0.03038,0.025259
,64,2,6,44,1,58,3,4,2,11,5,3,3,3,1x1|1x5|1x5,125,15,125,22,8,True,0.000187,0.030807,0.02501
,64,2,6,44,2,1,1,4,2,11,4,2,3,3,1x1|2x5,125,15,125,22,4,True,0.000325,0.027945,0.024763
,64,2,6,44,3,1,1,4,2,11,3,3,3,3,1x1|1x5|1x5,125,15,125,22,8,True,0.00034,0.028723,0.024566
,64,2,6,44,3,58,3,4,2,11,3,3,3,3,1x1|1x5|1x5,125,15,125,22,8,True,0.000347,0.035773,0.027755
,64,2,6,44,3,6,9,4,2,11,3,3,3,3,1x1|1x5|1x5,125,15,125,22,8,True,0.000264,0.032577,0.023567
,64,2,6,44,4,1,1,4,2,11,2,2,3,3,1x1|2x5,125,15,125,22,4,True,0.000325,0.02865,0.023712
,64,2,6,44,5,1,1,4,2,11,1,3,3,3,1x1|1x5|1x5,125,15,125,22,8,True,0.000256,0.034,0.030358
,64,2,6,44,5,58,3,4,2,11,1,3,3,3,1x1|1x5|1x5,125,15,125,22,8,True,0.000429,0.030832,0.033493
,64,2,6,46,0,1,1,2,1,23,6,2,3,3,1x1|2x11,27,6,27,23,4,True,0.000216,0.004838,0.009185
,64,2,6,46,1,1,1,2,1,23,5,2,3,3,1x1|2x11,27,6,27,23,4,True,0.000247,0.006961,0.009073
,64,2,6,46,1,58,3,2,1,23,5,2,3,3,1x1|2x11,27,6,27,23,4,True,0.000207,0.006707,0.006333
,64,2,6,46,2,1,1,2,1,23,4,2,3,3,1x1|2x11,27,6,27,23,4,True,0.000138,0.004705,0.00824
,64,2,6,46,3,1,1,2,1,23,3,2,3,3,1x1|2x11,27,6,27,23,4,True,0.000211,0.006939,0.008632
,64,2,6,46,3,58,3,2,1,23,3,2,3,3,1x1|2x11,27,6,27,23,4,True,0.000121,0.004142,0.006554
,64,2,6,46,3,6,9,2,1,23,3,2,3,3,1x1|2x11,27,6,27,23,4,True,0.000204,0.006802,0.007535
,64,2,6,46,4,1,1,2,1,23,2,2,3,3,1x1|2x11,27,6,27,23,4,True,0.000183,0.005452,0.006084
,64,2,6,46,5,1,1,2,1,23,1,2,3,3,1x1|2x11,27,6,27,23,4,True,0.000125,0.004626,0.006371
,64,2,6,46,5,58,3,2,1,23,1,2,3,3,1x1|2x11,27,6,27,23,4,True,0.000363,0.004978,0.007827
,64,2,6,47,0,1,1,1,0,47,6,2,3,3,1x1|2x23,8,2,8,23,4,True,7.7e-05,0.001178,0.018667
,64,2,6,47,1,1,1,1,0,47,5,2,3,3,1x1|2x23,8,2,8,23,4,True,0.000152,0.001679,0.020045
,64,2,6,47,1,58,3,1,0,47,5,2,3,3,1x1|2x23,8,2,8,23,4,True,0.000189,0.001397,0.02289
,64,2,6,47,2,1,1,1,0,47,4,2,3,3,1x1|2x23,8,2,8,23,4,True,7.2e-05,0.001402,0.016263
,64,2,6,47,3,1,1,1,0,47,3,2,3,3,1x1|2x23,8,2,8,23,4,True,7.4e-05,0.001088,0.015801
,64,2,6,47,3,58,3,1,0,47,3,2,3,3,1x1|2x23,8,2,8,23,4,True,0.000101,0.001152,0.018443
,64,2,6,47,3,6,9,1,0,47,3,2,3,3,1x1|2x23,8,2,8,23,4,True,8.2e-05,0.00127,0.017555
,64,2,6,47,4,1,1,1,0,47,2,2,3,3,1x1|2x23,8,2,8,23,4,True,7.4e-05,0.00112,0.017749
,64,2,6,47,5,1,1,1,0,47,1,2,3,3,1x1|2x23,8,2,8,23,4,True,0.00011,0.00119,0.018716
,64,2,6,47,5,58,3,1,0,47,1,2,3,3,1x1|2x23,8,2,8,23,4,True,0.000111,0.001288,0.018867
,64,2,6,48,0,1,1,16,4,3,6,2,3,3,1x1|2x1,4913,25,4913,24,4,True,0.01788,1.847818,1.206199
,64,2,6,48,1,1,1,16,4,3,5,3,3,3,1x1|1x1|1x1,4913,25,4913,24,8,True,0.001772,1.817453,1.253299
,64,2,6,48,2,1,1,16,4,3,4,2,3,3,1x1|2x1,4913,25,4913,24,4,True,0.014505,1.738746,1.224601
,64,2,6,48,3,1,1,16,4,3,3,3,3,3,1x1|1x1|1x1,4913,25,4913,24,8,True,0.002709,1.79866,1.289556
,64,2,6,48,4,1,1,16,4,3,2,2,3,3,1x1|2x1,4913,25,4913,24,4,True,0.014794,1.794199,1.236355
,64,2,6,48,5,1,1,16,4,3,1,3,3,3,1x1|1x1|1x1,4913,25,4913,24,8,True,0.00228,1.872313,1.20339
,64,2,6,49,0,1,1,1,0,49,6,7,13,13,1x1|2x1|2x1|2x1|2x7|2x7|2x7,8192,16,8192,24,128,True,0.000283,2.427602,2.492423
,64,2,6,49,1,1,1,1,0,49,5,3,13,13,1x1|6x1|6x7,8192,16,8192,24,8,True,0.000289,2.486933,2.469011
,64,2,6,49,1,58,3,1,0,49,5,3,13,13,1x1|6x1|6x7,8192,16,8192,24,8,True,0.000343,2.41862,2.483938
,64,2,6,49,2,1,1,1,0,49,4,3,13,13,1x1|6x1|6x7,8192,16,8192,24,8,True,0.000307,2.405737,2.435071
,64,2,6,49,3,1,1,1,0,49,3,7,13,13,1x1|2x1|2x1|2x1|2x7|2x7|2x7,8192,16,8192,24,128,True,0.000237,2.379217,2.442632
,64,2,6,49,3,58,3,1,0,49,3,7,13,13,1x1|2x1|2x1|2x1|2x7|2x7|2x7,8192,16,8192,24,128,True,0.000284,2.443809,2.461846
,64,2,6,49,3,6,9,1,0,49,3,7,13,13,1x1|2x1|2x1|2x1|2x7|2x7|2x7,8192,16,8192,24,128,True,0.000242,2.36623,2.460338
,64,2,6,49,4,1,1,1,0,49,2,3,13,13,1x1|6x1|6x7,8192,16,8192,24,8,True,0.000309,2.333885,2.414288
,64,2,6,49,5,1,1,1,0,49,1,3,13,13,1x1|6x1|6x7,8192,16,8192,24,8,True,0.000323,2.299386,2.633384
,64,2,6,49,5,58,3,1,0,49,1,3,13,13,1x1|6x1|6x7,8192,16,8192,24,8,True,0.000328,2.470535,2.529312
,64,2,6,50,0,1,1,2,1,25,6,5,5,5,1x1|1x2|1x2|1x10|1x10,243,18,243,25,32,True,0.000221,0.058358,0.054473
,64,2,6,50,1,1,1,2,1,25,5,3,5,5,1x1|2x2|2x10,243,18,243,25,8,True,0.000341,0.056259,0.053071
,64,2,6,50,1,58,3,2,1,25,5,3,5,5,1x1|2x2|2x10,243,18,243,25,8,True,0.000339,0.06011,0.056074
,64,2,6,50,2,1,1,2,1,25,4,5,5,5,1x1|1x2|1x2|1x10|1x10,243,18,243,25,32,True,0.000188,0.055183,0.056063
,64,2,6,50,3,1,1,2,1,25,3,3,5,5,1x1|2x2|2x10,243,18,243,25,8,True,0.000197,0.054592,0.055692
,64,2,6,50,3,58,3,2,1,25,3,3,5,5,1x1|2x2|2x10,243,18,243,25,8,True,0.000307,0.056976,0.048581
,64,2,6,50,3,6,9,2,1,25,3,3,5,5,1x1|2x2|2x10,243,18,243,25,8,True,0.000171,0.048856,0.057988
,64,2,6,50,4,1,1,2,1,25,2,5,5,5,1x1|1x2|1x2|1x10|1x10,243,18,243,25,32,True,0.000171,0.056978,0.056463
,64,2,6,50,5,1,1,2,1,25,1,3,5,5,1x1|2x2|2x10,243,18,243,25,8,True,0.000259,0.050983,0.049323
,64,2,6,50,5,58,3,2,1,25,1,3,5,5,1x1|2x2|2x10,243,18,243,25,8,True,0.000286,0.054502,0.056889
,64,2,6,51,0,1,1,1,0,51,6,10,15,15,1x1|1x4|1x4|1x4|1x4|2x1|2x4|2x4|2x4|2x4,32768,10,32768,17,1024,True,0.000323,17.811191,17.628891
,64,2,6,51,1,1,1,1,0,51,5,9,15,15,1x1|1x1|1x1|2x4|2x4|2x4|2x4|2x4|2x4,32768,7,32768,24,512,True,0.000259,15.668238,16.927512
,64,2,6,51,2,1,1,1,0,51,4,10,15,15,1x1|1x4|1x4|1x4|1x4|2x1|2x4|2x4|2x4|2x4,32768,10,32768,17,1024,True,0.00036,17.892653,18.197603
,64,2,6,51,3,1,1,1,0,51,3,9,15,15,1x1|1x1|1x1|2x4|2x4|2x4|2x4|2x4|2x4,32768,7,32768,24,512,True,0.000234,15.457716,16.320446
,64,2,6,51,4,1,1,1,0,51,2,10,15,15,1x1|1x4|1x4|1x4|1x4|2x1|2x4|2x4|2x4|2x4,32768,10,32768,17,1024,True,0.000394,17.267132,17.773926
,64,2,6,51,5,1,1,1,0,51,1,9,15,15,1x1|1x1|1x1|2x4|2x4|2x4|2x4|2x4|2x4,32768,7,32768,24,512,True,0.000322,15.759243,16.694497
,64,2,6,52,0,1,1,4,2,13,6,7,7,7,1x1|1x2|1x2|1x2|1x2|1x2|1x2,78125,27,78125,26,128,True,0.000489,47.516334,40.477209
,64,2,6,52,1,1,1,4,2,13,5,2,7,7,1x1|6x2,78125,27,78125,26,4,True,0.015289,52.690901,46.299289
,64,2,6,52,1,58,3,4,2,13,5,2,7,7,1x1|6x2,78125,27,78125,26,4,True,0.021401,53.78939,46.43927
,64,2,6,52,2,1,1,4,2,13,4,3,7,7,1x1|3x2|3x2,78125,27,78125,26,8,True,0.001226,53.41068,49.260586
,64,2,6,52,3,1,1,4,2,13,3,4,7,7,1x1|2x2|2x2|2x2,78125,27,78125,26,16,True,0.000859,53.968218,45.289335
,64,2,6,52,3,58,3,4,2,13,3,4,7,7,1x1|2x2|2x2|2x2,78125,27,78125,26,16,True,0.000896,51.063804,43.851299
,64,2,6,52,3,6,9,4,2,13,3,4,7,7,1x1|2x2|2x2|2x2,78125,27,78125,26,16,True,0.000977,47.995444,44.316043
,64,2,6,52,4,1,1,4,2,13,2,3,7,7,1x1|3x2|3x2,78125,27,78125,26,8,True,0.002198,51.772343,44.180568
,64,2,6,52,5,1,1,4,2,13,1,2,7,7,1x1|6x2,78125,27,78125,26,4,True,0.015046,49.385924,44.156382
,64,2,6,52,5,58,3,4,2,13,1,2,7,7,1x1|6x2,78125,27,78125,26,4,True,0.016346,49.754045,43.960609
,64,2,6,53,0,1,1,1,0,53,6,3,3,3,1x1|1x26|1x26,8,1,8,0,8,True,8e-05,0.002641,0.079385
,64,2,6,53,1,1,1,1,0,53,5,2,3,3,1x1|2x26,8,2,8,26,4,True,0.000105,0.002002,0.085095
,64,2,6,53,1,58,3,1,0,53,5,2,3,3,1x1|2x26,8,2,8,26,4,True,0.000124,0.00212,0.089092
,64,2,6,53,2,1,1,1,0,53,4,3,3,3,1x1|1x26|1x26,8,1,8,0,8,True,9.6e-05,0.003469,0.097248
,64,2,6,53,3,1,1,1,0,53,3,2,3,3,1x1|2x26,8,2,8,26,4,True,0.000129,0.002334,0.125171
,64,2,6,53,3,58,3,1,0,53,3,2,3,3,1x1|2x26,8,2,8,26,4,True,0.000122,0.002567,0.09722
,64,2,6,53,3,6,9,1,0,53,3,2,3,3,1x1|2x26,8,2,8,26,4,True,6.8e-05,0.00139,0.068883
,64,2,6,53,4,1,1,1,0,53,2,3,3,3,1x1|1x26|1x26,8,1,8,0,8,True,6.7e-05,0.002321,0.069608
,64,2,6,53,5,1,1,1,0,53,1,2,3,3,1x1|2x26,8,2,8,26,4,True,0.000125,0.001693,0.07086
,64,2,6,53,5,58,3,1,0,53,1,2,3,3,1x1|2x26,8,2,8,26,4,True,8.7e-05,0.001589,0.070363
,64,2,6,55,0,1,1,1,0,55,6,6,9,9,1x1|1x2|1x2|2x5|2x10|2x10,512,6,512,25,64,True,0.000192,0.23712,0.220192
,64,2,6,55,1,1,1,1,0,55,5,6,9,9,1x1|1x5|1x5|2x2|2x10|2x10,512,6,512,22,64,True,0.000319,0.228903,0.271814
,64,2,6,55,1,58,3,1,0,55,5,6,9,9,1x1|1x5|1x5|2x2|2x10|2x10,512,6,512,22,64,True,0.000352,0.293599,0.252189
,64,2,6,55,2,1,1,1,0,55,4,6,9,9,1x1|1x2|1x2|2x5|2x10|2x10,512,6,512,25,64,True,0.00018,0.210915,0.245394
,64,2,6,55,3,1,1,1,0,55,3,6,9,9,1x1|1x5|1x5|2x2|2x10|2x10,512,6,512,22,64,True,0.000248,0.238429,0.25314
,64,2,6,55,3,58,3,1,0,55,3,6,9,9,1x1|1x5|1x5|2x2|2x10|2x10,512,6,512,22,64,True,0.000161,0.242717,0.253598
,64,2,6,55,3,6,9,1,0,55,3,6,9,9,1x1|1x5|1x5|2x2|2x10|2x10,512,6,512,22,64,True,0.000309,0.20991,0.261492
,64,2,6,55,4,1,1,1,0,55,2,6,9,9,1x1|1x2|1x2|2x5|2x10|2x10,512,6,512,25,64,True,0.000245,0.202829,0.231853
,64,2,6,55,5,1,1,1,0,55,1,6,9,9,1x1|1x5|1x5|2x2|2x10|2x10,512,6,512,22,64,True,0.00035,0.259644,0.273384
,64,2,6,55,5,58,3,1,0,55,1,6,9,9,1x1|1x5|1x5|2x2|2x10|2x10,512,6,512,22,64,True,0.00031,0.310073,0.267323
,64,2,6,58,0,1,1,2,1,29,6,3,3,3,1x1|1x14|1x14,27,6,27,29,8,True,0.000119,0.008665,0.021645
,64,2,6,58,1,1,1,2,1,29,5,2,3,3,1x1|2x14,27,6,27,29,4,True,0.000134,0.008142,0.019757
,64,2,6,58,1,58,3,2,1,29,5,2,3,3,1x1|2x14,27,6,27,29,4,True,0.000114,0.008044,0.019035
,64,2,6,58,2,1,1,2,1,29,4,3,3,3,1x1|1x14|1x14,27,6,27,29,8,True,0.000101,0.00772,0.022038
,64,2,6,58,3,1,1,2,1,29,3,2,3,3,1x1|2x14,27,6,27,29,4,True,0.000127,0.00827,0.020757
,64,2,6,58,3,58,3,2,1,29,3,2,3,3,1x1|2x14,27,6,27,29,4,True,0.000126,0.008161,0.020838
,64,2,6,58,3,6,9,2,1,29,3,2,3,3,1x1|2x14,27,6,27,29,4,True,0.000136,0.007701,0.019594
,64,2,6,58,4,1,1,2,1,29,2,3,3,3,1x1|1x14|1x14,27,6,27,29,8,True,0.000127,0.00845,0.018909
,64,2,6,58,5,1,1,2,1,29,1,2,3,3,1x1|2x14,27,6,27,29,4,True,0.000122,0.00717,0.020671
,64,2,6,58,5,58,3,2,1,29,1,2,3,3,1x1|2x14,27,6,27,29,4,True,0.000113,0.007374,0.020827
,64,2,6,59,0,1,1,1,0,59,6,2,3,3,1x1|2x29,8,2,8,29,4,True,8.1e-05,0.002245,0.074531
,64,2,6,59,1,1,1,1,0,59,5,3,3,3,1x1|1x29|1x29,8,1,8,0,8,True,7.1e-05,0.003174,0.071257
,64,2,6,59,1,58,3,1,0,59,5,3,3,3,1x1|1x29|1x29,8,1,8,0,8,True,8.3e-05,0.00343,0.070208
,64,2,6,59,2,1,1,1,0,59,4,2,3,3,1x1|2x29,8,2,8,29,4,True,0.000131,0.002373,0.066491
,64,2,6,59,3,1,1,1,0,59,3,3,3,3,1x1|1x29|1x29,8,1,8,0,8,True,7.1e-05,0.003042,0.06596
,64,2,6,59,3,58,3,1,0,59,3,3,3,3,1x1|1x29|1x29,8,1,8,0,8,True,6.3e-05,0.003066,0.068669
,64,2,6,59,3,6,9,1,0,59,3,3,3,3,1x1|1x29|1x29,8,1,8,0,8,True,9.7e-05,0.003586,0.076714
,64,2,6,59,4,1,1,1,0,59,2,2,3,3,1x1|2x29,8,2,8,29,4,True,0.000112,0.002128,0.071677
,64,2,6,59,5,1,1,1,0,59,1,3,3,3,1x1|1x29|1x29,8,1,8,0,8,True,7.4e-05,0.003659,0.074574
,64,2,6,59,5,58,3,1,0,59,1,3,3,3,1x1|1x29|1x29,8,1,8,0,8,True,8.6e-05,0.003392,0.079221
,81,3,4,1,0,1,1,1,0,1,4,1,1,1,1x1,2,1,2,0,2,True,6e-05,5.9e-05,5e-05
,81,3,4,1,0,2,2,1,0,1,4,1,1,1,1x1,2,1,2,0,2,True,5.7e-05,5.8e-05,4.7e-05
,81,3,4,1,1,1,1,1,0,1,3,1,1,1,1x1,2,1,2,0,2,True,5.3e-05,7e-05,4.7e-05
,81,3,4,1,1,2,2,1,0,1,3,1,1,1,1x1,2,1,2,0,2,True,6.8e-05,5.9e-05,6e-05
,81,3,4,1,1,42,4,1,0,1,3,1,1,1,1x1,2,1,2,0,2,True,3.6e-05,5e-05,4.5e-05
,81,3,4,1,2,1,1,1,0,1,2,1,1,1,1x1,2,1,2,0,2,True,3.4e-05,4.6e-05,4.5e-05
,81,3,4,1,2,2,2,1,0,1,2,1,1,1,1x1,2,1,2,0,2,True,5.1e-05,5.4e-05,4.7e-05
,81,3,4,1,2,20,5,1,0,1,2,1,1,1,1x1,2,1,2,0,2,True,5.2e-05,5.4e-05,4.8e-05
,81,3,4,1,2,10,10,1,0,1,2,1,1,1,1x1,2,1,2,0,2,True,4.6e-05,5e-05,4.4e-05
,81,3,4,1,3,1,1,1,0,1,1,1,1,1,1x1,2,1,2,0,2,True,5.5e-05,5.6e-05,5.9e-05
,81,3,4,1,3,2,2,1,0,1,1,1,1,1,1x1,2,1,2,0,2,True,6.6e-05,7.1e-05,7.2e-05
,81,3,4,1,3,42,4,1,0,1,1,1,1,1,1x1,2,1,2,0,2,True,5.9e-05,5.7e-05,4.5e-05
,81,3,4,2,0,1,1,1,0,2,4,2,2,2,1x1|1x1,4,1,4,0,4,True,7.6e-05,0.000166,0.0001
,81,3,4,2,1,1,1,1,0,2,3,2,2,2,1x1|1x1,4,1,4,0,4,True,6.2e-05,0.000174,0.000109
,81,3,4,2,2,1,1,1,0,2,2,2,2,2,1x1|1x1,4,1,4,0,4,True,8.3e-05,0.000108,9.9e-05
,81,3,4,2,2,20,5,1,0,2,2,2,2,2,1x1|1x1,4,1,4,0,4,True,6.9e-05,0.000171,0.0001
,81,3,4,2,3,1,1,1,0,2,1,2,2,2,1x1|1x1,4,1,4,0,4,True,7e-05,0.000101,0.000116
,81,3,4,3,0,1,1,3,1,1,4,1,1,1,1x1,4,2,4,1,2,True,9.5e-05,0.000103,0.00014
,81,3,4,3,0,2,2,3,1,1,4,1,1,1,1x1,4,2,4,1,2,True,7.2e-05,0.000154,0.000114
,81,3,4,3,1,1,1,3,1,1,3,1,1,1,1x1,4,2,4,1,2,True,6.7e-05,9.7e-05,8.8e-05
,81,3,4,3,1,2,2,3,1,1,3,1,1,1,1x1,4,2,4,1,2,True,7.6e-05,0.000111,0.000108
,81,3,4,3,1,42,4,3,1,1,3,1,1,1,1x1,4,2,4,1,2,True,6.9e-05,0.000141,9e-05
,81,3,4,3,2,1,1,3,1,1,2,1,1,1,1x1,4,2,4,1,2,True,6.3e-05,0.000109,0.000126
,81,3,4,3,2,2,2,3,1,1,2,1,1,1,1x1,4,2,4,1,2,True,0.0001,0.000185,0.000141
,81,3,4,3,2,20,5,3,1,1,2,1,1,1,1x1,4,2,4,1,2,True,7.6e-05,0.000103,9.7e-05
,81,3,4,3,2,10,10,3,1,1,2,1,1,1,1x1,4,2,4,1,2,True,7e-05,0.000117,8.8e-05
,81,3,4,3,3,1,1,3,1,1,1,1,1,1,1x1,4,2,4,1,2,True,7.7e-05,0.000106,9.4e-05
,81,3,4,3,3,2,2,3,1,1,1,1,1,1,1x1,4,2,4,1,2,True,5.9e-05,9.8e-05,9e-05
,81,3,4,3,3,42,4,3,1,1,1,1,1,1,1x1,4,2,4,1,2,True,6.1e-05,9.9e-05,9.8e-05
,81,3,4,4,0,1,1,1,0,4,4,3,4,4,1x1|1x1|2x1,16,2,16,1,8,True,0.000126,0.000637,0.000655
,81,3,4,4,1,1,1,1,0,4,3,4,4,4,1x1|1x1|1x1|1x1,16,1,16,0,16,True,0.000104,0.000494,0.000476
,81,3,4,4,2,1,1,1,0,4,2,3,4,4,1x1|1x1|2x1,16,2,16,1,8,True,0.000102,0.000451,0.000533
,81,3,4,4,2,20,5,1,0,4,2,3,4,4,1x1|1x1|2x1,16,2,16,1,8,True,0.000124,0.000457,0.000435
,81,3,4,4,3,1,1,1,0,4,1,4,4,4,1x1|1x1|1x1|1x1,16,1,16,0,16,True,0.000149,0.000561,0.000488
,81,3,4,5,0,1,1,1,0,5,4,3,5,5,1x1|2x1|2x1,32,3,32,2,8,True,0.000121,0.001038,0.001022
,81,3,4,5,0,2,2,1,0,5,4,3,5,5,1x1|2x1|2x1,32,3,32,2,8,True,0.000104,0.000995,0.00135
,81,3,4,5,1,1,1,1,0,5,3,2,5,5,1x1|4x1,32,3,32,2,4,True,0.000113,0.00105,0.001196
,81,3,4,5,1,2,2,1,0,5,3,2,5,5,1x1|4x1,32,3,32,2,4,True,0.00013,0.001142,0.001109
,81,3,4,5,1,42,4,1,0,5,3,2,5,5,1x1|4x1,32,3,32,2,4,True,0.000122,0.001208,0.00122
,81,3,4,5,2,1,1,1,0,5,2,5,5,5,1x1|1x1|1x1|1x1|1x1,32,1,32,0,32,True,0.00011,0.00196,0.001254
,81,3,4,5,2,2,2,1,0,5,2,5,5,5,1x1|1x1|1x1|1x1|1x1,32,1,32,0,32,True,0.000132,0.001409,0.001242
,81,3,4,5,3,2,2,1,0,5,1,2,5,5,1x1|4x1,32,3,32,2,4,True,0.000137,0.001107,0.001387
,81,3,4,5,3,42,4,1,0,5,1,2,5,5,1x1|4x1,32,3,32,2,4,True,8.9e-05,0.000918,0.000977
,81,3,4,6,0,1,1,3,1,2,4,2,2,2,1x1|1x1,16,3,16,2,4,True,0.000137,0.000537,0.000449
,81,3,4,6,1,1,1,3,1,2,3,2,2,2,1x1|1x1,16,3,16,2,4,True,0.000137,0.000536,0.000587
,81,3,4,6,2,1,1,3,1,2,2,2,2,2,1x1|1x1,16,3,16,2,4,True,0.000137,0.000725,0.000491
,81,3,4,6,2,20,5,3,1,2,2,2,2,2,1x1|1x1,16,3,16,2,4,True,0.000179,0.000627,0.000462
,81,3,4,6,3,1,1,3,1,2,1,2,2,2,1x1|1x1,16,3,16,2,4,True,0.000141,0.000501,0.000505
,81,3,4,7,0,1,1,1,0,7,4,2,3,3,1x1|2x3,8,2,8,3,4,True,0.000107,0.000309,0.000757
,81,3,4,7,0,2,2,1,0,7,4,2,3,3,1x1|2x3,8,2,8,3,4,True,7.4e-05,0.000279,0.000709
,81,3,4,7,1,1,1,1,0,7,3,3,3,3,1x1|1x3|1x3,8,1,8,0,8,True,7e-05,0.000359,0.000776
,81,3,4,7,1,2,2,1,0,7,3,3,3,3,1x1|1x3|1x3,8,1,8,0,8,True,0.000125,0.000381,0.000751
,81,3,4,7,1,42,4,1,0,7,3,3,3,3,1x1|1x3|1x3,8,1,8,0,8,True,7.9e-05,0.000311,0.000799
,81,3,4,7,2,1,1,1,0,7,2,2,3,3,1x1|2x3,8,2,8,3,4,True,0.000135,0.000343,0.000804
,81,3,4,7,2,2,2,1,0,7,2,2,3,3,1x1|2x3,8,2,8,3,4,True,8.2e-05,0.000262,0.000709
,81,3,4,7,2,20,5,1,0,7,2,2,3,3,1x1|2x3,8,2,8,3,4,True,7.2e-05,0.000308,0.000731
,81,3,4,7,2,10,10,1,0,7,2,2,3,3,1x1|2x3,8,2,8,3,4,True,6.7e-05,0.00025,0.000631
,81,3,4,7,3,1,1,1,0,7,1,3,3,3,1x1|1x3|1x3,8,1,8,0,8,True,0.000115,0.000401,0.000888
,81,3,4,7,3,2,2,1,0,7,1,3,3,3,1x1|1x3|1x3,8,1,8,0,8,True,8.2e-05,0.000313,0.000867
,81,3,4,7,3,42,4,1,0,7,1,3,3,3,1x1|1x3|1x3,8,1,8,0,8,True,0.000125,0.000329,0.000776
,81,3,4,8,0,1,1,1,0,8,4,5,8,8,1x1|1x1|2x1|2x1|2x1,256,4,256,3,32,True,0.000242,0.011664,0.013455
,81,3,4,8,1,1,1,1,0,8,3,6,8,8,1x1|1x1|1x1|1x1|2x1|2x1,256,3,256,2,64,True,0.000225,0.018263,0.013001
,81,3,4,8,2,1,1,1,0,8,2,5,8,8,1x1|1x1|2x1|2x1|2x1,256,4,256,3,32,True,0.000234,0.01414,0.014483
,81,3,4,8,2,20,5,1,0,8,2,5,8,8,1x1|1x1|2x1|2x1|2x1,256,4,256,3,32,True,0.000201,0.015496,0.017368
,81,3,4,8,3,1,1,1,0,8,1,6,8,8,1x1|1x1|1x1|1x1|2x1|2x1,256,3,256,2,64,True,0.000198,0.012683,0.012681
,81,3,4,9,0,1,1,9,2,1,4,1,1,1,1x1,10,5,10,4,2,True,0.000248,0.000458,0.000357
,81,3,4,9,0,2,2,9,2,1,4,1,1,1,1x1,10,5,10,4,2,True,0.000204,0.000514,0.000474
,81,3,4,9,1,1,1,9,2,1,3,1,1,1,1x1,10,5,10,4,2,True,0.000379,0.000658,0.000504
,81,3,4,9,1,2,2,9,2,1,3,1,1,1,1x1,10,5,10,4,2,True,0.000388,0.000588,0.000558
,81,3,4,9,1,42,4,9,2,1,3,1,1,1,1x1,10,5,10,4,2,True,0.000201,0.000487,0.000339
,81,3,4,9,2,1,1,9,2,1,2,1,1,1,1x1,10,5,10,4,2,True,0.000244,0.000427,0.000435
,81,3,4,9,2,2,2,9,2,1,2,1,1,1,1x1,10,5,10,4,2,True,0.000342,0.000609,0.000561
,81,3,4,9,2,20,5,9,2,1,2,1,1,1,1x1,10,5,10,4,2,True,0.000369,0.000582,0.000571
,81,3,4,9,2,10,10,9,2,1,2,1,1,1,1x1,10,5,10,4,2,True,0.000215,0.000471,0.000331
,81,3,4,9,3,1,1,9,2,1,1,1,1,1,1x1,10,5,10,4,2,True,0.000232,0.00037,0.000315
,81,3,4,9,3,2,2,9,2,1,1,1,1,1,1x1,10,5,10,4,2,True,0.000309,0.000396,0.000315
,81,3,4,9,3,42,4,9,2,1,1,1,1,1,1x1,10,5,10,4,2,True,0.000222,0.000366,0.000313
,81,3,4,10,0,1,1,1,0,10,4,6,10,10,1x1|1x1|2x1|2x1|2x1|2x1,1024,5,1024,4,64,True,0.00028,0.067002,0.070127
,81,3,4,10,1,1,1,1,0,10,3,4,10,10,1x1|1x1|4x1|4x1,1024,5,1024,4,16,True,0.000269,0.072182,0.082705
,81,3,4,10,2,1,1,1,0,10,2,10,10,10,1x1|1x1|1x1|1x1|1x1|1x1|1x1|1x1|1x1|1x1,1024,1,1024,0,1024,True,0.00018,0.075055,0.087274
,81,3,4,10,3,1,1,1,0,10,1,4,10,10,1x1|1x1|4x1|4x1,1024,5,1024,4,16,True,0.000329,0.069338,0.085643
,81,3,4,11,0,1,1,1,0,11,4,2,3,3,1x1|2x5,8,2,8,5,4,True,0.000118,0.00039,0.001266
,81,3,4,11,0,2,2,1,0,11,4,2,3,3,1x1|2x5,8,2,8,5,4,True,0.000111,0.000338,0.001295
,81,3,4,11,1,1,1,1,0,11,3,2,3,3,1x1|2x5,8,2,8,5,4,True,0.000135,0.000356,0.001253
,81,3,4,11,1,2,2,1,0,11,3,2,3,3,1x1|2x5,8,2,8,5,4,True,0.000117,0.00045,0.001567
,81,3,4,11,1,42,4,1,0,11,3,2,3,3,1x1|2x5,8,2,8,5,4,True,0.000109,0.000531,0.002019
,81,3,4,11,2,1,1,1,0,11,2,2,3,3,1x1|2x5,8,2,8,5,4,True,9e-05,0.000412,0.00168
,81,3,4,11,2,2,2,1,0,11,2,2,3,3,1x1|2x5,8,2,8,5,4,True,9.2e-05,0.000391,0.001747
,81,3,4,11,2,20,5,1,0,11,2,2,3,3,1x1|2x5,8,2,8,5,4,True,0.000102,0.000382,0.001463
,81,3,4,11,2,10,10,1,0,11,2,2,3,3,1x1|2x5,8,2,8,5,4,True,0.000118,0.000515,0.00167
,81,3,4,11,3,1,1,1,0,11,1,2,3,3,1x1|2x5,8,2,8,5,4,True,0.000106,0.000427,0.00157
,81,3,4,11,3,2,2,1,0,11,1,2,3,3,1x1|2x5,8,2,8,5,4,True,0.000114,0.000503,0.001511
,81,3,4,11,3,42,4,1,0,11,1,2,3,3,1x1|2x5,8,2,8,5,4,True,9.8e-05,0.000417,0.001453
,81,3,4,12,0,1,1,3,1,4,4,3,4,4,1x1|1x1|2x1,256,6,256,5,8,True,0.000255,0.017858,0.018118
,81,3,4,12,1,1,1,3,1,4,3,4,4,4,1x1|1x1|1x1|1x1,256,5,256,4,16,True,0.000181,0.023659,0.015666
,81,3,4,12,2,1,1,3,1,4,2,3,4,4,1x1|1x1|2x1,256,6,256,5,8,True,0.000309,0.015598,0.013562
,81,3,4,12,2,20,5,3,1,4,2,3,4,4,1x1|1x1|2x1,256,6,256,5,8,True,0.000282,0.015735,0.013473
,81,3,4,12,3,1,1,3,1,4,1,4,4,4,1x1|1x1|1x1|1x1,256,5,256,4,16,True,0.000178,0.016655,0.014092
,81,3,4,13,0,1,1,1,0,13,4,3,5,5,1x1|2x3|2x3,32,3,32,6,8,True,0.00011,0.001579,0.00318
,81,3,4,13,0,2,2,1,0,13,4,3,5,5,1x1|2x3|2x3,32,3,32,6,8,True,0.000112,0.001852,0.002676
,81,3,4,13,1,1,1,1,0,13,3,3,5,5,1x1|2x3|2x3,32,3,32,6,8,True,0.000107,0.001787,0.003098
,81,3,4,13,1,2,2,1,0,13,3,3,5,5,1x1|2x3|2x3,32,3,32,6,8,True,0.00023,0.00232,0.002966
,81,3,4,13,1,42,4,1,0,13,3,3,5,5,1x1|2x3|2x3,32,3,32,6,8,True,0.000136,0.002238,0.003137
,81,3,4,13,2,1,1,1,0,13,2,3,5,5,1x1|2x3|2x3,32,3,32,6,8,True,0.000109,0.001792,0.003321
,81,3,4,13,2,2,2,1,0,13,2,3,5,5,1x1|2x3|2x3,32,3,32,6,8,True,0.000124,0.001987,0.00271
,81,3,4,13,2,20,5,1,0,13,2,3,5,5,1x1|2x3|2x3,32,3,32,6,8,True,0.00021,0.001838,0.003712
,81,3,4,13,2,10,10,1,0,13,2,3,5,5,1x1|2x3|2x3,32,3,32,6,8,True,0.000219,0.002968,0.004276
,81,3,4,13,3,1,1,1,0,13,1,3,5,5,1x1|2x3|2x3,32,3,32,6,8,True,0.000175,0.00278,0.004313
,81,3,4,13,3,2,2,1,0,13,1,3,5,5,1x1|2x3|2x3,32,3,32,6,8,True,0.00016,0.002863,0.004263
,81,3,4,13,3,42,4,1,0,13,1,3,5,5,1x1|2x3|2x3,32,3,32,6,8,True,0.000169,0.002914,0.004445
,81,3,4,14,0,1,1,1,0,14,4,4,6,6,1x1|1x1|2x3|2x3,64,3,64,6,16,True,0.000196,0.006753,0.008307
,81,3,4,14,1,1,1,1,0,14,3,6,6,6,1x1|1x1|1x3|1x3|1x3|1x3,64,1,64,0,64,True,0.000175,0.005157,0.005577
,81,3,4,14,2,1,1,1,0,14,2,4,6,6,1x1|1x1|2x3|2x3,64,3,64,6,16,True,0.000151,0.003952,0.00459
,81,3,4,14,2,20,5,1,0,14,2,4,6,6,1x1|1x1|2x3|2x3,64,3,64,6,16,True,0.000152,0.004265,0.004844
,81,3,4,14,3,1,1,1,0,14,1,6,6,6,1x1|1x1|1x3|1x3|1x3|1x3,64,1,64,0,64,True,0.000138,0.005044,0.005707
,81,3,4,15,0,1,1,3,1,5,4,3,5,5,1x1|2x1|2x1,1024,8,1024,7,8,True,0.000372,0.10188,0.077657
,81,3,4,15,0,2,2,3,1,5,4,3,5,5,1x1|2x1|2x1,1024,8,1024,7,8,True,0.000688,0.096416,0.093227
,81,3,4,15,1,1,1,3,1,5,3,2,5,5,1x1|4x1,1024,8,1024,7,4,True,0.000478,0.115832,0.079718
,81,3,4,15,1,2,2,3,1,5,3,2,5,5,1x1|4x1,1024,8,1024,7,4,True,0.00053,0.091889,0.08339
,81,3,4,15,1,42,4,3,1,5,3,2,5,5,1x1|4x1,1024,8,1024,7,4,True,0.000557,0.095003,0.085349
,81,3,4,15,2,1,1,3,1,5,2,5,5,5,1x1|1x1|1x1|1x1|1x1,1024,6,1024,5,32,True,0.000206,0.102433,0.090677
,81,3,4,15,2,2,2,3,1,5,2,5,5,5,1x1|1x1|1x1|1x1|1x1,1024,6,1024,5,32,True,0.000337,0.105967,0.092435
,81,3,4,15,3,1,1,3,1,5,1,2,5,5,1x1|4x1,1024,8,1024,7,4,True,0.001203,0.118141,0.097045
,81,3,4,15,3,2,2,3,1,5,1,2,5,5,1x1|4x1,1024,8,1024,7,4,True,0.000624,0.110791,0.089731
,81,3,4,15,3,42,4,3,1,5,1,2,5,5,1x1|4x1,1024,8,1024,7,4,True,0.000782,0.094711,0.082608
,81,3,4,16,0,1,1,1,0,16,4,9,16,16,1x1|1x1|2x1|2x1|2x1|2x1|2x1|2x1|2x1,65536,8,65536,7,512,True,0.000301,7.969037,8.316797
,81,3,4,16,1,1,1,1,0,16,3,8,16,16,1x1|1x1|1x1|1x1|2x1|2x1|4x1|4x1,65536,7,65536,6,256,True,0.000248,7.857178,8.817097
,81,3,4,16,2,1,1,1,0,16,2,9,16,16,1x1|1x1|2x1|2x1|2x1|2x1|2x1|2x1|2x1,65536,8,65536,7,512,True,0.000348,7.719691,8.618203
,81,3,4,16,2,20,5,1,0,16,2,9,16,16,1x1|1x1|2x1|2x1|2x1|2x1|2x1|2x1|2x1,65536,8,65536,7,512,True,0.000496,8.291765,8.931681
,81,3,4,16,3,1,1,1,0,16,1,8,16,16,1x1|1x1|1x1|1x1|2x1|2x1|4x1|4x1,65536,7,65536,6,256,True,0.000302,7.957434,9.196905
,81,3,4,17,0,1,1,1,0,17,4,5,5,5,1x1|1x4|1x4|1x4|1x4,32,1,32,0,32,True,0.000112,0.003492,0.005411
,81,3,4,17,0,2,2,1,0,17,4,5,5,5,1x1|1x4|1x4|1x4|1x4,32,1,32,0,32,True,9.6e-05,0.003512,0.00505
,81,3,4,17,1,1,1,1,0,17,3,2,5,5,1x1|4x4,32,3,32,8,4,True,9.4e-05,0.002844,0.004935
,81,3,4,17,1,2,2,1,0,17,3,2,5,5,1x1|4x4,32,3,32,8,4,True,9.7e-05,0.003047,0.005063
,81,3,4,17,1,42,4,1,0,17,3,2,5,5,1x1|4x4,32,3,32,8,4,True,8.9e-05,0.002948,0.005084
,81,3,4,17,2,1,1,1,0,17,2,3,5,5,1x1|2x4|2x4,32,3,32,8,8,True,0.000121,0.003027,0.004853
,81,3,4,17,2,2,2,1,0,17,2,3,5,5,1x1|2x4|2x4,32,3,32,8,8,True,9.5e-05,0.002814,0.004772
,81,3,4,17,2,20,5,1,0,17,2,3,5,5,1x1|2x4|2x4,32,3,32,8,8,True,9.6e-05,0.002895,0.004927
,81,3,4,17,2,10,10,1,0,17,2,3,5,5,1x1|2x4|2x4,32,3,32,8,8,True,0.000115,0.002903,0.0049
,81,3,4,17,3,2,2,1,0,17,1,2,5,5,1x1|4x4,32,3,32,8,4,True,0.000113,0.002816,0.00465
,81,3,4,17,3,42,4,1,0,17,1,2,5,5,1x1|4x4,32,3,32,8,4,True,8.7e-05,0.002717,0.004497
,81,3,4,18,0,1,1,9,2,2,4,2,2,2,1x1|1x1,100,9,100,8,4,True,0.000364,0.007546,0.005734
,81,3,4,18,1,1,1,9,2,2,3,2,2,2,1x1|1x1,100,9,100,8,4,True,0.000356,0.007547,0.005676
,81,3,4,18,2,1,1,9,2,2,2,2,2,2,1x1|1x1,100,9,100,8,4,True,0.000343,0.007625,0.005681
,81,3,4,18,2,20,5,9,2,2,2,2,2,2,1x1|1x1,100,9,100,8,4,True,0.000335,0.007371,0.005703
,81,3,4,18,3,1,1,9,2,2,1,2,2,2,1x1|1x1,100,9,100,8,4,True,0.000355,0.007478,0.006283
,81,3,4,19,0,1,1,1,0,19,4,2,3,3,1x1|2x9,8,2,8,9,4,True,6.8e-05,0.000535,0.006521
,81,3,4,19,0,2,2,1,0,19,4,2,3,3,1x1|2x9,8,2,8,9,4,True,7e-05,0.000536,0.006418
,81,3,4,19,1,1,1,1,0,19,3,3,3,3,1x1|1x9|1x9,8,1,8,0,8,True,6.9e-05,0.000827,0.006721
,81,3,4,19,1,2,2,1,0,19,3,3,3,3,1x1|1x9|1x9,8,1,8,0,8,True,6.3e-05,0.000885,0.006536
,81,3,4,19,1,42,4,1,0,19,3,3,3,3,1x1|1x9|1x9,8,1,8,0,8,True,6.3e-05,0.000863,0.0064
,81,3,4,19,2,1,1,1,0,19,2,2,3,3,1x1|2x9,8,2,8,9,4,True,6.9e-05,0.000564,0.006316
,81,3,4,19,2,2,2,1,0,19,2,2,3,3,1x1|2x9,8,2,8,9,4,True,0.000103,0.000538,0.006042
,81,3,4,19,2,20,5,1,0,19,2,2,3,3,1x1|2x9,8,2,8,9,4,True,6.7e-05,0.000498,0.005634
,81,3,4,19,2,10,10,1,0,19,2,2,3,3,1x1|2x9,8,2,8,9,4,True,6.2e-05,0.000546,0.005697
,81,3,4,19,3,1,1,1,0,19,1,3,3,3,1x1|1x9|1x9,8,1,8,0,8,True,6.1e-05,0.000753,0.006315
,81,3,4,19,3,2,2,1,0,19,1,3,3,3,1x1|1x9|1x9,8,1,8,0,8,True,6.5e-05,0.000785,0.005868
,81,3,4,19,3,42,4,1,0,19,1,3,3,3,1x1|1x9|1x9,8,1,8,0,8,True,5.8e-05,0.000728,0.005766
,81,3,4,21,0,1,1,3,1,7,4,2,3,3,1x1|2x3,64,8,64,10,4,True,0.000182,0.005875,0.005631
,81,3,4,21,0,2,2,3,1,7,4,2,3,3,1x1|2x3,64,8,64,10,4,True,0.00021,0.006318,0.005702
,81,3,4,21,1,1,1,3,1,7,3,3,3,3,1x1|1x3|1x3,64,6,64,7,8,True,0.000153,0.007395,0.007652
,81,3,4,21,1,2,2,3,1,7,3,3,3,3,1x1|1x3|1x3,64,6,64,7,8,True,0.000198,0.007792,0.006812
,81,3,4,21,1,42,4,3,1,7,3,3,3,3,1x1|1x3|1x3,64,6,64,7,8,True,0.000197,0.006905,0.006679
,81,3,4,21,2,1,1,3,1,7,2,2,3,3,1x1|2x3,64,8,64,10,4,True,0.000247,0.006093,0.005414
,81,3,4,21,2,2,2,3,1,7,2,2,3,3,1x1|2x3,64,8,64,10,4,True,0.000193,0.006603,0.006272
,81,3,4,21,2,20,5,3,1,7,2,2,3,3,1x1|2x3,64,8,64,10,4,True,0.000194,0.007681,0.006203
,81,3,4,21,3,1,1,3,1,7,1,3,3,3,1x1|1x3|1x3,64,6,64,7,8,True,0.000134,0.007762,0.00774
,81,3,4,21,3,2,2,3,1,7,1,3,3,3,1x1|1x3|1x3,64,6,64,7,8,True,0.000249,0.009007,0.008232
,81,3,4,21,3,42,4,3,1,7,1,3,3,3,1x1|1x3|1x3,64,6,64,7,8,True,0.000142,0.00786,0.007453
,81,3,4,22,0,1,1,1,0,22,4,4,6,6,1x1|1x1|2x5|2x5,64,3,64,10,16,True,0.000144,0.005705,0.008243
,81,3,4,22,1,1,1,1,0,22,3,4,6,6,1x1|1x1|2x5|2x5,64,3,64,10,16,True,0.000155,0.005615,0.007769
,81,3,4,22,2,1,1,1,0,22,2,4,6,6,1x1|1x1|2x5|2x5,64,3,64,10,16,True,0.000161,0.006012,0.007983
,81,3,4,22,2,20,5,1,0,22,2,4,6,6,1x1|1x1|2x5|2x5,64,3,64,10,16,True,0.00015,0.00559,0.007575
,81,3,4,22,3,1,1,1,0,22,1,4,6,6,1x1|1x1|2x5|2x5,64,3,64,10,16,True,0.000153,0.005653,0.007275
,81,3,4,23,0,1,1,1,0,23,4,2,3,3,1x1|2x11,8,2,8,11,4,True,9.8e-05,0.000512,0.004411
,81,3,4,23,0,2,2,1,0,23,4,2,3,3,1x1|2x11,8,2,8,11,4,True,8.7e-05,0.000569,0.00539
,81,3,4,23,1,1,1,1,0,23,3,2,3,3,1x1|2x11,8,2,8,11,4,True,0.00012,0.000947,0.005965
,81,3,4,23,1,2,2,1,0,23,3,2,3,3,1x1|2x11,8,2,8,11,4,True,6.7e-05,0.000525,0.004384
,81,3,4,23,1,42,4,1,0,23,3,2,3,3,1x1|2x11,8,2,8,11,4,True,6.1e-05,0.000484,0.004419
,81,3,4,23,2,1,1,1,0,23,2,2,3,3,1x1|2x11,8,2,8,11,4,True,9.3e-05,0.000492,0.004293
,81,3,4,23,2,2,2,1,0,23,2,2,3,3,1x1|2x11,8,2,8,11,4,True,7.2e-05,0.000569,0.004329
,81,3,4,23,2,20,5,1,0,23,2,2,3,3,1x1|2x11,8,2,8,11,4,True,6.7e-05,0.000692,0.004639
,81,3,4,23,2,10,10,1,0,23,2,2,3,3,1x1|2x11,8,2,8,11,4,True,6.8e-05,0.000538,0.005135
,81,3,4,23,3,1,1,1,0,23,1,2,3,3,1x1|2x11,8,2,8,11,4,True,8.2e-05,0.000679,0.005072
,81,3,4,23,3,2,2,1,0,23,1,2,3,3,1x1|2x11,8,2,8,11,4,True,7.1e-05,0.000675,0.004727
,81,3,4,23,3,42,4,1,0,23,1,2,3,3,1x1|2x11,8,2,8,11,4,True,0.000139,0.000575,0.005447
,81,3,4,24,0,1,1,3,1,8,4,5,8,8,1x1|1x1|2x1|2x1|2x1,65536,12,65536,11,32,True,0.000637,11.769721,10.27714
,81,3,4,24,1,1,1,3,1,8,3,6,8,8,1x1|1x1|1x1|1x1|2x1|2x1,65536,11,65536,10,64,True,0.00051,12.286371,10.663504
,81,3,4,24,2,1,1,3,1,8,2,5,8,8,1x1|1x1|2x1|2x1|2x1,65536,12,65536,11,32,True,0.00058,13.032148,10.429887
,81,3,4,24,2,20,5,3,1,8,2,5,8,8,1x1|1x1|2x1|2x1|2x1,65536,12,65536,11,32,True,0.000612,12.091692,12.271046
,81,3,4,24,3,1,1,3,1,8,1,6,8,8,1x1|1x1|1x1|1x1|2x1|2x1,65536,11,65536,10,64,True,0.000587,14.204156,12.15577
,81,3,4,25,0,1,1,1,0,25,4,5,9,9,1x1|2x1|2x1|2x5|2x5,512,9,512,12,32,True,0.000192,0.062407,0.079274
,81,3,4,25,0,2,2,1,0,25,4,5,9,9,1x1|2x1|2x1|2x5|2x5,512,9,512,12,32,True,0.000315,0.089214,0.073933
,81,3,4,25,1,1,1,1,0,25,3,3,9,9,1x1|4x1|4x5,512,9,512,12,8,True,0.00021,0.073316,0.078378
,81,3,4,25,1,2,2,1,0,25,3,3,9,9,1x1|4x1|4x5,512,9,512,12,8,True,0.000177,0.064676,0.069886
,81,3,4,25,1,42,4,1,0,25,3,3,9,9,1x1|4x1|4x5,512,9,512,12,8,True,0.000192,0.069546,0.074046
,81,3,4,25,2,1,1,1,0,25,2,9,9,9,1x1|1x1|1x1|1x1|1x1|1x5|1x5|1x5|1x5,512,1,512,0,512,True,0.000219,0.08735,0.101305
,81,3,4,25,2,2,2,1,0,25,2,9,9,9,1x1|1x1|1x1|1x1|1x1|1x5|1x5|1x5|1x5,512,1,512,0,512,True,0.000181,0.087243,0.087409
,81,3,4,25,3,2,2,1,0,25,1,3,9,9,1x1|4x1|4x5,512,9,512,12,8,True,0.000161,0.075247,0.084968
,81,3,4,25,3,42,4,1,0,25,1,3,9,9,1x1|4x1|4x5,512,9,512,12,8,True,0.000651,0.084519,0.066947
,81,3,4,26,0,1,1,1,0,26,4,6,10,10,1x1|1x1|2x3|2x3|2x3|2x3,1024,5,1024,12,64,True,0.000192,0.155492,0.187459
,81,3,4,26,1,1,1,1,0,26,3,6,10,10,1x1|1x1|2x3|2x3|2x3|2x3,1024,5,1024,12,64,True,0.000382,0.165944,0.169292
,81,3,4,26,2,1,1,1,0,26,2,6,10,10,1x1|1x1|2x3|2x3|2x3|2x3,1024,5,1024,12,64,True,0.000234,0.165359,0.168034
,81,3,4,26,2,20,5,1,0,26,2,6,10,10,1x1|1x1|2x3|2x3|2x3|2x3,1024,5,1024,12,64,True,0.000309,0.188558,0.188128
,81,3,4,26,3,1,1,1,0,26,1,6,10,10,1x1|1x1|2x3|2x3|2x3|2x3,1024,5,1024,12,64,True,0.000268,0.177145,0.161943
,81,3,4,27,0,1,1,27,3,1,4,1,1,1,1x1,28,14,28,13,2,True,0.00383,0.004045,0.00235
,81,3,4,27,0,2,2,27,3,1,4,1,1,1,1x1,28,14,28,13,2,True,0.002686,0.004599,0.003642
,81,3,4,27,1,1,1,27,3,1,3,1,1,1,1x1,28,14,28,13,2,True,0.002911,0.003722,0.002967
,81,3,4,27,1,2,2,27,3,1,3,1,1,1,1x1,28,14,28,13,2,True,0.003436,0.004807,0.003061
,81,3,4,27,1,42,4,27,3,1,3,1,1,1,1x1,28,14,28,13,2,True,0.003305,0.004834,0.003078
,81,3,4,27,2,1,1,27,3,1,2,1,1,1,1x1,28,14,28,13,2,True,0.003045,0.00516,0.003402
,81,3,4,27,2,2,2,27,3,1,2,1,1,1,1x1,28,14,28,13,2,True,0.003884,0.004472,0.002871
,81,3,4,27,2,20,5,27,3,1,2,1,1,1,1x1,28,14,28,13,2,True,0.003078,0.005089,0.003493
,81,3,4,27,2,10,10,27,3,1,2,1,1,1,1x1,28,14,28,13,2,True,0.004204,0.004688,0.003844
,81,3,4,27,3,1,1,27,3,1,1,1,1,1,1x1,28,14,28,13,2,True,0.003495,0.005947,0.004077
,81,3,4,27,3,2,2,27,3,1,1,1,1,1,1x1,28,14,28,13,2,True,0.003523,0.005911,0.003841
,81,3,4,27,3,42,4,27,3,1,1,1,1,1,1x1,28,14,28,13,2,True,0.003881,0.006051,0.004054
,81,3,4,28,0,1,1,1,0,28,4,7,12,12,1x1|1x1|2x1|2x3|2x3|2x3|2x3,4096,10,4096,13,128,True,0.000344,0.886661,0.979222
,81,3,4,28,1,1,1,1,0,28,3,12,12,12,1x1|1x1|1x1|1x1|1x3|1x3|1x3|1x3|1x3|1x3|1x3|1x3,4096,1,4096,0,4096,True,0.000223,1.174289,1.188027
,81,3,4,28,2,1,1,1,0,28,2,7,12,12,1x1|1x1|2x1|2x3|2x3|2x3|2x3,4096,10,4096,13,128,True,0.000236,0.861333,0.950867
,81,3,4,28,2,20,5,1,0,28,2,7,12,12,1x1|1x1|2x1|2x3|2x3|2x3|2x3,4096,10,4096,13,128,True,0.000245,0.87373,1.004637
,81,3,4,28,3,1,1,1,0,28,1,12,12,12,1x1|1x1|1x1|1x1|1x3|1x3|1x3|1x3|1x3|1x3|1x3|1x3,4096,1,4096,0,4096,True,0.000369,1.294157,1.284983
,81,3,4,29,0,1,1,1,0,29,4,3,5,5,1x1|2x7|2x7,32,3,32,14,8,True,0.000166,0.006716,0.015439
,81,3,4,29,0,2,2,1,0,29,4,3,5,5,1x1|2x7|2x7,32,3,32,14,8,True,0.000184,0.009001,0.01396
,81,3,4,29,1,1,1,1,0,29,3,2,5,5,1x1|4x7,32,3,32,14,4,True,0.000151,0.00791,0.01577
,81,3,4,29,1,2,2,1,0,29,3,2,5,5,1x1|4x7,32,3,32,14,4,True,0.000127,0.007056,0.014503
,81,3,4,29,1,42,4,1,0,29,3,2,5,5,1x1|4x7,32,3,32,14,4,True,9.8e-05,0.007375,0.016376
,81,3,4,29,2,1,1,1,0,29,2,5,5,5,1x1|1x7|1x7|1x7|1x7,32,1,32,0,32,True,0.000202,0.010467,0.019995
,81,3,4,29,2,2,2,1,0,29,2,5,5,5,1x1|1x7|1x7|1x7|1x7,32,1,32,0,32,True,0.000145,0.009129,0.018012
,81,3,4,29,2,20,5,1,0,29,2,5,5,5,1x1|1x7|1x7|1x7|1x7,32,1,32,0,32,True,0.000104,0.008598,0.017013
,81,3,4,29,2,10,10,1,0,29,2,5,5,5,1x1|1x7|1x7|1x7|1x7,32,1,32,0,32,True,0.000119,0.008297,0.017069
,81,3,4,29,3,1,1,1,0,29,1,2,5,5,1x1|4x7,32,3,32,14,4,True,0.000149,0.007213,0.013508
,81,3,4,29,3,2,2,1,0,29,1,2,5,5,1x1|4x7,32,3,32,14,4,True,0.000124,0.007683,0.016024
,81,3,4,29,3,42,4,1,0,29,1,2,5,5,1x1|4x7,32,3,32,14,4,True,0.000113,0.009732,0.018712
,81,3,4,31,0,1,1,1,0,31,4,2,3,3,1x1|2x15,8,2,8,15,4,True,9.1e-05,0.001008,0.016252
,81,3,4,31,0,2,2,1,0,31,4,2,3,3,1x1|2x15,8,2,8,15,4,True,0.000124,0.001724,0.020023
,81,3,4,31,1,1,1,1,0,31,3,3,3,3,1x1|1x15|1x15,8,1,8,0,8,True,7.2e-05,0.001658,0.015733
,81,3,4,31,1,2,2,1,0,31,3,3,3,3,1x1|1x15|1x15,8,1,8,0,8,True,7.3e-05,0.001612,0.013574
,81,3,4,31,1,42,4,1,0,31,3,3,3,3,1x1|1x15|1x15,8,1,8,0,8,True,0.000139,0.00229,0.015687
,81,3,4,31,2,1,1,1,0,31,2,2,3,3,1x1|2x15,8,2,8,15,4,True,7.8e-05,0.001018,0.0129
,81,3,4,31,2,2,2,1,0,31,2,2,3,3,1x1|2x15,8,2,8,15,4,True,0.000134,0.00154,0.012006
,81,3,4,31,2,20,5,1,0,31,2,2,3,3,1x1|2x15,8,2,8,15,4,True,0.000136,0.001313,0.014305
,81,3,4,31,2,10,10,1,0,31,2,2,3,3,1x1|2x15,8,2,8,15,4,True,0.000119,0.001316,0.015311
,81,3,4,31,3,1,1,1,0,31,1,3,3,3,1x1|1x15|1x15,8,1,8,0,8,True,9.6e-05,0.001625,0.013596
,81,3,4,31,3,2,2,1,0,31,1,3,3,3,1x1|1x15|1x15,8,1,8,0,8,True,0.0001,0.001793,0.01642
,81,3,4,31,3,42,4,1,0,31,1,3,3,3,1x1|1x15|1x15,8,1,8,0,8,True,7.3e-05,0.001647,0.015679
,81,3,4,33,0,1,1,3,1,11,4,2,3,3,1x1|2x5,64,8,64,16,4,True,0.000218,0.009562,0.00957
,81,3,4,33,0,2,2,3,1,11,4,2,3,3,1x1|2x5,64,8,64,16,4,True,0.000245,0.011087,0.011064
,81,3,4,33,1,1,1,3,1,11,3,2,3,3,1x1|2x5,64,8,64,16,4,True,0.00034,0.010892,0.010801
,81,3,4,33,1,2,2,3,1,11,3,2,3,3,1x1|2x5,64,8,64,16,4,True,0.000346,0.010332,0.009375
,81,3,4,33,1,42,4,3,1,11,3,2,3,3,1x1|2x5,64,8,64,16,4,True,0.000307,0.011674,0.013748
,81,3,4,33,2,1,1,3,1,11,2,2,3,3,1x1|2x5,64,8,64,16,4,True,0.000497,0.014486,0.009017
,81,3,4,33,2,2,2,3,1,11,2,2,3,3,1x1|2x5,64,8,64,16,4,True,0.000334,0.011445,0.012295
,81,3,4,33,2,20,5,3,1,11,2,2,3,3,1x1|2x5,64,8,64,16,4,True,0.000203,0.011722,0.009043
,81,3,4,33,2,10,10,3,1,11,2,2,3,3,1x1|2x5,64,8,64,16,4,True,0.000319,0.011322,0.011554
,81,3,4,33,3,1,1,3,1,11,1,2,3,3,1x1|2x5,64,8,64,16,4,True,0.000342,0.010602,0.009665
,81,3,4,33,3,2,2,3,1,11,1,2,3,3,1x1|2x5,64,8,64,16,4,True,0.000344,0.01022,0.012125
,81,3,4,33,3,42,4,3,1,11,1,2,3,3,1x1|2x5,64,8,64,16,4,True,0.000346,0.011691,0.008462
,81,3,4,34,0,1,1,1,0,34,4,10,10,10,1x1|1x1|1x4|1x4|1x4|1x4|1x4|1x4|1x4|1x4,1024,1,1024,0,1024,True,0.000186,0.424477,0.44212
,81,3,4,34,1,1,1,1,0,34,3,4,10,10,1x1|1x1|4x4|4x4,1024,5,1024,16,16,True,0.000226,0.34627,0.379242
,81,3,4,34,2,1,1,1,0,34,2,6,10,10,1x1|1x1|2x4|2x4|2x4|2x4,1024,5,1024,16,64,True,0.000223,0.355934,0.319429
,81,3,4,34,2,20,5,1,0,34,2,6,10,10,1x1|1x1|2x4|2x4|2x4|2x4,1024,5,1024,16,64,True,0.000186,0.300273,0.309897
,81,3,4,34,3,1,1,1,0,34,1,4,10,10,1x1|1x1|4x4|4x4,1024,5,1024,16,16,True,0.000265,0.323093,0.345026
,81,3,4,35,0,1,1,1,0,35,4,8,15,15,1x1|2x1|2x1|2x3|2x3|2x3|2x3|2x3,32768,18,32768,17,256,True,0.000299,12.54949,12.791962
,81,3,4,35,0,2,2,1,0,35,4,8,15,15,1x1|2x1|2x1|2x3|2x3|2x3|2x3|2x3,32768,18,32768,17,256,True,0.000464,12.737962,13.037443
,81,3,4,35,1,1,1,1,0,35,3,6,15,15,1x1|1x3|1x3|4x1|4x3|4x3,32768,15,32768,14,64,True,0.000338,13.500366,13.803667
,81,3,4,35,1,2,2,1,0,35,3,6,15,15,1x1|1x3|1x3|4x1|4x3|4x3,32768,15,32768,14,64,True,0.000429,13.532983,14.246404
,81,3,4,35,1,42,4,1,0,35,3,6,15,15,1x1|1x3|1x3|4x1|4x3|4x3,32768,15,32768,14,64,True,0.000258,14.427522,14.888911
,81,3,4,35,2,1,1,1,0,35,2,10,15,15,1x1|1x1|1x1|1x1|1x1|2x3|2x3|2x3|2x3|2x3,32768,6,32768,15,1024,True,0.000546,13.111444,13.615827
,81,3,4,35,2,2,2,1,0,35,2,10,15,15,1x1|1x1|1x1|1x1|1x1|2x3|2x3|2x3|2x3|2x3,32768,6,32768,15,1024,True,0.000519,12.70261,13.047039
,81,3,4,35,3,1,1,1,0,35,1,6,15,15,1x1|1x3|1x3|4x1|4x3|4x3,32768,15,32768,14,64,True,0.000277,13.519133,14.38811
,81,3,4,35,3,2,2,1,0,35,1,6,15,15,1x1|1x3|1x3|4x1|4x3|4x3,32768,15,32768,14,64,True,0.000397,14.165413,14.427818
,81,3,4,35,3,42,4,1,0,35,1,6,15,15,1x1|1x3|1x3|4x1|4x3|4x3,32768,15,32768,14,64,True,0.000316,13.64336,14.465823
,81,3,4,36,0,1,1,9,2,4,4,3,4,4,1x1|1x1|2x1,10000,18,10000,17,8,True,0.0036,3.537823,2.556619
,81,3,4,36,1,1,1,9,2,4,3,4,4,4,1x1|1x1|1x1|1x1,10000,17,10000,16,16,True,0.00149,3.676969,2.78854
,81,3,4,36,2,1,1,9,2,4,2,3,4,4,1x1|1x1|2x1,10000,18,10000,17,8,True,0.002692,3.302093,2.342417
,81,3,4,36,2,20,5,9,2,4,2,3,4,4,1x1|1x1|2x1,10000,18,10000,17,8,True,0.00261,3.119679,2.366009
,81,3,4,36,3,1,1,9,2,4,1,4,4,4,1x1|1x1|1x1|1x1,10000,17,10000,16,16,True,0.001082,3.464091,3.271672
,81,3,4,37,0,1,1,1,0,37,4,3,5,5,1x1|2x9|2x9,32,3,32,18,8,True,0.000119,0.006943,0.028024
,81,3,4,37,0,2,2,1,0,37,4,3,5,5,1x1|2x9|2x9,32,3,32,18,8,True,0.000143,0.009614,0.032291
,81,3,4,37,1,1,1,1,0,37,3,5,5,5,1x1|1x9|1x9|1x9|1x9,32,1,32,0,32,True,0.00012,0.015947,0.029323
,81,3,4,37,1,2,2,1,0,37,3,5,5,5,1x1|1x9|1x9|1x9|1x9,32,1,32,0,32,True,0.000153,0.012085,0.02734
,81,3,4,37,1,42,4,1,0,37,3,5,5,5,1x1|1x9|1x9|1x9|1x9,32,1,32,0,32,True,0.0001,0.011262,0.033322
,81,3,4,37,2,1,1,1,0,37,2,3,5,5,1x1|2x9|2x9,32,3,32,18,8,True,0.000224,0.00969,0.024749
,81,3,4,37,2,2,2,1,0,37,2,3,5,5,1x1|2x9|2x9,32,3,32,18,8,True,0.000133,0.007135,0.027898
,81,3,4,37,2,20,5,1,0,37,2,3,5,5,1x1|2x9|2x9,32,3,32,18,8,True,0.000101,0.007248,0.029691
,81,3,4,37,2,10,10,1,0,37,2,3,5,5,1x1|2x9|2x9,32,3,32,18,8,True,0.00016,0.008813,0.032189
,81,3,4,37,3,1,1,1,0,37,1,5,5,5,1x1|1x9|1x9|1x9|1x9,32,1,32,0,32,True,0.00017,0.012985,0.032089
,81,3,4,37,3,2,2,1,0,37,1,5,5,5,1x1|1x9|1x9|1x9|1x9,32,1,32,0,32,True,0.000169,0.010694,0.026989
,81,3,4,37,3,42,4,1,0,37,1,5,5,5,1x1|1x9|1x9|1x9|1x9,32,1,32,0,32,True,0.000104,0.012038,0.030172
,81,3,4,38,0,1,1,1,0,38,4,4,6,6,1x1|1x1|2x9|2x9,64,3,64,18,16,True,0.000204,0.02088,0.026448
,81,3,4,38,1,1,1,1,0,38,3,6,6,6,1x1|1x1|1x9|1x9|1x9|1x9,64,1,64,0,64,True,0.000131,0.018958,0.039362
,81,3,4,38,2,1,1,1,0,38,2,4,6,6,1x1|1x1|2x9|2x9,64,3,64,18,16,True,0.000143,0.015071,0.029802
,81,3,4,38,2,20,5,1,0,38,2,4,6,6,1x1|1x1|2x9|2x9,64,3,64,18,16,True,0.000192,0.020323,0.032722
,81,3,4,38,3,1,1,1,0,38,1,6,6,6,1x1|1x1|1x9|1x9|1x9|1x9,64,1,64,0,64,True,0.00012,0.020252,0.034297
,81,3,4,39,0,1,1,3,1,13,4,3,5,5,1x1|2x3|2x3,1024,14,1024,19,8,True,0.000358,0.275779,0.263039
,81,3,4,39,0,2,2,3,1,13,4,3,5,5,1x1|2x3|2x3,1024,14,1024,19,8,True,0.000514,0.286576,0.264137
,81,3,4,39,1,1,1,3,1,13,3,3,5,5,1x1|2x3|2x3,1024,14,1024,19,8,True,0.000646,0.286139,0.208474
,81,3,4,39,1,2,2,3,1,13,3,3,5,5,1x1|2x3|2x3,1024,14,1024,19,8,True,0.000296,0.228117,0.200832
,81,3,4,39,1,42,4,3,1,13,3,3,5,5,1x1|2x3|2x3,1024,14,1024,19,8,True,0.000332,0.226403,0.208819
,81,3,4,39,2,1,1,3,1,13,2,3,5,5,1x1|2x3|2x3,1024,14,1024,19,8,True,0.000501,0.22336,0.205822
,81,3,4,39,2,2,2,3,1,13,2,3,5,5,1x1|2x3|2x3,1024,14,1024,19,8,True,0.00035,0.258919,0.231662
,81,3,4,39,2,20,5,3,1,13,2,3,5,5,1x1|2x3|2x3,1024,14,1024,19,8,True,0.00034,0.272968,0.245192
,81,3,4,39,2,10,10,3,1,13,2,3,5,5,1x1|2x3|2x3,1024,14,1024,19,8,True,0.00059,0.249506,0.239837
,81,3,4,39,3,1,1,3,1,13,1,3,5,5,1x1|2x3|2x3,1024,14,1024,19,8,True,0.000348,0.241298,0.244463
,81,3,4,39,3,2,2,3,1,13,1,3,5,5,1x1|2x3|2x3,1024,14,1024,19,8,True,0.000378,0.232646,0.225001
,81,3,4,39,3,42,4,3,1,13,1,3,5,5,1x1|2x3|2x3,1024,14,1024,19,8,True,0.000567,0.237365,0.20657
,81,3,4,42,0,1,1,3,1,14,4,4,6,6,1x1|1x1|2x3|2x3,4096,21,4096,20,16,True,0.000382,1.481593,1.21668
,81,3,4,42,1,1,1,3,1,14,3,6,6,6,1x1|1x1|1x3|1x3|1x3|1x3,4096,15,4096,14,64,True,0.000242,1.760072,1.544711
,81,3,4,42,2,1,1,3,1,14,2,4,6,6,1x1|1x1|2x3|2x3,4096,21,4096,20,16,True,0.000464,1.46203,1.337978
,81,3,4,42,2,20,5,3,1,14,2,4,6,6,1x1|1x1|2x3|2x3,4096,21,4096,20,16,True,0.000797,1.48381,1.307117
,81,3,4,42,3,1,1,3,1,14,1,6,6,6,1x1|1x1|1x3|1x3|1x3|1x3,4096,15,4096,14,64,True,0.000294,1.871478,1.783061
,81,3,4,43,0,1,1,1,0,43,4,2,3,3,1x1|2x21,8,2,8,21,4,True,0.000133,0.001503,0.086008
,81,3,4,43,0,2,2,1,0,43,4,2,3,3,1x1|2x21,8,2,8,21,4,True,8.2e-05,0.001454,0.084026
,81,3,4,43,1,1,1,1,0,43,3,3,3,3,1x1|1x21|1x21,8,1,8,0,8,True,0.000121,0.004191,0.080582
,81,3,4,43,1,2,2,1,0,43,3,3,3,3,1x1|1x21|1x21,8,1,8,0,8,True,0.000104,0.002658,0.091283
,81,3,4,43,1,42,4,1,0,43,3,3,3,3,1x1|1x21|1x21,8,1,8,0,8,True,0.000256,0.00299,0.091597
,81,3,4,43,2,1,1,1,0,43,2,2,3,3,1x1|2x21,8,2,8,21,4,True,0.000187,0.001459,0.090462
,81,3,4,43,2,2,2,1,0,43,2,2,3,3,1x1|2x21,8,2,8,21,4,True,0.000104,0.001513,0.108511
,81,3,4,43,2,20,5,1,0,43,2,2,3,3,1x1|2x21,8,2,8,21,4,True,0.000124,0.001697,0.089498
,81,3,4,43,2,10,10,1,0,43,2,2,3,3,1x1|2x21,8,2,8,21,4,True,8.3e-05,0.001432,0.084808
,81,3,4,43,3,1,1,1,0,43,1,3,3,3,1x1|1x21|1x21,8,1,8,0,8,True,0.00011,0.002757,0.083902
,81,3,4,43,3,2,2,1,0,43,1,3,3,3,1x1|1x21|1x21,8,1,8,0,8,True,9.1e-05,0.002957,0.089507
,81,3,4,43,3,42,4,1,0,43,1,3,3,3,1x1|1x21|1x21,8,1,8,0,8,True,0.000104,0.00308,0.076821
,81,3,4,44,0,1,1,1,0,44,4,7,12,12,1x1|1x1|2x1|2x5|2x5|2x5|2x5,4096,10,4096,21,128,True,0.000308,1.761641,1.685091
,81,3,4,44,1,1,1,1,0,44,3,8,12,12,1x1|1x1|1x1|1x1|2x5|2x5|2x5|2x5,4096,5,4096,20,256,True,0.000359,1.533165,1.696791
,81,3,4,44,2,1,1,1,0,44,2,7,12,12,1x1|1x1|2x1|2x5|2x5|2x5|2x5,4096,10,4096,21,128,True,0.000252,1.665379,1.692641
,81,3,4,44,2,20,5,1,0,44,2,7,12,12,1x1|1x1|2x1|2x5|2x5|2x5|2x5,4096,10,4096,21,128,True,0.000339,1.686847,1.872737
,81,3,4,44,3,1,1,1,0,44,1,8,12,12,1x1|1x1|1x1|1x1|2x5|2x5|2x5|2x5,4096,5,4096,20,256,True,0.000313,1.703681,1.666381
,81,3,4,45,0,1,1,9,2,5,4,3,5,5,1x1|2x1|2x1,100000,23,100000,22,8,True,0.004434,59.034372,44.852238
,81,3,4,45,0,2,2,9,2,5,4,3,5,5,1x1|2x1|2x1,100000,23,100000,22,8,True,0.006963,55.138178,43.860496
,81,3,4,45,1,1,1,9,2,5,3,2,5,5,1x1|4x1,100000,23,100000,22,4,True,0.015319,59.118428,45.792145
,81,3,4,45,1,2,2,9,2,5,3,2,5,5,1x1|4x1,100000,23,100000,22,4,True,0.018619,56.925611,45.341839
