grid_id,q,p,e,n,lambda_exponent,lambda,char,nu,n_prime,P,mu,n_factors,degrees,multiplicities,ok_structure,ok_mu,ok_product,ok_irreducible,ok,seconds,error,structural_category,defects
EV-001,2,2,1,3,0,1,even,0,3,1,1,2,1|2,1|1,True,True,True,True,True,0.000187,,even_char; semisimple,defect_a_even_char
EV-002,2,2,1,5,0,1,even,0,5,1,1,2,1|4,1|1,True,True,True,True,True,0.000211,,even_char; semisimple,defect_a_even_char
EV-003,2,2,1,7,0,1,even,0,7,1,1,3,1|3|3,1|1|1,True,True,True,True,True,0.000553,,even_char; semisimple,defect_a_even_char
EV-004,2,2,1,9,0,1,even,0,9,1,1,3,1|2|6,1|1|1,True,True,True,True,True,0.00051,,even_char; semisimple,defect_a_even_char
EV-005,2,2,1,15,0,1,even,0,15,1,1,5,1|2|4|4|4,1|1|1|1|1,True,True,True,True,True,0.001055,,even_char; semisimple,defect_a_even_char
EV-006,2,2,1,17,0,1,even,0,17,1,1,3,1|8|8,1|1|1,True,True,True,True,True,0.00132,,even_char; semisimple,defect_a_even_char
EV-007,2,2,1,21,0,1,even,0,21,1,1,6,1|2|3|3|6|6,1|1|1|1|1|1,True,True,True,True,True,0.00126,,even_char; semisimple,defect_a_even_char
EV-008,2,2,1,25,0,1,even,0,25,1,1,3,1|4|20,1|1|1,True,True,True,True,True,0.001145,,even_char; semisimple,defect_a_even_char
EV-009,2,2,1,31,0,1,even,0,31,1,1,7,1|5|5|5|5|5|5,1|1|1|1|1|1|1,True,True,True,True,True,0.003885,,even_char; semisimple,defect_a_even_char
EV-010,2,2,1,35,0,1,even,0,35,1,1,6,1|3|3|4|12|12,1|1|1|1|1|1,True,True,True,True,True,0.005875,,even_char; semisimple,defect_a_even_char
EV-011,4,2,2,3,0,1,even,0,3,1,1,3,1|1|1,1|1|1,True,True,True,True,True,0.000186,,even_char; semisimple,defect_a_even_char
EV-011,4,2,2,3,1,2,even,0,3,1,2,1,3,1,True,True,True,True,True,0.000133,,even_char; semisimple,defect_a_even_char
EV-011,4,2,2,3,2,3,even,0,3,1,3,1,3,1,True,True,True,True,True,9.3e-05,,even_char; semisimple,defect_a_even_char
EV-012,4,2,2,5,0,1,even,0,5,1,1,3,1|2|2,1|1|1,True,True,True,True,True,0.000354,,even_char; semisimple,defect_a_even_char
EV-012,4,2,2,5,1,2,even,0,5,1,2,3,1|2|2,1|1|1,True,True,True,True,True,0.000322,,even_char; semisimple,defect_a_even_char
EV-012,4,2,2,5,2,3,even,0,5,1,3,3,1|2|2,1|1|1,True,True,True,True,True,0.00032,,even_char; semisimple,defect_a_even_char
EV-013,4,2,2,7,0,1,even,0,7,1,1,3,1|3|3,1|1|1,True,True,True,True,True,0.000436,,even_char; semisimple,defect_a_even_char
EV-013,4,2,2,7,1,2,even,0,7,1,2,3,1|3|3,1|1|1,True,True,True,True,True,0.000487,,even_char; semisimple,defect_a_even_char
EV-013,4,2,2,7,2,3,even,0,7,1,3,3,1|3|3,1|1|1,True,True,True,True,True,0.000355,,even_char; semisimple,defect_a_even_char
EV-014,4,2,2,9,0,1,even,0,9,1,1,5,1|1|1|3|3,1|1|1|1|1,True,True,True,True,True,0.000655,,even_char; semisimple,defect_a_even_char
EV-014,4,2,2,9,1,2,even,0,9,1,2,1,9,1,True,True,True,True,True,0.00027,,even_char; semisimple,defect_a_even_char
EV-014,4,2,2,9,2,3,even,0,9,1,3,1,9,1,True,True,True,True,True,0.00024,,even_char; semisimple,defect_a_even_char
EV-015,4,2,2,15,0,1,even,0,15,1,1,9,1|1|1|2|2|2|2|2|2,1|1|1|1|1|1|1|1|1,True,True,True,True,True,0.001506,,even_char; semisimple,defect_a_even_char
EV-015,4,2,2,15,1,2,even,0,15,1,2,3,3|6|6,1|1|1,True,True,True,True,True,0.000974,,even_char; semisimple,defect_a_even_char
EV-015,4,2,2,15,2,3,even,0,15,1,3,3,3|6|6,1|1|1,True,True,True,True,True,0.001159,,even_char; semisimple,defect_a_even_char
EV-016,4,2,2,17,0,1,even,0,17,1,1,5,1|4|4|4|4,1|1|1|1|1,True,True,True,True,True,0.003837,,even_char; semisimple,defect_a_even_char
EV-016,4,2,2,17,1,2,even,0,17,1,2,5,1|4|4|4|4,1|1|1|1|1,True,True,True,True,True,0.001918,,even_char; semisimple,defect_a_even_char
EV-016,4,2,2,17,2,3,even,0,17,1,3,5,1|4|4|4|4,1|1|1|1|1,True,True,True,True,True,0.004077,,even_char; semisimple,defect_a_even_char
EV-017,4,2,2,21,0,1,even,0,21,1,1,9,1|1|1|3|3|3|3|3|3,1|1|1|1|1|1|1|1|1,True,True,True,True,True,0.004508,,even_char; semisimple,defect_a_even_char
EV-017,4,2,2,21,1,2,even,0,21,1,2,7,3|3|3|3|3|3|3,1|1|1|1|1|1|1,True,True,True,True,True,0.002638,,even_char; semisimple,defect_a_even_char
EV-017,4,2,2,21,2,3,even,0,21,1,3,7,3|3|3|3|3|3|3,1|1|1|1|1|1|1,True,True,True,True,True,0.003177,,even_char; semisimple,defect_a_even_char
EV-018,4,2,2,25,0,1,even,0,25,1,1,5,1|2|2|10|10,1|1|1|1|1,True,True,True,True,True,0.002825,,even_char; semisimple,defect_a_even_char
EV-018,4,2,2,25,1,2,even,0,25,1,2,5,1|2|2|10|10,1|1|1|1|1,True,True,True,True,True,0.002799,,even_char; semisimple,defect_a_even_char
EV-018,4,2,2,25,2,3,even,0,25,1,3,5,1|2|2|10|10,1|1|1|1|1,True,True,True,True,True,0.002318,,even_char; semisimple,defect_a_even_char
EV-019,4,2,2,31,0,1,even,0,31,1,1,7,1|5|5|5|5|5|5,1|1|1|1|1|1|1,True,True,True,True,True,0.00987,,even_char; semisimple,defect_a_even_char
EV-019,4,2,2,31,1,2,even,0,31,1,2,7,1|5|5|5|5|5|5,1|1|1|1|1|1|1,True,True,True,True,True,0.008852,,even_char; semisimple,defect_a_even_char
EV-019,4,2,2,31,2,3,even,0,31,1,3,7,1|5|5|5|5|5|5,1|1|1|1|1|1|1,True,True,True,True,True,0.004956,,even_char; semisimple,defect_a_even_char
EV-020,4,2,2,35,0,1,even,0,35,1,1,9,1|2|2|3|3|6|6|6|6,1|1|1|1|1|1|1|1|1,True,True,True,True,True,0.00845,,even_char; semisimple,defect_a_even_char
EV-020,4,2,2,35,1,2,even,0,35,1,2,9,1|2|2|3|3|6|6|6|6,1|1|1|1|1|1|1|1|1,True,True,True,True,True,0.006701,,even_char; semisimple,defect_a_even_char
EV-020,4,2,2,35,2,3,even,0,35,1,3,9,1|2|2|3|3|6|6|6|6,1|1|1|1|1|1|1|1|1,True,True,True,True,True,0.005755,,even_char; semisimple,defect_a_even_char
EV-021,8,2,3,3,0,1,even,0,3,1,1,2,1|2,1|1,True,True,True,True,True,0.000143,,even_char; semisimple,defect_a_even_char
EV-021,8,2,3,3,1,2,even,0,3,1,2,2,1|2,1|1,True,True,True,True,True,0.000138,,even_char; semisimple,defect_a_even_char
EV-021,8,2,3,3,2,4,even,0,3,1,4,2,1|2,1|1,True,True,True,True,True,0.000138,,even_char; semisimple,defect_a_even_char
EV-021,8,2,3,3,3,3,even,0,3,1,3,2,1|2,1|1,True,True,True,True,True,0.000135,,even_char; semisimple,defect_a_even_char
EV-021,8,2,3,3,4,6,even,0,3,1,6,2,1|2,1|1,True,True,True,True,True,0.000133,,even_char; semisimple,defect_a_even_char
EV-021,8,2,3,3,5,7,even,0,3,1,7,2,1|2,1|1,True,True,True,True,True,0.000164,,even_char; semisimple,defect_a_even_char
EV-021,8,2,3,3,6,5,even,0,3,1,5,2,1|2,1|1,True,True,True,True,True,0.000137,,even_char; semisimple,defect_a_even_char
EV-022,8,2,3,5,0,1,even,0,5,1,1,2,1|4,1|1,True,True,True,True,True,0.000256,,even_char; semisimple,defect_a_even_char
EV-022,8,2,3,5,1,2,even,0,5,1,2,2,1|4,1|1,True,True,True,True,True,0.000293,,even_char; semisimple,defect_a_even_char
EV-022,8,2,3,5,2,4,even,0,5,1,4,2,1|4,1|1,True,True,True,True,True,0.000297,,even_char; semisimple,defect_a_even_char
EV-022,8,2,3,5,3,3,even,0,5,1,3,2,1|4,1|1,True,True,True,True,True,0.000249,,even_char; semisimple,defect_a_even_char
EV-022,8,2,3,5,4,6,even,0,5,1,6,2,1|4,1|1,True,True,True,True,True,0.000247,,even_char; semisimple,defect_a_even_char
EV-022,8,2,3,5,5,7,even,0,5,1,7,2,1|4,1|1,True,True,True,True,True,0.000247,,even_char; semisimple,defect_a_even_char
EV-022,8,2,3,5,6,5,even,0,5,1,5,2,1|4,1|1,True,True,True,True,True,0.00028,,even_char; semisimple,defect_a_even_char
EV-023,8,2,3,7,0,1,even,0,7,1,1,7,1|1|1|1|1|1|1,1|1|1|1|1|1|1,True,True,True,True,True,0.000645,,even_char; semisimple,defect_a_even_char
EV-023,8,2,3,7,1,2,even,0,7,1,2,1,7,1,True,True,True,True,True,0.000199,,even_char; semisimple,defect_a_even_char
EV-023,8,2,3,7,2,4,even,0,7,1,4,1,7,1,True,True,True,True,True,0.000188,,even_char; semisimple,defect_a_even_char
EV-023,8,2,3,7,3,3,even,0,7,1,3,1,7,1,True,True,True,True,True,0.000167,,even_char; semisimple,defect_a_even_char
EV-023,8,2,3,7,4,6,even,0,7,1,6,1,7,1,True,True,True,True,True,0.000162,,even_char; semisimple,defect_a_even_char
EV-023,8,2,3,7,5,7,even,0,7,1,7,1,7,1,True,True,True,True,True,0.000162,,even_char; semisimple,defect_a_even_char
EV-023,8,2,3,7,6,5,even,0,7,1,5,1,7,1,True,True,True,True,True,0.000161,,even_char; semisimple,defect_a_even_char
EV-024,8,2,3,9,0,1,even,0,9,1,1,5,1|2|2|2|2,1|1|1|1|1,True,True,True,True,True,0.001095,,even_char; semisimple,defect_a_even_char
EV-024,8,2,3,9,1,2,even,0,9,1,2,5,1|2|2|2|2,1|1|1|1|1,True,True,True,True,True,0.001732,,even_char; semisimple,defect_a_even_char
EV-024,8,2,3,9,2,4,even,0,9,1,4,5,1|2|2|2|2,1|1|1|1|1,True,True,True,True,True,0.002181,,even_char; semisimple,defect_a_even_char
EV-024,8,2,3,9,3,3,even,0,9,1,3,5,1|2|2|2|2,1|1|1|1|1,True,True,True,True,True,0.001429,,even_char; semisimple,defect_a_even_char
EV-024,8,2,3,9,4,6,even,0,9,1,6,5,1|2|2|2|2,1|1|1|1|1,True,True,True,True,True,0.002626,,even_char; semisimple,defect_a_even_char
EV-024,8,2,3,9,5,7,even,0,9,1,7,5,1|2|2|2|2,1|1|1|1|1,True,True,True,True,True,0.001502,,even_char; semisimple,defect_a_even_char
EV-024,8,2,3,9,6,5,even,0,9,1,5,5,1|2|2|2|2,1|1|1|1|1,True,True,True,True,True,0.002192,,even_char; semisimple,defect_a_even_char
EV-025,8,2,3,15,0,1,even,0,15,1,1,5,1|2|4|4|4,1|1|1|1|1,True,True,True,True,True,0.00395,,even_char; semisimple,defect_a_even_char
EV-025,8,2,3,15,1,2,even,0,15,1,2,5,1|2|4|4|4,1|1|1|1|1,True,True,True,True,True,0.001699,,even_char; semisimple,defect_a_even_char
EV-025,8,2,3,15,2,4,even,0,15,1,4,5,1|2|4|4|4,1|1|1|1|1,True,True,True,True,True,0.002048,,even_char; semisimple,defect_a_even_char
EV-025,8,2,3,15,3,3,even,0,15,1,3,5,1|2|4|4|4,1|1|1|1|1,True,True,True,True,True,0.001634,,even_char; semisimple,defect_a_even_char
EV-025,8,2,3,15,4,6,even,0,15,1,6,5,1|2|4|4|4,1|1|1|1|1,True,True,True,True,True,0.001321,,even_char; semisimple,defect_a_even_char
EV-025,8,2,3,15,5,7,even,0,15,1,7,5,1|2|4|4|4,1|1|1|1|1,True,True,True,True,True,0.001328,,even_char; semisimple,defect_a_even_char
EV-025,8,2,3,15,6,5,even,0,15,1,5,5,1|2|4|4|4,1|1|1|1|1,True,True,True,True,True,0.001599,,even_char; semisimple,defect_a_even_char
EV-026,8,2,3,17,0,1,even,0,17,1,1,3,1|8|8,1|1|1,True,True,True,True,True,0.002963,,even_char; semisimple,defect_a_even_char
EV-026,8,2,3,17,1,2,even,0,17,1,2,3,1|8|8,1|1|1,True,True,True,True,True,0.002819,,even_char; semisimple,defect_a_even_char
EV-026,8,2,3,17,2,4,even,0,17,1,4,3,1|8|8,1|1|1,True,True,True,True,True,0.002401,,even_char; semisimple,defect_a_even_char
EV-026,8,2,3,17,3,3,even,0,17,1,3,3,1|8|8,1|1|1,True,True,True,True,True,0.003074,,even_char; semisimple,defect_a_even_char
EV-026,8,2,3,17,4,6,even,0,17,1,6,3,1|8|8,1|1|1,True,True,True,True,True,0.004883,,even_char; semisimple,defect_a_even_char
EV-026,8,2,3,17,5,7,even,0,17,1,7,3,1|8|8,1|1|1,True,True,True,True,True,0.003001,,even_char; semisimple,defect_a_even_char
EV-026,8,2,3,17,6,5,even,0,17,1,5,3,1|8|8,1|1|1,True,True,True,True,True,0.003204,,even_char; semisimple,defect_a_even_char
EV-027,8,2,3,21,0,1,even,0,21,1,1,14,1|1|1|1|1|1|1|2|2|2|2|2|2|2,1|1|1|1|1|1|1|1|1|1|1|1|1|1,True,True,True,True,True,0.003914,,even_char; semisimple,defect_a_even_char
EV-027,8,2,3,21,1,2,even,0,21,1,2,2,7|14,1|1,True,True,True,True,True,0.001137,,even_char; semisimple,defect_a_even_char
EV-027,8,2,3,21,2,4,even,0,21,1,4,2,7|14,1|1,True,True,True,True,True,0.000902,,even_char; semisimple,defect_a_even_char
EV-027,8,2,3,21,3,3,even,0,21,1,3,2,7|14,1|1,True,True,True,True,True,0.000972,,even_char; semisimple,defect_a_even_char
EV-027,8,2,3,21,4,6,even,0,21,1,6,2,7|14,1|1,True,True,True,True,True,0.000892,,even_char; semisimple,defect_a_even_char
EV-027,8,2,3,21,5,7,even,0,21,1,7,2,7|14,1|1,True,True,True,True,True,0.000911,,even_char; semisimple,defect_a_even_char
EV-027,8,2,3,21,6,5,even,0,21,1,5,2,7|14,1|1,True,True,True,True,True,0.00103,,even_char; semisimple,defect_a_even_char
EV-028,8,2,3,25,0,1,even,0,25,1,1,3,1|4|20,1|1|1,True,True,True,True,True,0.002777,,even_char; semisimple,defect_a_even_char
EV-028,8,2,3,25,1,2,even,0,25,1,2,3,1|4|20,1|1|1,True,True,True,True,True,0.002661,,even_char; semisimple,defect_a_even_char
EV-028,8,2,3,25,2,4,even,0,25,1,4,3,1|4|20,1|1|1,True,True,True,True,True,0.003119,,even_char; semisimple,defect_a_even_char
EV-028,8,2,3,25,3,3,even,0,25,1,3,3,1|4|20,1|1|1,True,True,True,True,True,0.002611,,even_char; semisimple,defect_a_even_char
EV-028,8,2,3,25,4,6,even,0,25,1,6,3,1|4|20,1|1|1,True,True,True,True,True,0.002458,,even_char; semisimple,defect_a_even_char
EV-028,8,2,3,25,5,7,even,0,25,1,7,3,1|4|20,1|1|1,True,True,True,True,True,0.002782,,even_char; semisimple,defect_a_even_char
EV-028,8,2,3,25,6,5,even,0,25,1,5,3,1|4|20,1|1|1,True,True,True,True,True,0.0036,,even_char; semisimple,defect_a_even_char
EV-029,8,2,3,31,0,1,even,0,31,1,1,7,1|5|5|5|5|5|5,1|1|1|1|1|1|1,True,True,True,True,True,0.011053,,even_char; semisimple,defect_a_even_char
EV-029,8,2,3,31,1,2,even,0,31,1,2,7,1|5|5|5|5|5|5,1|1|1|1|1|1|1,True,True,True,True,True,0.011036,,even_char; semisimple,defect_a_even_char
EV-029,8,2,3,31,2,4,even,0,31,1,4,7,1|5|5|5|5|5|5,1|1|1|1|1|1|1,True,True,True,True,True,0.008822,,even_char; semisimple,defect_a_even_char
EV-029,8,2,3,31,3,3,even,0,31,1,3,7,1|5|5|5|5|5|5,1|1|1|1|1|1|1,True,True,True,True,True,0.011344,,even_char; semisimple,defect_a_even_char
EV-029,8,2,3,31,4,6,even,0,31,1,6,7,1|5|5|5|5|5|5,1|1|1|1|1|1|1,True,True,True,True,True,0.011414,,even_char; semisimple,defect_a_even_char
EV-029,8,2,3,31,5,7,even,0,31,1,7,7,1|5|5|5|5|5|5,1|1|1|1|1|1|1,True,True,True,True,True,0.0111,,even_char; semisimple,defect_a_even_char
EV-029,8,2,3,31,6,5,even,0,31,1,5,7,1|5|5|5|5|5|5,1|1|1|1|1|1|1,True,True,True,True,True,0.011401,,even_char; semisimple,defect_a_even_char
EV-030,8,2,3,35,0,1,even,0,35,1,1,14,1|1|1|1|1|1|1|4|4|4|4|4|4|4,1|1|1|1|1|1|1|1|1|1|1|1|1|1,True,True,True,True,True,0.007558,,even_char; semisimple,defect_a_even_char
EV-030,8,2,3,35,1,2,even,0,35,1,2,2,7|28,1|1,True,True,True,True,True,0.002693,,even_char; semisimple,defect_a_even_char
EV-030,8,2,3,35,2,4,even,0,35,1,4,2,7|28,1|1,True,True,True,True,True,0.004021,,even_char; semisimple,defect_a_even_char
EV-030,8,2,3,35,3,3,even,0,35,1,3,2,7|28,1|1,True,True,True,True,True,0.003495,,even_char; semisimple,defect_a_even_char
EV-030,8,2,3,35,4,6,even,0,35,1,6,2,7|28,1|1,True,True,True,True,True,0.003909,,even_char; semisimple,defect_a_even_char
EV-030,8,2,3,35,5,7,even,0,35,1,7,2,7|28,1|1,True,True,True,True,True,0.003934,,even_char; semisimple,defect_a_even_char
EV-030,8,2,3,35,6,5,even,0,35,1,5,2,7|28,1|1,True,True,True,True,True,0.003513,,even_char; semisimple,defect_a_even_char
EV-031,16,2,4,3,0,1,even,0,3,1,1,3,1|1|1,1|1|1,True,True,True,True,True,0.00033,,even_char; semisimple,defect_a_even_char
EV-031,16,2,4,3,1,2,even,0,3,1,2,1,3,1,True,True,True,True,True,0.000222,,even_char; semisimple,defect_a_even_char
EV-031,16,2,4,3,2,4,even,0,3,1,4,1,3,1,True,True,True,True,True,0.000256,,even_char; semisimple,defect_a_even_char
EV-031,16,2,4,3,3,8,even,0,3,1,8,3,1|1|1,1|1|1,True,True,True,True,True,0.00028,,even_char; semisimple,defect_a_even_char
EV-031,16,2,4,3,4,3,even,0,3,1,3,1,3,1,True,True,True,True,True,0.000165,,even_char; semisimple,defect_a_even_char
EV-031,16,2,4,3,5,6,even,0,3,1,6,1,3,1,True,True,True,True,True,0.000161,,even_char; semisimple,defect_a_even_char
EV-031,16,2,4,3,6,12,even,0,3,1,12,3,1|1|1,1|1|1,True,True,True,True,True,0.000242,,even_char; semisimple,defect_a_even_char
EV-031,16,2,4,3,7,11,even,0,3,1,11,1,3,1,True,True,True,True,True,0.000148,,even_char; semisimple,defect_a_even_char
EV-031,16,2,4,3,8,5,even,0,3,1,5,1,3,1,True,True,True,True,True,0.000118,,even_char; semisimple,defect_a_even_char
EV-031,16,2,4,3,9,10,even,0,3,1,10,3,1|1|1,1|1|1,True,True,True,True,True,0.000239,,even_char; semisimple,defect_a_even_char
EV-031,16,2,4,3,10,7,even,0,3,1,7,1,3,1,True,True,True,True,True,0.000114,,even_char; semisimple,defect_a_even_char
EV-031,16,2,4,3,11,14,even,0,3,1,14,1,3,1,True,True,True,True,True,0.000112,,even_char; semisimple,defect_a_even_char
EV-031,16,2,4,3,12,15,even,0,3,1,15,3,1|1|1,1|1|1,True,True,True,True,True,0.000254,,even_char; semisimple,defect_a_even_char
EV-031,16,2,4,3,13,13,even,0,3,1,13,1,3,1,True,True,True,True,True,0.00015,,even_char; semisimple,defect_a_even_char
EV-031,16,2,4,3,14,9,even,0,3,1,9,1,3,1,True,True,True,True,True,0.000118,,even_char; semisimple,defect_a_even_char
EV-032,16,2,4,5,0,1,even,0,5,1,1,5,1|1|1|1|1,1|1|1|1|1,True,True,True,True,True,0.000629,,even_char; semisimple,defect_a_even_char
EV-032,16,2,4,5,1,2,even,0,5,1,2,1,5,1,True,True,True,True,True,0.000279,,even_char; semisimple,defect_a_even_char
EV-032,16,2,4,5,2,4,even,0,5,1,4,1,5,1,True,True,True,True,True,0.00016,,even_char; semisimple,defect_a_even_char
EV-032,16,2,4,5,3,8,even,0,5,1,8,1,5,1,True,True,True,True,True,0.000164,,even_char; semisimple,defect_a_even_char
EV-032,16,2,4,5,4,3,even,0,5,1,3,1,5,1,True,True,True,True,True,0.000167,,even_char; semisimple,defect_a_even_char
EV-032,16,2,4,5,5,6,even,0,5,1,6,5,1|1|1|1|1,1|1|1|1|1,True,True,True,True,True,0.000827,,even_char; semisimple,defect_a_even_char
EV-032,16,2,4,5,6,12,even,0,5,1,12,1,5,1,True,True,True,True,True,0.000226,,even_char; semisimple,defect_a_even_char
EV-032,16,2,4,5,7,11,even,0,5,1,11,1,5,1,True,True,True,True,True,0.000233,,even_char; semisimple,defect_a_even_char
EV-032,16,2,4,5,8,5,even,0,5,1,5,1,5,1,True,True,True,True,True,0.000217,,even_char; semisimple,defect_a_even_char
EV-032,16,2,4,5,9,10,even,0,5,1,10,1,5,1,True,True,True,True,True,0.0002,,even_char; semisimple,defect_a_even_char
EV-032,16,2,4,5,10,7,even,0,5,1,7,5,1|1|1|1|1,1|1|1|1|1,True,True,True,True,True,0.000357,,even_char; semisimple,defect_a_even_char
EV-032,16,2,4,5,11,14,even,0,5,1,14,1,5,1,True,True,True,True,True,0.000161,,even_char; semisimple,defect_a_even_char
EV-032,16,2,4,5,12,15,even,0,5,1,15,1,5,1,True,True,True,True,True,0.000197,,even_char; semisimple,defect_a_even_char
EV-032,16,2,4,5,13,13,even,0,5,1,13,1,5,1,True,True,True,True,True,0.000157,,even_char; semisimple,defect_a_even_char
EV-032,16,2,4,5,14,9,even,0,5,1,9,1,5,1,True,True,True,True,True,0.000154,,even_char; semisimple,defect_a_even_char
EV-033,16,2,4,7,0,1,even,0,7,1,1,3,1|3|3,1|1|1,True,True,True,True,True,0.00071,,even_char; semisimple,defect_a_even_char
EV-033,16,2,4,7,1,2,even,0,7,1,2,3,1|3|3,1|1|1,True,True,True,True,True,0.000536,,even_char; semisimple,defect_a_even_char
EV-033,16,2,4,7,2,4,even,0,7,1,4,3,1|3|3,1|1|1,True,True,True,True,True,0.00087,,even_char; semisimple,defect_a_even_char
EV-033,16,2,4,7,3,8,even,0,7,1,8,3,1|3|3,1|1|1,True,True,True,True,True,0.000665,,even_char; semisimple,defect_a_even_char
EV-033,16,2,4,7,4,3,even,0,7,1,3,3,1|3|3,1|1|1,True,True,True,True,True,0.000523,,even_char; semisimple,defect_a_even_char
EV-033,16,2,4,7,5,6,even,0,7,1,6,3,1|3|3,1|1|1,True,True,True,True,True,0.00081,,even_char; semisimple,defect_a_even_char
EV-033,16,2,4,7,6,12,even,0,7,1,12,3,1|3|3,1|1|1,True,True,True,True,True,0.001045,,even_char; semisimple,defect_a_even_char
EV-033,16,2,4,7,7,11,even,0,7,1,11,3,1|3|3,1|1|1,True,True,True,True,True,0.000556,,even_char; semisimple,defect_a_even_char
EV-033,16,2,4,7,8,5,even,0,7,1,5,3,1|3|3,1|1|1,True,True,True,True,True,0.000562,,even_char; semisimple,defect_a_even_char
EV-033,16,2,4,7,9,10,even,0,7,1,10,3,1|3|3,1|1|1,True,True,True,True,True,0.000708,,even_char; semisimple,defect_a_even_char
EV-033,16,2,4,7,10,7,even,0,7,1,7,3,1|3|3,1|1|1,True,True,True,True,True,0.000734,,even_char; semisimple,defect_a_even_char
EV-033,16,2,4,7,11,14,even,0,7,1,14,3,1|3|3,1|1|1,True,True,True,True,True,0.00063,,even_char; semisimple,defect_a_even_char
EV-033,16,2,4,7,12,15,even,0,7,1,15,3,1|3|3,1|1|1,True,True,True,True,True,0.000747,,even_char; semisimple,defect_a_even_char
EV-033,16,2,4,7,13,13,even,0,7,1,13,3,1|3|3,1|1|1,True,True,True,True,True,0.000845,,even_char; semisimple,defect_a_even_char
EV-033,16,2,4,7,14,9,even,0,7,1,9,3,1|3|3,1|1|1,True,True,True,True,True,0.000573,,even_char; semisimple,defect_a_even_char
EV-034,16,2,4,9,0,1,even,0,9,1,1,5,1|1|1|3|3,1|1|1|1|1,True,True,True,True,True,0.001233,,even_char; semisimple,defect_a_even_char
EV-034,16,2,4,9,1,2,even,0,9,1,2,1,9,1,True,True,True,True,True,0.000595,,even_char; semisimple,defect_a_even_char
EV-034,16,2,4,9,2,4,even,0,9,1,4,1,9,1,True,True,True,True,True,0.000634,,even_char; semisimple,defect_a_even_char
EV-034,16,2,4,9,3,8,even,0,9,1,8,5,1|1|1|3|3,1|1|1|1|1,True,True,True,True,True,0.000988,,even_char; semisimple,defect_a_even_char
EV-034,16,2,4,9,4,3,even,0,9,1,3,1,9,1,True,True,True,True,True,0.000592,,even_char; semisimple,defect_a_even_char
EV-034,16,2,4,9,5,6,even,0,9,1,6,1,9,1,True,True,True,True,True,0.000581,,even_char; semisimple,defect_a_even_char
EV-034,16,2,4,9,6,12,even,0,9,1,12,5,1|1|1|3|3,1|1|1|1|1,True,True,True,True,True,0.000884,,even_char; semisimple,defect_a_even_char
EV-034,16,2,4,9,7,11,even,0,9,1,11,1,9,1,True,True,True,True,True,0.000518,,even_char; semisimple,defect_a_even_char
EV-034,16,2,4,9,8,5,even,0,9,1,5,1,9,1,True,True,True,True,True,0.000475,,even_char; semisimple,defect_a_even_char
EV-034,16,2,4,9,9,10,even,0,9,1,10,5,1|1|1|3|3,1|1|1|1|1,True,True,True,True,True,0.001127,,even_char; semisimple,defect_a_even_char
EV-034,16,2,4,9,10,7,even,0,9,1,7,1,9,1,True,True,True,True,True,0.000508,,even_char; semisimple,defect_a_even_char
EV-034,16,2,4,9,11,14,even,0,9,1,14,1,9,1,True,True,True,True,True,0.000389,,even_char; semisimple,defect_a_even_char
EV-034,16,2,4,9,12,15,even,0,9,1,15,5,1|1|1|3|3,1|1|1|1|1,True,True,True,True,True,0.000803,,even_char; semisimple,defect_a_even_char
EV-034,16,2,4,9,13,13,even,0,9,1,13,1,9,1,True,True,True,True,True,0.000442,,even_char; semisimple,defect_a_even_char
EV-034,16,2,4,9,14,9,even,0,9,1,9,1,9,1,True,True,True,True,True,0.000471,,even_char; semisimple,defect_a_even_char
EV-035,16,2,4,15,0,1,even,0,15,1,1,15,1|1|1|1|1|1|1|1|1|1|1|1|1|1|1,1|1|1|1|1|1|1|1|1|1|1|1|1|1|1,True,True,True,True,True,0.004556,,even_char; semisimple,defect_a_even_char
EV-035,16,2,4,15,1,2,even,0,15,1,2,1,15,1,True,True,True,True,True,0.000657,,even_char; semisimple,defect_a_even_char
EV-035,16,2,4,15,2,4,even,0,15,1,4,1,15,1,True,True,True,True,True,0.000637,,even_char; semisimple,defect_a_even_char
EV-035,16,2,4,15,3,8,even,0,15,1,8,3,5|5|5,1|1|1,True,True,True,True,True,0.001227,,even_char; semisimple,defect_a_even_char
EV-035,16,2,4,15,4,3,even,0,15,1,3,1,15,1,True,True,True,True,True,0.000465,,even_char; semisimple,defect_a_even_char
EV-035,16,2,4,15,5,6,even,0,15,1,6,5,3|3|3|3|3,1|1|1|1|1,True,True,True,True,True,0.002021,,even_char; semisimple,defect_a_even_char
EV-035,16,2,4,15,6,12,even,0,15,1,12,3,5|5|5,1|1|1,True,True,True,True,True,0.002006,,even_char; semisimple,defect_a_even_char
EV-035,16,2,4,15,7,11,even,0,15,1,11,1,15,1,True,True,True,True,True,0.000699,,even_char; semisimple,defect_a_even_char
EV-035,16,2,4,15,8,5,even,0,15,1,5,1,15,1,True,True,True,True,True,0.000751,,even_char; semisimple,defect_a_even_char
EV-035,16,2,4,15,9,10,even,0,15,1,10,3,5|5|5,1|1|1,True,True,True,True,True,0.001389,,even_char; semisimple,defect_a_even_char
EV-035,16,2,4,15,10,7,even,0,15,1,7,5,3|3|3|3|3,1|1|1|1|1,True,True,True,True,True,0.002256,,even_char; semisimple,defect_a_even_char
EV-035,16,2,4,15,11,14,even,0,15,1,14,1,15,1,True,True,True,True,True,0.000659,,even_char; semisimple,defect_a_even_char
EV-035,16,2,4,15,12,15,even,0,15,1,15,3,5|5|5,1|1|1,True,True,True,True,True,0.003055,,even_char; semisimple,defect_a_even_char
EV-035,16,2,4,15,13,13,even,0,15,1,13,1,15,1,True,True,True,True,True,0.000742,,even_char; semisimple,defect_a_even_char
EV-035,16,2,4,15,14,9,even,0,15,1,9,1,15,1,True,True,True,True,True,0.000752,,even_char; semisimple,defect_a_even_char
EV-036,16,2,4,17,0,1,even,0,17,1,1,9,1|2|2|2|2|2|2|2|2,1|1|1|1|1|1|1|1|1,True,True,True,True,True,0.008917,,even_char; semisimple,defect_a_even_char
EV-036,16,2,4,17,1,2,even,0,17,1,2,9,1|2|2|2|2|2|2|2|2,1|1|1|1|1|1|1|1|1,True,True,True,True,True,0.012293,,even_char; semisimple,defect_a_even_char
EV-036,16,2,4,17,2,4,even,0,17,1,4,9,1|2|2|2|2|2|2|2|2,1|1|1|1|1|1|1|1|1,True,True,True,True,True,0.005598,,even_char; semisimple,defect_a_even_char
EV-036,16,2,4,17,3,8,even,0,17,1,8,9,1|2|2|2|2|2|2|2|2,1|1|1|1|1|1|1|1|1,True,True,True,True,True,0.005572,,even_char; semisimple,defect_a_even_char
EV-036,16,2,4,17,4,3,even,0,17,1,3,9,1|2|2|2|2|2|2|2|2,1|1|1|1|1|1|1|1|1,True,True,True,True,True,0.006512,,even_char; semisimple,defect_a_even_char
EV-036,16,2,4,17,5,6,even,0,17,1,6,9,1|2|2|2|2|2|2|2|2,1|1|1|1|1|1|1|1|1,True,True,True,True,True,0.006853,,even_char; semisimple,defect_a_even_char
EV-036,16,2,4,17,6,12,even,0,17,1,12,9,1|2|2|2|2|2|2|2|2,1|1|1|1|1|1|1|1|1,True,True,True,True,True,0.006367,,even_char; semisimple,defect_a_even_char
EV-036,16,2,4,17,7,11,even,0,17,1,11,9,1|2|2|2|2|2|2|2|2,1|1|1|1|1|1|1|1|1,True,True,True,True,True,0.004596,,even_char; semisimple,defect_a_even_char
EV-036,16,2,4,17,8,5,even,0,17,1,5,9,1|2|2|2|2|2|2|2|2,1|1|1|1|1|1|1|1|1,True,True,True,True,True,0.008692,,even_char; semisimple,defect_a_even_char
EV-036,16,2,4,17,9,10,even,0,17,1,10,9,1|2|2|2|2|2|2|2|2,1|1|1|1|1|1|1|1|1,True,True,True,True,True,0.005743,,even_char; semisimple,defect_a_even_char
EV-036,16,2,4,17,10,7,even,0,17,1,7,9,1|2|2|2|2|2|2|2|2,1|1|1|1|1|1|1|1|1,True,True,True,True,True,0.005547,,even_char; semisimple,defect_a_even_char
EV-036,16,2,4,17,11,14,even,0,17,1,14,9,1|2|2|2|2|2|2|2|2,1|1|1|1|1|1|1|1|1,True,True,True,True,True,0.006133,,even_char; semisimple,defect_a_even_char
EV-036,16,2,4,17,12,15,even,0,17,1,15,9,1|2|2|2|2|2|2|2|2,1|1|1|1|1|1|1|1|1,True,True,True,True,True,0.015312,,even_char; semisimple,defect_a_even_char
EV-036,16,2,4,17,13,13,even,0,17,1,13,9,1|2|2|2|2|2|2|2|2,1|1|1|1|1|1|1|1|1,True,True,True,True,True,0.00743,,even_char; semisimple,defect_a_even_char
EV-036,16,2,4,17,14,9,even,0,17,1,9,9,1|2|2|2|2|2|2|2|2,1|1|1|1|1|1|1|1|1,True,True,True,True,True,0.007364,,even_char; semisimple,defect_a_even_char
EV-037,16,2,4,21,0,1,even,0,21,1,1,9,1|1|1|3|3|3|3|3|3,1|1|1|1|1|1|1|1|1,True,True,True,True,True,0.008263,,even_char; semisimple,defect_a_even_char
EV-037,16,2,4,21,1,2,even,0,21,1,2,7,3|3|3|3|3|3|3,1|1|1|1|1|1|1,True,True,True,True,True,0.010716,,even_char; semisimple,defect_a_even_char
EV-037,16,2,4,21,2,4,even,0,21,1,4,7,3|3|3|3|3|3|3,1|1|1|1|1|1|1,True,True,True,True,True,0.004426,,even_char; semisimple,defect_a_even_char
EV-037,16,2,4,21,3,8,even,0,21,1,8,9,1|1|1|3|3|3|3|3|3,1|1|1|1|1|1|1|1|1,True,True,True,True,True,0.004553,,even_char; semisimple,defect_a_even_char
EV-037,16,2,4,21,4,3,even,0,21,1,3,7,3|3|3|3|3|3|3,1|1|1|1|1|1|1,True,True,True,True,True,0.005987,,even_char; semisimple,defect_a_even_char
EV-037,16,2,4,21,5,6,even,0,21,1,6,7,3|3|3|3|3|3|3,1|1|1|1|1|1|1,True,True,True,True,True,0.007404,,even_char; semisimple,defect_a_even_char
EV-037,16,2,4,21,6,12,even,0,21,1,12,9,1|1|1|3|3|3|3|3|3,1|1|1|1|1|1|1|1|1,True,True,True,True,True,0.004293,,even_char; semisimple,defect_a_even_char
EV-037,16,2,4,21,7,11,even,0,21,1,11,7,3|3|3|3|3|3|3,1|1|1|1|1|1|1,True,True,True,True,True,0.005217,,even_char; semisimple,defect_a_even_char
EV-037,16,2,4,21,8,5,even,0,21,1,5,7,3|3|3|3|3|3|3,1|1|1|1|1|1|1,True,True,True,True,True,0.005165,,even_char; semisimple,defect_a_even_char
EV-037,16,2,4,21,9,10,even,0,21,1,10,9,1|1|1|3|3|3|3|3|3,1|1|1|1|1|1|1|1|1,True,True,True,True,True,0.005012,,even_char; semisimple,defect_a_even_char
EV-037,16,2,4,21,10,7,even,0,21,1,7,7,3|3|3|3|3|3|3,1|1|1|1|1|1|1,True,True,True,True,True,0.004579,,even_char; semisimple,defect_a_even_char
EV-037,16,2,4,21,11,14,even,0,21,1,14,7,3|3|3|3|3|3|3,1|1|1|1|1|1|1,True,True,True,True,True,0.005063,,even_char; semisimple,defect_a_even_char
EV-037,16,2,4,21,12,15,even,0,21,1,15,9,1|1|1|3|3|3|3|3|3,1|1|1|1|1|1|1|1|1,True,True,True,True,True,0.005598,,even_char; semisimple,defect_a_even_char
EV-037,16,2,4,21,13,13,even,0,21,1,13,7,3|3|3|3|3|3|3,1|1|1|1|1|1|1,True,True,True,True,True,0.006611,,even_char; semisimple,defect_a_even_char
EV-037,16,2,4,21,14,9,even,0,21,1,9,7,3|3|3|3|3|3|3,1|1|1|1|1|1|1,True,True,True,True,True,0.007024,,even_char; semisimple,defect_a_even_char
EV-038,16,2,4,25,0,1,even,0,25,1,1,9,1|1|1|1|1|5|5|5|5,1|1|1|1|1|1|1|1|1,True,True,True,True,True,0.004386,,even_char; semisimple,defect_a_even_char
EV-038,16,2,4,25,1,2,even,0,25,1,2,1,25,1,True,True,True,True,True,0.001376,,even_char; semisimple,defect_a_even_char
EV-038,16,2,4,25,2,4,even,0,25,1,4,1,25,1,True,True,True,True,True,0.001323,,even_char; semisimple,defect_a_even_char
EV-038,16,2,4,25,3,8,even,0,25,1,8,1,25,1,True,True,True,True,True,0.001402,,even_char; semisimple,defect_a_even_char
EV-038,16,2,4,25,4,3,even,0,25,1,3,1,25,1,True,True,True,True,True,0.001624,,even_char; semisimple,defect_a_even_char
EV-038,16,2,4,25,5,6,even,0,25,1,6,9,1|1|1|1|1|5|5|5|5,1|1|1|1|1|1|1|1|1,True,True,True,True,True,0.003603,,even_char; semisimple,defect_a_even_char
EV-038,16,2,4,25,6,12,even,0,25,1,12,1,25,1,True,True,True,True,True,0.001649,,even_char; semisimple,defect_a_even_char
EV-038,16,2,4,25,7,11,even,0,25,1,11,1,25,1,True,True,True,True,True,0.00136,,even_char; semisimple,defect_a_even_char
EV-038,16,2,4,25,8,5,even,0,25,1,5,1,25,1,True,True,True,True,True,0.001508,,even_char; semisimple,defect_a_even_char
EV-038,16,2,4,25,9,10,even,0,25,1,10,1,25,1,True,True,True,True,True,0.00183,,even_char; semisimple,defect_a_even_char
EV-038,16,2,4,25,10,7,even,0,25,1,7,9,1|1|1|1|1|5|5|5|5,1|1|1|1|1|1|1|1|1,True,True,True,True,True,0.005326,,even_char; semisimple,defect_a_even_char
EV-038,16,2,4,25,11,14,even,0,25,1,14,1,25,1,True,True,True,True,True,0.002369,,even_char; semisimple,defect_a_even_char
EV-038,16,2,4,25,12,15,even,0,25,1,15,1,25,1,True,True,True,True,True,0.002089,,even_char; semisimple,defect_a_even_char
EV-038,16,2,4,25,13,13,even,0,25,1,13,1,25,1,True,True,True,True,True,0.002119,,even_char; semisimple,defect_a_even_char
EV-038,16,2,4,25,14,9,even,0,25,1,9,1,25,1,True,True,True,True,True,0.002066,,even_char; semisimple,defect_a_even_char
EV-039,16,2,4,31,0,1,even,0,31,1,1,7,1|5|5|5|5|5|5,1|1|1|1|1|1|1,True,True,True,True,True,0.027381,,even_char; semisimple,defect_a_even_char
EV-039,16,2,4,31,1,2,even,0,31,1,2,7,1|5|5|5|5|5|5,1|1|1|1|1|1|1,True,True,True,True,True,0.015956,,even_char; semisimple,defect_a_even_char
EV-039,16,2,4,31,2,4,even,0,31,1,4,7,1|5|5|5|5|5|5,1|1|1|1|1|1|1,True,True,True,True,True,0.013595,,even_char; semisimple,defect_a_even_char
EV-039,16,2,4,31,3,8,even,0,31,1,8,7,1|5|5|5|5|5|5,1|1|1|1|1|1|1,True,True,True,True,True,0.012815,,even_char; semisimple,defect_a_even_char
EV-039,16,2,4,31,4,3,even,0,31,1,3,7,1|5|5|5|5|5|5,1|1|1|1|1|1|1,True,True,True,True,True,0.028862,,even_char; semisimple,defect_a_even_char
EV-039,16,2,4,31,5,6,even,0,31,1,6,7,1|5|5|5|5|5|5,1|1|1|1|1|1|1,True,True,True,True,True,0.016819,,even_char; semisimple,defect_a_even_char
EV-039,16,2,4,31,6,12,even,0,31,1,12,7,1|5|5|5|5|5|5,1|1|1|1|1|1|1,True,True,True,True,True,0.009843,,even_char; semisimple,defect_a_even_char
EV-039,16,2,4,31,7,11,even,0,31,1,11,7,1|5|5|5|5|5|5,1|1|1|1|1|1|1,True,True,True,True,True,0.016079,,even_char; semisimple,defect_a_even_char
EV-039,16,2,4,31,8,5,even,0,31,1,5,7,1|5|5|5|5|5|5,1|1|1|1|1|1|1,True,True,True,True,True,0.012551,,even_char; semisimple,defect_a_even_char
EV-039,16,2,4,31,9,10,even,0,31,1,10,7,1|5|5|5|5|5|5,1|1|1|1|1|1|1,True,True,True,True,True,0.015504,,even_char; semisimple,defect_a_even_char
EV-039,16,2,4,31,10,7,even,0,31,1,7,7,1|5|5|5|5|5|5,1|1|1|1|1|1|1,True,True,True,True,True,0.016787,,even_char; semisimple,defect_a_even_char
EV-039,16,2,4,31,11,14,even,0,31,1,14,7,1|5|5|5|5|5|5,1|1|1|1|1|1|1,True,True,True,True,True,0.016124,,even_char; semisimple,defect_a_even_char
EV-039,16,2,4,31,12,15,even,0,31,1,15,7,1|5|5|5|5|5|5,1|1|1|1|1|1|1,True,True,True,True,True,0.012607,,even_char; semisimple,defect_a_even_char
EV-039,16,2,4,31,13,13,even,0,31,1,13,7,1|5|5|5|5|5|5,1|1|1|1|1|1|1,True,True,True,True,True,0.010761,,even_char; semisimple,defect_a_even_char
EV-039,16,2,4,31,14,9,even,0,31,1,9,7,1|5|5|5|5|5|5,1|1|1|1|1|1|1,True,True,True,True,True,0.009495,,even_char; semisimple,defect_a_even_char
EV-040,16,2,4,35,0,1,even,0,35,1,1,15,1|1|1|1|1|3|3|3|3|3|3|3|3|3|3,1|1|1|1|1|1|1|1|1|1|1|1|1|1|1,True,True,True,True,True,0.013026,,even_char; semisimple,defect_a_even_char
EV-040,16,2,4,35,1,2,even,0,35,1,2,3,5|15|15,1|1|1,True,True,True,True,True,0.009334,,even_char; semisimple,defect_a_even_char
EV-040,16,2,4,35,2,4,even,0,35,1,4,3,5|15|15,1|1|1,True,True,True,True,True,0.010976,,even_char; semisimple,defect_a_even_char
EV-040,16,2,4,35,3,8,even,0,35,1,8,3,5|15|15,1|1|1,True,True,True,True,True,0.016221,,even_char; semisimple,defect_a_even_char
EV-040,16,2,4,35,4,3,even,0,35,1,3,3,5|15|15,1|1|1,True,True,True,True,True,0.008303,,even_char; semisimple,defect_a_even_char
EV-040,16,2,4,35,5,6,even,0,35,1,6,15,1|1|1|1|1|3|3|3|3|3|3|3|3|3|3,1|1|1|1|1|1|1|1|1|1|1|1|1|1|1,True,True,True,True,True,0.0089,,even_char; semisimple,defect_a_even_char
EV-040,16,2,4,35,6,12,even,0,35,1,12,3,5|15|15,1|1|1,True,True,True,True,True,0.005007,,even_char; semisimple,defect_a_even_char
EV-040,16,2,4,35,7,11,even,0,35,1,11,3,5|15|15,1|1|1,True,True,True,True,True,0.005086,,even_char; semisimple,defect_a_even_char
EV-040,16,2,4,35,8,5,even,0,35,1,5,3,5|15|15,1|1|1,True,True,True,True,True,0.004955,,even_char; semisimple,defect_a_even_char
EV-040,16,2,4,35,9,10,even,0,35,1,10,3,5|15|15,1|1|1,True,True,True,True,True,0.007086,,even_char; semisimple,defect_a_even_char
EV-040,16,2,4,35,10,7,even,0,35,1,7,15,1|1|1|1|1|3|3|3|3|3|3|3|3|3|3,1|1|1|1|1|1|1|1|1|1|1|1|1|1|1,True,True,True,True,True,0.014446,,even_char; semisimple,defect_a_even_char
EV-040,16,2,4,35,11,14,even,0,35,1,14,3,5|15|15,1|1|1,True,True,True,True,True,0.026469,,even_char; semisimple,defect_a_even_char
EV-040,16,2,4,35,12,15,even,0,35,1,15,3,5|15|15,1|1|1,True,True,True,True,True,0.005007,,even_char; semisimple,defect_a_even_char
EV-040,16,2,4,35,13,13,even,0,35,1,13,3,5|15|15,1|1|1,True,True,True,True,True,0.007566,,even_char; semisimple,defect_a_even_char
EV-040,16,2,4,35,14,9,even,0,35,1,9,3,5|15|15,1|1|1,True,True,True,True,True,0.00558,,even_char; semisimple,defect_a_even_char
EV-041,32,2,5,3,0,1,even,0,3,1,1,2,1|2,1|1,True,True,True,True,True,0.000187,,even_char; semisimple,defect_a_even_char
EV-041,32,2,5,3,1,2,even,0,3,1,2,2,1|2,1|1,True,True,True,True,True,0.000171,,even_char; semisimple,defect_a_even_char
EV-041,32,2,5,3,2,4,even,0,3,1,4,2,1|2,1|1,True,True,True,True,True,0.000204,,even_char; semisimple,defect_a_even_char
EV-041,32,2,5,3,3,8,even,0,3,1,8,2,1|2,1|1,True,True,True,True,True,0.000166,,even_char; semisimple,defect_a_even_char
EV-041,32,2,5,3,4,16,even,0,3,1,16,2,1|2,1|1,True,True,True,True,True,0.000181,,even_char; semisimple,defect_a_even_char
EV-041,32,2,5,3,5,5,even,0,3,1,5,2,1|2,1|1,True,True,True,True,True,0.000165,,even_char; semisimple,defect_a_even_char
EV-041,32,2,5,3,6,10,even,0,3,1,10,2,1|2,1|1,True,True,True,True,True,0.000198,,even_char; semisimple,defect_a_even_char
EV-041,32,2,5,3,7,20,even,0,3,1,20,2,1|2,1|1,True,True,True,True,True,0.000204,,even_char; semisimple,defect_a_even_char
EV-041,32,2,5,3,8,13,even,0,3,1,13,2,1|2,1|1,True,True,True,True,True,0.000201,,even_char; semisimple,defect_a_even_char
EV-041,32,2,5,3,9,26,even,0,3,1,26,2,1|2,1|1,True,True,True,True,True,0.000173,,even_char; semisimple,defect_a_even_char
EV-041,32,2,5,3,10,17,even,0,3,1,17,2,1|2,1|1,True,True,True,True,True,0.000211,,even_char; semisimple,defect_a_even_char
EV-041,32,2,5,3,11,7,even,0,3,1,7,2,1|2,1|1,True,True,True,True,True,0.000233,,even_char; semisimple,defect_a_even_char
EV-041,32,2,5,3,12,14,even,0,3,1,14,2,1|2,1|1,True,True,True,True,True,0.000206,,even_char; semisimple,defect_a_even_char
EV-041,32,2,5,3,13,28,even,0,3,1,28,2,1|2,1|1,True,True,True,True,True,0.000246,,even_char; semisimple,defect_a_even_char
EV-041,32,2,5,3,14,29,even,0,3,1,29,2,1|2,1|1,True,True,True,True,True,0.000224,,even_char; semisimple,defect_a_even_char
EV-041,32,2,5,3,15,31,even,0,3,1,31,2,1|2,1|1,True,True,True,True,True,0.000246,,even_char; semisimple,defect_a_even_char
EV-041,32,2,5,3,16,27,even,0,3,1,27,2,1|2,1|1,True,True,True,True,True,0.000219,,even_char; semisimple,defect_a_even_char
EV-041,32,2,5,3,17,19,even,0,3,1,19,2,1|2,1|1,True,True,True,True,True,0.000219,,even_char; semisimple,defect_a_even_char
EV-041,32,2,5,3,18,3,even,0,3,1,3,2,1|2,1|1,True,True,True,True,True,0.000218,,even_char; semisimple,defect_a_even_char
EV-041,32,2,5,3,19,6,even,0,3,1,6,2,1|2,1|1,True,True,True,True,True,0.000203,,even_char; semisimple,defect_a_even_char
EV-041,32,2,5,3,20,12,even,0,3,1,12,2,1|2,1|1,True,True,True,True,True,0.000169,,even_char; semisimple,defect_a_even_char
EV-041,32,2,5,3,21,24,even,0,3,1,24,2,1|2,1|1,True,True,True,True,True,0.000198,,even_char; semisimple,defect_a_even_char
EV-041,32,2,5,3,22,21,even,0,3,1,21,2,1|2,1|1,True,True,True,True,True,0.000162,,even_char; semisimple,defect_a_even_char
EV-041,32,2,5,3,23,15,even,0,3,1,15,2,1|2,1|1,True,True,True,True,True,0.00016,,even_char; semisimple,defect_a_even_char
EV-041,32,2,5,3,24,30,even,0,3,1,30,2,1|2,1|1,True,True,True,True,True,0.00016,,even_char; semisimple,defect_a_even_char
EV-041,32,2,5,3,25,25,even,0,3,1,25,2,1|2,1|1,True,True,True,True,True,0.000162,,even_char; semisimple,defect_a_even_char
EV-041,32,2,5,3,26,23,even,0,3,1,23,2,1|2,1|1,True,True,True,True,True,0.000222,,even_char; semisimple,defect_a_even_char
EV-041,32,2,5,3,27,11,even,0,3,1,11,2,1|2,1|1,True,True,True,True,True,0.000191,,even_char; semisimple,defect_a_even_char
EV-041,32,2,5,3,28,22,even,0,3,1,22,2,1|2,1|1,True,True,True,True,True,0.000158,,even_char; semisimple,defect_a_even_char
EV-041,32,2,5,3,29,9,even,0,3,1,9,2,1|2,1|1,True,True,True,True,True,0.000159,,even_char; semisimple,defect_a_even_char
EV-041,32,2,5,3,30,18,even,0,3,1,18,2,1|2,1|1,True,True,True,True,True,0.000181,,even_char; semisimple,defect_a_even_char
EV-042,32,2,5,5,0,1,even,0,5,1,1,2,1|4,1|1,True,True,True,True,True,0.000345,,even_char; semisimple,defect_a_even_char
EV-042,32,2,5,5,1,2,even,0,5,1,2,2,1|4,1|1,True,True,True,True,True,0.00033,,even_char; semisimple,defect_a_even_char
EV-042,32,2,5,5,2,4,even,0,5,1,4,2,1|4,1|1,True,True,True,True,True,0.000311,,even_char; semisimple,defect_a_even_char
EV-042,32,2,5,5,3,8,even,0,5,1,8,2,1|4,1|1,True,True,True,True,True,0.000332,,even_char; semisimple,defect_a_even_char
EV-042,32,2,5,5,4,16,even,0,5,1,16,2,1|4,1|1,True,True,True,True,True,0.000325,,even_char; semisimple,defect_a_even_char
EV-042,32,2,5,5,5,5,even,0,5,1,5,2,1|4,1|1,True,True,True,True,True,0.000311,,even_char; semisimple,defect_a_even_char
EV-042,32,2,5,5,6,10,even,0,5,1,10,2,1|4,1|1,True,True,True,True,True,0.000315,,even_char; semisimple,defect_a_even_char
EV-042,32,2,5,5,7,20,even,0,5,1,20,2,1|4,1|1,True,True,True,True,True,0.000335,,even_char; semisimple,defect_a_even_char
EV-042,32,2,5,5,8,13,even,0,5,1,13,2,1|4,1|1,True,True,True,True,True,0.000309,,even_char; semisimple,defect_a_even_char
EV-042,32,2,5,5,9,26,even,0,5,1,26,2,1|4,1|1,True,True,True,True,True,0.000351,,even_char; semisimple,defect_a_even_char
EV-042,32,2,5,5,10,17,even,0,5,1,17,2,1|4,1|1,True,True,True,True,True,0.000345,,even_char; semisimple,defect_a_even_char
EV-042,32,2,5,5,11,7,even,0,5,1,7,2,1|4,1|1,True,True,True,True,True,0.000298,,even_char; semisimple,defect_a_even_char
EV-042,32,2,5,5,12,14,even,0,5,1,14,2,1|4,1|1,True,True,True,True,True,0.000303,,even_char; semisimple,defect_a_even_char
EV-042,32,2,5,5,13,28,even,0,5,1,28,2,1|4,1|1,True,True,True,True,True,0.000366,,even_char; semisimple,defect_a_even_char
EV-042,32,2,5,5,14,29,even,0,5,1,29,2,1|4,1|1,True,True,True,True,True,0.000401,,even_char; semisimple,defect_a_even_char
EV-042,32,2,5,5,15,31,even,0,5,1,31,2,1|4,1|1,True,True,True,True,True,0.000477,,even_char; semisimple,defect_a_even_char
EV-042,32,2,5,5,16,27,even,0,5,1,27,2,1|4,1|1,True,True,True,True,True,0.000312,,even_char; semisimple,defect_a_even_char
EV-042,32,2,5,5,17,19,even,0,5,1,19,2,1|4,1|1,True,True,True,True,True,0.000306,,even_char; semisimple,defect_a_even_char
EV-042,32,2,5,5,18,3,even,0,5,1,3,2,1|4,1|1,True,True,True,True,True,0.000393,,even_char; semisimple,defect_a_even_char
EV-042,32,2,5,5,19,6,even,0,5,1,6,2,1|4,1|1,True,True,True,True,True,0.000356,,even_char; semisimple,defect_a_even_char
EV-042,32,2,5,5,20,12,even,0,5,1,12,2,1|4,1|1,True,True,True,True,True,0.000464,,even_char; semisimple,defect_a_even_char
EV-042,32,2,5,5,21,24,even,0,5,1,24,2,1|4,1|1,True,True,True,True,True,0.000363,,even_char; semisimple,defect_a_even_char
EV-042,32,2,5,5,22,21,even,0,5,1,21,2,1|4,1|1,True,True,True,True,True,0.000377,,even_char; semisimple,defect_a_even_char
EV-042,32,2,5,5,23,15,even,0,5,1,15,2,1|4,1|1,True,True,True,True,True,0.000408,,even_char; semisimple,defect_a_even_char
EV-042,32,2,5,5,24,30,even,0,5,1,30,2,1|4,1|1,True,True,True,True,True,0.000398,,even_char; semisimple,defect_a_even_char
EV-042,32,2,5,5,25,25,even,0,5,1,25,2,1|4,1|1,True,True,True,True,True,0.000418,,even_char; semisimple,defect_a_even_char
EV-042,32,2,5,5,26,23,even,0,5,1,23,2,1|4,1|1,True,True,True,True,True,0.000482,,even_char; semisimple,defect_a_even_char
EV-042,32,2,5,5,27,11,even,0,5,1,11,2,1|4,1|1,True,True,True,True,True,0.000446,,even_char; semisimple,defect_a_even_char
EV-042,32,2,5,5,28,22,even,0,5,1,22,2,1|4,1|1,True,True,True,True,True,0.000367,,even_char; semisimple,defect_a_even_char
EV-042,32,2,5,5,29,9,even,0,5,1,9,2,1|4,1|1,True,True,True,True,True,0.000314,,even_char; semisimple,defect_a_even_char
EV-042,32,2,5,5,30,18,even,0,5,1,18,2,1|4,1|1,True,True,True,True,True,0.000406,,even_char; semisimple,defect_a_even_char
EV-043,32,2,5,7,0,1,even,0,7,1,1,3,1|3|3,1|1|1,True,True,True,True,True,0.000552,,even_char; semisimple,defect_a_even_char
EV-043,32,2,5,7,1,2,even,0,7,1,2,3,1|3|3,1|1|1,True,True,True,True,True,0.000536,,even_char; semisimple,defect_a_even_char
EV-043,32,2,5,7,2,4,even,0,7,1,4,3,1|3|3,1|1|1,True,True,True,True,True,0.000628,,even_char; semisimple,defect_a_even_char
EV-043,32,2,5,7,3,8,even,0,7,1,8,3,1|3|3,1|1|1,True,True,True,True,True,0.000527,,even_char; semisimple,defect_a_even_char
EV-043,32,2,5,7,4,16,even,0,7,1,16,3,1|3|3,1|1|1,True,True,True,True,True,0.000487,,even_char; semisimple,defect_a_even_char
EV-043,32,2,5,7,5,5,even,0,7,1,5,3,1|3|3,1|1|1,True,True,True,True,True,0.000506,,even_char; semisimple,defect_a_even_char
EV-043,32,2,5,7,6,10,even,0,7,1,10,3,1|3|3,1|1|1,True,True,True,True,True,0.000523,,even_char; semisimple,defect_a_even_char
EV-043,32,2,5,7,7,20,even,0,7,1,20,3,1|3|3,1|1|1,True,True,True,True,True,0.000687,,even_char; semisimple,defect_a_even_char
EV-043,32,2,5,7,8,13,even,0,7,1,13,3,1|3|3,1|1|1,True,True,True,True,True,0.000911,,even_char; semisimple,defect_a_even_char
EV-043,32,2,5,7,9,26,even,0,7,1,26,3,1|3|3,1|1|1,True,True,True,True,True,0.000653,,even_char; semisimple,defect_a_even_char
EV-043,32,2,5,7,10,17,even,0,7,1,17,3,1|3|3,1|1|1,True,True,True,True,True,0.000551,,even_char; semisimple,defect_a_even_char
EV-043,32,2,5,7,11,7,even,0,7,1,7,3,1|3|3,1|1|1,True,True,True,True,True,0.000818,,even_char; semisimple,defect_a_even_char
EV-043,32,2,5,7,12,14,even,0,7,1,14,3,1|3|3,1|1|1,True,True,True,True,True,0.001277,,even_char; semisimple,defect_a_even_char
EV-043,32,2,5,7,13,28,even,0,7,1,28,3,1|3|3,1|1|1,True,True,True,True,True,0.000742,,even_char; semisimple,defect_a_even_char
EV-043,32,2,5,7,14,29,even,0,7,1,29,3,1|3|3,1|1|1,True,True,True,True,True,0.00057,,even_char; semisimple,defect_a_even_char
EV-043,32,2,5,7,15,31,even,0,7,1,31,3,1|3|3,1|1|1,True,True,True,True,True,0.000501,,even_char; semisimple,defect_a_even_char
EV-043,32,2,5,7,16,27,even,0,7,1,27,3,1|3|3,1|1|1,True,True,True,True,True,0.000611,,even_char; semisimple,defect_a_even_char
EV-043,32,2,5,7,17,19,even,0,7,1,19,3,1|3|3,1|1|1,True,True,True,True,True,0.000981,,even_char; semisimple,defect_a_even_char
EV-043,32,2,5,7,18,3,even,0,7,1,3,3,1|3|3,1|1|1,True,True,True,True,True,0.00054,,even_char; semisimple,defect_a_even_char
EV-043,32,2,5,7,19,6,even,0,7,1,6,3,1|3|3,1|1|1,True,True,True,True,True,0.000675,,even_char; semisimple,defect_a_even_char
EV-043,32,2,5,7,20,12,even,0,7,1,12,3,1|3|3,1|1|1,True,True,True,True,True,0.000826,,even_char; semisimple,defect_a_even_char
EV-043,32,2,5,7,21,24,even,0,7,1,24,3,1|3|3,1|1|1,True,True,True,True,True,0.000804,,even_char; semisimple,defect_a_even_char
EV-043,32,2,5,7,22,21,even,0,7,1,21,3,1|3|3,1|1|1,True,True,True,True,True,0.001376,,even_char; semisimple,defect_a_even_char
EV-043,32,2,5,7,23,15,even,0,7,1,15,3,1|3|3,1|1|1,True,True,True,True,True,0.001469,,even_char; semisimple,defect_a_even_char
EV-043,32,2,5,7,24,30,even,0,7,1,30,3,1|3|3,1|1|1,True,True,True,True,True,0.000908,,even_char; semisimple,defect_a_even_char
EV-043,32,2,5,7,25,25,even,0,7,1,25,3,1|3|3,1|1|1,True,True,True,True,True,0.000784,,even_char; semisimple,defect_a_even_char
EV-043,32,2,5,7,26,23,even,0,7,1,23,3,1|3|3,1|1|1,True,True,True,True,True,0.00119,,even_char; semisimple,defect_a_even_char
EV-043,32,2,5,7,27,11,even,0,7,1,11,3,1|3|3,1|1|1,True,True,True,True,True,0.000902,,even_char; semisimple,defect_a_even_char
EV-043,32,2,5,7,28,22,even,0,7,1,22,3,1|3|3,1|1|1,True,True,True,True,True,0.000614,,even_char; semisimple,defect_a_even_char
EV-043,32,2,5,7,29,9,even,0,7,1,9,3,1|3|3,1|1|1,True,True,True,True,True,0.000492,,even_char; semisimple,defect_a_even_char
EV-043,32,2,5,7,30,18,even,0,7,1,18,3,1|3|3,1|1|1,True,True,True,True,True,0.000721,,even_char; semisimple,defect_a_even_char
EV-044,32,2,5,9,0,1,even,0,9,1,1,3,1|2|6,1|1|1,True,True,True,True,True,0.0009,,even_char; semisimple,defect_a_even_char
EV-044,32,2,5,9,1,2,even,0,9,1,2,3,1|2|6,1|1|1,True,True,True,True,True,0.001119,,even_char; semisimple,defect_a_even_char
EV-044,32,2,5,9,2,4,even,0,9,1,4,3,1|2|6,1|1|1,True,True,True,True,True,0.001049,,even_char; semisimple,defect_a_even_char
EV-044,32,2,5,9,3,8,even,0,9,1,8,3,1|2|6,1|1|1,True,True,True,True,True,0.001208,,even_char; semisimple,defect_a_even_char
EV-044,32,2,5,9,4,16,even,0,9,1,16,3,1|2|6,1|1|1,True,True,True,True,True,0.000829,,even_char; semisimple,defect_a_even_char
EV-044,32,2,5,9,5,5,even,0,9,1,5,3,1|2|6,1|1|1,True,True,True,True,True,0.000827,,even_char; semisimple,defect_a_even_char
EV-044,32,2,5,9,6,10,even,0,9,1,10,3,1|2|6,1|1|1,True,True,True,True,True,0.000829,,even_char; semisimple,defect_a_even_char
EV-044,32,2,5,9,7,20,even,0,9,1,20,3,1|2|6,1|1|1,True,True,True,True,True,0.000703,,even_char; semisimple,defect_a_even_char
EV-044,32,2,5,9,8,13,even,0,9,1,13,3,1|2|6,1|1|1,True,True,True,True,True,0.001072,,even_char; semisimple,defect_a_even_char
EV-044,32,2,5,9,9,26,even,0,9,1,26,3,1|2|6,1|1|1,True,True,True,True,True,0.001082,,even_char; semisimple,defect_a_even_char
EV-044,32,2,5,9,10,17,even,0,9,1,17,3,1|2|6,1|1|1,True,True,True,True,True,0.00076,,even_char; semisimple,defect_a_even_char
EV-044,32,2,5,9,11,7,even,0,9,1,7,3,1|2|6,1|1|1,True,True,True,True,True,0.000783,,even_char; semisimple,defect_a_even_char
EV-044,32,2,5,9,12,14,even,0,9,1,14,3,1|2|6,1|1|1,True,True,True,True,True,0.000959,,even_char; semisimple,defect_a_even_char
EV-044,32,2,5,9,13,28,even,0,9,1,28,3,1|2|6,1|1|1,True,True,True,True,True,0.000821,,even_char; semisimple,defect_a_even_char
EV-044,32,2,5,9,14,29,even,0,9,1,29,3,1|2|6,1|1|1,True,True,True,True,True,0.000974,,even_char; semisimple,defect_a_even_char
EV-044,32,2,5,9,15,31,even,0,9,1,31,3,1|2|6,1|1|1,True,True,True,True,True,0.0007,,even_char; semisimple,defect_a_even_char
EV-044,32,2,5,9,16,27,even,0,9,1,27,3,1|2|6,1|1|1,True,True,True,True,True,0.000829,,even_char; semisimple,defect_a_even_char
EV-044,32,2,5,9,17,19,even,0,9,1,19,3,1|2|6,1|1|1,True,True,True,True,True,0.000703,,even_char; semisimple,defect_a_even_char
EV-044,32,2,5,9,18,3,even,0,9,1,3,3,1|2|6,1|1|1,True,True,True,True,True,0.000855,,even_char; semisimple,defect_a_even_char
EV-044,32,2,5,9,19,6,even,0,9,1,6,3,1|2|6,1|1|1,True,True,True,True,True,0.001013,,even_char; semisimple,defect_a_even_char
EV-044,32,2,5,9,20,12,even,0,9,1,12,3,1|2|6,1|1|1,True,True,True,True,True,0.00096,,even_char; semisimple,defect_a_even_char
EV-044,32,2,5,9,21,24,even,0,9,1,24,3,1|2|6,1|1|1,True,True,True,True,True,0.000812,,even_char; semisimple,defect_a_even_char
EV-044,32,2,5,9,22,21,even,0,9,1,21,3,1|2|6,1|1|1,True,True,True,True,True,0.00092,,even_char; semisimple,defect_a_even_char
EV-044,32,2,5,9,23,15,even,0,9,1,15,3,1|2|6,1|1|1,True,True,True,True,True,0.000706,,even_char; semisimple,defect_a_even_char
EV-044,32,2,5,9,24,30,even,0,9,1,30,3,1|2|6,1|1|1,True,True,True,True,True,0.000949,,even_char; semisimple,defect_a_even_char
EV-044,32,2,5,9,25,25,even,0,9,1,25,3,1|2|6,1|1|1,True,True,True,True,True,0.001042,,even_char; semisimple,defect_a_even_char
EV-044,32,2,5,9,26,23,even,0,9,1,23,3,1|2|6,1|1|1,True,True,True,True,True,0.001003,,even_char; semisimple,defect_a_even_char
EV-044,32,2,5,9,27,11,even,0,9,1,11,3,1|2|6,1|1|1,True,True,True,True,True,0.001017,,even_char; semisimple,defect_a_even_char
EV-044,32,2,5,9,28,22,even,0,9,1,22,3,1|2|6,1|1|1,True,True,True,True,True,0.000981,,even_char; semisimple,defect_a_even_char
EV-044,32,2,5,9,29,9,even,0,9,1,9,3,1|2|6,1|1|1,True,True,True,True,True,0.000731,,even_char; semisimple,defect_a_even_char
EV-044,32,2,5,9,30,18,even,0,9,1,18,3,1|2|6,1|1|1,True,True,True,True,True,0.001077,,even_char; semisimple,defect_a_even_char
EV-045,32,2,5,15,0,1,even,0,15,1,1,5,1|2|4|4|4,1|1|1|1|1,True,True,True,True,True,0.002185,,even_char; semisimple,defect_a_even_char
EV-045,32,2,5,15,1,2,even,0,15,1,2,5,1|2|4|4|4,1|1|1|1|1,True,True,True,True,True,0.002289,,even_char; semisimple,defect_a_even_char
EV-045,32,2,5,15,2,4,even,0,15,1,4,5,1|2|4|4|4,1|1|1|1|1,True,True,True,True,True,0.002114,,even_char; semisimple,defect_a_even_char
EV-045,32,2,5,15,3,8,even,0,15,1,8,5,1|2|4|4|4,1|1|1|1|1,True,True,True,True,True,0.002974,,even_char; semisimple,defect_a_even_char
EV-045,32,2,5,15,4,16,even,0,15,1,16,5,1|2|4|4|4,1|1|1|1|1,True,True,True,True,True,0.002218,,even_char; semisimple,defect_a_even_char
EV-045,32,2,5,15,5,5,even,0,15,1,5,5,1|2|4|4|4,1|1|1|1|1,True,True,True,True,True,0.003448,,even_char; semisimple,defect_a_even_char
EV-045,32,2,5,15,6,10,even,0,15,1,10,5,1|2|4|4|4,1|1|1|1|1,True,True,True,True,True,0.00227,,even_char; semisimple,defect_a_even_char
EV-045,32,2,5,15,7,20,even,0,15,1,20,5,1|2|4|4|4,1|1|1|1|1,True,True,True,True,True,0.002605,,even_char; semisimple,defect_a_even_char
EV-045,32,2,5,15,8,13,even,0,15,1,13,5,1|2|4|4|4,1|1|1|1|1,True,True,True,True,True,0.002554,,even_char; semisimple,defect_a_even_char
EV-045,32,2,5,15,9,26,even,0,15,1,26,5,1|2|4|4|4,1|1|1|1|1,True,True,True,True,True,0.002969,,even_char; semisimple,defect_a_even_char
EV-045,32,2,5,15,10,17,even,0,15,1,17,5,1|2|4|4|4,1|1|1|1|1,True,True,True,True,True,0.002674,,even_char; semisimple,defect_a_even_char
EV-045,32,2,5,15,11,7,even,0,15,1,7,5,1|2|4|4|4,1|1|1|1|1,True,True,True,True,True,0.002235,,even_char; semisimple,defect_a_even_char
EV-045,32,2,5,15,12,14,even,0,15,1,14,5,1|2|4|4|4,1|1|1|1|1,True,True,True,True,True,0.00225,,even_char; semisimple,defect_a_even_char
EV-045,32,2,5,15,13,28,even,0,15,1,28,5,1|2|4|4|4,1|1|1|1|1,True,True,True,True,True,0.003404,,even_char; semisimple,defect_a_even_char
EV-045,32,2,5,15,14,29,even,0,15,1,29,5,1|2|4|4|4,1|1|1|1|1,True,True,True,True,True,0.00339,,even_char; semisimple,defect_a_even_char
EV-045,32,2,5,15,15,31,even,0,15,1,31,5,1|2|4|4|4,1|1|1|1|1,True,True,True,True,True,0.002682,,even_char; semisimple,defect_a_even_char
EV-045,32,2,5,15,16,27,even,0,15,1,27,5,1|2|4|4|4,1|1|1|1|1,True,True,True,True,True,0.002785,,even_char; semisimple,defect_a_even_char
EV-045,32,2,5,15,17,19,even,0,15,1,19,5,1|2|4|4|4,1|1|1|1|1,True,True,True,True,True,0.002607,,even_char; semisimple,defect_a_even_char
EV-045,32,2,5,15,18,3,even,0,15,1,3,5,1|2|4|4|4,1|1|1|1|1,True,True,True,True,True,0.002624,,even_char; semisimple,defect_a_even_char
EV-045,32,2,5,15,19,6,even,0,15,1,6,5,1|2|4|4|4,1|1|1|1|1,True,True,True,True,True,0.002236,,even_char; semisimple,defect_a_even_char
EV-045,32,2,5,15,20,12,even,0,15,1,12,5,1|2|4|4|4,1|1|1|1|1,True,True,True,True,True,0.002276,,even_char; semisimple,defect_a_even_char
EV-045,32,2,5,15,21,24,even,0,15,1,24,5,1|2|4|4|4,1|1|1|1|1,True,True,True,True,True,0.002259,,even_char; semisimple,defect_a_even_char
EV-045,32,2,5,15,22,21,even,0,15,1,21,5,1|2|4|4|4,1|1|1|1|1,True,True,True,True,True,0.003071,,even_char; semisimple,defect_a_even_char
EV-045,32,2,5,15,23,15,even,0,15,1,15,5,1|2|4|4|4,1|1|1|1|1,True,True,True,True,True,0.002968,,even_char; semisimple,defect_a_even_char
EV-045,32,2,5,15,24,30,even,0,15,1,30,5,1|2|4|4|4,1|1|1|1|1,True,True,True,True,True,0.002913,,even_char; semisimple,defect_a_even_char
EV-045,32,2,5,15,25,25,even,0,15,1,25,5,1|2|4|4|4,1|1|1|1|1,True,True,True,True,True,0.003463,,even_char; semisimple,defect_a_even_char
EV-045,32,2,5,15,26,23,even,0,15,1,23,5,1|2|4|4|4,1|1|1|1|1,True,True,True,True,True,0.002644,,even_char; semisimple,defect_a_even_char
EV-045,32,2,5,15,27,11,even,0,15,1,11,5,1|2|4|4|4,1|1|1|1|1,True,True,True,True,True,0.002334,,even_char; semisimple,defect_a_even_char
EV-045,32,2,5,15,28,22,even,0,15,1,22,5,1|2|4|4|4,1|1|1|1|1,True,True,True,True,True,0.002328,,even_char; semisimple,defect_a_even_char
EV-045,32,2,5,15,29,9,even,0,15,1,9,5,1|2|4|4|4,1|1|1|1|1,True,True,True,True,True,0.003074,,even_char; semisimple,defect_a_even_char
EV-045,32,2,5,15,30,18,even,0,15,1,18,5,1|2|4|4|4,1|1|1|1|1,True,True,True,True,True,0.002271,,even_char; semisimple,defect_a_even_char
EV-046,32,2,5,17,0,1,even,0,17,1,1,3,1|8|8,1|1|1,True,True,True,True,True,0.004931,,even_char; semisimple,defect_a_even_char
EV-046,32,2,5,17,1,2,even,0,17,1,2,3,1|8|8,1|1|1,True,True,True,True,True,0.004981,,even_char; semisimple,defect_a_even_char
EV-046,32,2,5,17,2,4,even,0,17,1,4,3,1|8|8,1|1|1,True,True,True,True,True,0.005023,,even_char; semisimple,defect_a_even_char
EV-046,32,2,5,17,3,8,even,0,17,1,8,3,1|8|8,1|1|1,True,True,True,True,True,0.010906,,even_char; semisimple,defect_a_even_char
EV-046,32,2,5,17,4,16,even,0,17,1,16,3,1|8|8,1|1|1,True,True,True,True,True,0.005134,,even_char; semisimple,defect_a_even_char
EV-046,32,2,5,17,5,5,even,0,17,1,5,3,1|8|8,1|1|1,True,True,True,True,True,0.008122,,even_char; semisimple,defect_a_even_char
EV-046,32,2,5,17,6,10,even,0,17,1,10,3,1|8|8,1|1|1,True,True,True,True,True,0.006658,,even_char; semisimple,defect_a_even_char
EV-046,32,2,5,17,7,20,even,0,17,1,20,3,1|8|8,1|1|1,True,True,True,True,True,0.006494,,even_char; semisimple,defect_a_even_char
EV-046,32,2,5,17,8,13,even,0,17,1,13,3,1|8|8,1|1|1,True,True,True,True,True,0.010857,,even_char; semisimple,defect_a_even_char
EV-046,32,2,5,17,9,26,even,0,17,1,26,3,1|8|8,1|1|1,True,True,True,True,True,0.004861,,even_char; semisimple,defect_a_even_char
EV-046,32,2,5,17,10,17,even,0,17,1,17,3,1|8|8,1|1|1,True,True,True,True,True,0.004822,,even_char; semisimple,defect_a_even_char
EV-046,32,2,5,17,11,7,even,0,17,1,7,3,1|8|8,1|1|1,True,True,True,True,True,0.004885,,even_char; semisimple,defect_a_even_char
EV-046,32,2,5,17,12,14,even,0,17,1,14,3,1|8|8,1|1|1,True,True,True,True,True,0.00627,,even_char; semisimple,defect_a_even_char
EV-046,32,2,5,17,13,28,even,0,17,1,28,3,1|8|8,1|1|1,True,True,True,True,True,0.007483,,even_char; semisimple,defect_a_even_char
EV-046,32,2,5,17,14,29,even,0,17,1,29,3,1|8|8,1|1|1,True,True,True,True,True,0.0048,,even_char; semisimple,defect_a_even_char
EV-046,32,2,5,17,15,31,even,0,17,1,31,3,1|8|8,1|1|1,True,True,True,True,True,0.005903,,even_char; semisimple,defect_a_even_char
EV-046,32,2,5,17,16,27,even,0,17,1,27,3,1|8|8,1|1|1,True,True,True,True,True,0.004854,,even_char; semisimple,defect_a_even_char
EV-046,32,2,5,17,17,19,even,0,17,1,19,3,1|8|8,1|1|1,True,True,True,True,True,0.004837,,even_char; semisimple,defect_a_even_char
EV-046,32,2,5,17,18,3,even,0,17,1,3,3,1|8|8,1|1|1,True,True,True,True,True,0.0048,,even_char; semisimple,defect_a_even_char
EV-046,32,2,5,17,19,6,even,0,17,1,6,3,1|8|8,1|1|1,True,True,True,True,True,0.006267,,even_char; semisimple,defect_a_even_char
EV-046,32,2,5,17,20,12,even,0,17,1,12,3,1|8|8,1|1|1,True,True,True,True,True,0.004813,,even_char; semisimple,defect_a_even_char
EV-046,32,2,5,17,21,24,even,0,17,1,24,3,1|8|8,1|1|1,True,True,True,True,True,0.004796,,even_char; semisimple,defect_a_even_char
EV-046,32,2,5,17,22,21,even,0,17,1,21,3,1|8|8,1|1|1,True,True,True,True,True,0.004826,,even_char; semisimple,defect_a_even_char
EV-046,32,2,5,17,23,15,even,0,17,1,15,3,1|8|8,1|1|1,True,True,True,True,True,0.004856,,even_char; semisimple,defect_a_even_char
EV-046,32,2,5,17,24,30,even,0,17,1,30,3,1|8|8,1|1|1,True,True,True,True,True,0.007398,,even_char; semisimple,defect_a_even_char
EV-046,32,2,5,17,25,25,even,0,17,1,25,3,1|8|8,1|1|1,True,True,True,True,True,0.004673,,even_char; semisimple,defect_a_even_char
EV-046,32,2,5,17,26,23,even,0,17,1,23,3,1|8|8,1|1|1,True,True,True,True,True,0.00621,,even_char; semisimple,defect_a_even_char
EV-046,32,2,5,17,27,11,even,0,17,1,11,3,1|8|8,1|1|1,True,True,True,True,True,0.004651,,even_char; semisimple,defect_a_even_char
EV-046,32,2,5,17,28,22,even,0,17,1,22,3,1|8|8,1|1|1,True,True,True,True,True,0.006109,,even_char; semisimple,defect_a_even_char
EV-046,32,2,5,17,29,9,even,0,17,1,9,3,1|8|8,1|1|1,True,True,True,True,True,0.005828,,even_char; semisimple,defect_a_even_char
EV-046,32,2,5,17,30,18,even,0,17,1,18,3,1|8|8,1|1|1,True,True,True,True,True,0.004834,,even_char; semisimple,defect_a_even_char
EV-047,32,2,5,21,0,1,even,0,21,1,1,6,1|2|3|3|6|6,1|1|1|1|1|1,True,True,True,True,True,0.003938,,even_char; semisimple,defect_a_even_char
EV-047,32,2,5,21,1,2,even,0,21,1,2,6,1|2|3|3|6|6,1|1|1|1|1|1,True,True,True,True,True,0.004673,,even_char; semisimple,defect_a_even_char
EV-047,32,2,5,21,2,4,even,0,21,1,4,6,1|2|3|3|6|6,1|1|1|1|1|1,True,True,True,True,True,0.007664,,even_char; semisimple,defect_a_even_char
EV-047,32,2,5,21,3,8,even,0,21,1,8,6,1|2|3|3|6|6,1|1|1|1|1|1,True,True,True,True,True,0.004012,,even_char; semisimple,defect_a_even_char
EV-047,32,2,5,21,4,16,even,0,21,1,16,6,1|2|3|3|6|6,1|1|1|1|1|1,True,True,True,True,True,0.005232,,even_char; semisimple,defect_a_even_char
EV-047,32,2,5,21,5,5,even,0,21,1,5,6,1|2|3|3|6|6,1|1|1|1|1|1,True,True,True,True,True,0.004325,,even_char; semisimple,defect_a_even_char
EV-047,32,2,5,21,6,10,even,0,21,1,10,6,1|2|3|3|6|6,1|1|1|1|1|1,True,True,True,True,True,0.0049,,even_char; semisimple,defect_a_even_char
EV-047,32,2,5,21,7,20,even,0,21,1,20,6,1|2|3|3|6|6,1|1|1|1|1|1,True,True,True,True,True,0.00531,,even_char; semisimple,defect_a_even_char
EV-047,32,2,5,21,8,13,even,0,21,1,13,6,1|2|3|3|6|6,1|1|1|1|1|1,True,True,True,True,True,0.003987,,even_char; semisimple,defect_a_even_char
EV-047,32,2,5,21,9,26,even,0,21,1,26,6,1|2|3|3|6|6,1|1|1|1|1|1,True,True,True,True,True,0.005269,,even_char; semisimple,defect_a_even_char
EV-047,32,2,5,21,10,17,even,0,21,1,17,6,1|2|3|3|6|6,1|1|1|1|1|1,True,True,True,True,True,0.005096,,even_char; semisimple,defect_a_even_char
EV-047,32,2,5,21,11,7,even,0,21,1,7,6,1|2|3|3|6|6,1|1|1|1|1|1,True,True,True,True,True,0.005519,,even_char; semisimple,defect_a_even_char
EV-047,32,2,5,21,12,14,even,0,21,1,14,6,1|2|3|3|6|6,1|1|1|1|1|1,True,True,True,True,True,0.005458,,even_char; semisimple,defect_a_even_char
EV-047,32,2,5,21,13,28,even,0,21,1,28,6,1|2|3|3|6|6,1|1|1|1|1|1,True,True,True,True,True,0.006299,,even_char; semisimple,defect_a_even_char
EV-047,32,2,5,21,14,29,even,0,21,1,29,6,1|2|3|3|6|6,1|1|1|1|1|1,True,True,True,True,True,0.003998,,even_char; semisimple,defect_a_even_char
EV-047,32,2,5,21,15,31,even,0,21,1,31,6,1|2|3|3|6|6,1|1|1|1|1|1,True,True,True,True,True,0.004001,,even_char; semisimple,defect_a_even_char
EV-047,32,2,5,21,16,27,even,0,21,1,27,6,1|2|3|3|6|6,1|1|1|1|1|1,True,True,True,True,True,0.005068,,even_char; semisimple,defect_a_even_char
EV-047,32,2,5,21,17,19,even,0,21,1,19,6,1|2|3|3|6|6,1|1|1|1|1|1,True,True,True,True,True,0.003998,,even_char; semisimple,defect_a_even_char
EV-047,32,2,5,21,18,3,even,0,21,1,3,6,1|2|3|3|6|6,1|1|1|1|1|1,True,True,True,True,True,0.003992,,even_char; semisimple,defect_a_even_char
EV-047,32,2,5,21,19,6,even,0,21,1,6,6,1|2|3|3|6|6,1|1|1|1|1|1,True,True,True,True,True,0.004148,,even_char; semisimple,defect_a_even_char
EV-047,32,2,5,21,20,12,even,0,21,1,12,6,1|2|3|3|6|6,1|1|1|1|1|1,True,True,True,True,True,0.004455,,even_char; semisimple,defect_a_even_char
EV-047,32,2,5,21,21,24,even,0,21,1,24,6,1|2|3|3|6|6,1|1|1|1|1|1,True,True,True,True,True,0.005568,,even_char; semisimple,defect_a_even_char
EV-047,32,2,5,21,22,21,even,0,21,1,21,6,1|2|3|3|6|6,1|1|1|1|1|1,True,True,True,True,True,0.003993,,even_char; semisimple,defect_a_even_char
EV-047,32,2,5,21,23,15,even,0,21,1,15,6,1|2|3|3|6|6,1|1|1|1|1|1,True,True,True,True,True,0.003982,,even_char; semisimple,defect_a_even_char
EV-047,32,2,5,21,24,30,even,0,21,1,30,6,1|2|3|3|6|6,1|1|1|1|1|1,True,True,True,True,True,0.006823,,even_char; semisimple,defect_a_even_char
EV-047,32,2,5,21,25,25,even,0,21,1,25,6,1|2|3|3|6|6,1|1|1|1|1|1,True,True,True,True,True,0.004728,,even_char; semisimple,defect_a_even_char
EV-047,32,2,5,21,26,23,even,0,21,1,23,6,1|2|3|3|6|6,1|1|1|1|1|1,True,True,True,True,True,0.003925,,even_char; semisimple,defect_a_even_char
EV-047,32,2,5,21,27,11,even,0,21,1,11,6,1|2|3|3|6|6,1|1|1|1|1|1,True,True,True,True,True,0.006401,,even_char; semisimple,defect_a_even_char
EV-047,32,2,5,21,28,22,even,0,21,1,22,6,1|2|3|3|6|6,1|1|1|1|1|1,True,True,True,True,True,0.004012,,even_char; semisimple,defect_a_even_char
EV-047,32,2,5,21,29,9,even,0,21,1,9,6,1|2|3|3|6|6,1|1|1|1|1|1,True,True,True,True,True,0.004723,,even_char; semisimple,defect_a_even_char
EV-047,32,2,5,21,30,18,even,0,21,1,18,6,1|2|3|3|6|6,1|1|1|1|1|1,True,True,True,True,True,0.004719,,even_char; semisimple,defect_a_even_char
EV-048,32,2,5,25,0,1,even,0,25,1,1,7,1|4|4|4|4|4|4,1|1|1|1|1|1|1,True,True,True,True,True,0.013862,,even_char; semisimple,defect_a_even_char
EV-048,32,2,5,25,1,2,even,0,25,1,2,7,1|4|4|4|4|4|4,1|1|1|1|1|1|1,True,True,True,True,True,0.014199,,even_char; semisimple,defect_a_even_char
EV-048,32,2,5,25,2,4,even,0,25,1,4,7,1|4|4|4|4|4|4,1|1|1|1|1|1|1,True,True,True,True,True,0.025136,,even_char; semisimple,defect_a_even_char
EV-048,32,2,5,25,3,8,even,0,25,1,8,7,1|4|4|4|4|4|4,1|1|1|1|1|1|1,True,True,True,True,True,0.014043,,even_char; semisimple,defect_a_even_char
EV-048,32,2,5,25,4,16,even,0,25,1,16,7,1|4|4|4|4|4|4,1|1|1|1|1|1|1,True,True,True,True,True,0.016403,,even_char; semisimple,defect_a_even_char
EV-048,32,2,5,25,5,5,even,0,25,1,5,7,1|4|4|4|4|4|4,1|1|1|1|1|1|1,True,True,True,True,True,0.016196,,even_char; semisimple,defect_a_even_char
EV-048,32,2,5,25,6,10,even,0,25,1,10,7,1|4|4|4|4|4|4,1|1|1|1|1|1|1,True,True,True,True,True,0.011432,,even_char; semisimple,defect_a_even_char
EV-048,32,2,5,25,7,20,even,0,25,1,20,7,1|4|4|4|4|4|4,1|1|1|1|1|1|1,True,True,True,True,True,0.013088,,even_char; semisimple,defect_a_even_char
EV-048,32,2,5,25,8,13,even,0,25,1,13,7,1|4|4|4|4|4|4,1|1|1|1|1|1|1,True,True,True,True,True,0.0102,,even_char; semisimple,defect_a_even_char
EV-048,32,2,5,25,9,26,even,0,25,1,26,7,1|4|4|4|4|4|4,1|1|1|1|1|1|1,True,True,True,True,True,0.009132,,even_char; semisimple,defect_a_even_char
EV-048,32,2,5,25,10,17,even,0,25,1,17,7,1|4|4|4|4|4|4,1|1|1|1|1|1|1,True,True,True,True,True,0.027405,,even_char; semisimple,defect_a_even_char
EV-048,32,2,5,25,11,7,even,0,25,1,7,7,1|4|4|4|4|4|4,1|1|1|1|1|1|1,True,True,True,True,True,0.010422,,even_char; semisimple,defect_a_even_char
EV-048,32,2,5,25,12,14,even,0,25,1,14,7,1|4|4|4|4|4|4,1|1|1|1|1|1|1,True,True,True,True,True,0.013203,,even_char; semisimple,defect_a_even_char
EV-048,32,2,5,25,13,28,even,0,25,1,28,7,1|4|4|4|4|4|4,1|1|1|1|1|1|1,True,True,True,True,True,0.012321,,even_char; semisimple,defect_a_even_char
EV-048,32,2,5,25,14,29,even,0,25,1,29,7,1|4|4|4|4|4|4,1|1|1|1|1|1|1,True,True,True,True,True,0.02125,,even_char; semisimple,defect_a_even_char
EV-048,32,2,5,25,15,31,even,0,25,1,31,7,1|4|4|4|4|4|4,1|1|1|1|1|1|1,True,True,True,True,True,0.012049,,even_char; semisimple,defect_a_even_char
EV-048,32,2,5,25,16,27,even,0,25,1,27,7,1|4|4|4|4|4|4,1|1|1|1|1|1|1,True,True,True,True,True,0.012782,,even_char; semisimple,defect_a_even_char
EV-048,32,2,5,25,17,19,even,0,25,1,19,7,1|4|4|4|4|4|4,1|1|1|1|1|1|1,True,True,True,True,True,0.010907,,even_char; semisimple,defect_a_even_char
EV-048,32,2,5,25,18,3,even,0,25,1,3,7,1|4|4|4|4|4|4,1|1|1|1|1|1|1,True,True,True,True,True,0.015147,,even_char; semisimple,defect_a_even_char
EV-048,32,2,5,25,19,6,even,0,25,1,6,7,1|4|4|4|4|4|4,1|1|1|1|1|1|1,True,True,True,True,True,0.014303,,even_char; semisimple,defect_a_even_char
EV-048,32,2,5,25,20,12,even,0,25,1,12,7,1|4|4|4|4|4|4,1|1|1|1|1|1|1,True,True,True,True,True,0.009275,,even_char; semisimple,defect_a_even_char
EV-048,32,2,5,25,21,24,even,0,25,1,24,7,1|4|4|4|4|4|4,1|1|1|1|1|1|1,True,True,True,True,True,0.014748,,even_char; semisimple,defect_a_even_char
EV-048,32,2,5,25,22,21,even,0,25,1,21,7,1|4|4|4|4|4|4,1|1|1|1|1|1|1,True,True,True,True,True,0.016926,,even_char; semisimple,defect_a_even_char
EV-048,32,2,5,25,23,15,even,0,25,1,15,7,1|4|4|4|4|4|4,1|1|1|1|1|1|1,True,True,True,True,True,0.015925,,even_char; semisimple,defect_a_even_char
EV-048,32,2,5,25,24,30,even,0,25,1,30,7,1|4|4|4|4|4|4,1|1|1|1|1|1|1,True,True,True,True,True,0.010714,,even_char; semisimple,defect_a_even_char
EV-048,32,2,5,25,25,25,even,0,25,1,25,7,1|4|4|4|4|4|4,1|1|1|1|1|1|1,True,True,True,True,True,0.011496,,even_char; semisimple,defect_a_even_char
EV-048,32,2,5,25,26,23,even,0,25,1,23,7,1|4|4|4|4|4|4,1|1|1|1|1|1|1,True,True,True,True,True,0.018179,,even_char; semisimple,defect_a_even_char
EV-048,32,2,5,25,27,11,even,0,25,1,11,7,1|4|4|4|4|4|4,1|1|1|1|1|1|1,True,True,True,True,True,0.013932,,even_char; semisimple,defect_a_even_char
EV-048,32,2,5,25,28,22,even,0,25,1,22,7,1|4|4|4|4|4|4,1|1|1|1|1|1|1,True,True,True,True,True,0.014444,,even_char; semisimple,defect_a_even_char
EV-048,32,2,5,25,29,9,even,0,25,1,9,7,1|4|4|4|4|4|4,1|1|1|1|1|1|1,True,True,True,True,True,0.017917,,even_char; semisimple,defect_a_even_char
EV-048,32,2,5,25,30,18,even,0,25,1,18,7,1|4|4|4|4|4|4,1|1|1|1|1|1|1,True,True,True,True,True,0.018541,,even_char; semisimple,defect_a_even_char
EV-049,32,2,5,31,0,1,even,0,31,1,1,31,1|1|1|1|1|1|1|1|1|1|1|1|1|1|1|1|1|1|1|1|1|1|1|1|1|1|1|1|1|1|1,1|1|1|1|1|1|1|1|1|1|1|1|1|1|1|1|1|1|1|1|1|1|1|1|1|1|1|1|1|1|1,True,True,True,True,True,0.029847,,even_char; semisimple,defect_a_even_char
EV-049,32,2,5,31,1,2,even,0,31,1,2,1,31,1,True,True,True,True,True,0.001067,,even_char; semisimple,defect_a_even_char
EV-049,32,2,5,31,2,4,even,0,31,1,4,1,31,1,True,True,True,True,True,0.001038,,even_char; semisimple,defect_a_even_char
EV-049,32,2,5,31,3,8,even,0,31,1,8,1,31,1,True,True,True,True,True,0.001183,,even_char; semisimple,defect_a_even_char
EV-049,32,2,5,31,4,16,even,0,31,1,16,1,31,1,True,True,True,True,True,0.00119,,even_char; semisimple,defect_a_even_char
EV-049,32,2,5,31,5,5,even,0,31,1,5,1,31,1,True,True,True,True,True,0.001074,,even_char; semisimple,defect_a_even_char
EV-049,32,2,5,31,6,10,even,0,31,1,10,1,31,1,True,True,True,True,True,0.001113,,even_char; semisimple,defect_a_even_char
EV-049,32,2,5,31,7,20,even,0,31,1,20,1,31,1,True,True,True,True,True,0.001112,,even_char; semisimple,defect_a_even_char
EV-049,32,2,5,31,8,13,even,0,31,1,13,1,31,1,True,True,True,True,True,0.001179,,even_char; semisimple,defect_a_even_char
EV-049,32,2,5,31,9,26,even,0,31,1,26,1,31,1,True,True,True,True,True,0.001332,,even_char; semisimple,defect_a_even_char
EV-049,32,2,5,31,10,17,even,0,31,1,17,1,31,1,True,True,True,True,True,0.001183,,even_char; semisimple,defect_a_even_char
EV-049,32,2,5,31,11,7,even,0,31,1,7,1,31,1,True,True,True,True,True,0.001494,,even_char; semisimple,defect_a_even_char
EV-049,32,2,5,31,12,14,even,0,31,1,14,1,31,1,True,True,True,True,True,0.001058,,even_char; semisimple,defect_a_even_char
EV-049,32,2,5,31,13,28,even,0,31,1,28,1,31,1,True,True,True,True,True,0.001037,,even_char; semisimple,defect_a_even_char
EV-049,32,2,5,31,14,29,even,0,31,1,29,1,31,1,True,True,True,True,True,0.00109,,even_char; semisimple,defect_a_even_char
EV-049,32,2,5,31,15,31,even,0,31,1,31,1,31,1,True,True,True,True,True,0.001376,,even_char; semisimple,defect_a_even_char
EV-049,32,2,5,31,16,27,even,0,31,1,27,1,31,1,True,True,True,True,True,0.001147,,even_char; semisimple,defect_a_even_char
EV-049,32,2,5,31,17,19,even,0,31,1,19,1,31,1,True,True,True,True,True,0.001099,,even_char; semisimple,defect_a_even_char
EV-049,32,2,5,31,18,3,even,0,31,1,3,1,31,1,True,True,True,True,True,0.001166,,even_char; semisimple,defect_a_even_char
EV-049,32,2,5,31,19,6,even,0,31,1,6,1,31,1,True,True,True,True,True,0.001443,,even_char; semisimple,defect_a_even_char
EV-049,32,2,5,31,20,12,even,0,31,1,12,1,31,1,True,True,True,True,True,0.001582,,even_char; semisimple,defect_a_even_char
EV-049,32,2,5,31,21,24,even,0,31,1,24,1,31,1,True,True,True,True,True,0.001222,,even_char; semisimple,defect_a_even_char
EV-049,32,2,5,31,22,21,even,0,31,1,21,1,31,1,True,True,True,True,True,0.00107,,even_char; semisimple,defect_a_even_char
EV-049,32,2,5,31,23,15,even,0,31,1,15,1,31,1,True,True,True,True,True,0.001042,,even_char; semisimple,defect_a_even_char
EV-049,32,2,5,31,24,30,even,0,31,1,30,1,31,1,True,True,True,True,True,0.001203,,even_char; semisimple,defect_a_even_char
EV-049,32,2,5,31,25,25,even,0,31,1,25,1,31,1,True,True,True,True,True,0.001367,,even_char; semisimple,defect_a_even_char
EV-049,32,2,5,31,26,23,even,0,31,1,23,1,31,1,True,True,True,True,True,0.00101,,even_char; semisimple,defect_a_even_char
EV-049,32,2,5,31,27,11,even,0,31,1,11,1,31,1,True,True,True,True,True,0.001118,,even_char; semisimple,defect_a_even_char
EV-049,32,2,5,31,28,22,even,0,31,1,22,1,31,1,True,True,True,True,True,0.001059,,even_char; semisimple,defect_a_even_char
EV-049,32,2,5,31,29,9,even,0,31,1,9,1,31,1,True,True,True,True,True,0.001398,,even_char; semisimple,defect_a_even_char
EV-049,32,2,5,31,30,18,even,0,31,1,18,1,31,1,True,True,True,True,True,0.001191,,even_char; semisimple,defect_a_even_char
EV-050,32,2,5,35,0,1,even,0,35,1,1,6,1|3|3|4|12|12,1|1|1|1|1|1,True,True,True,True,True,0.013654,,even_char; semisimple,defect_a_even_char
EV-050,32,2,5,35,1,2,even,0,35,1,2,6,1|3|3|4|12|12,1|1|1|1|1|1,True,True,True,True,True,0.01613,,even_char; semisimple,defect_a_even_char
EV-050,32,2,5,35,2,4,even,0,35,1,4,6,1|3|3|4|12|12,1|1|1|1|1|1,True,True,True,True,True,0.038999,,even_char; semisimple,defect_a_even_char
EV-050,32,2,5,35,3,8,even,0,35,1,8,6,1|3|3|4|12|12,1|1|1|1|1|1,True,True,True,True,True,0.01372,,even_char; semisimple,defect_a_even_char
EV-050,32,2,5,35,4,16,even,0,35,1,16,6,1|3|3|4|12|12,1|1|1|1|1|1,True,True,True,True,True,0.01414,,even_char; semisimple,defect_a_even_char
EV-050,32,2,5,35,5,5,even,0,35,1,5,6,1|3|3|4|12|12,1|1|1|1|1|1,True,True,True,True,True,0.012217,,even_char; semisimple,defect_a_even_char
EV-050,32,2,5,35,6,10,even,0,35,1,10,6,1|3|3|4|12|12,1|1|1|1|1|1,True,True,True,True,True,0.022436,,even_char; semisimple,defect_a_even_char
EV-050,32,2,5,35,7,20,even,0,35,1,20,6,1|3|3|4|12|12,1|1|1|1|1|1,True,True,True,True,True,0.012907,,even_char; semisimple,defect_a_even_char
EV-050,32,2,5,35,8,13,even,0,35,1,13,6,1|3|3|4|12|12,1|1|1|1|1|1,True,True,True,True,True,0.01516,,even_char; semisimple,defect_a_even_char
EV-050,32,2,5,35,9,26,even,0,35,1,26,6,1|3|3|4|12|12,1|1|1|1|1|1,True,True,True,True,True,0.014409,,even_char; semisimple,defect_a_even_char
EV-050,32,2,5,35,10,17,even,0,35,1,17,6,1|3|3|4|12|12,1|1|1|1|1|1,True,True,True,True,True,0.013352,,even_char; semisimple,defect_a_even_char
EV-050,32,2,5,35,11,7,even,0,35,1,7,6,1|3|3|4|12|12,1|1|1|1|1|1,True,True,True,True,True,0.021189,,even_char; semisimple,defect_a_even_char
EV-050,32,2,5,35,12,14,even,0,35,1,14,6,1|3|3|4|12|12,1|1|1|1|1|1,True,True,True,True,True,0.016541,,even_char; semisimple,defect_a_even_char
EV-050,32,2,5,35,13,28,even,0,35,1,28,6,1|3|3|4|12|12,1|1|1|1|1|1,True,True,True,True,True,0.023106,,even_char; semisimple,defect_a_even_char
EV-050,32,2,5,35,14,29,even,0,35,1,29,6,1|3|3|4|12|12,1|1|1|1|1|1,True,True,True,True,True,0.020964,,even_char; semisimple,defect_a_even_char
EV-050,32,2,5,35,15,31,even,0,35,1,31,6,1|3|3|4|12|12,1|1|1|1|1|1,True,True,True,True,True,0.023009,,even_char; semisimple,defect_a_even_char
EV-050,32,2,5,35,16,27,even,0,35,1,27,6,1|3|3|4|12|12,1|1|1|1|1|1,True,True,True,True,True,0.016559,,even_char; semisimple,defect_a_even_char
EV-050,32,2,5,35,17,19,even,0,35,1,19,6,1|3|3|4|12|12,1|1|1|1|1|1,True,True,True,True,True,0.014869,,even_char; semisimple,defect_a_even_char
EV-050,32,2,5,35,18,3,even,0,35,1,3,6,1|3|3|4|12|12,1|1|1|1|1|1,True,True,True,True,True,0.016731,,even_char; semisimple,defect_a_even_char
EV-050,32,2,5,35,19,6,even,0,35,1,6,6,1|3|3|4|12|12,1|1|1|1|1|1,True,True,True,True,True,0.01365,,even_char; semisimple,defect_a_even_char
EV-050,32,2,5,35,20,12,even,0,35,1,12,6,1|3|3|4|12|12,1|1|1|1|1|1,True,True,True,True,True,0.013132,,even_char; semisimple,defect_a_even_char
EV-050,32,2,5,35,21,24,even,0,35,1,24,6,1|3|3|4|12|12,1|1|1|1|1|1,True,True,True,True,True,0.016428,,even_char; semisimple,defect_a_even_char
EV-050,32,2,5,35,22,21,even,0,35,1,21,6,1|3|3|4|12|12,1|1|1|1|1|1,True,True,True,True,True,0.013513,,even_char; semisimple,defect_a_even_char
EV-050,32,2,5,35,23,15,even,0,35,1,15,6,1|3|3|4|12|12,1|1|1|1|1|1,True,True,True,True,True,0.016427,,even_char; semisimple,defect_a_even_char
EV-050,32,2,5,35,24,30,even,0,35,1,30,6,1|3|3|4|12|12,1|1|1|1|1|1,True,True,True,True,True,0.01764,,even_char; semisimple,defect_a_even_char
EV-050,32,2,5,35,25,25,even,0,35,1,25,6,1|3|3|4|12|12,1|1|1|1|1|1,True,True,True,True,True,0.019642,,even_char; semisimple,defect_a_even_char
EV-050,32,2,5,35,26,23,even,0,35,1,23,6,1|3|3|4|12|12,1|1|1|1|1|1,True,True,True,True,True,0.017682,,even_char; semisimple,defect_a_even_char
EV-050,32,2,5,35,27,11,even,0,35,1,11,6,1|3|3|4|12|12,1|1|1|1|1|1,True,True,True,True,True,0.013375,,even_char; semisimple,defect_a_even_char
EV-050,32,2,5,35,28,22,even,0,35,1,22,6,1|3|3|4|12|12,1|1|1|1|1|1,True,True,True,True,True,0.013658,,even_char; semisimple,defect_a_even_char
EV-050,32,2,5,35,29,9,even,0,35,1,9,6,1|3|3|4|12|12,1|1|1|1|1|1,True,True,True,True,True,0.013021,,even_char; semisimple,defect_a_even_char
EV-050,32,2,5,35,30,18,even,0,35,1,18,6,1|3|3|4|12|12,1|1|1|1|1|1,True,True,True,True,True,0.016613,,even_char; semisimple,defect_a_even_char
EV-051,64,2,6,3,0,1,even,0,3,1,1,3,1|1|1,1|1|1,True,True,True,True,True,0.000271,,even_char; semisimple,defect_a_even_char
EV-051,64,2,6,3,1,2,even,0,3,1,2,1,3,1,True,True,True,True,True,0.000149,,even_char; semisimple,defect_a_even_char
EV-051,64,2,6,3,2,4,even,0,3,1,4,1,3,1,True,True,True,True,True,0.000138,,even_char; semisimple,defect_a_even_char
EV-051,64,2,6,3,3,8,even,0,3,1,8,3,1|1|1,1|1|1,True,True,True,True,True,0.000306,,even_char; semisimple,defect_a_even_char
EV-051,64,2,6,3,4,16,even,0,3,1,16,1,3,1,True,True,True,True,True,0.000141,,even_char; semisimple,defect_a_even_char
EV-051,64,2,6,3,5,32,even,0,3,1,32,1,3,1,True,True,True,True,True,0.000168,,even_char; semisimple,defect_a_even_char
EV-051,64,2,6,3,6,3,even,0,3,1,3,3,1|1|1,1|1|1,True,True,True,True,True,0.00028,,even_char; semisimple,defect_a_even_char
EV-051,64,2,6,3,7,6,even,0,3,1,6,1,3,1,True,True,True,True,True,0.00014,,even_char; semisimple,defect_a_even_char
EV-051,64,2,6,3,8,12,even,0,3,1,12,1,3,1,True,True,True,True,True,0.000153,,even_char; semisimple,defect_a_even_char
EV-051,64,2,6,3,9,24,even,0,3,1,24,3,1|1|1,1|1|1,True,True,True,True,True,0.000256,,even_char; semisimple,defect_a_even_char
EV-051,64,2,6,3,10,48,even,0,3,1,48,1,3,1,True,True,True,True,True,0.00017,,even_char; semisimple,defect_a_even_char
EV-051,64,2,6,3,11,35,even,0,3,1,35,1,3,1,True,True,True,True,True,0.000139,,even_char; semisimple,defect_a_even_char
EV-051,64,2,6,3,12,5,even,0,3,1,5,3,1|1|1,1|1|1,True,True,True,True,True,0.000214,,even_char; semisimple,defect_a_even_char
EV-051,64,2,6,3,13,10,even,0,3,1,10,1,3,1,True,True,True,True,True,0.000144,,even_char; semisimple,defect_a_even_char
EV-051,64,2,6,3,14,20,even,0,3,1,20,1,3,1,True,True,True,True,True,0.000138,,even_char; semisimple,defect_a_even_char
EV-051,64,2,6,3,15,40,even,0,3,1,40,3,1|1|1,1|1|1,True,True,True,True,True,0.000212,,even_char; semisimple,defect_a_even_char
EV-051,64,2,6,3,16,19,even,0,3,1,19,1,3,1,True,True,True,True,True,0.000172,,even_char; semisimple,defect_a_even_char
EV-051,64,2,6,3,17,38,even,0,3,1,38,1,3,1,True,True,True,True,True,0.000139,,even_char; semisimple,defect_a_even_char
EV-051,64,2,6,3,18,15,even,0,3,1,15,3,1|1|1,1|1|1,True,True,True,True,True,0.000279,,even_char; semisimple,defect_a_even_char
EV-051,64,2,6,3,19,30,even,0,3,1,30,1,3,1,True,True,True,True,True,0.00014,,even_char; semisimple,defect_a_even_char
EV-051,64,2,6,3,20,60,even,0,3,1,60,1,3,1,True,True,True,True,True,0.000191,,even_char; semisimple,defect_a_even_char
EV-051,64,2,6,3,21,59,even,0,3,1,59,3,1|1|1,1|1|1,True,True,True,True,True,0.000436,,even_char; semisimple,defect_a_even_char
EV-051,64,2,6,3,22,53,even,0,3,1,53,1,3,1,True,True,True,True,True,0.000143,,even_char; semisimple,defect_a_even_char
EV-051,64,2,6,3,23,41,even,0,3,1,41,1,3,1,True,True,True,True,True,0.000147,,even_char; semisimple,defect_a_even_char
EV-051,64,2,6,3,24,17,even,0,3,1,17,3,1|1|1,1|1|1,True,True,True,True,True,0.000222,,even_char; semisimple,defect_a_even_char
EV-051,64,2,6,3,25,34,even,0,3,1,34,1,3,1,True,True,True,True,True,0.000205,,even_char; semisimple,defect_a_even_char
EV-051,64,2,6,3,26,7,even,0,3,1,7,1,3,1,True,True,True,True,True,0.000156,,even_char; semisimple,defect_a_even_char
EV-051,64,2,6,3,27,14,even,0,3,1,14,3,1|1|1,1|1|1,True,True,True,True,True,0.00082,,even_char; semisimple,defect_a_even_char
EV-051,64,2,6,3,28,28,even,0,3,1,28,1,3,1,True,True,True,True,True,0.000248,,even_char; semisimple,defect_a_even_char
EV-051,64,2,6,3,29,56,even,0,3,1,56,1,3,1,True,True,True,True,True,0.000228,,even_char; semisimple,defect_a_even_char
EV-051,64,2,6,3,30,51,even,0,3,1,51,3,1|1|1,1|1|1,True,True,True,True,True,0.000442,,even_char; semisimple,defect_a_even_char
EV-051,64,2,6,3,31,37,even,0,3,1,37,1,3,1,True,True,True,True,True,0.000264,,even_char; semisimple,defect_a_even_char
EV-051,64,2,6,3,32,9,even,0,3,1,9,1,3,1,True,True,True,True,True,0.000231,,even_char; semisimple,defect_a_even_char
EV-051,64,2,6,3,33,18,even,0,3,1,18,3,1|1|1,1|1|1,True,True,True,True,True,0.000348,,even_char; semisimple,defect_a_even_char
EV-051,64,2,6,3,34,36,even,0,3,1,36,1,3,1,True,True,True,True,True,0.000263,,even_char; semisimple,defect_a_even_char
EV-051,64,2,6,3,35,11,even,0,3,1,11,1,3,1,True,True,True,True,True,0.000229,,even_char; semisimple,defect_a_even_char
EV-051,64,2,6,3,36,22,even,0,3,1,22,3,1|1|1,1|1|1,True,True,True,True,True,0.000942,,even_char; semisimple,defect_a_even_char
EV-051,64,2,6,3,37,44,even,0,3,1,44,1,3,1,True,True,True,True,True,0.000148,,even_char; semisimple,defect_a_even_char
EV-051,64,2,6,3,38,27,even,0,3,1,27,1,3,1,True,True,True,True,True,0.000185,,even_char; semisimple,defect_a_even_char
EV-051,64,2,6,3,39,54,even,0,3,1,54,3,1|1|1,1|1|1,True,True,True,True,True,0.000675,,even_char; semisimple,defect_a_even_char
EV-051,64,2,6,3,40,47,even,0,3,1,47,1,3,1,True,True,True,True,True,0.000144,,even_char; semisimple,defect_a_even_char
EV-051,64,2,6,3,41,29,even,0,3,1,29,1,3,1,True,True,True,True,True,0.000191,,even_char; semisimple,defect_a_even_char
EV-051,64,2,6,3,42,58,even,0,3,1,58,3,1|1|1,1|1|1,True,True,True,True,True,0.000244,,even_char; semisimple,defect_a_even_char
EV-051,64,2,6,3,43,55,even,0,3,1,55,1,3,1,True,True,True,True,True,0.000206,,even_char; semisimple,defect_a_even_char
EV-051,64,2,6,3,44,45,even,0,3,1,45,1,3,1,True,True,True,True,True,0.000148,,even_char; semisimple,defect_a_even_char
EV-051,64,2,6,3,45,25,even,0,3,1,25,3,1|1|1,1|1|1,True,True,True,True,True,0.000331,,even_char; semisimple,defect_a_even_char
EV-051,64,2,6,3,46,50,even,0,3,1,50,1,3,1,True,True,True,True,True,0.000149,,even_char; semisimple,defect_a_even_char
EV-051,64,2,6,3,47,39,even,0,3,1,39,1,3,1,True,True,True,True,True,0.000145,,even_char; semisimple,defect_a_even_char
EV-051,64,2,6,3,48,13,even,0,3,1,13,3,1|1|1,1|1|1,True,True,True,True,True,0.000265,,even_char; semisimple,defect_a_even_char
EV-051,64,2,6,3,49,26,even,0,3,1,26,1,3,1,True,True,True,True,True,0.000162,,even_char; semisimple,defect_a_even_char
EV-051,64,2,6,3,50,52,even,0,3,1,52,1,3,1,True,True,True,True,True,0.000145,,even_char; semisimple,defect_a_even_char
EV-051,64,2,6,3,51,43,even,0,3,1,43,3,1|1|1,1|1|1,True,True,True,True,True,0.000321,,even_char; semisimple,defect_a_even_char
EV-051,64,2,6,3,52,21,even,0,3,1,21,1,3,1,True,True,True,True,True,0.000142,,even_char; semisimple,defect_a_even_char
EV-051,64,2,6,3,53,42,even,0,3,1,42,1,3,1,True,True,True,True,True,0.000168,,even_char; semisimple,defect_a_even_char
EV-051,64,2,6,3,54,23,even,0,3,1,23,3,1|1|1,1|1|1,True,True,True,True,True,0.000373,,even_char; semisimple,defect_a_even_char
EV-051,64,2,6,3,55,46,even,0,3,1,46,1,3,1,True,True,True,True,True,0.000199,,even_char; semisimple,defect_a_even_char
EV-051,64,2,6,3,56,31,even,0,3,1,31,1,3,1,True,True,True,True,True,0.000183,,even_char; semisimple,defect_a_even_char
EV-051,64,2,6,3,57,62,even,0,3,1,62,3,1|1|1,1|1|1,True,True,True,True,True,0.000357,,even_char; semisimple,defect_a_even_char
EV-051,64,2,6,3,58,63,even,0,3,1,63,1,3,1,True,True,True,True,True,0.000177,,even_char; semisimple,defect_a_even_char
EV-051,64,2,6,3,59,61,even,0,3,1,61,1,3,1,True,True,True,True,True,0.000186,,even_char; semisimple,defect_a_even_char
EV-051,64,2,6,3,60,57,even,0,3,1,57,3,1|1|1,1|1|1,True,True,True,True,True,0.000467,,even_char; semisimple,defect_a_even_char
EV-051,64,2,6,3,61,49,even,0,3,1,49,1,3,1,True,True,True,True,True,0.000144,,even_char; semisimple,defect_a_even_char
EV-051,64,2,6,3,62,33,even,0,3,1,33,1,3,1,True,True,True,True,True,0.00016,,even_char; semisimple,defect_a_even_char
EV-052,64,2,6,5,0,1,even,0,5,1,1,3,1|2|2,1|1|1,True,True,True,True,True,0.000892,,even_char; semisimple,defect_a_even_char
EV-052,64,2,6,5,1,2,even,0,5,1,2,3,1|2|2,1|1|1,True,True,True,True,True,0.000487,,even_char; semisimple,defect_a_even_char
EV-052,64,2,6,5,2,4,even,0,5,1,4,3,1|2|2,1|1|1,True,True,True,True,True,0.000916,,even_char; semisimple,defect_a_even_char
EV-052,64,2,6,5,3,8,even,0,5,1,8,3,1|2|2,1|1|1,True,True,True,True,True,0.000995,,even_char; semisimple,defect_a_even_char
EV-052,64,2,6,5,4,16,even,0,5,1,16,3,1|2|2,1|1|1,True,True,True,True,True,0.000666,,even_char; semisimple,defect_a_even_char
EV-052,64,2,6,5,5,32,even,0,5,1,32,3,1|2|2,1|1|1,True,True,True,True,True,0.000541,,even_char; semisimple,defect_a_even_char
EV-052,64,2,6,5,6,3,even,0,5,1,3,3,1|2|2,1|1|1,True,True,True,True,True,0.000842,,even_char; semisimple,defect_a_even_char
EV-052,64,2,6,5,7,6,even,0,5,1,6,3,1|2|2,1|1|1,True,True,True,True,True,0.000566,,even_char; semisimple,defect_a_even_char
EV-052,64,2,6,5,8,12,even,0,5,1,12,3,1|2|2,1|1|1,True,True,True,True,True,0.000571,,even_char; semisimple,defect_a_even_char
EV-052,64,2,6,5,9,24,even,0,5,1,24,3,1|2|2,1|1|1,True,True,True,True,True,0.000664,,even_char; semisimple,defect_a_even_char
EV-052,64,2,6,5,10,48,even,0,5,1,48,3,1|2|2,1|1|1,True,True,True,True,True,0.000534,,even_char; semisimple,defect_a_even_char
EV-052,64,2,6,5,11,35,even,0,5,1,35,3,1|2|2,1|1|1,True,True,True,True,True,0.000706,,even_char; semisimple,defect_a_even_char
EV-052,64,2,6,5,12,5,even,0,5,1,5,3,1|2|2,1|1|1,True,True,True,True,True,0.000501,,even_char; semisimple,defect_a_even_char
EV-052,64,2,6,5,13,10,even,0,5,1,10,3,1|2|2,1|1|1,True,True,True,True,True,0.000478,,even_char; semisimple,defect_a_even_char
EV-052,64,2,6,5,14,20,even,0,5,1,20,3,1|2|2,1|1|1,True,True,True,True,True,0.0005,,even_char; semisimple,defect_a_even_char
EV-052,64,2,6,5,15,40,even,0,5,1,40,3,1|2|2,1|1|1,True,True,True,True,True,0.000525,,even_char; semisimple,defect_a_even_char
EV-052,64,2,6,5,16,19,even,0,5,1,19,3,1|2|2,1|1|1,True,True,True,True,True,0.000828,,even_char; semisimple,defect_a_even_char
EV-052,64,2,6,5,17,38,even,0,5,1,38,3,1|2|2,1|1|1,True,True,True,True,True,0.000844,,even_char; semisimple,defect_a_even_char
EV-052,64,2,6,5,18,15,even,0,5,1,15,3,1|2|2,1|1|1,True,True,True,True,True,0.000473,,even_char; semisimple,defect_a_even_char
EV-052,64,2,6,5,19,30,even,0,5,1,30,3,1|2|2,1|1|1,True,True,True,True,True,0.000723,,even_char; semisimple,defect_a_even_char
EV-052,64,2,6,5,20,60,even,0,5,1,60,3,1|2|2,1|1|1,True,True,True,True,True,0.001112,,even_char; semisimple,defect_a_even_char
EV-052,64,2,6,5,21,59,even,0,5,1,59,3,1|2|2,1|1|1,True,True,True,True,True,0.000587,,even_char; semisimple,defect_a_even_char
EV-052,64,2,6,5,22,53,even,0,5,1,53,3,1|2|2,1|1|1,True,True,True,True,True,0.000807,,even_char; semisimple,defect_a_even_char
EV-052,64,2,6,5,23,41,even,0,5,1,41,3,1|2|2,1|1|1,True,True,True,True,True,0.000781,,even_char; semisimple,defect_a_even_char
EV-052,64,2,6,5,24,17,even,0,5,1,17,3,1|2|2,1|1|1,True,True,True,True,True,0.001165,,even_char; semisimple,defect_a_even_char
EV-052,64,2,6,5,25,34,even,0,5,1,34,3,1|2|2,1|1|1,True,True,True,True,True,0.000686,,even_char; semisimple,defect_a_even_char
EV-052,64,2,6,5,26,7,even,0,5,1,7,3,1|2|2,1|1|1,True,True,True,True,True,0.000657,,even_char; semisimple,defect_a_even_char
EV-052,64,2,6,5,27,14,even,0,5,1,14,3,1|2|2,1|1|1,True,True,True,True,True,0.001463,,even_char; semisimple,defect_a_even_char
EV-052,64,2,6,5,28,28,even,0,5,1,28,3,1|2|2,1|1|1,True,True,True,True,True,0.001245,,even_char; semisimple,defect_a_even_char
EV-052,64,2,6,5,29,56,even,0,5,1,56,3,1|2|2,1|1|1,True,True,True,True,True,0.000998,,even_char; semisimple,defect_a_even_char
EV-052,64,2,6,5,30,51,even,0,5,1,51,3,1|2|2,1|1|1,True,True,True,True,True,0.001051,,even_char; semisimple,defect_a_even_char
EV-052,64,2,6,5,31,37,even,0,5,1,37,3,1|2|2,1|1|1,True,True,True,True,True,0.001786,,even_char; semisimple,defect_a_even_char
EV-052,64,2,6,5,32,9,even,0,5,1,9,3,1|2|2,1|1|1,True,True,True,True,True,0.001016,,even_char; semisimple,defect_a_even_char
EV-052,64,2,6,5,33,18,even,0,5,1,18,3,1|2|2,1|1|1,True,True,True,True,True,0.000498,,even_char; semisimple,defect_a_even_char
EV-052,64,2,6,5,34,36,even,0,5,1,36,3,1|2|2,1|1|1,True,True,True,True,True,0.001073,,even_char; semisimple,defect_a_even_char
EV-052,64,2,6,5,35,11,even,0,5,1,11,3,1|2|2,1|1|1,True,True,True,True,True,0.000923,,even_char; semisimple,defect_a_even_char
EV-052,64,2,6,5,36,22,even,0,5,1,22,3,1|2|2,1|1|1,True,True,True,True,True,0.000552,,even_char; semisimple,defect_a_even_char
EV-052,64,2,6,5,37,44,even,0,5,1,44,3,1|2|2,1|1|1,True,True,True,True,True,0.001096,,even_char; semisimple,defect_a_even_char
EV-052,64,2,6,5,38,27,even,0,5,1,27,3,1|2|2,1|1|1,True,True,True,True,True,0.000994,,even_char; semisimple,defect_a_even_char
EV-052,64,2,6,5,39,54,even,0,5,1,54,3,1|2|2,1|1|1,True,True,True,True,True,0.000669,,even_char; semisimple,defect_a_even_char
EV-052,64,2,6,5,40,47,even,0,5,1,47,3,1|2|2,1|1|1,True,True,True,True,True,0.00059,,even_char; semisimple,defect_a_even_char
EV-052,64,2,6,5,41,29,even,0,5,1,29,3,1|2|2,1|1|1,True,True,True,True,True,0.000632,,even_char; semisimple,defect_a_even_char
EV-052,64,2,6,5,42,58,even,0,5,1,58,3,1|2|2,1|1|1,True,True,True,True,True,0.000646,,even_char; semisimple,defect_a_even_char
EV-052,64,2,6,5,43,55,even,0,5,1,55,3,1|2|2,1|1|1,True,True,True,True,True,0.000529,,even_char; semisimple,defect_a_even_char
EV-052,64,2,6,5,44,45,even,0,5,1,45,3,1|2|2,1|1|1,True,True,True,True,True,0.000496,,even_char; semisimple,defect_a_even_char
EV-052,64,2,6,5,45,25,even,0,5,1,25,3,1|2|2,1|1|1,True,True,True,True,True,0.000772,,even_char; semisimple,defect_a_even_char
EV-052,64,2,6,5,46,50,even,0,5,1,50,3,1|2|2,1|1|1,True,True,True,True,True,0.000528,,even_char; semisimple,defect_a_even_char
EV-052,64,2,6,5,47,39,even,0,5,1,39,3,1|2|2,1|1|1,True,True,True,True,True,0.000498,,even_char; semisimple,defect_a_even_char
EV-052,64,2,6,5,48,13,even,0,5,1,13,3,1|2|2,1|1|1,True,True,True,True,True,0.000519,,even_char; semisimple,defect_a_even_char
EV-052,64,2,6,5,49,26,even,0,5,1,26,3,1|2|2,1|1|1,True,True,True,True,True,0.000526,,even_char; semisimple,defect_a_even_char
EV-052,64,2,6,5,50,52,even,0,5,1,52,3,1|2|2,1|1|1,True,True,True,True,True,0.000519,,even_char; semisimple,defect_a_even_char
EV-052,64,2,6,5,51,43,even,0,5,1,43,3,1|2|2,1|1|1,True,True,True,True,True,0.000498,,even_char; semisimple,defect_a_even_char
EV-052,64,2,6,5,52,21,even,0,5,1,21,3,1|2|2,1|1|1,True,True,True,True,True,0.000668,,even_char; semisimple,defect_a_even_char
EV-052,64,2,6,5,53,42,even,0,5,1,42,3,1|2|2,1|1|1,True,True,True,True,True,0.000628,,even_char; semisimple,defect_a_even_char
EV-052,64,2,6,5,54,23,even,0,5,1,23,3,1|2|2,1|1|1,True,True,True,True,True,0.001054,,even_char; semisimple,defect_a_even_char
EV-052,64,2,6,5,55,46,even,0,5,1,46,3,1|2|2,1|1|1,True,True,True,True,True,0.00146,,even_char; semisimple,defect_a_even_char
EV-052,64,2,6,5,56,31,even,0,5,1,31,3,1|2|2,1|1|1,True,True,True,True,True,0.001754,,even_char; semisimple,defect_a_even_char
EV-052,64,2,6,5,57,62,even,0,5,1,62,3,1|2|2,1|1|1,True,True,True,True,True,0.001497,,even_char; semisimple,defect_a_even_char
EV-052,64,2,6,5,58,63,even,0,5,1,63,3,1|2|2,1|1|1,True,True,True,True,True,0.000834,,even_char; semisimple,defect_a_even_char
EV-052,64,2,6,5,59,61,even,0,5,1,61,3,1|2|2,1|1|1,True,True,True,True,True,0.000592,,even_char; semisimple,defect_a_even_char
EV-052,64,2,6,5,60,57,even,0,5,1,57,3,1|2|2,1|1|1,True,True,True,True,True,0.000527,,even_char; semisimple,defect_a_even_char
EV-052,64,2,6,5,61,49,even,0,5,1,49,3,1|2|2,1|1|1,True,True,True,True,True,0.000563,,even_char; semisimple,defect_a_even_char
EV-052,64,2,6,5,62,33,even,0,5,1,33,3,1|2|2,1|1|1,True,True,True,True,True,0.000599,,even_char; semisimple,defect_a_even_char
EV-053,64,2,6,7,0,1,even,0,7,1,1,7,1|1|1|1|1|1|1,1|1|1|1|1|1|1,True,True,True,True,True,0.001077,,even_char; semisimple,defect_a_even_char
EV-053,64,2,6,7,1,2,even,0,7,1,2,1,7,1,True,True,True,True,True,0.000271,,even_char; semisimple,defect_a_even_char
EV-053,64,2,6,7,2,4,even,0,7,1,4,1,7,1,True,True,True,True,True,0.000228,,even_char; semisimple,defect_a_even_char
EV-053,64,2,6,7,3,8,even,0,7,1,8,1,7,1,True,True,True,True,True,0.000308,,even_char; semisimple,defect_a_even_char
EV-053,64,2,6,7,4,16,even,0,7,1,16,1,7,1,True,True,True,True,True,0.000251,,even_char; semisimple,defect_a_even_char
EV-053,64,2,6,7,5,32,even,0,7,1,32,1,7,1,True,True,True,True,True,0.000245,,even_char; semisimple,defect_a_even_char
EV-053,64,2,6,7,6,3,even,0,7,1,3,1,7,1,True,True,True,True,True,0.000285,,even_char; semisimple,defect_a_even_char
EV-053,64,2,6,7,7,6,even,0,7,1,6,7,1|1|1|1|1|1|1,1|1|1|1|1|1|1,True,True,True,True,True,0.001292,,even_char; semisimple,defect_a_even_char
EV-053,64,2,6,7,8,12,even,0,7,1,12,1,7,1,True,True,True,True,True,0.000244,,even_char; semisimple,defect_a_even_char
EV-053,64,2,6,7,9,24,even,0,7,1,24,1,7,1,True,True,True,True,True,0.000273,,even_char; semisimple,defect_a_even_char
EV-053,64,2,6,7,10,48,even,0,7,1,48,1,7,1,True,True,True,True,True,0.00044,,even_char; semisimple,defect_a_even_char
EV-053,64,2,6,7,11,35,even,0,7,1,35,1,7,1,True,True,True,True,True,0.000365,,even_char; semisimple,defect_a_even_char
EV-053,64,2,6,7,12,5,even,0,7,1,5,1,7,1,True,True,True,True,True,0.000357,,even_char; semisimple,defect_a_even_char
EV-053,64,2,6,7,13,10,even,0,7,1,10,1,7,1,True,True,True,True,True,0.000363,,even_char; semisimple,defect_a_even_char
EV-053,64,2,6,7,14,20,even,0,7,1,20,7,1|1|1|1|1|1|1,1|1|1|1|1|1|1,True,True,True,True,True,0.001977,,even_char; semisimple,defect_a_even_char
EV-053,64,2,6,7,15,40,even,0,7,1,40,1,7,1,True,True,True,True,True,0.000355,,even_char; semisimple,defect_a_even_char
EV-053,64,2,6,7,16,19,even,0,7,1,19,1,7,1,True,True,True,True,True,0.0004,,even_char; semisimple,defect_a_even_char
EV-053,64,2,6,7,17,38,even,0,7,1,38,1,7,1,True,True,True,True,True,0.000441,,even_char; semisimple,defect_a_even_char
EV-053,64,2,6,7,18,15,even,0,7,1,15,1,7,1,True,True,True,True,True,0.000361,,even_char; semisimple,defect_a_even_char
EV-053,64,2,6,7,19,30,even,0,7,1,30,1,7,1,True,True,True,True,True,0.000386,,even_char; semisimple,defect_a_even_char
EV-053,64,2,6,7,20,60,even,0,7,1,60,1,7,1,True,True,True,True,True,0.000373,,even_char; semisimple,defect_a_even_char
EV-053,64,2,6,7,21,59,even,0,7,1,59,7,1|1|1|1|1|1|1,1|1|1|1|1|1|1,True,True,True,True,True,0.001347,,even_char; semisimple,defect_a_even_char
EV-053,64,2,6,7,22,53,even,0,7,1,53,1,7,1,True,True,True,True,True,0.000395,,even_char; semisimple,defect_a_even_char
EV-053,64,2,6,7,23,41,even,0,7,1,41,1,7,1,True,True,True,True,True,0.000355,,even_char; semisimple,defect_a_even_char
EV-053,64,2,6,7,24,17,even,0,7,1,17,1,7,1,True,True,True,True,True,0.000427,,even_char; semisimple,defect_a_even_char
EV-053,64,2,6,7,25,34,even,0,7,1,34,1,7,1,True,True,True,True,True,0.000351,,even_char; semisimple,defect_a_even_char
EV-053,64,2,6,7,26,7,even,0,7,1,7,1,7,1,True,True,True,True,True,0.000357,,even_char; semisimple,defect_a_even_char
EV-053,64,2,6,7,27,14,even,0,7,1,14,1,7,1,True,True,True,True,True,0.000386,,even_char; semisimple,defect_a_even_char
EV-053,64,2,6,7,28,28,even,0,7,1,28,7,1|1|1|1|1|1|1,1|1|1|1|1|1|1,True,True,True,True,True,0.002935,,even_char; semisimple,defect_a_even_char
EV-053,64,2,6,7,29,56,even,0,7,1,56,1,7,1,True,True,True,True,True,0.000399,,even_char; semisimple,defect_a_even_char
EV-053,64,2,6,7,30,51,even,0,7,1,51,1,7,1,True,True,True,True,True,0.000368,,even_char; semisimple,defect_a_even_char
EV-053,64,2,6,7,31,37,even,0,7,1,37,1,7,1,True,True,True,True,True,0.000417,,even_char; semisimple,defect_a_even_char
EV-053,64,2,6,7,32,9,even,0,7,1,9,1,7,1,True,True,True,True,True,0.000384,,even_char; semisimple,defect_a_even_char
EV-053,64,2,6,7,33,18,even,0,7,1,18,1,7,1,True,True,True,True,True,0.000429,,even_char; semisimple,defect_a_even_char
EV-053,64,2,6,7,34,36,even,0,7,1,36,1,7,1,True,True,True,True,True,0.000389,,even_char; semisimple,defect_a_even_char
EV-053,64,2,6,7,35,11,even,0,7,1,11,7,1|1|1|1|1|1|1,1|1|1|1|1|1|1,True,True,True,True,True,0.002678,,even_char; semisimple,defect_a_even_char
EV-053,64,2,6,7,36,22,even,0,7,1,22,1,7,1,True,True,True,True,True,0.000383,,even_char; semisimple,defect_a_even_char
EV-053,64,2,6,7,37,44,even,0,7,1,44,1,7,1,True,True,True,True,True,0.000387,,even_char; semisimple,defect_a_even_char
EV-053,64,2,6,7,38,27,even,0,7,1,27,1,7,1,True,True,True,True,True,0.000374,,even_char; semisimple,defect_a_even_char
EV-053,64,2,6,7,39,54,even,0,7,1,54,1,7,1,True,True,True,True,True,0.000351,,even_char; semisimple,defect_a_even_char
EV-053,64,2,6,7,40,47,even,0,7,1,47,1,7,1,True,True,True,True,True,0.000385,,even_char; semisimple,defect_a_even_char
EV-053,64,2,6,7,41,29,even,0,7,1,29,1,7,1,True,True,True,True,True,0.000362,,even_char; semisimple,defect_a_even_char
EV-053,64,2,6,7,42,58,even,0,7,1,58,7,1|1|1|1|1|1|1,1|1|1|1|1|1|1,True,True,True,True,True,0.001851,,even_char; semisimple,defect_a_even_char
EV-053,64,2,6,7,43,55,even,0,7,1,55,1,7,1,True,True,True,True,True,0.000354,,even_char; semisimple,defect_a_even_char
EV-053,64,2,6,7,44,45,even,0,7,1,45,1,7,1,True,True,True,True,True,0.000398,,even_char; semisimple,defect_a_even_char
EV-053,64,2,6,7,45,25,even,0,7,1,25,1,7,1,True,True,True,True,True,0.000354,,even_char; semisimple,defect_a_even_char
EV-053,64,2,6,7,46,50,even,0,7,1,50,1,7,1,True,True,True,True,True,0.00029,,even_char; semisimple,defect_a_even_char
EV-053,64,2,6,7,47,39,even,0,7,1,39,1,7,1,True,True,True,True,True,0.000275,,even_char; semisimple,defect_a_even_char
EV-053,64,2,6,7,48,13,even,0,7,1,13,1,7,1,True,True,True,True,True,0.000302,,even_char; semisimple,defect_a_even_char
EV-053,64,2,6,7,49,26,even,0,7,1,26,7,1|1|1|1|1|1|1,1|1|1|1|1|1|1,True,True,True,True,True,0.001494,,even_char; semisimple,defect_a_even_char
EV-053,64,2,6,7,50,52,even,0,7,1,52,1,7,1,True,True,True,True,True,0.000398,,even_char; semisimple,defect_a_even_char
EV-053,64,2,6,7,51,43,even,0,7,1,43,1,7,1,True,True,True,True,True,0.000368,,even_char; semisimple,defect_a_even_char
EV-053,64,2,6,7,52,21,even,0,7,1,21,1,7,1,True,True,True,True,True,0.000372,,even_char; semisimple,defect_a_even_char
EV-053,64,2,6,7,53,42,even,0,7,1,42,1,7,1,True,True,True,True,True,0.000401,,even_char; semisimple,defect_a_even_char
EV-053,64,2,6,7,54,23,even,0,7,1,23,1,7,1,True,True,True,True,True,0.000338,,even_char; semisimple,defect_a_even_char
EV-053,64,2,6,7,55,46,even,0,7,1,46,1,7,1,True,True,True,True,True,0.000366,,even_char; semisimple,defect_a_even_char
EV-053,64,2,6,7,56,31,even,0,7,1,31,7,1|1|1|1|1|1|1,1|1|1|1|1|1|1,True,True,True,True,True,0.002218,,even_char; semisimple,defect_a_even_char
EV-053,64,2,6,7,57,62,even,0,7,1,62,1,7,1,True,True,True,True,True,0.000247,,even_char; semisimple,defect_a_even_char
EV-053,64,2,6,7,58,63,even,0,7,1,63,1,7,1,True,True,True,True,True,0.000253,,even_char; semisimple,defect_a_even_char
EV-053,64,2,6,7,59,61,even,0,7,1,61,1,7,1,True,True,True,True,True,0.000289,,even_char; semisimple,defect_a_even_char
EV-053,64,2,6,7,60,57,even,0,7,1,57,1,7,1,True,True,True,True,True,0.000251,,even_char; semisimple,defect_a_even_char
EV-053,64,2,6,7,61,49,even,0,7,1,49,1,7,1,True,True,True,True,True,0.000239,,even_char; semisimple,defect_a_even_char
EV-053,64,2,6,7,62,33,even,0,7,1,33,1,7,1,True,True,True,True,True,0.00024,,even_char; semisimple,defect_a_even_char
EV-054,64,2,6,9,0,1,even,0,9,1,1,9,1|1|1|1|1|1|1|1|1,1|1|1|1|1|1|1|1|1,True,True,True,True,True,0.001406,,even_char; semisimple,defect_a_even_char
EV-054,64,2,6,9,1,2,even,0,9,1,2,1,9,1,True,True,True,True,True,0.000416,,even_char; semisimple,defect_a_even_char
EV-054,64,2,6,9,2,4,even,0,9,1,4,1,9,1,True,True,True,True,True,0.000452,,even_char; semisimple,defect_a_even_char
EV-054,64,2,6,9,3,8,even,0,9,1,8,3,3|3|3,1|1|1,True,True,True,True,True,0.000846,,even_char; semisimple,defect_a_even_char
EV-054,64,2,6,9,4,16,even,0,9,1,16,1,9,1,True,True,True,True,True,0.000413,,even_char; semisimple,defect_a_even_char
EV-054,64,2,6,9,5,32,even,0,9,1,32,1,9,1,True,True,True,True,True,0.000405,,even_char; semisimple,defect_a_even_char
EV-054,64,2,6,9,6,3,even,0,9,1,3,3,3|3|3,1|1|1,True,True,True,True,True,0.001119,,even_char; semisimple,defect_a_even_char
EV-054,64,2,6,9,7,6,even,0,9,1,6,1,9,1,True,True,True,True,True,0.000655,,even_char; semisimple,defect_a_even_char
EV-054,64,2,6,9,8,12,even,0,9,1,12,1,9,1,True,True,True,True,True,0.000678,,even_char; semisimple,defect_a_even_char
EV-054,64,2,6,9,9,24,even,0,9,1,24,9,1|1|1|1|1|1|1|1|1,1|1|1|1|1|1|1|1|1,True,True,True,True,True,0.002776,,even_char; semisimple,defect_a_even_char
EV-054,64,2,6,9,10,48,even,0,9,1,48,1,9,1,True,True,True,True,True,0.000452,,even_char; semisimple,defect_a_even_char
EV-054,64,2,6,9,11,35,even,0,9,1,35,1,9,1,True,True,True,True,True,0.000454,,even_char; semisimple,defect_a_even_char
EV-054,64,2,6,9,12,5,even,0,9,1,5,3,3|3|3,1|1|1,True,True,True,True,True,0.000699,,even_char; semisimple,defect_a_even_char
EV-054,64,2,6,9,13,10,even,0,9,1,10,1,9,1,True,True,True,True,True,0.000463,,even_char; semisimple,defect_a_even_char
EV-054,64,2,6,9,14,20,even,0,9,1,20,1,9,1,True,True,True,True,True,0.000433,,even_char; semisimple,defect_a_even_char
EV-054,64,2,6,9,15,40,even,0,9,1,40,3,3|3|3,1|1|1,True,True,True,True,True,0.000939,,even_char; semisimple,defect_a_even_char
EV-054,64,2,6,9,16,19,even,0,9,1,19,1,9,1,True,True,True,True,True,0.000556,,even_char; semisimple,defect_a_even_char
EV-054,64,2,6,9,17,38,even,0,9,1,38,1,9,1,True,True,True,True,True,0.000443,,even_char; semisimple,defect_a_even_char
EV-054,64,2,6,9,18,15,even,0,9,1,15,9,1|1|1|1|1|1|1|1|1,1|1|1|1|1|1|1|1|1,True,True,True,True,True,0.00199,,even_char; semisimple,defect_a_even_char
EV-054,64,2,6,9,19,30,even,0,9,1,30,1,9,1,True,True,True,True,True,0.000547,,even_char; semisimple,defect_a_even_char
EV-054,64,2,6,9,20,60,even,0,9,1,60,1,9,1,True,True,True,True,True,0.000559,,even_char; semisimple,defect_a_even_char
EV-054,64,2,6,9,21,59,even,0,9,1,59,3,3|3|3,1|1|1,True,True,True,True,True,0.001429,,even_char; semisimple,defect_a_even_char
EV-054,64,2,6,9,22,53,even,0,9,1,53,1,9,1,True,True,True,True,True,0.000453,,even_char; semisimple,defect_a_even_char
EV-054,64,2,6,9,23,41,even,0,9,1,41,1,9,1,True,True,True,True,True,0.000631,,even_char; semisimple,defect_a_even_char
EV-054,64,2,6,9,24,17,even,0,9,1,17,3,3|3|3,1|1|1,True,True,True,True,True,0.000838,,even_char; semisimple,defect_a_even_char
EV-054,64,2,6,9,25,34,even,0,9,1,34,1,9,1,True,True,True,True,True,0.000478,,even_char; semisimple,defect_a_even_char
EV-054,64,2,6,9,26,7,even,0,9,1,7,1,9,1,True,True,True,True,True,0.000504,,even_char; semisimple,defect_a_even_char
EV-054,64,2,6,9,27,14,even,0,9,1,14,9,1|1|1|1|1|1|1|1|1,1|1|1|1|1|1|1|1|1,True,True,True,True,True,0.00171,,even_char; semisimple,defect_a_even_char
EV-054,64,2,6,9,28,28,even,0,9,1,28,1,9,1,True,True,True,True,True,0.000423,,even_char; semisimple,defect_a_even_char
EV-054,64,2,6,9,29,56,even,0,9,1,56,1,9,1,True,True,True,True,True,0.000393,,even_char; semisimple,defect_a_even_char
EV-054,64,2,6,9,30,51,even,0,9,1,51,3,3|3|3,1|1|1,True,True,True,True,True,0.000654,,even_char; semisimple,defect_a_even_char
EV-054,64,2,6,9,31,37,even,0,9,1,37,1,9,1,True,True,True,True,True,0.000389,,even_char; semisimple,defect_a_even_char
EV-054,64,2,6,9,32,9,even,0,9,1,9,1,9,1,True,True,True,True,True,0.000454,,even_char; semisimple,defect_a_even_char
EV-054,64,2,6,9,33,18,even,0,9,1,18,3,3|3|3,1|1|1,True,True,True,True,True,0.000632,,even_char; semisimple,defect_a_even_char
EV-054,64,2,6,9,34,36,even,0,9,1,36,1,9,1,True,True,True,True,True,0.00041,,even_char; semisimple,defect_a_even_char
EV-054,64,2,6,9,35,11,even,0,9,1,11,1,9,1,True,True,True,True,True,0.000392,,even_char; semisimple,defect_a_even_char
EV-054,64,2,6,9,36,22,even,0,9,1,22,9,1|1|1|1|1|1|1|1|1,1|1|1|1|1|1|1|1|1,True,True,True,True,True,0.002937,,even_char; semisimple,defect_a_even_char
EV-054,64,2,6,9,37,44,even,0,9,1,44,1,9,1,True,True,True,True,True,0.000663,,even_char; semisimple,defect_a_even_char
EV-054,64,2,6,9,38,27,even,0,9,1,27,1,9,1,True,True,True,True,True,0.000631,,even_char; semisimple,defect_a_even_char
EV-054,64,2,6,9,39,54,even,0,9,1,54,3,3|3|3,1|1|1,True,True,True,True,True,0.001072,,even_char; semisimple,defect_a_even_char
EV-054,64,2,6,9,40,47,even,0,9,1,47,1,9,1,True,True,True,True,True,0.000677,,even_char; semisimple,defect_a_even_char
EV-054,64,2,6,9,41,29,even,0,9,1,29,1,9,1,True,True,True,True,True,0.000566,,even_char; semisimple,defect_a_even_char
EV-054,64,2,6,9,42,58,even,0,9,1,58,3,3|3|3,1|1|1,True,True,True,True,True,0.000652,,even_char; semisimple,defect_a_even_char
EV-054,64,2,6,9,43,55,even,0,9,1,55,1,9,1,True,True,True,True,True,0.000428,,even_char; semisimple,defect_a_even_char
EV-054,64,2,6,9,44,45,even,0,9,1,45,1,9,1,True,True,True,True,True,0.000417,,even_char; semisimple,defect_a_even_char
EV-054,64,2,6,9,45,25,even,0,9,1,25,9,1|1|1|1|1|1|1|1|1,1|1|1|1|1|1|1|1|1,True,True,True,True,True,0.001306,,even_char; semisimple,defect_a_even_char
EV-054,64,2,6,9,46,50,even,0,9,1,50,1,9,1,True,True,True,True,True,0.000409,,even_char; semisimple,defect_a_even_char
EV-054,64,2,6,9,47,39,even,0,9,1,39,1,9,1,True,True,True,True,True,0.000428,,even_char; semisimple,defect_a_even_char
EV-054,64,2,6,9,48,13,even,0,9,1,13,3,3|3|3,1|1|1,True,True,True,True,True,0.000974,,even_char; semisimple,defect_a_even_char
EV-054,64,2,6,9,49,26,even,0,9,1,26,1,9,1,True,True,True,True,True,0.000439,,even_char; semisimple,defect_a_even_char
EV-054,64,2,6,9,50,52,even,0,9,1,52,1,9,1,True,True,True,True,True,0.000402,,even_char; semisimple,defect_a_even_char
EV-054,64,2,6,9,51,43,even,0,9,1,43,3,3|3|3,1|1|1,True,True,True,True,True,0.000858,,even_char; semisimple,defect_a_even_char
EV-054,64,2,6,9,52,21,even,0,9,1,21,1,9,1,True,True,True,True,True,0.00039,,even_char; semisimple,defect_a_even_char
EV-054,64,2,6,9,53,42,even,0,9,1,42,1,9,1,True,True,True,True,True,0.000451,,even_char; semisimple,defect_a_even_char
EV-054,64,2,6,9,54,23,even,0,9,1,23,9,1|1|1|1|1|1|1|1|1,1|1|1|1|1|1|1|1|1,True,True,True,True,True,0.001955,,even_char; semisimple,defect_a_even_char
EV-054,64,2,6,9,55,46,even,0,9,1,46,1,9,1,True,True,True,True,True,0.000398,,even_char; semisimple,defect_a_even_char
EV-054,64,2,6,9,56,31,even,0,9,1,31,1,9,1,True,True,True,True,True,0.000465,,even_char; semisimple,defect_a_even_char
EV-054,64,2,6,9,57,62,even,0,9,1,62,3,3|3|3,1|1|1,True,True,True,True,True,0.000655,,even_char; semisimple,defect_a_even_char
EV-054,64,2,6,9,58,63,even,0,9,1,63,1,9,1,True,True,True,True,True,0.000433,,even_char; semisimple,defect_a_even_char
EV-054,64,2,6,9,59,61,even,0,9,1,61,1,9,1,True,True,True,True,True,0.000465,,even_char; semisimple,defect_a_even_char
EV-054,64,2,6,9,60,57,even,0,9,1,57,3,3|3|3,1|1|1,True,True,True,True,True,0.000978,,even_char; semisimple,defect_a_even_char
EV-054,64,2,6,9,61,49,even,0,9,1,49,1,9,1,True,True,True,True,True,0.000432,,even_char; semisimple,defect_a_even_char
EV-054,64,2,6,9,62,33,even,0,9,1,33,1,9,1,True,True,True,True,True,0.0004,,even_char; semisimple,defect_a_even_char
EV-055,64,2,6,15,0,1,even,0,15,1,1,9,1|1|1|2|2|2|2|2|2,1|1|1|1|1|1|1|1|1,True,True,True,True,True,0.003429,,even_char; semisimple,defect_a_even_char
EV-055,64,2,6,15,1,2,even,0,15,1,2,3,3|6|6,1|1|1,True,True,True,True,True,0.001793,,even_char; semisimple,defect_a_even_char
EV-055,64,2,6,15,2,4,even,0,15,1,4,3,3|6|6,1|1|1,True,True,True,True,True,0.001759,,even_char; semisimple,defect_a_even_char
EV-055,64,2,6,15,3,8,even,0,15,1,8,9,1|1|1|2|2|2|2|2|2,1|1|1|1|1|1|1|1|1,True,True,True,True,True,0.002975,,even_char; semisimple,defect_a_even_char
EV-055,64,2,6,15,4,16,even,0,15,1,16,3,3|6|6,1|1|1,True,True,True,True,True,0.002172,,even_char; semisimple,defect_a_even_char
EV-055,64,2,6,15,5,32,even,0,15,1,32,3,3|6|6,1|1|1,True,True,True,True,True,0.001857,,even_char; semisimple,defect_a_even_char
EV-055,64,2,6,15,6,3,even,0,15,1,3,9,1|1|1|2|2|2|2|2|2,1|1|1|1|1|1|1|1|1,True,True,True,True,True,0.003514,,even_char; semisimple,defect_a_even_char
EV-055,64,2,6,15,7,6,even,0,15,1,6,3,3|6|6,1|1|1,True,True,True,True,True,0.001404,,even_char; semisimple,defect_a_even_char
EV-055,64,2,6,15,8,12,even,0,15,1,12,3,3|6|6,1|1|1,True,True,True,True,True,0.001338,,even_char; semisimple,defect_a_even_char
EV-055,64,2,6,15,9,24,even,0,15,1,24,9,1|1|1|2|2|2|2|2|2,1|1|1|1|1|1|1|1|1,True,True,True,True,True,0.003735,,even_char; semisimple,defect_a_even_char
EV-055,64,2,6,15,10,48,even,0,15,1,48,3,3|6|6,1|1|1,True,True,True,True,True,0.003122,,even_char; semisimple,defect_a_even_char
EV-055,64,2,6,15,11,35,even,0,15,1,35,3,3|6|6,1|1|1,True,True,True,True,True,0.002025,,even_char; semisimple,defect_a_even_char
EV-055,64,2,6,15,12,5,even,0,15,1,5,9,1|1|1|2|2|2|2|2|2,1|1|1|1|1|1|1|1|1,True,True,True,True,True,0.002953,,even_char; semisimple,defect_a_even_char
EV-055,64,2,6,15,13,10,even,0,15,1,10,3,3|6|6,1|1|1,True,True,True,True,True,0.001582,,even_char; semisimple,defect_a_even_char
EV-055,64,2,6,15,14,20,even,0,15,1,20,3,3|6|6,1|1|1,True,True,True,True,True,0.001854,,even_char; semisimple,defect_a_even_char
EV-055,64,2,6,15,15,40,even,0,15,1,40,9,1|1|1|2|2|2|2|2|2,1|1|1|1|1|1|1|1|1,True,True,True,True,True,0.005165,,even_char; semisimple,defect_a_even_char
EV-055,64,2,6,15,16,19,even,0,15,1,19,3,3|6|6,1|1|1,True,True,True,True,True,0.001362,,even_char; semisimple,defect_a_even_char
EV-055,64,2,6,15,17,38,even,0,15,1,38,3,3|6|6,1|1|1,True,True,True,True,True,0.003877,,even_char; semisimple,defect_a_even_char
EV-055,64,2,6,15,18,15,even,0,15,1,15,9,1|1|1|2|2|2|2|2|2,1|1|1|1|1|1|1|1|1,True,True,True,True,True,0.005095,,even_char; semisimple,defect_a_even_char
EV-055,64,2,6,15,19,30,even,0,15,1,30,3,3|6|6,1|1|1,True,True,True,True,True,0.002,,even_char; semisimple,defect_a_even_char
EV-055,64,2,6,15,20,60,even,0,15,1,60,3,3|6|6,1|1|1,True,True,True,True,True,0.002114,,even_char; semisimple,defect_a_even_char
EV-055,64,2,6,15,21,59,even,0,15,1,59,9,1|1|1|2|2|2|2|2|2,1|1|1|1|1|1|1|1|1,True,True,True,True,True,0.005165,,even_char; semisimple,defect_a_even_char
EV-055,64,2,6,15,22,53,even,0,15,1,53,3,3|6|6,1|1|1,True,True,True,True,True,0.002198,,even_char; semisimple,defect_a_even_char
EV-055,64,2,6,15,23,41,even,0,15,1,41,3,3|6|6,1|1|1,True,True,True,True,True,0.002964,,even_char; semisimple,defect_a_even_char
EV-055,64,2,6,15,24,17,even,0,15,1,17,9,1|1|1|2|2|2|2|2|2,1|1|1|1|1|1|1|1|1,True,True,True,True,True,0.0038,,even_char; semisimple,defect_a_even_char
EV-055,64,2,6,15,25,34,even,0,15,1,34,3,3|6|6,1|1|1,True,True,True,True,True,0.001583,,even_char; semisimple,defect_a_even_char
EV-055,64,2,6,15,26,7,even,0,15,1,7,3,3|6|6,1|1|1,True,True,True,True,True,0.00196,,even_char; semisimple,defect_a_even_char
EV-055,64,2,6,15,27,14,even,0,15,1,14,9,1|1|1|2|2|2|2|2|2,1|1|1|1|1|1|1|1|1,True,True,True,True,True,0.003084,,even_char; semisimple,defect_a_even_char
EV-055,64,2,6,15,28,28,even,0,15,1,28,3,3|6|6,1|1|1,True,True,True,True,True,0.001591,,even_char; semisimple,defect_a_even_char
EV-055,64,2,6,15,29,56,even,0,15,1,56,3,3|6|6,1|1|1,True,True,True,True,True,0.00176,,even_char; semisimple,defect_a_even_char
EV-055,64,2,6,15,30,51,even,0,15,1,51,9,1|1|1|2|2|2|2|2|2,1|1|1|1|1|1|1|1|1,True,True,True,True,True,0.004108,,even_char; semisimple,defect_a_even_char
EV-055,64,2,6,15,31,37,even,0,15,1,37,3,3|6|6,1|1|1,True,True,True,True,True,0.002038,,even_char; semisimple,defect_a_even_char
EV-055,64,2,6,15,32,9,even,0,15,1,9,3,3|6|6,1|1|1,True,True,True,True,True,0.002112,,even_char; semisimple,defect_a_even_char
EV-055,64,2,6,15,33,18,even,0,15,1,18,9,1|1|1|2|2|2|2|2|2,1|1|1|1|1|1|1|1|1,True,True,True,True,True,0.00703,,even_char; semisimple,defect_a_even_char
EV-055,64,2,6,15,34,36,even,0,15,1,36,3,3|6|6,1|1|1,True,True,True,True,True,0.001997,,even_char; semisimple,defect_a_even_char
EV-055,64,2,6,15,35,11,even,0,15,1,11,3,3|6|6,1|1|1,True,True,True,True,True,0.002648,,even_char; semisimple,defect_a_even_char
EV-055,64,2,6,15,36,22,even,0,15,1,22,9,1|1|1|2|2|2|2|2|2,1|1|1|1|1|1|1|1|1,True,True,True,True,True,0.004169,,even_char; semisimple,defect_a_even_char
EV-055,64,2,6,15,37,44,even,0,15,1,44,3,3|6|6,1|1|1,True,True,True,True,True,0.001644,,even_char; semisimple,defect_a_even_char
EV-055,64,2,6,15,38,27,even,0,15,1,27,3,3|6|6,1|1|1,True,True,True,True,True,0.002411,,even_char; semisimple,defect_a_even_char
EV-055,64,2,6,15,39,54,even,0,15,1,54,9,1|1|1|2|2|2|2|2|2,1|1|1|1|1|1|1|1|1,True,True,True,True,True,0.003049,,even_char; semisimple,defect_a_even_char
EV-055,64,2,6,15,40,47,even,0,15,1,47,3,3|6|6,1|1|1,True,True,True,True,True,0.00149,,even_char; semisimple,defect_a_even_char
EV-055,64,2,6,15,41,29,even,0,15,1,29,3,3|6|6,1|1|1,True,True,True,True,True,0.00233,,even_char; semisimple,defect_a_even_char
EV-055,64,2,6,15,42,58,even,0,15,1,58,9,1|1|1|2|2|2|2|2|2,1|1|1|1|1|1|1|1|1,True,True,True,True,True,0.002387,,even_char; semisimple,defect_a_even_char
EV-055,64,2,6,15,43,55,even,0,15,1,55,3,3|6|6,1|1|1,True,True,True,True,True,0.00148,,even_char; semisimple,defect_a_even_char
EV-055,64,2,6,15,44,45,even,0,15,1,45,3,3|6|6,1|1|1,True,True,True,True,True,0.001331,,even_char; semisimple,defect_a_even_char
EV-055,64,2,6,15,45,25,even,0,15,1,25,9,1|1|1|2|2|2|2|2|2,1|1|1|1|1|1|1|1|1,True,True,True,True,True,0.003311,,even_char; semisimple,defect_a_even_char
EV-055,64,2,6,15,46,50,even,0,15,1,50,3,3|6|6,1|1|1,True,True,True,True,True,0.002291,,even_char; semisimple,defect_a_even_char
EV-055,64,2,6,15,47,39,even,0,15,1,39,3,3|6|6,1|1|1,True,True,True,True,True,0.003308,,even_char; semisimple,defect_a_even_char
EV-055,64,2,6,15,48,13,even,0,15,1,13,9,1|1|1|2|2|2|2|2|2,1|1|1|1|1|1|1|1|1,True,True,True,True,True,0.003405,,even_char; semisimple,defect_a_even_char
EV-055,64,2,6,15,49,26,even,0,15,1,26,3,3|6|6,1|1|1,True,True,True,True,True,0.001702,,even_char; semisimple,defect_a_even_char
EV-055,64,2,6,15,50,52,even,0,15,1,52,3,3|6|6,1|1|1,True,True,True,True,True,0.001749,,even_char; semisimple,defect_a_even_char
EV-055,64,2,6,15,51,43,even,0,15,1,43,9,1|1|1|2|2|2|2|2|2,1|1|1|1|1|1|1|1|1,True,True,True,True,True,0.003129,,even_char; semisimple,defect_a_even_char
EV-055,64,2,6,15,52,21,even,0,15,1,21,3,3|6|6,1|1|1,True,True,True,True,True,0.001744,,even_char; semisimple,defect_a_even_char
EV-055,64,2,6,15,53,42,even,0,15,1,42,3,3|6|6,1|1|1,True,True,True,True,True,0.002251,,even_char; semisimple,defect_a_even_char
EV-055,64,2,6,15,54,23,even,0,15,1,23,9,1|1|1|2|2|2|2|2|2,1|1|1|1|1|1|1|1|1,True,True,True,True,True,0.005765,,even_char; semisimple,defect_a_even_char
EV-055,64,2,6,15,55,46,even,0,15,1,46,3,3|6|6,1|1|1,True,True,True,True,True,0.002227,,even_char; semisimple,defect_a_even_char
EV-055,64,2,6,15,56,31,even,0,15,1,31,3,3|6|6,1|1|1,True,True,True,True,True,0.001354,,even_char; semisimple,defect_a_even_char
EV-055,64,2,6,15,57,62,even,0,15,1,62,9,1|1|1|2|2|2|2|2|2,1|1|1|1|1|1|1|1|1,True,True,True,True,True,0.006662,,even_char; semisimple,defect_a_even_char
EV-055,64,2,6,15,58,63,even,0,15,1,63,3,3|6|6,1|1|1,True,True,True,True,True,0.002049,,even_char; semisimple,defect_a_even_char
EV-055,64,2,6,15,59,61,even,0,15,1,61,3,3|6|6,1|1|1,True,True,True,True,True,0.001382,,even_char; semisimple,defect_a_even_char
EV-055,64,2,6,15,60,57,even,0,15,1,57,9,1|1|1|2|2|2|2|2|2,1|1|1|1|1|1|1|1|1,True,True,True,True,True,0.002661,,even_char; semisimple,defect_a_even_char
EV-055,64,2,6,15,61,49,even,0,15,1,49,3,3|6|6,1|1|1,True,True,True,True,True,0.001416,,even_char; semisimple,defect_a_even_char
EV-055,64,2,6,15,62,33,even,0,15,1,33,3,3|6|6,1|1|1,True,True,True,True,True,0.001368,,even_char; semisimple,defect_a_even_char
EV-056,64,2,6,17,0,1,even,0,17,1,1,5,1|4|4|4|4,1|1|1|1|1,True,True,True,True,True,0.009912,,even_char; semisimple,defect_a_even_char
EV-056,64,2,6,17,1,2,even,0,17,1,2,5,1|4|4|4|4,1|1|1|1|1,True,True,True,True,True,0.006656,,even_char; semisimple,defect_a_even_char
EV-056,64,2,6,17,2,4,even,0,17,1,4,5,1|4|4|4|4,1|1|1|1|1,True,True,True,True,True,0.006823,,even_char; semisimple,defect_a_even_char
EV-056,64,2,6,17,3,8,even,0,17,1,8,5,1|4|4|4|4,1|1|1|1|1,True,True,True,True,True,0.007997,,even_char; semisimple,defect_a_even_char
EV-056,64,2,6,17,4,16,even,0,17,1,16,5,1|4|4|4|4,1|1|1|1|1,True,True,True,True,True,0.007222,,even_char; semisimple,defect_a_even_char
EV-056,64,2,6,17,5,32,even,0,17,1,32,5,1|4|4|4|4,1|1|1|1|1,True,True,True,True,True,0.008501,,even_char; semisimple,defect_a_even_char
EV-056,64,2,6,17,6,3,even,0,17,1,3,5,1|4|4|4|4,1|1|1|1|1,True,True,True,True,True,0.00682,,even_char; semisimple,defect_a_even_char
EV-056,64,2,6,17,7,6,even,0,17,1,6,5,1|4|4|4|4,1|1|1|1|1,True,True,True,True,True,0.010932,,even_char; semisimple,defect_a_even_char
EV-056,64,2,6,17,8,12,even,0,17,1,12,5,1|4|4|4|4,1|1|1|1|1,True,True,True,True,True,0.008255,,even_char; semisimple,defect_a_even_char
EV-056,64,2,6,17,9,24,even,0,17,1,24,5,1|4|4|4|4,1|1|1|1|1,True,True,True,True,True,0.007821,,even_char; semisimple,defect_a_even_char
EV-056,64,2,6,17,10,48,even,0,17,1,48,5,1|4|4|4|4,1|1|1|1|1,True,True,True,True,True,0.00967,,even_char; semisimple,defect_a_even_char
EV-056,64,2,6,17,11,35,even,0,17,1,35,5,1|4|4|4|4,1|1|1|1|1,True,True,True,True,True,0.006385,,even_char; semisimple,defect_a_even_char
EV-056,64,2,6,17,12,5,even,0,17,1,5,5,1|4|4|4|4,1|1|1|1|1,True,True,True,True,True,0.00956,,even_char; semisimple,defect_a_even_char
EV-056,64,2,6,17,13,10,even,0,17,1,10,5,1|4|4|4|4,1|1|1|1|1,True,True,True,True,True,0.009994,,even_char; semisimple,defect_a_even_char
EV-056,64,2,6,17,14,20,even,0,17,1,20,5,1|4|4|4|4,1|1|1|1|1,True,True,True,True,True,0.010756,,even_char; semisimple,defect_a_even_char
EV-056,64,2,6,17,15,40,even,0,17,1,40,5,1|4|4|4|4,1|1|1|1|1,True,True,True,True,True,0.00803,,even_char; semisimple,defect_a_even_char
EV-056,64,2,6,17,16,19,even,0,17,1,19,5,1|4|4|4|4,1|1|1|1|1,True,True,True,True,True,0.005876,,even_char; semisimple,defect_a_even_char
EV-056,64,2,6,17,17,38,even,0,17,1,38,5,1|4|4|4|4,1|1|1|1|1,True,True,True,True,True,0.008536,,even_char; semisimple,defect_a_even_char
EV-056,64,2,6,17,18,15,even,0,17,1,15,5,1|4|4|4|4,1|1|1|1|1,True,True,True,True,True,0.008093,,even_char; semisimple,defect_a_even_char
EV-056,64,2,6,17,19,30,even,0,17,1,30,5,1|4|4|4|4,1|1|1|1|1,True,True,True,True,True,0.006646,,even_char; semisimple,defect_a_even_char
EV-056,64,2,6,17,20,60,even,0,17,1,60,5,1|4|4|4|4,1|1|1|1|1,True,True,True,True,True,0.007316,,even_char; semisimple,defect_a_even_char
EV-056,64,2,6,17,21,59,even,0,17,1,59,5,1|4|4|4|4,1|1|1|1|1,True,True,True,True,True,0.007197,,even_char; semisimple,defect_a_even_char
EV-056,64,2,6,17,22,53,even,0,17,1,53,5,1|4|4|4|4,1|1|1|1|1,True,True,True,True,True,0.009636,,even_char; semisimple,defect_a_even_char
EV-056,64,2,6,17,23,41,even,0,17,1,41,5,1|4|4|4|4,1|1|1|1|1,True,True,True,True,True,0.006437,,even_char; semisimple,defect_a_even_char
EV-056,64,2,6,17,24,17,even,0,17,1,17,5,1|4|4|4|4,1|1|1|1|1,True,True,True,True,True,0.006176,,even_char; semisimple,defect_a_even_char
EV-056,64,2,6,17,25,34,even,0,17,1,34,5,1|4|4|4|4,1|1|1|1|1,True,True,True,True,True,0.012278,,even_char; semisimple,defect_a_even_char
EV-056,64,2,6,17,26,7,even,0,17,1,7,5,1|4|4|4|4,1|1|1|1|1,True,True,True,True,True,0.006125,,even_char; semisimple,defect_a_even_char
EV-056,64,2,6,17,27,14,even,0,17,1,14,5,1|4|4|4|4,1|1|1|1|1,True,True,True,True,True,0.006238,,even_char; semisimple,defect_a_even_char
EV-056,64,2,6,17,28,28,even,0,17,1,28,5,1|4|4|4|4,1|1|1|1|1,True,True,True,True,True,0.008929,,even_char; semisimple,defect_a_even_char
EV-056,64,2,6,17,29,56,even,0,17,1,56,5,1|4|4|4|4,1|1|1|1|1,True,True,True,True,True,0.010645,,even_char; semisimple,defect_a_even_char
EV-056,64,2,6,17,30,51,even,0,17,1,51,5,1|4|4|4|4,1|1|1|1|1,True,True,True,True,True,0.010389,,even_char; semisimple,defect_a_even_char
EV-056,64,2,6,17,31,37,even,0,17,1,37,5,1|4|4|4|4,1|1|1|1|1,True,True,True,True,True,0.007131,,even_char; semisimple,defect_a_even_char
EV-056,64,2,6,17,32,9,even,0,17,1,9,5,1|4|4|4|4,1|1|1|1|1,True,True,True,True,True,0.008624,,even_char; semisimple,defect_a_even_char
EV-056,64,2,6,17,33,18,even,0,17,1,18,5,1|4|4|4|4,1|1|1|1|1,True,True,True,True,True,0.008139,,even_char; semisimple,defect_a_even_char
EV-056,64,2,6,17,34,36,even,0,17,1,36,5,1|4|4|4|4,1|1|1|1|1,True,True,True,True,True,0.011189,,even_char; semisimple,defect_a_even_char
EV-056,64,2,6,17,35,11,even,0,17,1,11,5,1|4|4|4|4,1|1|1|1|1,True,True,True,True,True,0.009872,,even_char; semisimple,defect_a_even_char
EV-056,64,2,6,17,36,22,even,0,17,1,22,5,1|4|4|4|4,1|1|1|1|1,True,True,True,True,True,0.010827,,even_char; semisimple,defect_a_even_char
EV-056,64,2,6,17,37,44,even,0,17,1,44,5,1|4|4|4|4,1|1|1|1|1,True,True,True,True,True,0.007751,,even_char; semisimple,defect_a_even_char
EV-056,64,2,6,17,38,27,even,0,17,1,27,5,1|4|4|4|4,1|1|1|1|1,True,True,True,True,True,0.010761,,even_char; semisimple,defect_a_even_char
EV-056,64,2,6,17,39,54,even,0,17,1,54,5,1|4|4|4|4,1|1|1|1|1,True,True,True,True,True,0.009599,,even_char; semisimple,defect_a_even_char
EV-056,64,2,6,17,40,47,even,0,17,1,47,5,1|4|4|4|4,1|1|1|1|1,True,True,True,True,True,0.008254,,even_char; semisimple,defect_a_even_char
EV-056,64,2,6,17,41,29,even,0,17,1,29,5,1|4|4|4|4,1|1|1|1|1,True,True,True,True,True,0.009756,,even_char; semisimple,defect_a_even_char
EV-056,64,2,6,17,42,58,even,0,17,1,58,5,1|4|4|4|4,1|1|1|1|1,True,True,True,True,True,0.013626,,even_char; semisimple,defect_a_even_char
EV-056,64,2,6,17,43,55,even,0,17,1,55,5,1|4|4|4|4,1|1|1|1|1,True,True,True,True,True,0.009598,,even_char; semisimple,defect_a_even_char
EV-056,64,2,6,17,44,45,even,0,17,1,45,5,1|4|4|4|4,1|1|1|1|1,True,True,True,True,True,0.006001,,even_char; semisimple,defect_a_even_char
EV-056,64,2,6,17,45,25,even,0,17,1,25,5,1|4|4|4|4,1|1|1|1|1,True,True,True,True,True,0.012261,,even_char; semisimple,defect_a_even_char
EV-056,64,2,6,17,46,50,even,0,17,1,50,5,1|4|4|4|4,1|1|1|1|1,True,True,True,True,True,0.008169,,even_char; semisimple,defect_a_even_char
EV-056,64,2,6,17,47,39,even,0,17,1,39,5,1|4|4|4|4,1|1|1|1|1,True,True,True,True,True,0.008068,,even_char; semisimple,defect_a_even_char
EV-056,64,2,6,17,48,13,even,0,17,1,13,5,1|4|4|4|4,1|1|1|1|1,True,True,True,True,True,0.007145,,even_char; semisimple,defect_a_even_char
EV-056,64,2,6,17,49,26,even,0,17,1,26,5,1|4|4|4|4,1|1|1|1|1,True,True,True,True,True,0.005159,,even_char; semisimple,defect_a_even_char
EV-056,64,2,6,17,50,52,even,0,17,1,52,5,1|4|4|4|4,1|1|1|1|1,True,True,True,True,True,0.00858,,even_char; semisimple,defect_a_even_char
EV-056,64,2,6,17,51,43,even,0,17,1,43,5,1|4|4|4|4,1|1|1|1|1,True,True,True,True,True,0.00826,,even_char; semisimple,defect_a_even_char
EV-056,64,2,6,17,52,21,even,0,17,1,21,5,1|4|4|4|4,1|1|1|1|1,True,True,True,True,True,0.010865,,even_char; semisimple,defect_a_even_char
EV-056,64,2,6,17,53,42,even,0,17,1,42,5,1|4|4|4|4,1|1|1|1|1,True,True,True,True,True,0.019526,,even_char; semisimple,defect_a_even_char
EV-056,64,2,6,17,54,23,even,0,17,1,23,5,1|4|4|4|4,1|1|1|1|1,True,True,True,True,True,0.009609,,even_char; semisimple,defect_a_even_char
EV-056,64,2,6,17,55,46,even,0,17,1,46,5,1|4|4|4|4,1|1|1|1|1,True,True,True,True,True,0.007986,,even_char; semisimple,defect_a_even_char
EV-056,64,2,6,17,56,31,even,0,17,1,31,5,1|4|4|4|4,1|1|1|1|1,True,True,True,True,True,0.006678,,even_char; semisimple,defect_a_even_char
EV-056,64,2,6,17,57,62,even,0,17,1,62,5,1|4|4|4|4,1|1|1|1|1,True,True,True,True,True,0.008658,,even_char; semisimple,defect_a_even_char
EV-056,64,2,6,17,58,63,even,0,17,1,63,5,1|4|4|4|4,1|1|1|1|1,True,True,True,True,True,0.006482,,even_char; semisimple,defect_a_even_char
EV-056,64,2,6,17,59,61,even,0,17,1,61,5,1|4|4|4|4,1|1|1|1|1,True,True,True,True,True,0.006191,,even_char; semisimple,defect_a_even_char
EV-056,64,2,6,17,60,57,even,0,17,1,57,5,1|4|4|4|4,1|1|1|1|1,True,True,True,True,True,0.009035,,even_char; semisimple,defect_a_even_char
EV-056,64,2,6,17,61,49,even,0,17,1,49,5,1|4|4|4|4,1|1|1|1|1,True,True,True,True,True,0.006319,,even_char; semisimple,defect_a_even_char
EV-056,64,2,6,17,62,33,even,0,17,1,33,5,1|4|4|4|4,1|1|1|1|1,True,True,True,True,True,0.007367,,even_char; semisimple,defect_a_even_char
EV-057,64,2,6,21,0,1,even,0,21,1,1,21,1|1|1|1|1|1|1|1|1|1|1|1|1|1|1|1|1|1|1|1|1,1|1|1|1|1|1|1|1|1|1|1|1|1|1|1|1|1|1|1|1|1,True,True,True,True,True,0.009212,,even_char; semisimple,defect_a_even_char
EV-057,64,2,6,21,1,2,even,0,21,1,2,1,21,1,True,True,True,True,True,0.001225,,even_char; semisimple,defect_a_even_char
EV-057,64,2,6,21,2,4,even,0,21,1,4,1,21,1,True,True,True,True,True,0.001145,,even_char; semisimple,defect_a_even_char
EV-057,64,2,6,21,3,8,even,0,21,1,8,3,7|7|7,1|1|1,True,True,True,True,True,0.00288,,even_char; semisimple,defect_a_even_char
EV-057,64,2,6,21,4,16,even,0,21,1,16,1,21,1,True,True,True,True,True,0.001114,,even_char; semisimple,defect_a_even_char
EV-057,64,2,6,21,5,32,even,0,21,1,32,1,21,1,True,True,True,True,True,0.00154,,even_char; semisimple,defect_a_even_char
EV-057,64,2,6,21,6,3,even,0,21,1,3,3,7|7|7,1|1|1,True,True,True,True,True,0.005054,,even_char; semisimple,defect_a_even_char
EV-057,64,2,6,21,7,6,even,0,21,1,6,7,3|3|3|3|3|3|3,1|1|1|1|1|1|1,True,True,True,True,True,0.003288,,even_char; semisimple,defect_a_even_char
EV-057,64,2,6,21,8,12,even,0,21,1,12,1,21,1,True,True,True,True,True,0.001461,,even_char; semisimple,defect_a_even_char
EV-057,64,2,6,21,9,24,even,0,21,1,24,3,7|7|7,1|1|1,True,True,True,True,True,0.004266,,even_char; semisimple,defect_a_even_char
EV-057,64,2,6,21,10,48,even,0,21,1,48,1,21,1,True,True,True,True,True,0.001083,,even_char; semisimple,defect_a_even_char
EV-057,64,2,6,21,11,35,even,0,21,1,35,1,21,1,True,True,True,True,True,0.001044,,even_char; semisimple,defect_a_even_char
EV-057,64,2,6,21,12,5,even,0,21,1,5,3,7|7|7,1|1|1,True,True,True,True,True,0.004637,,even_char; semisimple,defect_a_even_char
EV-057,64,2,6,21,13,10,even,0,21,1,10,1,21,1,True,True,True,True,True,0.001061,,even_char; semisimple,defect_a_even_char
EV-057,64,2,6,21,14,20,even,0,21,1,20,7,3|3|3|3|3|3|3,1|1|1|1|1|1|1,True,True,True,True,True,0.004562,,even_char; semisimple,defect_a_even_char
EV-057,64,2,6,21,15,40,even,0,21,1,40,3,7|7|7,1|1|1,True,True,True,True,True,0.002334,,even_char; semisimple,defect_a_even_char
EV-057,64,2,6,21,16,19,even,0,21,1,19,1,21,1,True,True,True,True,True,0.00106,,even_char; semisimple,defect_a_even_char
EV-057,64,2,6,21,17,38,even,0,21,1,38,1,21,1,True,True,True,True,True,0.00127,,even_char; semisimple,defect_a_even_char
EV-057,64,2,6,21,18,15,even,0,21,1,15,3,7|7|7,1|1|1,True,True,True,True,True,0.001942,,even_char; semisimple,defect_a_even_char
EV-057,64,2,6,21,19,30,even,0,21,1,30,1,21,1,True,True,True,True,True,0.001285,,even_char; semisimple,defect_a_even_char
EV-057,64,2,6,21,20,60,even,0,21,1,60,1,21,1,True,True,True,True,True,0.001279,,even_char; semisimple,defect_a_even_char
EV-057,64,2,6,21,21,59,even,0,21,1,59,21,1|1|1|1|1|1|1|1|1|1|1|1|1|1|1|1|1|1|1|1|1,1|1|1|1|1|1|1|1|1|1|1|1|1|1|1|1|1|1|1|1|1,True,True,True,True,True,0.012276,,even_char; semisimple,defect_a_even_char
EV-057,64,2,6,21,22,53,even,0,21,1,53,1,21,1,True,True,True,True,True,0.001189,,even_char; semisimple,defect_a_even_char
EV-057,64,2,6,21,23,41,even,0,21,1,41,1,21,1,True,True,True,True,True,0.001206,,even_char; semisimple,defect_a_even_char
EV-057,64,2,6,21,24,17,even,0,21,1,17,3,7|7|7,1|1|1,True,True,True,True,True,0.00334,,even_char; semisimple,defect_a_even_char
EV-057,64,2,6,21,25,34,even,0,21,1,34,1,21,1,True,True,True,True,True,0.001053,,even_char; semisimple,defect_a_even_char
EV-057,64,2,6,21,26,7,even,0,21,1,7,1,21,1,True,True,True,True,True,0.001268,,even_char; semisimple,defect_a_even_char
EV-057,64,2,6,21,27,14,even,0,21,1,14,3,7|7|7,1|1|1,True,True,True,True,True,0.003484,,even_char; semisimple,defect_a_even_char
EV-057,64,2,6,21,28,28,even,0,21,1,28,7,3|3|3|3|3|3|3,1|1|1|1|1|1|1,True,True,True,True,True,0.004193,,even_char; semisimple,defect_a_even_char
EV-057,64,2,6,21,29,56,even,0,21,1,56,1,21,1,True,True,True,True,True,0.001058,,even_char; semisimple,defect_a_even_char
EV-057,64,2,6,21,30,51,even,0,21,1,51,3,7|7|7,1|1|1,True,True,True,True,True,0.00231,,even_char; semisimple,defect_a_even_char
EV-057,64,2,6,21,31,37,even,0,21,1,37,1,21,1,True,True,True,True,True,0.001683,,even_char; semisimple,defect_a_even_char
EV-057,64,2,6,21,32,9,even,0,21,1,9,1,21,1,True,True,True,True,True,0.001263,,even_char; semisimple,defect_a_even_char
EV-057,64,2,6,21,33,18,even,0,21,1,18,3,7|7|7,1|1|1,True,True,True,True,True,0.002568,,even_char; semisimple,defect_a_even_char
EV-057,64,2,6,21,34,36,even,0,21,1,36,1,21,1,True,True,True,True,True,0.001176,,even_char; semisimple,defect_a_even_char
EV-057,64,2,6,21,35,11,even,0,21,1,11,7,3|3|3|3|3|3|3,1|1|1|1|1|1|1,True,True,True,True,True,0.003383,,even_char; semisimple,defect_a_even_char
EV-057,64,2,6,21,36,22,even,0,21,1,22,3,7|7|7,1|1|1,True,True,True,True,True,0.002457,,even_char; semisimple,defect_a_even_char
EV-057,64,2,6,21,37,44,even,0,21,1,44,1,21,1,True,True,True,True,True,0.001525,,even_char; semisimple,defect_a_even_char
EV-057,64,2,6,21,38,27,even,0,21,1,27,1,21,1,True,True,True,True,True,0.001377,,even_char; semisimple,defect_a_even_char
EV-057,64,2,6,21,39,54,even,0,21,1,54,3,7|7|7,1|1|1,True,True,True,True,True,0.001829,,even_char; semisimple,defect_a_even_char
EV-057,64,2,6,21,40,47,even,0,21,1,47,1,21,1,True,True,True,True,True,0.001051,,even_char; semisimple,defect_a_even_char
EV-057,64,2,6,21,41,29,even,0,21,1,29,1,21,1,True,True,True,True,True,0.000991,,even_char; semisimple,defect_a_even_char
EV-057,64,2,6,21,42,58,even,0,21,1,58,21,1|1|1|1|1|1|1|1|1|1|1|1|1|1|1|1|1|1|1|1|1,1|1|1|1|1|1|1|1|1|1|1|1|1|1|1|1|1|1|1|1|1,True,True,True,True,True,0.012736,,even_char; semisimple,defect_a_even_char
EV-057,64,2,6,21,43,55,even,0,21,1,55,1,21,1,True,True,True,True,True,0.001408,,even_char; semisimple,defect_a_even_char
EV-057,64,2,6,21,44,45,even,0,21,1,45,1,21,1,True,True,True,True,True,0.001183,,even_char; semisimple,defect_a_even_char
EV-057,64,2,6,21,45,25,even,0,21,1,25,3,7|7|7,1|1|1,True,True,True,True,True,0.002084,,even_char; semisimple,defect_a_even_char
EV-057,64,2,6,21,46,50,even,0,21,1,50,1,21,1,True,True,True,True,True,0.001058,,even_char; semisimple,defect_a_even_char
EV-057,64,2,6,21,47,39,even,0,21,1,39,1,21,1,True,True,True,True,True,0.001113,,even_char; semisimple,defect_a_even_char
EV-057,64,2,6,21,48,13,even,0,21,1,13,3,7|7|7,1|1|1,True,True,True,True,True,0.002331,,even_char; semisimple,defect_a_even_char
EV-057,64,2,6,21,49,26,even,0,21,1,26,7,3|3|3|3|3|3|3,1|1|1|1|1|1|1,True,True,True,True,True,0.003944,,even_char; semisimple,defect_a_even_char
EV-057,64,2,6,21,50,52,even,0,21,1,52,1,21,1,True,True,True,True,True,0.001536,,even_char; semisimple,defect_a_even_char
EV-057,64,2,6,21,51,43,even,0,21,1,43,3,7|7|7,1|1|1,True,True,True,True,True,0.001908,,even_char; semisimple,defect_a_even_char
EV-057,64,2,6,21,52,21,even,0,21,1,21,1,21,1,True,True,True,True,True,0.001635,,even_char; semisimple,defect_a_even_char
EV-057,64,2,6,21,53,42,even,0,21,1,42,1,21,1,True,True,True,True,True,0.001353,,even_char; semisimple,defect_a_even_char
EV-057,64,2,6,21,54,23,even,0,21,1,23,3,7|7|7,1|1|1,True,True,True,True,True,0.00206,,even_char; semisimple,defect_a_even_char
EV-057,64,2,6,21,55,46,even,0,21,1,46,1,21,1,True,True,True,True,True,0.001113,,even_char; semisimple,defect_a_even_char
EV-057,64,2,6,21,56,31,even,0,21,1,31,7,3|3|3|3|3|3|3,1|1|1|1|1|1|1,True,True,True,True,True,0.004271,,even_char; semisimple,defect_a_even_char
EV-057,64,2,6,21,57,62,even,0,21,1,62,3,7|7|7,1|1|1,True,True,True,True,True,0.00264,,even_char; semisimple,defect_a_even_char
EV-057,64,2,6,21,58,63,even,0,21,1,63,1,21,1,True,True,True,True,True,0.001547,,even_char; semisimple,defect_a_even_char
EV-057,64,2,6,21,59,61,even,0,21,1,61,1,21,1,True,True,True,True,True,0.001789,,even_char; semisimple,defect_a_even_char
EV-057,64,2,6,21,60,57,even,0,21,1,57,3,7|7|7,1|1|1,True,True,True,True,True,0.003043,,even_char; semisimple,defect_a_even_char
EV-057,64,2,6,21,61,49,even,0,21,1,49,1,21,1,True,True,True,True,True,0.00124,,even_char; semisimple,defect_a_even_char
EV-057,64,2,6,21,62,33,even,0,21,1,33,1,21,1,True,True,True,True,True,0.001262,,even_char; semisimple,defect_a_even_char
EV-058,64,2,6,25,0,1,even,0,25,1,1,5,1|2|2|10|10,1|1|1|1|1,True,True,True,True,True,0.00513,,even_char; semisimple,defect_a_even_char
EV-058,64,2,6,25,1,2,even,0,25,1,2,5,1|2|2|10|10,1|1|1|1|1,True,True,True,True,True,0.006158,,even_char; semisimple,defect_a_even_char
EV-058,64,2,6,25,2,4,even,0,25,1,4,5,1|2|2|10|10,1|1|1|1|1,True,True,True,True,True,0.004644,,even_char; semisimple,defect_a_even_char
EV-058,64,2,6,25,3,8,even,0,25,1,8,5,1|2|2|10|10,1|1|1|1|1,True,True,True,True,True,0.005931,,even_char; semisimple,defect_a_even_char
EV-058,64,2,6,25,4,16,even,0,25,1,16,5,1|2|2|10|10,1|1|1|1|1,True,True,True,True,True,0.004784,,even_char; semisimple,defect_a_even_char
EV-058,64,2,6,25,5,32,even,0,25,1,32,5,1|2|2|10|10,1|1|1|1|1,True,True,True,True,True,0.004572,,even_char; semisimple,defect_a_even_char
EV-058,64,2,6,25,6,3,even,0,25,1,3,5,1|2|2|10|10,1|1|1|1|1,True,True,True,True,True,0.004265,,even_char; semisimple,defect_a_even_char
EV-058,64,2,6,25,7,6,even,0,25,1,6,5,1|2|2|10|10,1|1|1|1|1,True,True,True,True,True,0.006904,,even_char; semisimple,defect_a_even_char
EV-058,64,2,6,25,8,12,even,0,25,1,12,5,1|2|2|10|10,1|1|1|1|1,True,True,True,True,True,0.005253,,even_char; semisimple,defect_a_even_char
EV-058,64,2,6,25,9,24,even,0,25,1,24,5,1|2|2|10|10,1|1|1|1|1,True,True,True,True,True,0.009336,,even_char; semisimple,defect_a_even_char
EV-058,64,2,6,25,10,48,even,0,25,1,48,5,1|2|2|10|10,1|1|1|1|1,True,True,True,True,True,0.006414,,even_char; semisimple,defect_a_even_char
EV-058,64,2,6,25,11,35,even,0,25,1,35,5,1|2|2|10|10,1|1|1|1|1,True,True,True,True,True,0.004914,,even_char; semisimple,defect_a_even_char
EV-058,64,2,6,25,12,5,even,0,25,1,5,5,1|2|2|10|10,1|1|1|1|1,True,True,True,True,True,0.005104,,even_char; semisimple,defect_a_even_char
EV-058,64,2,6,25,13,10,even,0,25,1,10,5,1|2|2|10|10,1|1|1|1|1,True,True,True,True,True,0.004942,,even_char; semisimple,defect_a_even_char
EV-058,64,2,6,25,14,20,even,0,25,1,20,5,1|2|2|10|10,1|1|1|1|1,True,True,True,True,True,0.004327,,even_char; semisimple,defect_a_even_char
EV-058,64,2,6,25,15,40,even,0,25,1,40,5,1|2|2|10|10,1|1|1|1|1,True,True,True,True,True,0.005797,,even_char; semisimple,defect_a_even_char
EV-058,64,2,6,25,16,19,even,0,25,1,19,5,1|2|2|10|10,1|1|1|1|1,True,True,True,True,True,0.011422,,even_char; semisimple,defect_a_even_char
EV-058,64,2,6,25,17,38,even,0,25,1,38,5,1|2|2|10|10,1|1|1|1|1,True,True,True,True,True,0.004512,,even_char; semisimple,defect_a_even_char
EV-058,64,2,6,25,18,15,even,0,25,1,15,5,1|2|2|10|10,1|1|1|1|1,True,True,True,True,True,0.007253,,even_char; semisimple,defect_a_even_char
EV-058,64,2,6,25,19,30,even,0,25,1,30,5,1|2|2|10|10,1|1|1|1|1,True,True,True,True,True,0.006683,,even_char; semisimple,defect_a_even_char
EV-058,64,2,6,25,20,60,even,0,25,1,60,5,1|2|2|10|10,1|1|1|1|1,True,True,True,True,True,0.005523,,even_char; semisimple,defect_a_even_char
EV-058,64,2,6,25,21,59,even,0,25,1,59,5,1|2|2|10|10,1|1|1|1|1,True,True,True,True,True,0.005497,,even_char; semisimple,defect_a_even_char
EV-058,64,2,6,25,22,53,even,0,25,1,53,5,1|2|2|10|10,1|1|1|1|1,True,True,True,True,True,0.005198,,even_char; semisimple,defect_a_even_char
EV-058,64,2,6,25,23,41,even,0,25,1,41,5,1|2|2|10|10,1|1|1|1|1,True,True,True,True,True,0.004923,,even_char; semisimple,defect_a_even_char
EV-058,64,2,6,25,24,17,even,0,25,1,17,5,1|2|2|10|10,1|1|1|1|1,True,True,True,True,True,0.006886,,even_char; semisimple,defect_a_even_char
EV-058,64,2,6,25,25,34,even,0,25,1,34,5,1|2|2|10|10,1|1|1|1|1,True,True,True,True,True,0.004992,,even_char; semisimple,defect_a_even_char
EV-058,64,2,6,25,26,7,even,0,25,1,7,5,1|2|2|10|10,1|1|1|1|1,True,True,True,True,True,0.008067,,even_char; semisimple,defect_a_even_char
EV-058,64,2,6,25,27,14,even,0,25,1,14,5,1|2|2|10|10,1|1|1|1|1,True,True,True,True,True,0.006179,,even_char; semisimple,defect_a_even_char
EV-058,64,2,6,25,28,28,even,0,25,1,28,5,1|2|2|10|10,1|1|1|1|1,True,True,True,True,True,0.005619,,even_char; semisimple,defect_a_even_char
EV-058,64,2,6,25,29,56,even,0,25,1,56,5,1|2|2|10|10,1|1|1|1|1,True,True,True,True,True,0.006458,,even_char; semisimple,defect_a_even_char
EV-058,64,2,6,25,30,51,even,0,25,1,51,5,1|2|2|10|10,1|1|1|1|1,True,True,True,True,True,0.007051,,even_char; semisimple,defect_a_even_char
EV-058,64,2,6,25,31,37,even,0,25,1,37,5,1|2|2|10|10,1|1|1|1|1,True,True,True,True,True,0.006334,,even_char; semisimple,defect_a_even_char
EV-058,64,2,6,25,32,9,even,0,25,1,9,5,1|2|2|10|10,1|1|1|1|1,True,True,True,True,True,0.005306,,even_char; semisimple,defect_a_even_char
EV-058,64,2,6,25,33,18,even,0,25,1,18,5,1|2|2|10|10,1|1|1|1|1,True,True,True,True,True,0.005913,,even_char; semisimple,defect_a_even_char
EV-058,64,2,6,25,34,36,even,0,25,1,36,5,1|2|2|10|10,1|1|1|1|1,True,True,True,True,True,0.004283,,even_char; semisimple,defect_a_even_char
EV-058,64,2,6,25,35,11,even,0,25,1,11,5,1|2|2|10|10,1|1|1|1|1,True,True,True,True,True,0.003886,,even_char; semisimple,defect_a_even_char
EV-058,64,2,6,25,36,22,even,0,25,1,22,5,1|2|2|10|10,1|1|1|1|1,True,True,True,True,True,0.005891,,even_char; semisimple,defect_a_even_char
EV-058,64,2,6,25,37,44,even,0,25,1,44,5,1|2|2|10|10,1|1|1|1|1,True,True,True,True,True,0.008943,,even_char; semisimple,defect_a_even_char
EV-058,64,2,6,25,38,27,even,0,25,1,27,5,1|2|2|10|10,1|1|1|1|1,True,True,True,True,True,0.006143,,even_char; semisimple,defect_a_even_char
EV-058,64,2,6,25,39,54,even,0,25,1,54,5,1|2|2|10|10,1|1|1|1|1,True,True,True,True,True,0.009261,,even_char; semisimple,defect_a_even_char
EV-058,64,2,6,25,40,47,even,0,25,1,47,5,1|2|2|10|10,1|1|1|1|1,True,True,True,True,True,0.007407,,even_char; semisimple,defect_a_even_char
EV-058,64,2,6,25,41,29,even,0,25,1,29,5,1|2|2|10|10,1|1|1|1|1,True,True,True,True,True,0.00643,,even_char; semisimple,defect_a_even_char
EV-058,64,2,6,25,42,58,even,0,25,1,58,5,1|2|2|10|10,1|1|1|1|1,True,True,True,True,True,0.004111,,even_char; semisimple,defect_a_even_char
EV-058,64,2,6,25,43,55,even,0,25,1,55,5,1|2|2|10|10,1|1|1|1|1,True,True,True,True,True,0.006444,,even_char; semisimple,defect_a_even_char
EV-058,64,2,6,25,44,45,even,0,25,1,45,5,1|2|2|10|10,1|1|1|1|1,True,True,True,True,True,0.005494,,even_char; semisimple,defect_a_even_char
EV-058,64,2,6,25,45,25,even,0,25,1,25,5,1|2|2|10|10,1|1|1|1|1,True,True,True,True,True,0.004839,,even_char; semisimple,defect_a_even_char
EV-058,64,2,6,25,46,50,even,0,25,1,50,5,1|2|2|10|10,1|1|1|1|1,True,True,True,True,True,0.00568,,even_char; semisimple,defect_a_even_char
EV-058,64,2,6,25,47,39,even,0,25,1,39,5,1|2|2|10|10,1|1|1|1|1,True,True,True,True,True,0.004201,,even_char; semisimple,defect_a_even_char
EV-058,64,2,6,25,48,13,even,0,25,1,13,5,1|2|2|10|10,1|1|1|1|1,True,True,True,True,True,0.006838,,even_char; semisimple,defect_a_even_char
EV-058,64,2,6,25,49,26,even,0,25,1,26,5,1|2|2|10|10,1|1|1|1|1,True,True,True,True,True,0.00568,,even_char; semisimple,defect_a_even_char
EV-058,64,2,6,25,50,52,even,0,25,1,52,5,1|2|2|10|10,1|1|1|1|1,True,True,True,True,True,0.007859,,even_char; semisimple,defect_a_even_char
EV-058,64,2,6,25,51,43,even,0,25,1,43,5,1|2|2|10|10,1|1|1|1|1,True,True,True,True,True,0.005635,,even_char; semisimple,defect_a_even_char
EV-058,64,2,6,25,52,21,even,0,25,1,21,5,1|2|2|10|10,1|1|1|1|1,True,True,True,True,True,0.004402,,even_char; semisimple,defect_a_even_char
EV-058,64,2,6,25,53,42,even,0,25,1,42,5,1|2|2|10|10,1|1|1|1|1,True,True,True,True,True,0.004884,,even_char; semisimple,defect_a_even_char
EV-058,64,2,6,25,54,23,even,0,25,1,23,5,1|2|2|10|10,1|1|1|1|1,True,True,True,True,True,0.004094,,even_char; semisimple,defect_a_even_char
EV-058,64,2,6,25,55,46,even,0,25,1,46,5,1|2|2|10|10,1|1|1|1|1,True,True,True,True,True,0.004413,,even_char; semisimple,defect_a_even_char
EV-058,64,2,6,25,56,31,even,0,25,1,31,5,1|2|2|10|10,1|1|1|1|1,True,True,True,True,True,0.007376,,even_char; semisimple,defect_a_even_char
EV-058,64,2,6,25,57,62,even,0,25,1,62,5,1|2|2|10|10,1|1|1|1|1,True,True,True,True,True,0.004968,,even_char; semisimple,defect_a_even_char
EV-058,64,2,6,25,58,63,even,0,25,1,63,5,1|2|2|10|10,1|1|1|1|1,True,True,True,True,True,0.006024,,even_char; semisimple,defect_a_even_char
EV-058,64,2,6,25,59,61,even,0,25,1,61,5,1|2|2|10|10,1|1|1|1|1,True,True,True,True,True,0.004314,,even_char; semisimple,defect_a_even_char
EV-058,64,2,6,25,60,57,even,0,25,1,57,5,1|2|2|10|10,1|1|1|1|1,True,True,True,True,True,0.00816,,even_char; semisimple,defect_a_even_char
EV-058,64,2,6,25,61,49,even,0,25,1,49,5,1|2|2|10|10,1|1|1|1|1,True,True,True,True,True,0.007694,,even_char; semisimple,defect_a_even_char
EV-058,64,2,6,25,62,33,even,0,25,1,33,5,1|2|2|10|10,1|1|1|1|1,True,True,True,True,True,0.004609,,even_char; semisimple,defect_a_even_char
EV-059,64,2,6,31,0,1,even,0,31,1,1,7,1|5|5|5|5|5|5,1|1|1|1|1|1|1,True,True,True,True,True,0.025766,,even_char; semisimple,defect_a_even_char
EV-059,64,2,6,31,1,2,even,0,31,1,2,7,1|5|5|5|5|5|5,1|1|1|1|1|1|1,True,True,True,True,True,0.015921,,even_char; semisimple,defect_a_even_char
EV-059,64,2,6,31,2,4,even,0,31,1,4,7,1|5|5|5|5|5|5,1|1|1|1|1|1|1,True,True,True,True,True,0.029408,,even_char; semisimple,defect_a_even_char
EV-059,64,2,6,31,3,8,even,0,31,1,8,7,1|5|5|5|5|5|5,1|1|1|1|1|1|1,True,True,True,True,True,0.017225,,even_char; semisimple,defect_a_even_char
EV-059,64,2,6,31,4,16,even,0,31,1,16,7,1|5|5|5|5|5|5,1|1|1|1|1|1|1,True,True,True,True,True,0.020859,,even_char; semisimple,defect_a_even_char
EV-059,64,2,6,31,5,32,even,0,31,1,32,7,1|5|5|5|5|5|5,1|1|1|1|1|1|1,True,True,True,True,True,0.024615,,even_char; semisimple,defect_a_even_char
EV-059,64,2,6,31,6,3,even,0,31,1,3,7,1|5|5|5|5|5|5,1|1|1|1|1|1|1,True,True,True,True,True,0.022567,,even_char; semisimple,defect_a_even_char
EV-059,64,2,6,31,7,6,even,0,31,1,6,7,1|5|5|5|5|5|5,1|1|1|1|1|1|1,True,True,True,True,True,0.025546,,even_char; semisimple,defect_a_even_char
EV-059,64,2,6,31,8,12,even,0,31,1,12,7,1|5|5|5|5|5|5,1|1|1|1|1|1|1,True,True,True,True,True,0.019765,,even_char; semisimple,defect_a_even_char
EV-059,64,2,6,31,9,24,even,0,31,1,24,7,1|5|5|5|5|5|5,1|1|1|1|1|1|1,True,True,True,True,True,0.015336,,even_char; semisimple,defect_a_even_char
EV-059,64,2,6,31,10,48,even,0,31,1,48,7,1|5|5|5|5|5|5,1|1|1|1|1|1|1,True,True,True,True,True,0.010868,,even_char; semisimple,defect_a_even_char
EV-059,64,2,6,31,11,35,even,0,31,1,35,7,1|5|5|5|5|5|5,1|1|1|1|1|1|1,True,True,True,True,True,0.023578,,even_char; semisimple,defect_a_even_char
EV-059,64,2,6,31,12,5,even,0,31,1,5,7,1|5|5|5|5|5|5,1|1|1|1|1|1|1,True,True,True,True,True,0.014544,,even_char; semisimple,defect_a_even_char
EV-059,64,2,6,31,13,10,even,0,31,1,10,7,1|5|5|5|5|5|5,1|1|1|1|1|1|1,True,True,True,True,True,0.018866,,even_char; semisimple,defect_a_even_char
EV-059,64,2,6,31,14,20,even,0,31,1,20,7,1|5|5|5|5|5|5,1|1|1|1|1|1|1,True,True,True,True,True,0.023193,,even_char; semisimple,defect_a_even_char
EV-059,64,2,6,31,15,40,even,0,31,1,40,7,1|5|5|5|5|5|5,1|1|1|1|1|1|1,True,True,True,True,True,0.020109,,even_char; semisimple,defect_a_even_char
EV-059,64,2,6,31,16,19,even,0,31,1,19,7,1|5|5|5|5|5|5,1|1|1|1|1|1|1,True,True,True,True,True,0.018773,,even_char; semisimple,defect_a_even_char
EV-059,64,2,6,31,17,38,even,0,31,1,38,7,1|5|5|5|5|5|5,1|1|1|1|1|1|1,True,True,True,True,True,0.033455,,even_char; semisimple,defect_a_even_char
EV-059,64,2,6,31,18,15,even,0,31,1,15,7,1|5|5|5|5|5|5,1|1|1|1|1|1|1,True,True,True,True,True,0.047108,,even_char; semisimple,defect_a_even_char
EV-059,64,2,6,31,19,30,even,0,31,1,30,7,1|5|5|5|5|5|5,1|1|1|1|1|1|1,True,True,True,True,True,0.028224,,even_char; semisimple,defect_a_even_char
EV-059,64,2,6,31,20,60,even,0,31,1,60,7,1|5|5|5|5|5|5,1|1|1|1|1|1|1,True,True,True,True,True,0.039205,,even_char; semisimple,defect_a_even_char
EV-059,64,2,6,31,21,59,even,0,31,1,59,7,1|5|5|5|5|5|5,1|1|1|1|1|1|1,True,True,True,True,True,0.019456,,even_char; semisimple,defect_a_even_char
EV-059,64,2,6,31,22,53,even,0,31,1,53,7,1|5|5|5|5|5|5,1|1|1|1|1|1|1,True,True,True,True,True,0.019087,,even_char; semisimple,defect_a_even_char
EV-059,64,2,6,31,23,41,even,0,31,1,41,7,1|5|5|5|5|5|5,1|1|1|1|1|1|1,True,True,True,True,True,0.017159,,even_char; semisimple,defect_a_even_char
EV-059,64,2,6,31,24,17,even,0,31,1,17,7,1|5|5|5|5|5|5,1|1|1|1|1|1|1,True,True,True,True,True,0.044273,,even_char; semisimple,defect_a_even_char
EV-059,64,2,6,31,25,34,even,0,31,1,34,7,1|5|5|5|5|5|5,1|1|1|1|1|1|1,True,True,True,True,True,0.019232,,even_char; semisimple,defect_a_even_char
EV-059,64,2,6,31,26,7,even,0,31,1,7,7,1|5|5|5|5|5|5,1|1|1|1|1|1|1,True,True,True,True,True,0.019559,,even_char; semisimple,defect_a_even_char
EV-059,64,2,6,31,27,14,even,0,31,1,14,7,1|5|5|5|5|5|5,1|1|1|1|1|1|1,True,True,True,True,True,0.023187,,even_char; semisimple,defect_a_even_char
EV-059,64,2,6,31,28,28,even,0,31,1,28,7,1|5|5|5|5|5|5,1|1|1|1|1|1|1,True,True,True,True,True,0.040964,,even_char; semisimple,defect_a_even_char
EV-059,64,2,6,31,29,56,even,0,31,1,56,7,1|5|5|5|5|5|5,1|1|1|1|1|1|1,True,True,True,True,True,0.018298,,even_char; semisimple,defect_a_even_char
EV-059,64,2,6,31,30,51,even,0,31,1,51,7,1|5|5|5|5|5|5,1|1|1|1|1|1|1,True,True,True,True,True,0.028039,,even_char; semisimple,defect_a_even_char
EV-059,64,2,6,31,31,37,even,0,31,1,37,7,1|5|5|5|5|5|5,1|1|1|1|1|1|1,True,True,True,True,True,0.025345,,even_char; semisimple,defect_a_even_char
EV-059,64,2,6,31,32,9,even,0,31,1,9,7,1|5|5|5|5|5|5,1|1|1|1|1|1|1,True,True,True,True,True,0.029771,,even_char; semisimple,defect_a_even_char
EV-059,64,2,6,31,33,18,even,0,31,1,18,7,1|5|5|5|5|5|5,1|1|1|1|1|1|1,True,True,True,True,True,0.012478,,even_char; semisimple,defect_a_even_char
EV-059,64,2,6,31,34,36,even,0,31,1,36,7,1|5|5|5|5|5|5,1|1|1|1|1|1|1,True,True,True,True,True,0.02563,,even_char; semisimple,defect_a_even_char
EV-059,64,2,6,31,35,11,even,0,31,1,11,7,1|5|5|5|5|5|5,1|1|1|1|1|1|1,True,True,True,True,True,0.024457,,even_char; semisimple,defect_a_even_char
EV-059,64,2,6,31,36,22,even,0,31,1,22,7,1|5|5|5|5|5|5,1|1|1|1|1|1|1,True,True,True,True,True,0.016808,,even_char; semisimple,defect_a_even_char
EV-059,64,2,6,31,37,44,even,0,31,1,44,7,1|5|5|5|5|5|5,1|1|1|1|1|1|1,True,True,True,True,True,0.019716,,even_char; semisimple,defect_a_even_char
EV-059,64,2,6,31,38,27,even,0,31,1,27,7,1|5|5|5|5|5|5,1|1|1|1|1|1|1,True,True,True,True,True,0.037034,,even_char; semisimple,defect_a_even_char
EV-059,64,2,6,31,39,54,even,0,31,1,54,7,1|5|5|5|5|5|5,1|1|1|1|1|1|1,True,True,True,True,True,0.016955,,even_char; semisimple,defect_a_even_char
EV-059,64,2,6,31,40,47,even,0,31,1,47,7,1|5|5|5|5|5|5,1|1|1|1|1|1|1,True,True,True,True,True,0.021563,,even_char; semisimple,defect_a_even_char
EV-059,64,2,6,31,41,29,even,0,31,1,29,7,1|5|5|5|5|5|5,1|1|1|1|1|1|1,True,True,True,True,True,0.036724,,even_char; semisimple,defect_a_even_char
EV-059,64,2,6,31,42,58,even,0,31,1,58,7,1|5|5|5|5|5|5,1|1|1|1|1|1|1,True,True,True,True,True,0.032245,,even_char; semisimple,defect_a_even_char
EV-059,64,2,6,31,43,55,even,0,31,1,55,7,1|5|5|5|5|5|5,1|1|1|1|1|1|1,True,True,True,True,True,0.012846,,even_char; semisimple,defect_a_even_char
EV-059,64,2,6,31,44,45,even,0,31,1,45,7,1|5|5|5|5|5|5,1|1|1|1|1|1|1,True,True,True,True,True,0.013764,,even_char; semisimple,defect_a_even_char
EV-059,64,2,6,31,45,25,even,0,31,1,25,7,1|5|5|5|5|5|5,1|1|1|1|1|1|1,True,True,True,True,True,0.013842,,even_char; semisimple,defect_a_even_char
EV-059,64,2,6,31,46,50,even,0,31,1,50,7,1|5|5|5|5|5|5,1|1|1|1|1|1|1,True,True,True,True,True,0.025493,,even_char; semisimple,defect_a_even_char
EV-059,64,2,6,31,47,39,even,0,31,1,39,7,1|5|5|5|5|5|5,1|1|1|1|1|1|1,True,True,True,True,True,0.015668,,even_char; semisimple,defect_a_even_char
EV-059,64,2,6,31,48,13,even,0,31,1,13,7,1|5|5|5|5|5|5,1|1|1|1|1|1|1,True,True,True,True,True,0.023885,,even_char; semisimple,defect_a_even_char
EV-059,64,2,6,31,49,26,even,0,31,1,26,7,1|5|5|5|5|5|5,1|1|1|1|1|1|1,True,True,True,True,True,0.037976,,even_char; semisimple,defect_a_even_char
EV-059,64,2,6,31,50,52,even,0,31,1,52,7,1|5|5|5|5|5|5,1|1|1|1|1|1|1,True,True,True,True,True,0.015227,,even_char; semisimple,defect_a_even_char
EV-059,64,2,6,31,51,43,even,0,31,1,43,7,1|5|5|5|5|5|5,1|1|1|1|1|1|1,True,True,True,True,True,0.018371,,even_char; semisimple,defect_a_even_char
EV-059,64,2,6,31,52,21,even,0,31,1,21,7,1|5|5|5|5|5|5,1|1|1|1|1|1|1,True,True,True,True,True,0.039823,,even_char; semisimple,defect_a_even_char
EV-059,64,2,6,31,53,42,even,0,31,1,42,7,1|5|5|5|5|5|5,1|1|1|1|1|1|1,True,True,True,True,True,0.013144,,even_char; semisimple,defect_a_even_char
EV-059,64,2,6,31,54,23,even,0,31,1,23,7,1|5|5|5|5|5|5,1|1|1|1|1|1|1,True,True,True,True,True,0.022433,,even_char; semisimple,defect_a_even_char
EV-059,64,2,6,31,55,46,even,0,31,1,46,7,1|5|5|5|5|5|5,1|1|1|1|1|1|1,True,True,True,True,True,0.020466,,even_char; semisimple,defect_a_even_char
EV-059,64,2,6,31,56,31,even,0,31,1,31,7,1|5|5|5|5|5|5,1|1|1|1|1|1|1,True,True,True,True,True,0.025711,,even_char; semisimple,defect_a_even_char
EV-059,64,2,6,31,57,62,even,0,31,1,62,7,1|5|5|5|5|5|5,1|1|1|1|1|1|1,True,True,True,True,True,0.017793,,even_char; semisimple,defect_a_even_char
EV-059,64,2,6,31,58,63,even,0,31,1,63,7,1|5|5|5|5|5|5,1|1|1|1|1|1|1,True,True,True,True,True,0.018027,,even_char; semisimple,defect_a_even_char
EV-059,64,2,6,31,59,61,even,0,31,1,61,7,1|5|5|5|5|5|5,1|1|1|1|1|1|1,True,True,True,True,True,0.015162,,even_char; semisimple,defect_a_even_char
EV-059,64,2,6,31,60,57,even,0,31,1,57,7,1|5|5|5|5|5|5,1|1|1|1|1|1|1,True,True,True,True,True,0.019768,,even_char; semisimple,defect_a_even_char
EV-059,64,2,6,31,61,49,even,0,31,1,49,7,1|5|5|5|5|5|5,1|1|1|1|1|1|1,True,True,True,True,True,0.016466,,even_char; semisimple,defect_a_even_char
EV-059,64,2,6,31,62,33,even,0,31,1,33,7,1|5|5|5|5|5|5,1|1|1|1|1|1|1,True,True,True,True,True,0.011067,,even_char; semisimple,defect_a_even_char
EV-060,64,2,6,35,0,1,even,0,35,1,1,21,1|1|1|1|1|1|1|2|2|2|2|2|2|2|2|2|2|2|2|2|2,1|1|1|1|1|1|1|1|1|1|1|1|1|1|1|1|1|1|1|1|1,True,True,True,True,True,0.027177,,even_char; semisimple,defect_a_even_char
EV-060,64,2,6,35,1,2,even,0,35,1,2,3,7|14|14,1|1|1,True,True,True,True,True,0.010969,,even_char; semisimple,defect_a_even_char
EV-060,64,2,6,35,2,4,even,0,35,1,4,3,7|14|14,1|1|1,True,True,True,True,True,0.008267,,even_char; semisimple,defect_a_even_char
EV-060,64,2,6,35,3,8,even,0,35,1,8,3,7|14|14,1|1|1,True,True,True,True,True,0.008508,,even_char; semisimple,defect_a_even_char
EV-060,64,2,6,35,4,16,even,0,35,1,16,3,7|14|14,1|1|1,True,True,True,True,True,0.005959,,even_char; semisimple,defect_a_even_char
EV-060,64,2,6,35,5,32,even,0,35,1,32,3,7|14|14,1|1|1,True,True,True,True,True,0.008964,,even_char; semisimple,defect_a_even_char
EV-060,64,2,6,35,6,3,even,0,35,1,3,3,7|14|14,1|1|1,True,True,True,True,True,0.009127,,even_char; semisimple,defect_a_even_char
EV-060,64,2,6,35,7,6,even,0,35,1,6,21,1|1|1|1|1|1|1|2|2|2|2|2|2|2|2|2|2|2|2|2|2,1|1|1|1|1|1|1|1|1|1|1|1|1|1|1|1|1|1|1|1|1,True,True,True,True,True,0.019226,,even_char; semisimple,defect_a_even_char
EV-060,64,2,6,35,8,12,even,0,35,1,12,3,7|14|14,1|1|1,True,True,True,True,True,0.006345,,even_char; semisimple,defect_a_even_char
EV-060,64,2,6,35,9,24,even,0,35,1,24,3,7|14|14,1|1|1,True,True,True,True,True,0.008639,,even_char; semisimple,defect_a_even_char
EV-060,64,2,6,35,10,48,even,0,35,1,48,3,7|14|14,1|1|1,True,True,True,True,True,0.007243,,even_char; semisimple,defect_a_even_char
EV-060,64,2,6,35,11,35,even,0,35,1,35,3,7|14|14,1|1|1,True,True,True,True,True,0.00811,,even_char; semisimple,defect_a_even_char
EV-060,64,2,6,35,12,5,even,0,35,1,5,3,7|14|14,1|1|1,True,True,True,True,True,0.010444,,even_char; semisimple,defect_a_even_char
EV-060,64,2,6,35,13,10,even,0,35,1,10,3,7|14|14,1|1|1,True,True,True,True,True,0.015407,,even_char; semisimple,defect_a_even_char
EV-060,64,2,6,35,14,20,even,0,35,1,20,21,1|1|1|1|1|1|1|2|2|2|2|2|2|2|2|2|2|2|2|2|2,1|1|1|1|1|1|1|1|1|1|1|1|1|1|1|1|1|1|1|1|1,True,True,True,True,True,0.023993,,even_char; semisimple,defect_a_even_char
EV-060,64,2,6,35,15,40,even,0,35,1,40,3,7|14|14,1|1|1,True,True,True,True,True,0.006914,,even_char; semisimple,defect_a_even_char
EV-060,64,2,6,35,16,19,even,0,35,1,19,3,7|14|14,1|1|1,True,True,True,True,True,0.008961,,even_char; semisimple,defect_a_even_char
EV-060,64,2,6,35,17,38,even,0,35,1,38,3,7|14|14,1|1|1,True,True,True,True,True,0.005864,,even_char; semisimple,defect_a_even_char
EV-060,64,2,6,35,18,15,even,0,35,1,15,3,7|14|14,1|1|1,True,True,True,True,True,0.005799,,even_char; semisimple,defect_a_even_char
EV-060,64,2,6,35,19,30,even,0,35,1,30,3,7|14|14,1|1|1,True,True,True,True,True,0.005887,,even_char; semisimple,defect_a_even_char
EV-060,64,2,6,35,20,60,even,0,35,1,60,3,7|14|14,1|1|1,True,True,True,True,True,0.005865,,even_char; semisimple,defect_a_even_char
EV-060,64,2,6,35,21,59,even,0,35,1,59,21,1|1|1|1|1|1|1|2|2|2|2|2|2|2|2|2|2|2|2|2|2,1|1|1|1|1|1|1|1|1|1|1|1|1|1|1|1|1|1|1|1|1,True,True,True,True,True,0.016949,,even_char; semisimple,defect_a_even_char
EV-060,64,2,6,35,22,53,even,0,35,1,53,3,7|14|14,1|1|1,True,True,True,True,True,0.009729,,even_char; semisimple,defect_a_even_char
EV-060,64,2,6,35,23,41,even,0,35,1,41,3,7|14|14,1|1|1,True,True,True,True,True,0.00822,,even_char; semisimple,defect_a_even_char
EV-060,64,2,6,35,24,17,even,0,35,1,17,3,7|14|14,1|1|1,True,True,True,True,True,0.008067,,even_char; semisimple,defect_a_even_char
EV-060,64,2,6,35,25,34,even,0,35,1,34,3,7|14|14,1|1|1,True,True,True,True,True,0.016134,,even_char; semisimple,defect_a_even_char
EV-060,64,2,6,35,26,7,even,0,35,1,7,3,7|14|14,1|1|1,True,True,True,True,True,0.009433,,even_char; semisimple,defect_a_even_char
EV-060,64,2,6,35,27,14,even,0,35,1,14,3,7|14|14,1|1|1,True,True,True,True,True,0.006737,,even_char; semisimple,defect_a_even_char
EV-060,64,2,6,35,28,28,even,0,35,1,28,21,1|1|1|1|1|1|1|2|2|2|2|2|2|2|2|2|2|2|2|2|2,1|1|1|1|1|1|1|1|1|1|1|1|1|1|1|1|1|1|1|1|1,True,True,True,True,True,0.035768,,even_char; semisimple,defect_a_even_char
EV-060,64,2,6,35,29,56,even,0,35,1,56,3,7|14|14,1|1|1,True,True,True,True,True,0.019547,,even_char; semisimple,defect_a_even_char
EV-060,64,2,6,35,30,51,even,0,35,1,51,3,7|14|14,1|1|1,True,True,True,True,True,0.008115,,even_char; semisimple,defect_a_even_char
EV-060,64,2,6,35,31,37,even,0,35,1,37,3,7|14|14,1|1|1,True,True,True,True,True,0.012763,,even_char; semisimple,defect_a_even_char
EV-060,64,2,6,35,32,9,even,0,35,1,9,3,7|14|14,1|1|1,True,True,True,True,True,0.008611,,even_char; semisimple,defect_a_even_char
EV-060,64,2,6,35,33,18,even,0,35,1,18,3,7|14|14,1|1|1,True,True,True,True,True,0.008372,,even_char; semisimple,defect_a_even_char
EV-060,64,2,6,35,34,36,even,0,35,1,36,3,7|14|14,1|1|1,True,True,True,True,True,0.01262,,even_char; semisimple,defect_a_even_char
EV-060,64,2,6,35,35,11,even,0,35,1,11,21,1|1|1|1|1|1|1|2|2|2|2|2|2|2|2|2|2|2|2|2|2,1|1|1|1|1|1|1|1|1|1|1|1|1|1|1|1|1|1|1|1|1,True,True,True,True,True,0.023744,,even_char; semisimple,defect_a_even_char
EV-060,64,2,6,35,36,22,even,0,35,1,22,3,7|14|14,1|1|1,True,True,True,True,True,0.005856,,even_char; semisimple,defect_a_even_char
EV-060,64,2,6,35,37,44,even,0,35,1,44,3,7|14|14,1|1|1,True,True,True,True,True,0.005661,,even_char; semisimple,defect_a_even_char
EV-060,64,2,6,35,38,27,even,0,35,1,27,3,7|14|14,1|1|1,True,True,True,True,True,0.006042,,even_char; semisimple,defect_a_even_char
EV-060,64,2,6,35,39,54,even,0,35,1,54,3,7|14|14,1|1|1,True,True,True,True,True,0.013292,,even_char; semisimple,defect_a_even_char
EV-060,64,2,6,35,40,47,even,0,35,1,47,3,7|14|14,1|1|1,True,True,True,True,True,0.007291,,even_char; semisimple,defect_a_even_char
EV-060,64,2,6,35,41,29,even,0,35,1,29,3,7|14|14,1|1|1,True,True,True,True,True,0.007299,,even_char; semisimple,defect_a_even_char
EV-060,64,2,6,35,42,58,even,0,35,1,58,21,1|1|1|1|1|1|1|2|2|2|2|2|2|2|2|2|2|2|2|2|2,1|1|1|1|1|1|1|1|1|1|1|1|1|1|1|1|1|1|1|1|1,True,True,True,True,True,0.020402,,even_char; semisimple,defect_a_even_char
EV-060,64,2,6,35,43,55,even,0,35,1,55,3,7|14|14,1|1|1,True,True,True,True,True,0.006339,,even_char; semisimple,defect_a_even_char
EV-060,64,2,6,35,44,45,even,0,35,1,45,3,7|14|14,1|1|1,True,True,True,True,True,0.007562,,even_char; semisimple,defect_a_even_char
EV-060,64,2,6,35,45,25,even,0,35,1,25,3,7|14|14,1|1|1,True,True,True,True,True,0.009463,,even_char; semisimple,defect_a_even_char
EV-060,64,2,6,35,46,50,even,0,35,1,50,3,7|14|14,1|1|1,True,True,True,True,True,0.010269,,even_char; semisimple,defect_a_even_char
EV-060,64,2,6,35,47,39,even,0,35,1,39,3,7|14|14,1|1|1,True,True,True,True,True,0.007732,,even_char; semisimple,defect_a_even_char
EV-060,64,2,6,35,48,13,even,0,35,1,13,3,7|14|14,1|1|1,True,True,True,True,True,0.010305,,even_char; semisimple,defect_a_even_char
EV-060,64,2,6,35,49,26,even,0,35,1,26,21,1|1|1|1|1|1|1|2|2|2|2|2|2|2|2|2|2|2|2|2|2,1|1|1|1|1|1|1|1|1|1|1|1|1|1|1|1|1|1|1|1|1,True,True,True,True,True,0.020472,,even_char; semisimple,defect_a_even_char
EV-060,64,2,6,35,50,52,even,0,35,1,52,3,7|14|14,1|1|1,True,True,True,True,True,0.00707,,even_char; semisimple,defect_a_even_char
EV-060,64,2,6,35,51,43,even,0,35,1,43,3,7|14|14,1|1|1,True,True,True,True,True,0.006605,,even_char; semisimple,defect_a_even_char
EV-060,64,2,6,35,52,21,even,0,35,1,21,3,7|14|14,1|1|1,True,True,True,True,True,0.007457,,even_char; semisimple,defect_a_even_char
EV-060,64,2,6,35,53,42,even,0,35,1,42,3,7|14|14,1|1|1,True,True,True,True,True,0.007872,,even_char; semisimple,defect_a_even_char
EV-060,64,2,6,35,54,23,even,0,35,1,23,3,7|14|14,1|1|1,True,True,True,True,True,0.006675,,even_char; semisimple,defect_a_even_char
EV-060,64,2,6,35,55,46,even,0,35,1,46,3,7|14|14,1|1|1,True,True,True,True,True,0.012718,,even_char; semisimple,defect_a_even_char
EV-060,64,2,6,35,56,31,even,0,35,1,31,21,1|1|1|1|1|1|1|2|2|2|2|2|2|2|2|2|2|2|2|2|2,1|1|1|1|1|1|1|1|1|1|1|1|1|1|1|1|1|1|1|1|1,True,True,True,True,True,0.027902,,even_char; semisimple,defect_a_even_char
EV-060,64,2,6,35,57,62,even,0,35,1,62,3,7|14|14,1|1|1,True,True,True,True,True,0.009346,,even_char; semisimple,defect_a_even_char
EV-060,64,2,6,35,58,63,even,0,35,1,63,3,7|14|14,1|1|1,True,True,True,True,True,0.010966,,even_char; semisimple,defect_a_even_char
EV-060,64,2,6,35,59,61,even,0,35,1,61,3,7|14|14,1|1|1,True,True,True,True,True,0.009107,,even_char; semisimple,defect_a_even_char
EV-060,64,2,6,35,60,57,even,0,35,1,57,3,7|14|14,1|1|1,True,True,True,True,True,0.014785,,even_char; semisimple,defect_a_even_char
EV-060,64,2,6,35,61,49,even,0,35,1,49,3,7|14|14,1|1|1,True,True,True,True,True,0.010355,,even_char; semisimple,defect_a_even_char
EV-060,64,2,6,35,62,33,even,0,35,1,33,3,7|14|14,1|1|1,True,True,True,True,True,0.00797,,even_char; semisimple,defect_a_even_char
EV-061,256,2,8,3,0,1,even,0,3,1,1,3,1|1|1,1|1|1,True,True,True,True,True,0.000419,,even_char; semisimple,defect_a_even_char
EV-061,256,2,8,3,1,3,even,0,3,1,3,1,3,1,True,True,True,True,True,0.000199,,even_char; semisimple,defect_a_even_char
EV-061,256,2,8,3,2,5,even,0,3,1,5,1,3,1,True,True,True,True,True,0.000222,,even_char; semisimple,defect_a_even_char
EV-061,256,2,8,3,3,15,even,0,3,1,15,3,1|1|1,1|1|1,True,True,True,True,True,0.000351,,even_char; semisimple,defect_a_even_char
EV-061,256,2,8,3,4,17,even,0,3,1,17,1,3,1,True,True,True,True,True,0.000213,,even_char; semisimple,defect_a_even_char
EV-061,256,2,8,3,5,51,even,0,3,1,51,1,3,1,True,True,True,True,True,0.000265,,even_char; semisimple,defect_a_even_char
EV-061,256,2,8,3,6,85,even,0,3,1,85,3,1|1|1,1|1|1,True,True,True,True,True,0.000404,,even_char; semisimple,defect_a_even_char
EV-061,256,2,8,3,7,255,even,0,3,1,255,1,3,1,True,True,True,True,True,0.000295,,even_char; semisimple,defect_a_even_char
EV-061,256,2,8,3,8,26,even,0,3,1,26,1,3,1,True,True,True,True,True,0.000246,,even_char; semisimple,defect_a_even_char
EV-061,256,2,8,3,9,46,even,0,3,1,46,3,1|1|1,1|1|1,True,True,True,True,True,0.000626,,even_char; semisimple,defect_a_even_char
EV-061,256,2,8,3,10,114,even,0,3,1,114,1,3,1,True,True,True,True,True,0.000245,,even_char; semisimple,defect_a_even_char
EV-061,256,2,8,3,11,150,even,0,3,1,150,1,3,1,True,True,True,True,True,0.000171,,even_char; semisimple,defect_a_even_char
EV-061,256,2,8,3,12,161,even,0,3,1,161,3,1|1|1,1|1|1,True,True,True,True,True,0.000348,,even_char; semisimple,defect_a_even_char
EV-061,256,2,8,3,13,248,even,0,3,1,248,1,3,1,True,True,True,True,True,0.000164,,even_char; semisimple,defect_a_even_char
EV-061,256,2,8,3,14,19,even,0,3,1,19,1,3,1,True,True,True,True,True,0.000161,,even_char; semisimple,defect_a_even_char
EV-061,256,2,8,3,15,53,even,0,3,1,53,3,1|1|1,1|1|1,True,True,True,True,True,0.000294,,even_char; semisimple,defect_a_even_char
EV-061,256,2,8,3,16,95,even,0,3,1,95,1,3,1,True,True,True,True,True,0.000162,,even_char; semisimple,defect_a_even_char
EV-061,256,2,8,3,17,225,even,0,3,1,225,1,3,1,True,True,True,True,True,0.000214,,even_char; semisimple,defect_a_even_char
EV-061,256,2,8,3,18,56,even,0,3,1,56,3,1|1|1,1|1|1,True,True,True,True,True,0.000722,,even_char; semisimple,defect_a_even_char
EV-061,256,2,8,3,19,72,even,0,3,1,72,1,3,1,True,True,True,True,True,0.000175,,even_char; semisimple,defect_a_even_char
EV-061,256,2,8,3,20,216,even,0,3,1,216,1,3,1,True,True,True,True,True,0.000217,,even_char; semisimple,defect_a_even_char
EV-061,256,2,8,3,21,115,even,0,3,1,115,3,1|1|1,1|1|1,True,True,True,True,True,0.000341,,even_char; semisimple,defect_a_even_char
EV-061,256,2,8,3,22,149,even,0,3,1,149,1,3,1,True,True,True,True,True,0.00016,,even_char; semisimple,defect_a_even_char
EV-061,256,2,8,3,23,164,even,0,3,1,164,1,3,1,True,True,True,True,True,0.000155,,even_char; semisimple,defect_a_even_char
EV-061,256,2,8,3,24,247,even,0,3,1,247,3,1|1|1,1|1|1,True,True,True,True,True,0.000259,,even_char; semisimple,defect_a_even_char
EV-061,256,2,8,3,25,2,even,0,3,1,2,1,3,1,True,True,True,True,True,0.000206,,even_char; semisimple,defect_a_even_char
EV-061,256,2,8,3,26,6,even,0,3,1,6,1,3,1,True,True,True,True,True,0.000196,,even_char; semisimple,defect_a_even_char
EV-061,256,2,8,3,27,10,even,0,3,1,10,3,1|1|1,1|1|1,True,True,True,True,True,0.000259,,even_char; semisimple,defect_a_even_char
EV-061,256,2,8,3,28,30,even,0,3,1,30,1,3,1,True,True,True,True,True,0.000166,,even_char; semisimple,defect_a_even_char
EV-061,256,2,8,3,29,34,even,0,3,1,34,1,3,1,True,True,True,True,True,0.000158,,even_char; semisimple,defect_a_even_char
EV-061,256,2,8,3,30,102,even,0,3,1,102,3,1|1|1,1|1|1,True,True,True,True,True,0.000388,,even_char; semisimple,defect_a_even_char
EV-061,256,2,8,3,31,170,even,0,3,1,170,1,3,1,True,True,True,True,True,0.00016,,even_char; semisimple,defect_a_even_char
EV-061,256,2,8,3,32,229,even,0,3,1,229,1,3,1,True,True,True,True,True,0.000169,,even_char; semisimple,defect_a_even_char
EV-061,256,2,8,3,33,52,even,0,3,1,52,3,1|1|1,1|1|1,True,True,True,True,True,0.000499,,even_char; semisimple,defect_a_even_char
EV-061,256,2,8,3,34,92,even,0,3,1,92,1,3,1,True,True,True,True,True,0.000298,,even_char; semisimple,defect_a_even_char
EV-061,256,2,8,3,35,228,even,0,3,1,228,1,3,1,True,True,True,True,True,0.00026,,even_char; semisimple,defect_a_even_char
EV-061,256,2,8,3,36,55,even,0,3,1,55,3,1|1|1,1|1|1,True,True,True,True,True,0.000623,,even_char; semisimple,defect_a_even_char
EV-061,256,2,8,3,37,89,even,0,3,1,89,1,3,1,True,True,True,True,True,0.000264,,even_char; semisimple,defect_a_even_char
EV-061,256,2,8,3,38,235,even,0,3,1,235,1,3,1,True,True,True,True,True,0.000273,,even_char; semisimple,defect_a_even_char
EV-061,256,2,8,3,39,38,even,0,3,1,38,3,1|1|1,1|1|1,True,True,True,True,True,0.000439,,even_char; semisimple,defect_a_even_char
EV-061,256,2,8,3,40,106,even,0,3,1,106,1,3,1,True,True,True,True,True,0.000264,,even_char; semisimple,defect_a_even_char
EV-061,256,2,8,3,41,190,even,0,3,1,190,1,3,1,True,True,True,True,True,0.000266,,even_char; semisimple,defect_a_even_char
EV-061,256,2,8,3,42,217,even,0,3,1,217,3,1|1|1,1|1|1,True,True,True,True,True,0.000577,,even_char; semisimple,defect_a_even_char
EV-061,256,2,8,3,43,112,even,0,3,1,112,1,3,1,True,True,True,True,True,0.000264,,even_char; semisimple,defect_a_even_char
EV-061,256,2,8,3,44,144,even,0,3,1,144,1,3,1,True,True,True,True,True,0.000181,,even_char; semisimple,defect_a_even_char
EV-061,256,2,8,3,45,171,even,0,3,1,171,3,1|1|1,1|1|1,True,True,True,True,True,0.000283,,even_char; semisimple,defect_a_even_char
EV-061,256,2,8,3,46,230,even,0,3,1,230,1,3,1,True,True,True,True,True,0.000196,,even_char; semisimple,defect_a_even_char
EV-061,256,2,8,3,47,49,even,0,3,1,49,1,3,1,True,True,True,True,True,0.000161,,even_char; semisimple,defect_a_even_char
EV-061,256,2,8,3,48,83,even,0,3,1,83,3,1|1|1,1|1|1,True,True,True,True,True,0.000276,,even_char; semisimple,defect_a_even_char
EV-061,256,2,8,3,49,245,even,0,3,1,245,1,3,1,True,True,True,True,True,0.00021,,even_char; semisimple,defect_a_even_char
EV-061,256,2,8,3,50,4,even,0,3,1,4,1,3,1,True,True,True,True,True,0.000233,,even_char; semisimple,defect_a_even_char
EV-061,256,2,8,3,51,12,even,0,3,1,12,3,1|1|1,1|1|1,True,True,True,True,True,0.000447,,even_char; semisimple,defect_a_even_char
EV-061,256,2,8,3,52,20,even,0,3,1,20,1,3,1,True,True,True,True,True,0.000188,,even_char; semisimple,defect_a_even_char
EV-061,256,2,8,3,53,60,even,0,3,1,60,1,3,1,True,True,True,True,True,0.000157,,even_char; semisimple,defect_a_even_char
EV-061,256,2,8,3,54,68,even,0,3,1,68,3,1|1|1,1|1|1,True,True,True,True,True,0.00032,,even_char; semisimple,defect_a_even_char
EV-061,256,2,8,3,55,204,even,0,3,1,204,1,3,1,True,True,True,True,True,0.000201,,even_char; semisimple,defect_a_even_char
EV-061,256,2,8,3,56,79,even,0,3,1,79,1,3,1,True,True,True,True,True,0.00018,,even_char; semisimple,defect_a_even_char
EV-061,256,2,8,3,57,209,even,0,3,1,209,3,1|1|1,1|1|1,True,True,True,True,True,0.000501,,even_char; semisimple,defect_a_even_char
EV-061,256,2,8,3,58,104,even,0,3,1,104,1,3,1,True,True,True,True,True,0.000238,,even_char; semisimple,defect_a_even_char
EV-061,256,2,8,3,59,184,even,0,3,1,184,1,3,1,True,True,True,True,True,0.000185,,even_char; semisimple,defect_a_even_char
EV-061,256,2,8,3,60,211,even,0,3,1,211,3,1|1|1,1|1|1,True,True,True,True,True,0.000373,,even_char; semisimple,defect_a_even_char
EV-061,256,2,8,3,61,110,even,0,3,1,110,1,3,1,True,True,True,True,True,0.000197,,even_char; semisimple,defect_a_even_char
EV-061,256,2,8,3,62,178,even,0,3,1,178,1,3,1,True,True,True,True,True,0.000199,,even_char; semisimple,defect_a_even_char
EV-061,256,2,8,3,63,205,even,0,3,1,205,3,1|1|1,1|1|1,True,True,True,True,True,0.000272,,even_char; semisimple,defect_a_even_char
EV-061,256,2,8,3,64,76,even,0,3,1,76,1,3,1,True,True,True,True,True,0.000227,,even_char; semisimple,defect_a_even_char
EV-061,256,2,8,3,65,212,even,0,3,1,212,1,3,1,True,True,True,True,True,0.000237,,even_char; semisimple,defect_a_even_char
EV-061,256,2,8,3,66,103,even,0,3,1,103,3,1|1|1,1|1|1,True,True,True,True,True,0.000505,,even_char; semisimple,defect_a_even_char
EV-061,256,2,8,3,67,169,even,0,3,1,169,1,3,1,True,True,True,True,True,0.000202,,even_char; semisimple,defect_a_even_char
EV-061,256,2,8,3,68,224,even,0,3,1,224,1,3,1,True,True,True,True,True,0.00019,,even_char; semisimple,defect_a_even_char
EV-061,256,2,8,3,69,59,even,0,3,1,59,3,1|1|1,1|1|1,True,True,True,True,True,0.000293,,even_char; semisimple,defect_a_even_char
EV-061,256,2,8,3,70,77,even,0,3,1,77,1,3,1,True,True,True,True,True,0.000162,,even_char; semisimple,defect_a_even_char
EV-061,256,2,8,3,71,215,even,0,3,1,215,1,3,1,True,True,True,True,True,0.000207,,even_char; semisimple,defect_a_even_char
EV-061,256,2,8,3,72,98,even,0,3,1,98,3,1|1|1,1|1|1,True,True,True,True,True,0.000635,,even_char; semisimple,defect_a_even_char
EV-061,256,2,8,3,73,166,even,0,3,1,166,1,3,1,True,True,True,True,True,0.000259,,even_char; semisimple,defect_a_even_char
EV-061,256,2,8,3,74,241,even,0,3,1,241,1,3,1,True,True,True,True,True,0.000269,,even_char; semisimple,defect_a_even_char
EV-061,256,2,8,3,75,8,even,0,3,1,8,3,1|1|1,1|1|1,True,True,True,True,True,0.000892,,even_char; semisimple,defect_a_even_char
EV-061,256,2,8,3,76,24,even,0,3,1,24,1,3,1,True,True,True,True,True,0.000236,,even_char; semisimple,defect_a_even_char
EV-061,256,2,8,3,77,40,even,0,3,1,40,1,3,1,True,True,True,True,True,0.000271,,even_char; semisimple,defect_a_even_char
EV-061,256,2,8,3,78,120,even,0,3,1,120,3,1|1|1,1|1|1,True,True,True,True,True,0.000463,,even_char; semisimple,defect_a_even_char
EV-061,256,2,8,3,79,136,even,0,3,1,136,1,3,1,True,True,True,True,True,0.000391,,even_char; semisimple,defect_a_even_char
EV-061,256,2,8,3,80,131,even,0,3,1,131,1,3,1,True,True,True,True,True,0.000342,,even_char; semisimple,defect_a_even_char
EV-061,256,2,8,3,81,158,even,0,3,1,158,3,1|1|1,1|1|1,True,True,True,True,True,0.00035,,even_char; semisimple,defect_a_even_char
EV-061,256,2,8,3,82,185,even,0,3,1,185,1,3,1,True,True,True,True,True,0.000197,,even_char; semisimple,defect_a_even_char
EV-061,256,2,8,3,83,208,even,0,3,1,208,1,3,1,True,True,True,True,True,0.000172,,even_char; semisimple,defect_a_even_char
EV-061,256,2,8,3,84,107,even,0,3,1,107,3,1|1|1,1|1|1,True,True,True,True,True,0.000347,,even_char; semisimple,defect_a_even_char
EV-061,256,2,8,3,85,189,even,0,3,1,189,1,3,1,True,True,True,True,True,0.000164,,even_char; semisimple,defect_a_even_char
EV-061,256,2,8,3,86,220,even,0,3,1,220,1,3,1,True,True,True,True,True,0.000162,,even_char; semisimple,defect_a_even_char
EV-061,256,2,8,3,87,127,even,0,3,1,127,3,1|1|1,1|1|1,True,True,True,True,True,0.000388,,even_char; semisimple,defect_a_even_char
EV-061,256,2,8,3,88,129,even,0,3,1,129,1,3,1,True,True,True,True,True,0.000176,,even_char; semisimple,defect_a_even_char
EV-061,256,2,8,3,89,152,even,0,3,1,152,1,3,1,True,True,True,True,True,0.000164,,even_char; semisimple,defect_a_even_char
EV-061,256,2,8,3,90,179,even,0,3,1,179,3,1|1|1,1|1|1,True,True,True,True,True,0.000315,,even_char; semisimple,defect_a_even_char
EV-061,256,2,8,3,91,206,even,0,3,1,206,1,3,1,True,True,True,True,True,0.000198,,even_char; semisimple,defect_a_even_char
EV-061,256,2,8,3,92,73,even,0,3,1,73,1,3,1,True,True,True,True,True,0.000174,,even_char; semisimple,defect_a_even_char
EV-061,256,2,8,3,93,219,even,0,3,1,219,3,1|1|1,1|1|1,True,True,True,True,True,0.000508,,even_char; semisimple,defect_a_even_char
EV-061,256,2,8,3,94,118,even,0,3,1,118,1,3,1,True,True,True,True,True,0.0002,,even_char; semisimple,defect_a_even_char
EV-061,256,2,8,3,95,154,even,0,3,1,154,1,3,1,True,True,True,True,True,0.000172,,even_char; semisimple,defect_a_even_char
EV-061,256,2,8,3,96,181,even,0,3,1,181,3,1|1|1,1|1|1,True,True,True,True,True,0.000275,,even_char; semisimple,defect_a_even_char
EV-061,256,2,8,3,97,196,even,0,3,1,196,1,3,1,True,True,True,True,True,0.000163,,even_char; semisimple,defect_a_even_char
EV-061,256,2,8,3,98,87,even,0,3,1,87,1,3,1,True,True,True,True,True,0.000159,,even_char; semisimple,defect_a_even_char
EV-061,256,2,8,3,99,249,even,0,3,1,249,3,1|1|1,1|1|1,True,True,True,True,True,0.000286,,even_char; semisimple,defect_a_even_char
EV-061,256,2,8,3,100,16,even,0,3,1,16,1,3,1,True,True,True,True,True,0.000166,,even_char; semisimple,defect_a_even_char
EV-061,256,2,8,3,101,48,even,0,3,1,48,1,3,1,True,True,True,True,True,0.000161,,even_char; semisimple,defect_a_even_char
EV-061,256,2,8,3,102,80,even,0,3,1,80,3,1|1|1,1|1|1,True,True,True,True,True,0.000266,,even_char; semisimple,defect_a_even_char
EV-061,256,2,8,3,103,240,even,0,3,1,240,1,3,1,True,True,True,True,True,0.000162,,even_char; semisimple,defect_a_even_char
EV-061,256,2,8,3,104,11,even,0,3,1,11,1,3,1,True,True,True,True,True,0.000193,,even_char; semisimple,defect_a_even_char
EV-061,256,2,8,3,105,29,even,0,3,1,29,3,1|1|1,1|1|1,True,True,True,True,True,0.000423,,even_char; semisimple,defect_a_even_char
EV-061,256,2,8,3,106,39,even,0,3,1,39,1,3,1,True,True,True,True,True,0.000165,,even_char; semisimple,defect_a_even_char
EV-061,256,2,8,3,107,105,even,0,3,1,105,1,3,1,True,True,True,True,True,0.000301,,even_char; semisimple,defect_a_even_char
EV-061,256,2,8,3,108,187,even,0,3,1,187,3,1|1|1,1|1|1,True,True,True,True,True,0.00057,,even_char; semisimple,defect_a_even_char
EV-061,256,2,8,3,109,214,even,0,3,1,214,1,3,1,True,True,True,True,True,0.000251,,even_char; semisimple,defect_a_even_char
EV-061,256,2,8,3,110,97,even,0,3,1,97,1,3,1,True,True,True,True,True,0.000277,,even_char; semisimple,defect_a_even_char
EV-061,256,2,8,3,111,163,even,0,3,1,163,3,1|1|1,1|1|1,True,True,True,True,True,0.000412,,even_char; semisimple,defect_a_even_char
EV-061,256,2,8,3,112,254,even,0,3,1,254,1,3,1,True,True,True,True,True,0.000258,,even_char; semisimple,defect_a_even_char
EV-061,256,2,8,3,113,25,even,0,3,1,25,1,3,1,True,True,True,True,True,0.000285,,even_char; semisimple,defect_a_even_char
EV-061,256,2,8,3,114,43,even,0,3,1,43,3,1|1|1,1|1|1,True,True,True,True,True,0.00078,,even_char; semisimple,defect_a_even_char
EV-061,256,2,8,3,115,125,even,0,3,1,125,1,3,1,True,True,True,True,True,0.000295,,even_char; semisimple,defect_a_even_char
EV-061,256,2,8,3,116,135,even,0,3,1,135,1,3,1,True,True,True,True,True,0.000264,,even_char; semisimple,defect_a_even_char
EV-061,256,2,8,3,117,146,even,0,3,1,146,3,1|1|1,1|1|1,True,True,True,True,True,0.000496,,even_char; semisimple,defect_a_even_char
EV-061,256,2,8,3,118,173,even,0,3,1,173,1,3,1,True,True,True,True,True,0.000207,,even_char; semisimple,defect_a_even_char
EV-061,256,2,8,3,119,236,even,0,3,1,236,1,3,1,True,True,True,True,True,0.000202,,even_char; semisimple,defect_a_even_char
EV-061,256,2,8,3,120,47,even,0,3,1,47,3,1|1|1,1|1|1,True,True,True,True,True,0.000351,,even_char; semisimple,defect_a_even_char
EV-061,256,2,8,3,121,113,even,0,3,1,113,1,3,1,True,True,True,True,True,0.000166,,even_char; semisimple,defect_a_even_char
EV-061,256,2,8,3,122,147,even,0,3,1,147,1,3,1,True,True,True,True,True,0.00023,,even_char; semisimple,defect_a_even_char
EV-061,256,2,8,3,123,174,even,0,3,1,174,3,1|1|1,1|1|1,True,True,True,True,True,0.000573,,even_char; semisimple,defect_a_even_char
EV-061,256,2,8,3,124,233,even,0,3,1,233,1,3,1,True,True,True,True,True,0.00021,,even_char; semisimple,defect_a_even_char
EV-061,256,2,8,3,125,32,even,0,3,1,32,1,3,1,True,True,True,True,True,0.000264,,even_char; semisimple,defect_a_even_char
EV-061,256,2,8,3,126,96,even,0,3,1,96,3,1|1|1,1|1|1,True,True,True,True,True,0.000695,,even_char; semisimple,defect_a_even_char
EV-061,256,2,8,3,127,160,even,0,3,1,160,1,3,1,True,True,True,True,True,0.000244,,even_char; semisimple,defect_a_even_char
EV-061,256,2,8,3,128,251,even,0,3,1,251,1,3,1,True,True,True,True,True,0.00019,,even_char; semisimple,defect_a_even_char
EV-061,256,2,8,3,129,22,even,0,3,1,22,3,1|1|1,1|1|1,True,True,True,True,True,0.000353,,even_char; semisimple,defect_a_even_char
EV-061,256,2,8,3,130,58,even,0,3,1,58,1,3,1,True,True,True,True,True,0.000222,,even_char; semisimple,defect_a_even_char
EV-061,256,2,8,3,131,78,even,0,3,1,78,1,3,1,True,True,True,True,True,0.000189,,even_char; semisimple,defect_a_even_char
EV-061,256,2,8,3,132,210,even,0,3,1,210,3,1|1|1,1|1|1,True,True,True,True,True,0.000434,,even_char; semisimple,defect_a_even_char
EV-061,256,2,8,3,133,109,even,0,3,1,109,1,3,1,True,True,True,True,True,0.000217,,even_char; semisimple,defect_a_even_char
EV-061,256,2,8,3,134,183,even,0,3,1,183,1,3,1,True,True,True,True,True,0.000234,,even_char; semisimple,defect_a_even_char
EV-061,256,2,8,3,135,194,even,0,3,1,194,3,1|1|1,1|1|1,True,True,True,True,True,0.000501,,even_char; semisimple,defect_a_even_char
EV-061,256,2,8,3,136,93,even,0,3,1,93,1,3,1,True,True,True,True,True,0.000181,,even_char; semisimple,defect_a_even_char
EV-061,256,2,8,3,137,231,even,0,3,1,231,1,3,1,True,True,True,True,True,0.00022,,even_char; semisimple,defect_a_even_char
EV-061,256,2,8,3,138,50,even,0,3,1,50,3,1|1|1,1|1|1,True,True,True,True,True,0.000511,,even_char; semisimple,defect_a_even_char
EV-061,256,2,8,3,139,86,even,0,3,1,86,1,3,1,True,True,True,True,True,0.000239,,even_char; semisimple,defect_a_even_char
EV-061,256,2,8,3,140,250,even,0,3,1,250,1,3,1,True,True,True,True,True,0.000232,,even_char; semisimple,defect_a_even_char
EV-061,256,2,8,3,141,21,even,0,3,1,21,3,1|1|1,1|1|1,True,True,True,True,True,0.00049,,even_char; semisimple,defect_a_even_char
EV-061,256,2,8,3,142,63,even,0,3,1,63,1,3,1,True,True,True,True,True,0.000246,,even_char; semisimple,defect_a_even_char
EV-061,256,2,8,3,143,65,even,0,3,1,65,1,3,1,True,True,True,True,True,0.000244,,even_char; semisimple,defect_a_even_char
EV-061,256,2,8,3,144,195,even,0,3,1,195,3,1|1|1,1|1|1,True,True,True,True,True,0.000352,,even_char; semisimple,defect_a_even_char
EV-061,256,2,8,3,145,94,even,0,3,1,94,1,3,1,True,True,True,True,True,0.000259,,even_char; semisimple,defect_a_even_char
EV-061,256,2,8,3,146,226,even,0,3,1,226,1,3,1,True,True,True,True,True,0.000262,,even_char; semisimple,defect_a_even_char
EV-061,256,2,8,3,147,61,even,0,3,1,61,3,1|1|1,1|1|1,True,True,True,True,True,0.000428,,even_char; semisimple,defect_a_even_char
EV-061,256,2,8,3,148,71,even,0,3,1,71,1,3,1,True,True,True,True,True,0.000196,,even_char; semisimple,defect_a_even_char
EV-061,256,2,8,3,149,201,even,0,3,1,201,1,3,1,True,True,True,True,True,0.000187,,even_char; semisimple,defect_a_even_char
EV-061,256,2,8,3,150,64,even,0,3,1,64,3,1|1|1,1|1|1,True,True,True,True,True,0.000548,,even_char; semisimple,defect_a_even_char
EV-061,256,2,8,3,151,192,even,0,3,1,192,1,3,1,True,True,True,True,True,0.000167,,even_char; semisimple,defect_a_even_char
EV-061,256,2,8,3,152,91,even,0,3,1,91,1,3,1,True,True,True,True,True,0.000188,,even_char; semisimple,defect_a_even_char
EV-061,256,2,8,3,153,237,even,0,3,1,237,3,1|1|1,1|1|1,True,True,True,True,True,0.000781,,even_char; semisimple,defect_a_even_char
EV-061,256,2,8,3,154,44,even,0,3,1,44,1,3,1,True,True,True,True,True,0.000267,,even_char; semisimple,defect_a_even_char
EV-061,256,2,8,3,155,116,even,0,3,1,116,1,3,1,True,True,True,True,True,0.00026,,even_char; semisimple,defect_a_even_char
EV-061,256,2,8,3,156,156,even,0,3,1,156,3,1|1|1,1|1|1,True,True,True,True,True,0.000444,,even_char; semisimple,defect_a_even_char
EV-061,256,2,8,3,157,191,even,0,3,1,191,1,3,1,True,True,True,True,True,0.000258,,even_char; semisimple,defect_a_even_char
EV-061,256,2,8,3,158,218,even,0,3,1,218,1,3,1,True,True,True,True,True,0.000185,,even_char; semisimple,defect_a_even_char
EV-061,256,2,8,3,159,117,even,0,3,1,117,3,1|1|1,1|1|1,True,True,True,True,True,0.000772,,even_char; semisimple,defect_a_even_char
EV-061,256,2,8,3,160,159,even,0,3,1,159,1,3,1,True,True,True,True,True,0.00025,,even_char; semisimple,defect_a_even_char
EV-061,256,2,8,3,161,186,even,0,3,1,186,1,3,1,True,True,True,True,True,0.000273,,even_char; semisimple,defect_a_even_char
EV-061,256,2,8,3,162,213,even,0,3,1,213,3,1|1|1,1|1|1,True,True,True,True,True,0.000532,,even_char; semisimple,defect_a_even_char
EV-061,256,2,8,3,163,100,even,0,3,1,100,1,3,1,True,True,True,True,True,0.000252,,even_char; semisimple,defect_a_even_char
EV-061,256,2,8,3,164,172,even,0,3,1,172,1,3,1,True,True,True,True,True,0.000288,,even_char; semisimple,defect_a_even_char
EV-061,256,2,8,3,165,239,even,0,3,1,239,3,1|1|1,1|1|1,True,True,True,True,True,0.001076,,even_char; semisimple,defect_a_even_char
EV-061,256,2,8,3,166,42,even,0,3,1,42,1,3,1,True,True,True,True,True,0.000253,,even_char; semisimple,defect_a_even_char
EV-061,256,2,8,3,167,126,even,0,3,1,126,1,3,1,True,True,True,True,True,0.000247,,even_char; semisimple,defect_a_even_char
EV-061,256,2,8,3,168,130,even,0,3,1,130,3,1|1|1,1|1|1,True,True,True,True,True,0.000677,,even_char; semisimple,defect_a_even_char
EV-061,256,2,8,3,169,157,even,0,3,1,157,1,3,1,True,True,True,True,True,0.000257,,even_char; semisimple,defect_a_even_char
EV-061,256,2,8,3,170,188,even,0,3,1,188,1,3,1,True,True,True,True,True,0.00025,,even_char; semisimple,defect_a_even_char
EV-061,256,2,8,3,171,223,even,0,3,1,223,3,1|1|1,1|1|1,True,True,True,True,True,0.000425,,even_char; semisimple,defect_a_even_char
EV-061,256,2,8,3,172,122,even,0,3,1,122,1,3,1,True,True,True,True,True,0.000246,,even_char; semisimple,defect_a_even_char
EV-061,256,2,8,3,173,142,even,0,3,1,142,1,3,1,True,True,True,True,True,0.000236,,even_char; semisimple,defect_a_even_char
EV-061,256,2,8,3,174,137,even,0,3,1,137,3,1|1|1,1|1|1,True,True,True,True,True,0.000687,,even_char; semisimple,defect_a_even_char
EV-061,256,2,8,3,175,128,even,0,3,1,128,1,3,1,True,True,True,True,True,0.000294,,even_char; semisimple,defect_a_even_char
EV-061,256,2,8,3,176,155,even,0,3,1,155,1,3,1,True,True,True,True,True,0.000286,,even_char; semisimple,defect_a_even_char
EV-061,256,2,8,3,177,182,even,0,3,1,182,3,1|1|1,1|1|1,True,True,True,True,True,0.000411,,even_char; semisimple,defect_a_even_char
EV-061,256,2,8,3,178,193,even,0,3,1,193,1,3,1,True,True,True,True,True,0.000252,,even_char; semisimple,defect_a_even_char
EV-061,256,2,8,3,179,88,even,0,3,1,88,1,3,1,True,True,True,True,True,0.000289,,even_char; semisimple,defect_a_even_char
EV-061,256,2,8,3,180,232,even,0,3,1,232,3,1|1|1,1|1|1,True,True,True,True,True,0.000639,,even_char; semisimple,defect_a_even_char
EV-061,256,2,8,3,181,35,even,0,3,1,35,1,3,1,True,True,True,True,True,0.000242,,even_char; semisimple,defect_a_even_char
EV-061,256,2,8,3,182,101,even,0,3,1,101,1,3,1,True,True,True,True,True,0.00029,,even_char; semisimple,defect_a_even_char
EV-061,256,2,8,3,183,175,even,0,3,1,175,3,1|1|1,1|1|1,True,True,True,True,True,0.00121,,even_char; semisimple,defect_a_even_char
EV-061,256,2,8,3,184,234,even,0,3,1,234,1,3,1,True,True,True,True,True,0.000253,,even_char; semisimple,defect_a_even_char
EV-061,256,2,8,3,185,37,even,0,3,1,37,1,3,1,True,True,True,True,True,0.000354,,even_char; semisimple,defect_a_even_char
EV-061,256,2,8,3,186,111,even,0,3,1,111,3,1|1|1,1|1|1,True,True,True,True,True,0.000674,,even_char; semisimple,defect_a_even_char
EV-061,256,2,8,3,187,177,even,0,3,1,177,1,3,1,True,True,True,True,True,0.000293,,even_char; semisimple,defect_a_even_char
EV-061,256,2,8,3,188,200,even,0,3,1,200,1,3,1,True,True,True,True,True,0.000264,,even_char; semisimple,defect_a_even_char
EV-061,256,2,8,3,189,67,even,0,3,1,67,3,1|1|1,1|1|1,True,True,True,True,True,0.000545,,even_char; semisimple,defect_a_even_char
EV-061,256,2,8,3,190,197,even,0,3,1,197,1,3,1,True,True,True,True,True,0.000298,,even_char; semisimple,defect_a_even_char
EV-061,256,2,8,3,191,84,even,0,3,1,84,1,3,1,True,True,True,True,True,0.000272,,even_char; semisimple,defect_a_even_char
EV-061,256,2,8,3,192,252,even,0,3,1,252,3,1|1|1,1|1|1,True,True,True,True,True,0.000586,,even_char; semisimple,defect_a_even_char
EV-061,256,2,8,3,193,31,even,0,3,1,31,1,3,1,True,True,True,True,True,0.000257,,even_char; semisimple,defect_a_even_char
EV-061,256,2,8,3,194,33,even,0,3,1,33,1,3,1,True,True,True,True,True,0.000204,,even_char; semisimple,defect_a_even_char
EV-061,256,2,8,3,195,99,even,0,3,1,99,3,1|1|1,1|1|1,True,True,True,True,True,0.000305,,even_char; semisimple,defect_a_even_char
EV-061,256,2,8,3,196,165,even,0,3,1,165,1,3,1,True,True,True,True,True,0.000198,,even_char; semisimple,defect_a_even_char
EV-061,256,2,8,3,197,244,even,0,3,1,244,1,3,1,True,True,True,True,True,0.000222,,even_char; semisimple,defect_a_even_char
EV-061,256,2,8,3,198,7,even,0,3,1,7,3,1|1|1,1|1|1,True,True,True,True,True,0.000579,,even_char; semisimple,defect_a_even_char
EV-061,256,2,8,3,199,9,even,0,3,1,9,1,3,1,True,True,True,True,True,0.000202,,even_char; semisimple,defect_a_even_char
EV-061,256,2,8,3,200,27,even,0,3,1,27,1,3,1,True,True,True,True,True,0.000211,,even_char; semisimple,defect_a_even_char
EV-061,256,2,8,3,201,45,even,0,3,1,45,3,1|1|1,1|1|1,True,True,True,True,True,0.000489,,even_char; semisimple,defect_a_even_char
EV-061,256,2,8,3,202,119,even,0,3,1,119,1,3,1,True,True,True,True,True,0.000161,,even_char; semisimple,defect_a_even_char
EV-061,256,2,8,3,203,153,even,0,3,1,153,1,3,1,True,True,True,True,True,0.00019,,even_char; semisimple,defect_a_even_char
EV-061,256,2,8,3,204,176,even,0,3,1,176,3,1|1|1,1|1|1,True,True,True,True,True,0.000465,,even_char; semisimple,defect_a_even_char
EV-061,256,2,8,3,205,203,even,0,3,1,203,1,3,1,True,True,True,True,True,0.000248,,even_char; semisimple,defect_a_even_char
EV-061,256,2,8,3,206,70,even,0,3,1,70,1,3,1,True,True,True,True,True,0.000283,,even_char; semisimple,defect_a_even_char
EV-061,256,2,8,3,207,202,even,0,3,1,202,3,1|1|1,1|1|1,True,True,True,True,True,0.000404,,even_char; semisimple,defect_a_even_char
EV-061,256,2,8,3,208,69,even,0,3,1,69,1,3,1,True,True,True,True,True,0.000315,,even_char; semisimple,defect_a_even_char
EV-061,256,2,8,3,209,207,even,0,3,1,207,1,3,1,True,True,True,True,True,0.000287,,even_char; semisimple,defect_a_even_char
EV-061,256,2,8,3,210,74,even,0,3,1,74,3,1|1|1,1|1|1,True,True,True,True,True,0.000655,,even_char; semisimple,defect_a_even_char
EV-061,256,2,8,3,211,222,even,0,3,1,222,1,3,1,True,True,True,True,True,0.000285,,even_char; semisimple,defect_a_even_char
EV-061,256,2,8,3,212,121,even,0,3,1,121,1,3,1,True,True,True,True,True,0.000242,,even_char; semisimple,defect_a_even_char
EV-061,256,2,8,3,213,139,even,0,3,1,139,3,1|1|1,1|1|1,True,True,True,True,True,0.000397,,even_char; semisimple,defect_a_even_char
EV-061,256,2,8,3,214,134,even,0,3,1,134,1,3,1,True,True,True,True,True,0.000286,,even_char; semisimple,defect_a_even_char
EV-061,256,2,8,3,215,145,even,0,3,1,145,1,3,1,True,True,True,True,True,0.00025,,even_char; semisimple,defect_a_even_char
EV-061,256,2,8,3,216,168,even,0,3,1,168,3,1|1|1,1|1|1,True,True,True,True,True,0.000792,,even_char; semisimple,defect_a_even_char
EV-061,256,2,8,3,217,227,even,0,3,1,227,1,3,1,True,True,True,True,True,0.000251,,even_char; semisimple,defect_a_even_char
EV-061,256,2,8,3,218,62,even,0,3,1,62,1,3,1,True,True,True,True,True,0.000256,,even_char; semisimple,defect_a_even_char
EV-061,256,2,8,3,219,66,even,0,3,1,66,3,1|1|1,1|1|1,True,True,True,True,True,0.000485,,even_char; semisimple,defect_a_even_char
EV-061,256,2,8,3,220,198,even,0,3,1,198,1,3,1,True,True,True,True,True,0.000253,,even_char; semisimple,defect_a_even_char
EV-061,256,2,8,3,221,81,even,0,3,1,81,1,3,1,True,True,True,True,True,0.000251,,even_char; semisimple,defect_a_even_char
EV-061,256,2,8,3,222,243,even,0,3,1,243,3,1|1|1,1|1|1,True,True,True,True,True,0.000537,,even_char; semisimple,defect_a_even_char
EV-061,256,2,8,3,223,14,even,0,3,1,14,1,3,1,True,True,True,True,True,0.000245,,even_char; semisimple,defect_a_even_char
EV-061,256,2,8,3,224,18,even,0,3,1,18,1,3,1,True,True,True,True,True,0.000252,,even_char; semisimple,defect_a_even_char
EV-061,256,2,8,3,225,54,even,0,3,1,54,3,1|1|1,1|1|1,True,True,True,True,True,0.000422,,even_char; semisimple,defect_a_even_char
EV-061,256,2,8,3,226,90,even,0,3,1,90,1,3,1,True,True,True,True,True,0.000243,,even_char; semisimple,defect_a_even_char
EV-061,256,2,8,3,227,238,even,0,3,1,238,1,3,1,True,True,True,True,True,0.000193,,even_char; semisimple,defect_a_even_char
EV-061,256,2,8,3,228,41,even,0,3,1,41,3,1|1|1,1|1|1,True,True,True,True,True,0.000941,,even_char; semisimple,defect_a_even_char
EV-061,256,2,8,3,229,123,even,0,3,1,123,1,3,1,True,True,True,True,True,0.000213,,even_char; semisimple,defect_a_even_char
EV-061,256,2,8,3,230,141,even,0,3,1,141,1,3,1,True,True,True,True,True,0.000322,,even_char; semisimple,defect_a_even_char
EV-061,256,2,8,3,231,140,even,0,3,1,140,3,1|1|1,1|1|1,True,True,True,True,True,0.000415,,even_char; semisimple,defect_a_even_char
EV-061,256,2,8,3,232,143,even,0,3,1,143,1,3,1,True,True,True,True,True,0.000251,,even_char; semisimple,defect_a_even_char
EV-061,256,2,8,3,233,138,even,0,3,1,138,1,3,1,True,True,True,True,True,0.000243,,even_char; semisimple,defect_a_even_char
EV-061,256,2,8,3,234,133,even,0,3,1,133,3,1|1|1,1|1|1,True,True,True,True,True,0.000441,,even_char; semisimple,defect_a_even_char
EV-061,256,2,8,3,235,148,even,0,3,1,148,1,3,1,True,True,True,True,True,0.000243,,even_char; semisimple,defect_a_even_char
EV-061,256,2,8,3,236,167,even,0,3,1,167,1,3,1,True,True,True,True,True,0.000185,,even_char; semisimple,defect_a_even_char
EV-061,256,2,8,3,237,242,even,0,3,1,242,3,1|1|1,1|1|1,True,True,True,True,True,0.000546,,even_char; semisimple,defect_a_even_char
EV-061,256,2,8,3,238,13,even,0,3,1,13,1,3,1,True,True,True,True,True,0.000172,,even_char; semisimple,defect_a_even_char
EV-061,256,2,8,3,239,23,even,0,3,1,23,1,3,1,True,True,True,True,True,0.000162,,even_char; semisimple,defect_a_even_char
EV-061,256,2,8,3,240,57,even,0,3,1,57,3,1|1|1,1|1|1,True,True,True,True,True,0.000858,,even_char; semisimple,defect_a_even_char
EV-061,256,2,8,3,241,75,even,0,3,1,75,1,3,1,True,True,True,True,True,0.000203,,even_char; semisimple,defect_a_even_char
EV-061,256,2,8,3,242,221,even,0,3,1,221,1,3,1,True,True,True,True,True,0.000181,,even_char; semisimple,defect_a_even_char
EV-061,256,2,8,3,243,124,even,0,3,1,124,3,1|1|1,1|1|1,True,True,True,True,True,0.00035,,even_char; semisimple,defect_a_even_char
EV-061,256,2,8,3,244,132,even,0,3,1,132,1,3,1,True,True,True,True,True,0.000175,,even_char; semisimple,defect_a_even_char
EV-061,256,2,8,3,245,151,even,0,3,1,151,1,3,1,True,True,True,True,True,0.000156,,even_char; semisimple,defect_a_even_char
EV-061,256,2,8,3,246,162,even,0,3,1,162,3,1|1|1,1|1|1,True,True,True,True,True,0.000379,,even_char; semisimple,defect_a_even_char
EV-061,256,2,8,3,247,253,even,0,3,1,253,1,3,1,True,True,True,True,True,0.000167,,even_char; semisimple,defect_a_even_char
EV-061,256,2,8,3,248,28,even,0,3,1,28,1,3,1,True,True,True,True,True,0.000162,,even_char; semisimple,defect_a_even_char
EV-061,256,2,8,3,249,36,even,0,3,1,36,3,1|1|1,1|1|1,True,True,True,True,True,0.000264,,even_char; semisimple,defect_a_even_char
EV-061,256,2,8,3,250,108,even,0,3,1,108,1,3,1,True,True,True,True,True,0.000163,,even_char; semisimple,defect_a_even_char
EV-061,256,2,8,3,251,180,even,0,3,1,180,1,3,1,True,True,True,True,True,0.000192,,even_char; semisimple,defect_a_even_char
EV-061,256,2,8,3,252,199,even,0,3,1,199,3,1|1|1,1|1|1,True,True,True,True,True,0.000343,,even_char; semisimple,defect_a_even_char
EV-061,256,2,8,3,253,82,even,0,3,1,82,1,3,1,True,True,True,True,True,0.000171,,even_char; semisimple,defect_a_even_char
EV-061,256,2,8,3,254,246,even,0,3,1,246,1,3,1,True,True,True,True,True,0.000162,,even_char; semisimple,defect_a_even_char
EV-062,256,2,8,5,0,1,even,0,5,1,1,5,1|1|1|1|1,1|1|1|1|1,True,True,True,True,True,0.001161,,even_char; semisimple,defect_a_even_char
EV-062,256,2,8,5,1,3,even,0,5,1,3,1,5,1,True,True,True,True,True,0.000422,,even_char; semisimple,defect_a_even_char
EV-062,256,2,8,5,2,5,even,0,5,1,5,1,5,1,True,True,True,True,True,0.0004,,even_char; semisimple,defect_a_even_char
EV-062,256,2,8,5,3,15,even,0,5,1,15,1,5,1,True,True,True,True,True,0.000429,,even_char; semisimple,defect_a_even_char
EV-062,256,2,8,5,4,17,even,0,5,1,17,1,5,1,True,True,True,True,True,0.000407,,even_char; semisimple,defect_a_even_char
EV-062,256,2,8,5,5,51,even,0,5,1,51,5,1|1|1|1|1,1|1|1|1|1,True,True,True,True,True,0.001243,,even_char; semisimple,defect_a_even_char
EV-062,256,2,8,5,6,85,even,0,5,1,85,1,5,1,True,True,True,True,True,0.000448,,even_char; semisimple,defect_a_even_char
EV-062,256,2,8,5,7,255,even,0,5,1,255,1,5,1,True,True,True,True,True,0.000405,,even_char; semisimple,defect_a_even_char
EV-062,256,2,8,5,8,26,even,0,5,1,26,1,5,1,True,True,True,True,True,0.000495,,even_char; semisimple,defect_a_even_char
EV-062,256,2,8,5,9,46,even,0,5,1,46,1,5,1,True,True,True,True,True,0.000329,,even_char; semisimple,defect_a_even_char
EV-062,256,2,8,5,10,114,even,0,5,1,114,5,1|1|1|1|1,1|1|1|1|1,True,True,True,True,True,0.001075,,even_char; semisimple,defect_a_even_char
EV-062,256,2,8,5,11,150,even,0,5,1,150,1,5,1,True,True,True,True,True,0.000256,,even_char; semisimple,defect_a_even_char
EV-062,256,2,8,5,12,161,even,0,5,1,161,1,5,1,True,True,True,True,True,0.000278,,even_char; semisimple,defect_a_even_char
EV-062,256,2,8,5,13,248,even,0,5,1,248,1,5,1,True,True,True,True,True,0.000244,,even_char; semisimple,defect_a_even_char
EV-062,256,2,8,5,14,19,even,0,5,1,19,1,5,1,True,True,True,True,True,0.000294,,even_char; semisimple,defect_a_even_char
EV-062,256,2,8,5,15,53,even,0,5,1,53,5,1|1|1|1|1,1|1|1|1|1,True,True,True,True,True,0.00108,,even_char; semisimple,defect_a_even_char
EV-062,256,2,8,5,16,95,even,0,5,1,95,1,5,1,True,True,True,True,True,0.000291,,even_char; semisimple,defect_a_even_char
EV-062,256,2,8,5,17,225,even,0,5,1,225,1,5,1,True,True,True,True,True,0.000248,,even_char; semisimple,defect_a_even_char
EV-062,256,2,8,5,18,56,even,0,5,1,56,1,5,1,True,True,True,True,True,0.000245,,even_char; semisimple,defect_a_even_char
EV-062,256,2,8,5,19,72,even,0,5,1,72,1,5,1,True,True,True,True,True,0.000233,,even_char; semisimple,defect_a_even_char
EV-062,256,2,8,5,20,216,even,0,5,1,216,5,1|1|1|1|1,1|1|1|1|1,True,True,True,True,True,0.000954,,even_char; semisimple,defect_a_even_char
EV-062,256,2,8,5,21,115,even,0,5,1,115,1,5,1,True,True,True,True,True,0.000289,,even_char; semisimple,defect_a_even_char
EV-062,256,2,8,5,22,149,even,0,5,1,149,1,5,1,True,True,True,True,True,0.000275,,even_char; semisimple,defect_a_even_char
EV-062,256,2,8,5,23,164,even,0,5,1,164,1,5,1,True,True,True,True,True,0.000279,,even_char; semisimple,defect_a_even_char
EV-062,256,2,8,5,24,247,even,0,5,1,247,1,5,1,True,True,True,True,True,0.000243,,even_char; semisimple,defect_a_even_char
EV-062,256,2,8,5,25,2,even,0,5,1,2,5,1|1|1|1|1,1|1|1|1|1,True,True,True,True,True,0.001731,,even_char; semisimple,defect_a_even_char
EV-062,256,2,8,5,26,6,even,0,5,1,6,1,5,1,True,True,True,True,True,0.000249,,even_char; semisimple,defect_a_even_char
EV-062,256,2,8,5,27,10,even,0,5,1,10,1,5,1,True,True,True,True,True,0.000312,,even_char; semisimple,defect_a_even_char
EV-062,256,2,8,5,28,30,even,0,5,1,30,1,5,1,True,True,True,True,True,0.000273,,even_char; semisimple,defect_a_even_char
EV-062,256,2,8,5,29,34,even,0,5,1,34,1,5,1,True,True,True,True,True,0.000251,,even_char; semisimple,defect_a_even_char
EV-062,256,2,8,5,30,102,even,0,5,1,102,5,1|1|1|1|1,1|1|1|1|1,True,True,True,True,True,0.00095,,even_char; semisimple,defect_a_even_char
EV-062,256,2,8,5,31,170,even,0,5,1,170,1,5,1,True,True,True,True,True,0.000281,,even_char; semisimple,defect_a_even_char
EV-062,256,2,8,5,32,229,even,0,5,1,229,1,5,1,True,True,True,True,True,0.000278,,even_char; semisimple,defect_a_even_char
EV-062,256,2,8,5,33,52,even,0,5,1,52,1,5,1,True,True,True,True,True,0.000371,,even_char; semisimple,defect_a_even_char
EV-062,256,2,8,5,34,92,even,0,5,1,92,1,5,1,True,True,True,True,True,0.000465,,even_char; semisimple,defect_a_even_char
EV-062,256,2,8,5,35,228,even,0,5,1,228,5,1|1|1|1|1,1|1|1|1|1,True,True,True,True,True,0.000895,,even_char; semisimple,defect_a_even_char
EV-062,256,2,8,5,36,55,even,0,5,1,55,1,5,1,True,True,True,True,True,0.000325,,even_char; semisimple,defect_a_even_char
EV-062,256,2,8,5,37,89,even,0,5,1,89,1,5,1,True,True,True,True,True,0.000256,,even_char; semisimple,defect_a_even_char
EV-062,256,2,8,5,38,235,even,0,5,1,235,1,5,1,True,True,True,True,True,0.000387,,even_char; semisimple,defect_a_even_char
EV-062,256,2,8,5,39,38,even,0,5,1,38,1,5,1,True,True,True,True,True,0.000296,,even_char; semisimple,defect_a_even_char
EV-062,256,2,8,5,40,106,even,0,5,1,106,5,1|1|1|1|1,1|1|1|1|1,True,True,True,True,True,0.001315,,even_char; semisimple,defect_a_even_char
EV-062,256,2,8,5,41,190,even,0,5,1,190,1,5,1,True,True,True,True,True,0.000326,,even_char; semisimple,defect_a_even_char
EV-062,256,2,8,5,42,217,even,0,5,1,217,1,5,1,True,True,True,True,True,0.000312,,even_char; semisimple,defect_a_even_char
EV-062,256,2,8,5,43,112,even,0,5,1,112,1,5,1,True,True,True,True,True,0.000248,,even_char; semisimple,defect_a_even_char
EV-062,256,2,8,5,44,144,even,0,5,1,144,1,5,1,True,True,True,True,True,0.000271,,even_char; semisimple,defect_a_even_char
EV-062,256,2,8,5,45,171,even,0,5,1,171,5,1|1|1|1|1,1|1|1|1|1,True,True,True,True,True,0.000786,,even_char; semisimple,defect_a_even_char
EV-062,256,2,8,5,46,230,even,0,5,1,230,1,5,1,True,True,True,True,True,0.000438,,even_char; semisimple,defect_a_even_char
EV-062,256,2,8,5,47,49,even,0,5,1,49,1,5,1,True,True,True,True,True,0.000397,,even_char; semisimple,defect_a_even_char
EV-062,256,2,8,5,48,83,even,0,5,1,83,1,5,1,True,True,True,True,True,0.00039,,even_char; semisimple,defect_a_even_char
EV-062,256,2,8,5,49,245,even,0,5,1,245,1,5,1,True,True,True,True,True,0.000422,,even_char; semisimple,defect_a_even_char
EV-062,256,2,8,5,50,4,even,0,5,1,4,5,1|1|1|1|1,1|1|1|1|1,True,True,True,True,True,0.002894,,even_char; semisimple,defect_a_even_char
EV-062,256,2,8,5,51,12,even,0,5,1,12,1,5,1,True,True,True,True,True,0.000382,,even_char; semisimple,defect_a_even_char
EV-062,256,2,8,5,52,20,even,0,5,1,20,1,5,1,True,True,True,True,True,0.000347,,even_char; semisimple,defect_a_even_char
EV-062,256,2,8,5,53,60,even,0,5,1,60,1,5,1,True,True,True,True,True,0.000383,,even_char; semisimple,defect_a_even_char
EV-062,256,2,8,5,54,68,even,0,5,1,68,1,5,1,True,True,True,True,True,0.000366,,even_char; semisimple,defect_a_even_char
EV-062,256,2,8,5,55,204,even,0,5,1,204,5,1|1|1|1|1,1|1|1|1|1,True,True,True,True,True,0.000894,,even_char; semisimple,defect_a_even_char
EV-062,256,2,8,5,56,79,even,0,5,1,79,1,5,1,True,True,True,True,True,0.000441,,even_char; semisimple,defect_a_even_char
EV-062,256,2,8,5,57,209,even,0,5,1,209,1,5,1,True,True,True,True,True,0.000351,,even_char; semisimple,defect_a_even_char
EV-062,256,2,8,5,58,104,even,0,5,1,104,1,5,1,True,True,True,True,True,0.000353,,even_char; semisimple,defect_a_even_char
EV-062,256,2,8,5,59,184,even,0,5,1,184,1,5,1,True,True,True,True,True,0.000387,,even_char; semisimple,defect_a_even_char
EV-062,256,2,8,5,60,211,even,0,5,1,211,5,1|1|1|1|1,1|1|1|1|1,True,True,True,True,True,0.000924,,even_char; semisimple,defect_a_even_char
EV-062,256,2,8,5,61,110,even,0,5,1,110,1,5,1,True,True,True,True,True,0.000368,,even_char; semisimple,defect_a_even_char
EV-062,256,2,8,5,62,178,even,0,5,1,178,1,5,1,True,True,True,True,True,0.000356,,even_char; semisimple,defect_a_even_char
EV-062,256,2,8,5,63,205,even,0,5,1,205,1,5,1,True,True,True,True,True,0.000403,,even_char; semisimple,defect_a_even_char
EV-062,256,2,8,5,64,76,even,0,5,1,76,1,5,1,True,True,True,True,True,0.000369,,even_char; semisimple,defect_a_even_char
EV-062,256,2,8,5,65,212,even,0,5,1,212,5,1|1|1|1|1,1|1|1|1|1,True,True,True,True,True,0.002093,,even_char; semisimple,defect_a_even_char
EV-062,256,2,8,5,66,103,even,0,5,1,103,1,5,1,True,True,True,True,True,0.000418,,even_char; semisimple,defect_a_even_char
EV-062,256,2,8,5,67,169,even,0,5,1,169,1,5,1,True,True,True,True,True,0.000376,,even_char; semisimple,defect_a_even_char
EV-062,256,2,8,5,68,224,even,0,5,1,224,1,5,1,True,True,True,True,True,0.00036,,even_char; semisimple,defect_a_even_char
EV-062,256,2,8,5,69,59,even,0,5,1,59,1,5,1,True,True,True,True,True,0.000413,,even_char; semisimple,defect_a_even_char
EV-062,256,2,8,5,70,77,even,0,5,1,77,5,1|1|1|1|1,1|1|1|1|1,True,True,True,True,True,0.00097,,even_char; semisimple,defect_a_even_char
EV-062,256,2,8,5,71,215,even,0,5,1,215,1,5,1,True,True,True,True,True,0.000288,,even_char; semisimple,defect_a_even_char
EV-062,256,2,8,5,72,98,even,0,5,1,98,1,5,1,True,True,True,True,True,0.000291,,even_char; semisimple,defect_a_even_char
EV-062,256,2,8,5,73,166,even,0,5,1,166,1,5,1,True,True,True,True,True,0.000278,,even_char; semisimple,defect_a_even_char
EV-062,256,2,8,5,74,241,even,0,5,1,241,1,5,1,True,True,True,True,True,0.000282,,even_char; semisimple,defect_a_even_char
EV-062,256,2,8,5,75,8,even,0,5,1,8,5,1|1|1|1|1,1|1|1|1|1,True,True,True,True,True,0.000823,,even_char; semisimple,defect_a_even_char
EV-062,256,2,8,5,76,24,even,0,5,1,24,1,5,1,True,True,True,True,True,0.000252,,even_char; semisimple,defect_a_even_char
EV-062,256,2,8,5,77,40,even,0,5,1,40,1,5,1,True,True,True,True,True,0.000247,,even_char; semisimple,defect_a_even_char
EV-062,256,2,8,5,78,120,even,0,5,1,120,1,5,1,True,True,True,True,True,0.000273,,even_char; semisimple,defect_a_even_char
EV-062,256,2,8,5,79,136,even,0,5,1,136,1,5,1,True,True,True,True,True,0.000242,,even_char; semisimple,defect_a_even_char
EV-062,256,2,8,5,80,131,even,0,5,1,131,5,1|1|1|1|1,1|1|1|1|1,True,True,True,True,True,0.000939,,even_char; semisimple,defect_a_even_char
EV-062,256,2,8,5,81,158,even,0,5,1,158,1,5,1,True,True,True,True,True,0.00025,,even_char; semisimple,defect_a_even_char
EV-062,256,2,8,5,82,185,even,0,5,1,185,1,5,1,True,True,True,True,True,0.000244,,even_char; semisimple,defect_a_even_char
EV-062,256,2,8,5,83,208,even,0,5,1,208,1,5,1,True,True,True,True,True,0.000245,,even_char; semisimple,defect_a_even_char
EV-062,256,2,8,5,84,107,even,0,5,1,107,1,5,1,True,True,True,True,True,0.000272,,even_char; semisimple,defect_a_even_char
EV-062,256,2,8,5,85,189,even,0,5,1,189,5,1|1|1|1|1,1|1|1|1|1,True,True,True,True,True,0.001056,,even_char; semisimple,defect_a_even_char
EV-062,256,2,8,5,86,220,even,0,5,1,220,1,5,1,True,True,True,True,True,0.000255,,even_char; semisimple,defect_a_even_char
EV-062,256,2,8,5,87,127,even,0,5,1,127,1,5,1,True,True,True,True,True,0.000246,,even_char; semisimple,defect_a_even_char
EV-062,256,2,8,5,88,129,even,0,5,1,129,1,5,1,True,True,True,True,True,0.000276,,even_char; semisimple,defect_a_even_char
EV-062,256,2,8,5,89,152,even,0,5,1,152,1,5,1,True,True,True,True,True,0.000247,,even_char; semisimple,defect_a_even_char
EV-062,256,2,8,5,90,179,even,0,5,1,179,5,1|1|1|1|1,1|1|1|1|1,True,True,True,True,True,0.001137,,even_char; semisimple,defect_a_even_char
EV-062,256,2,8,5,91,206,even,0,5,1,206,1,5,1,True,True,True,True,True,0.000253,,even_char; semisimple,defect_a_even_char
EV-062,256,2,8,5,92,73,even,0,5,1,73,1,5,1,True,True,True,True,True,0.000259,,even_char; semisimple,defect_a_even_char
EV-062,256,2,8,5,93,219,even,0,5,1,219,1,5,1,True,True,True,True,True,0.00026,,even_char; semisimple,defect_a_even_char
EV-062,256,2,8,5,94,118,even,0,5,1,118,1,5,1,True,True,True,True,True,0.00027,,even_char; semisimple,defect_a_even_char
EV-062,256,2,8,5,95,154,even,0,5,1,154,5,1|1|1|1|1,1|1|1|1|1,True,True,True,True,True,0.000621,,even_char; semisimple,defect_a_even_char
EV-062,256,2,8,5,96,181,even,0,5,1,181,1,5,1,True,True,True,True,True,0.0003,,even_char; semisimple,defect_a_even_char
EV-062,256,2,8,5,97,196,even,0,5,1,196,1,5,1,True,True,True,True,True,0.000248,,even_char; semisimple,defect_a_even_char
EV-062,256,2,8,5,98,87,even,0,5,1,87,1,5,1,True,True,True,True,True,0.000397,,even_char; semisimple,defect_a_even_char
EV-062,256,2,8,5,99,249,even,0,5,1,249,1,5,1,True,True,True,True,True,0.00039,,even_char; semisimple,defect_a_even_char
EV-062,256,2,8,5,100,16,even,0,5,1,16,5,1|1|1|1|1,1|1|1|1|1,True,True,True,True,True,0.001516,,even_char; semisimple,defect_a_even_char
EV-062,256,2,8,5,101,48,even,0,5,1,48,1,5,1,True,True,True,True,True,0.000396,,even_char; semisimple,defect_a_even_char
EV-062,256,2,8,5,102,80,even,0,5,1,80,1,5,1,True,True,True,True,True,0.000396,,even_char; semisimple,defect_a_even_char
EV-062,256,2,8,5,103,240,even,0,5,1,240,1,5,1,True,True,True,True,True,0.000424,,even_char; semisimple,defect_a_even_char
EV-062,256,2,8,5,104,11,even,0,5,1,11,1,5,1,True,True,True,True,True,0.000244,,even_char; semisimple,defect_a_even_char
EV-062,256,2,8,5,105,29,even,0,5,1,29,5,1|1|1|1|1,1|1|1|1|1,True,True,True,True,True,0.00082,,even_char; semisimple,defect_a_even_char
EV-062,256,2,8,5,106,39,even,0,5,1,39,1,5,1,True,True,True,True,True,0.000274,,even_char; semisimple,defect_a_even_char
EV-062,256,2,8,5,107,105,even,0,5,1,105,1,5,1,True,True,True,True,True,0.000335,,even_char; semisimple,defect_a_even_char
EV-062,256,2,8,5,108,187,even,0,5,1,187,1,5,1,True,True,True,True,True,0.000272,,even_char; semisimple,defect_a_even_char
EV-062,256,2,8,5,109,214,even,0,5,1,214,1,5,1,True,True,True,True,True,0.000273,,even_char; semisimple,defect_a_even_char
EV-062,256,2,8,5,110,97,even,0,5,1,97,5,1|1|1|1|1,1|1|1|1|1,True,True,True,True,True,0.000972,,even_char; semisimple,defect_a_even_char
EV-062,256,2,8,5,111,163,even,0,5,1,163,1,5,1,True,True,True,True,True,0.000277,,even_char; semisimple,defect_a_even_char
EV-062,256,2,8,5,112,254,even,0,5,1,254,1,5,1,True,True,True,True,True,0.000265,,even_char; semisimple,defect_a_even_char
EV-062,256,2,8,5,113,25,even,0,5,1,25,1,5,1,True,True,True,True,True,0.000268,,even_char; semisimple,defect_a_even_char
EV-062,256,2,8,5,114,43,even,0,5,1,43,1,5,1,True,True,True,True,True,0.000273,,even_char; semisimple,defect_a_even_char
EV-062,256,2,8,5,115,125,even,0,5,1,125,5,1|1|1|1|1,1|1|1|1|1,True,True,True,True,True,0.001135,,even_char; semisimple,defect_a_even_char
EV-062,256,2,8,5,116,135,even,0,5,1,135,1,5,1,True,True,True,True,True,0.000354,,even_char; semisimple,defect_a_even_char
EV-062,256,2,8,5,117,146,even,0,5,1,146,1,5,1,True,True,True,True,True,0.000348,,even_char; semisimple,defect_a_even_char
EV-062,256,2,8,5,118,173,even,0,5,1,173,1,5,1,True,True,True,True,True,0.000387,,even_char; semisimple,defect_a_even_char
EV-062,256,2,8,5,119,236,even,0,5,1,236,1,5,1,True,True,True,True,True,0.000344,,even_char; semisimple,defect_a_even_char
EV-062,256,2,8,5,120,47,even,0,5,1,47,5,1|1|1|1|1,1|1|1|1|1,True,True,True,True,True,0.001054,,even_char; semisimple,defect_a_even_char
EV-062,256,2,8,5,121,113,even,0,5,1,113,1,5,1,True,True,True,True,True,0.000327,,even_char; semisimple,defect_a_even_char
EV-062,256,2,8,5,122,147,even,0,5,1,147,1,5,1,True,True,True,True,True,0.000376,,even_char; semisimple,defect_a_even_char
EV-062,256,2,8,5,123,174,even,0,5,1,174,1,5,1,True,True,True,True,True,0.000424,,even_char; semisimple,defect_a_even_char
EV-062,256,2,8,5,124,233,even,0,5,1,233,1,5,1,True,True,True,True,True,0.000289,,even_char; semisimple,defect_a_even_char
EV-062,256,2,8,5,125,32,even,0,5,1,32,5,1|1|1|1|1,1|1|1|1|1,True,True,True,True,True,0.001138,,even_char; semisimple,defect_a_even_char
EV-062,256,2,8,5,126,96,even,0,5,1,96,1,5,1,True,True,True,True,True,0.000359,,even_char; semisimple,defect_a_even_char
EV-062,256,2,8,5,127,160,even,0,5,1,160,1,5,1,True,True,True,True,True,0.000328,,even_char; semisimple,defect_a_even_char
EV-062,256,2,8,5,128,251,even,0,5,1,251,1,5,1,True,True,True,True,True,0.000243,,even_char; semisimple,defect_a_even_char
EV-062,256,2,8,5,129,22,even,0,5,1,22,1,5,1,True,True,True,True,True,0.000347,,even_char; semisimple,defect_a_even_char
EV-062,256,2,8,5,130,58,even,0,5,1,58,5,1|1|1|1|1,1|1|1|1|1,True,True,True,True,True,0.00118,,even_char; semisimple,defect_a_even_char
EV-062,256,2,8,5,131,78,even,0,5,1,78,1,5,1,True,True,True,True,True,0.000249,,even_char; semisimple,defect_a_even_char
EV-062,256,2,8,5,132,210,even,0,5,1,210,1,5,1,True,True,True,True,True,0.000292,,even_char; semisimple,defect_a_even_char
EV-062,256,2,8,5,133,109,even,0,5,1,109,1,5,1,True,True,True,True,True,0.000281,,even_char; semisimple,defect_a_even_char
EV-062,256,2,8,5,134,183,even,0,5,1,183,1,5,1,True,True,True,True,True,0.000248,,even_char; semisimple,defect_a_even_char
EV-062,256,2,8,5,135,194,even,0,5,1,194,5,1|1|1|1|1,1|1|1|1|1,True,True,True,True,True,0.000774,,even_char; semisimple,defect_a_even_char
EV-062,256,2,8,5,136,93,even,0,5,1,93,1,5,1,True,True,True,True,True,0.000271,,even_char; semisimple,defect_a_even_char
EV-062,256,2,8,5,137,231,even,0,5,1,231,1,5,1,True,True,True,True,True,0.000243,,even_char; semisimple,defect_a_even_char
EV-062,256,2,8,5,138,50,even,0,5,1,50,1,5,1,True,True,True,True,True,0.00024,,even_char; semisimple,defect_a_even_char
EV-062,256,2,8,5,139,86,even,0,5,1,86,1,5,1,True,True,True,True,True,0.000273,,even_char; semisimple,defect_a_even_char
EV-062,256,2,8,5,140,250,even,0,5,1,250,5,1|1|1|1|1,1|1|1|1|1,True,True,True,True,True,0.001238,,even_char; semisimple,defect_a_even_char
EV-062,256,2,8,5,141,21,even,0,5,1,21,1,5,1,True,True,True,True,True,0.000258,,even_char; semisimple,defect_a_even_char
EV-062,256,2,8,5,142,63,even,0,5,1,63,1,5,1,True,True,True,True,True,0.000335,,even_char; semisimple,defect_a_even_char
EV-062,256,2,8,5,143,65,even,0,5,1,65,1,5,1,True,True,True,True,True,0.000251,,even_char; semisimple,defect_a_even_char
EV-062,256,2,8,5,144,195,even,0,5,1,195,1,5,1,True,True,True,True,True,0.000249,,even_char; semisimple,defect_a_even_char
EV-062,256,2,8,5,145,94,even,0,5,1,94,5,1|1|1|1|1,1|1|1|1|1,True,True,True,True,True,0.000845,,even_char; semisimple,defect_a_even_char
EV-062,256,2,8,5,146,226,even,0,5,1,226,1,5,1,True,True,True,True,True,0.000375,,even_char; semisimple,defect_a_even_char
EV-062,256,2,8,5,147,61,even,0,5,1,61,1,5,1,True,True,True,True,True,0.00042,,even_char; semisimple,defect_a_even_char
EV-062,256,2,8,5,148,71,even,0,5,1,71,1,5,1,True,True,True,True,True,0.000401,,even_char; semisimple,defect_a_even_char
EV-062,256,2,8,5,149,201,even,0,5,1,201,1,5,1,True,True,True,True,True,0.000415,,even_char; semisimple,defect_a_even_char
EV-062,256,2,8,5,150,64,even,0,5,1,64,5,1|1|1|1|1,1|1|1|1|1,True,True,True,True,True,0.001993,,even_char; semisimple,defect_a_even_char
EV-062,256,2,8,5,151,192,even,0,5,1,192,1,5,1,True,True,True,True,True,0.000251,,even_char; semisimple,defect_a_even_char
EV-062,256,2,8,5,152,91,even,0,5,1,91,1,5,1,True,True,True,True,True,0.000283,,even_char; semisimple,defect_a_even_char
EV-062,256,2,8,5,153,237,even,0,5,1,237,1,5,1,True,True,True,True,True,0.000246,,even_char; semisimple,defect_a_even_char
EV-062,256,2,8,5,154,44,even,0,5,1,44,1,5,1,True,True,True,True,True,0.000305,,even_char; semisimple,defect_a_even_char
EV-062,256,2,8,5,155,116,even,0,5,1,116,5,1|1|1|1|1,1|1|1|1|1,True,True,True,True,True,0.000982,,even_char; semisimple,defect_a_even_char
EV-062,256,2,8,5,156,156,even,0,5,1,156,1,5,1,True,True,True,True,True,0.000264,,even_char; semisimple,defect_a_even_char
EV-062,256,2,8,5,157,191,even,0,5,1,191,1,5,1,True,True,True,True,True,0.000281,,even_char; semisimple,defect_a_even_char
EV-062,256,2,8,5,158,218,even,0,5,1,218,1,5,1,True,True,True,True,True,0.000285,,even_char; semisimple,defect_a_even_char
EV-062,256,2,8,5,159,117,even,0,5,1,117,1,5,1,True,True,True,True,True,0.000285,,even_char; semisimple,defect_a_even_char
EV-062,256,2,8,5,160,159,even,0,5,1,159,5,1|1|1|1|1,1|1|1|1|1,True,True,True,True,True,0.000655,,even_char; semisimple,defect_a_even_char
EV-062,256,2,8,5,161,186,even,0,5,1,186,1,5,1,True,True,True,True,True,0.000282,,even_char; semisimple,defect_a_even_char
EV-062,256,2,8,5,162,213,even,0,5,1,213,1,5,1,True,True,True,True,True,0.000243,,even_char; semisimple,defect_a_even_char
EV-062,256,2,8,5,163,100,even,0,5,1,100,1,5,1,True,True,True,True,True,0.000238,,even_char; semisimple,defect_a_even_char
EV-062,256,2,8,5,164,172,even,0,5,1,172,1,5,1,True,True,True,True,True,0.000244,,even_char; semisimple,defect_a_even_char
EV-062,256,2,8,5,165,239,even,0,5,1,239,5,1|1|1|1|1,1|1|1|1|1,True,True,True,True,True,0.000751,,even_char; semisimple,defect_a_even_char
EV-062,256,2,8,5,166,42,even,0,5,1,42,1,5,1,True,True,True,True,True,0.000243,,even_char; semisimple,defect_a_even_char
EV-062,256,2,8,5,167,126,even,0,5,1,126,1,5,1,True,True,True,True,True,0.000277,,even_char; semisimple,defect_a_even_char
EV-062,256,2,8,5,168,130,even,0,5,1,130,1,5,1,True,True,True,True,True,0.000312,,even_char; semisimple,defect_a_even_char
EV-062,256,2,8,5,169,157,even,0,5,1,157,1,5,1,True,True,True,True,True,0.000404,,even_char; semisimple,defect_a_even_char
EV-062,256,2,8,5,170,188,even,0,5,1,188,5,1|1|1|1|1,1|1|1|1|1,True,True,True,True,True,0.001408,,even_char; semisimple,defect_a_even_char
EV-062,256,2,8,5,171,223,even,0,5,1,223,1,5,1,True,True,True,True,True,0.000374,,even_char; semisimple,defect_a_even_char
EV-062,256,2,8,5,172,122,even,0,5,1,122,1,5,1,True,True,True,True,True,0.000431,,even_char; semisimple,defect_a_even_char
EV-062,256,2,8,5,173,142,even,0,5,1,142,1,5,1,True,True,True,True,True,0.000288,,even_char; semisimple,defect_a_even_char
EV-062,256,2,8,5,174,137,even,0,5,1,137,1,5,1,True,True,True,True,True,0.000252,,even_char; semisimple,defect_a_even_char
EV-062,256,2,8,5,175,128,even,0,5,1,128,5,1|1|1|1|1,1|1|1|1|1,True,True,True,True,True,0.001378,,even_char; semisimple,defect_a_even_char
EV-062,256,2,8,5,176,155,even,0,5,1,155,1,5,1,True,True,True,True,True,0.000289,,even_char; semisimple,defect_a_even_char
EV-062,256,2,8,5,177,182,even,0,5,1,182,1,5,1,True,True,True,True,True,0.000282,,even_char; semisimple,defect_a_even_char
EV-062,256,2,8,5,178,193,even,0,5,1,193,1,5,1,True,True,True,True,True,0.000326,,even_char; semisimple,defect_a_even_char
EV-062,256,2,8,5,179,88,even,0,5,1,88,1,5,1,True,True,True,True,True,0.000284,,even_char; semisimple,defect_a_even_char
EV-062,256,2,8,5,180,232,even,0,5,1,232,5,1|1|1|1|1,1|1|1|1|1,True,True,True,True,True,0.00095,,even_char; semisimple,defect_a_even_char
EV-062,256,2,8,5,181,35,even,0,5,1,35,1,5,1,True,True,True,True,True,0.000256,,even_char; semisimple,defect_a_even_char
EV-062,256,2,8,5,182,101,even,0,5,1,101,1,5,1,True,True,True,True,True,0.000242,,even_char; semisimple,defect_a_even_char
EV-062,256,2,8,5,183,175,even,0,5,1,175,1,5,1,True,True,True,True,True,0.000268,,even_char; semisimple,defect_a_even_char
EV-062,256,2,8,5,184,234,even,0,5,1,234,1,5,1,True,True,True,True,True,0.000237,,even_char; semisimple,defect_a_even_char
EV-062,256,2,8,5,185,37,even,0,5,1,37,5,1|1|1|1|1,1|1|1|1|1,True,True,True,True,True,0.001112,,even_char; semisimple,defect_a_even_char
EV-062,256,2,8,5,186,111,even,0,5,1,111,1,5,1,True,True,True,True,True,0.000243,,even_char; semisimple,defect_a_even_char
EV-062,256,2,8,5,187,177,even,0,5,1,177,1,5,1,True,True,True,True,True,0.000237,,even_char; semisimple,defect_a_even_char
EV-062,256,2,8,5,188,200,even,0,5,1,200,1,5,1,True,True,True,True,True,0.000267,,even_char; semisimple,defect_a_even_char
EV-062,256,2,8,5,189,67,even,0,5,1,67,1,5,1,True,True,True,True,True,0.000236,,even_char; semisimple,defect_a_even_char
EV-062,256,2,8,5,190,197,even,0,5,1,197,5,1|1|1|1|1,1|1|1|1|1,True,True,True,True,True,0.000749,,even_char; semisimple,defect_a_even_char
EV-062,256,2,8,5,191,84,even,0,5,1,84,1,5,1,True,True,True,True,True,0.000234,,even_char; semisimple,defect_a_even_char
EV-062,256,2,8,5,192,252,even,0,5,1,252,1,5,1,True,True,True,True,True,0.000237,,even_char; semisimple,defect_a_even_char
EV-062,256,2,8,5,193,31,even,0,5,1,31,1,5,1,True,True,True,True,True,0.000231,,even_char; semisimple,defect_a_even_char
EV-062,256,2,8,5,194,33,even,0,5,1,33,1,5,1,True,True,True,True,True,0.000269,,even_char; semisimple,defect_a_even_char
EV-062,256,2,8,5,195,99,even,0,5,1,99,5,1|1|1|1|1,1|1|1|1|1,True,True,True,True,True,0.001209,,even_char; semisimple,defect_a_even_char
EV-062,256,2,8,5,196,165,even,0,5,1,165,1,5,1,True,True,True,True,True,0.000393,,even_char; semisimple,defect_a_even_char
EV-062,256,2,8,5,197,244,even,0,5,1,244,1,5,1,True,True,True,True,True,0.000423,,even_char; semisimple,defect_a_even_char
EV-062,256,2,8,5,198,7,even,0,5,1,7,1,5,1,True,True,True,True,True,0.000389,,even_char; semisimple,defect_a_even_char
EV-062,256,2,8,5,199,9,even,0,5,1,9,1,5,1,True,True,True,True,True,0.000369,,even_char; semisimple,defect_a_even_char
EV-062,256,2,8,5,200,27,even,0,5,1,27,5,1|1|1|1|1,1|1|1|1|1,True,True,True,True,True,0.00163,,even_char; semisimple,defect_a_even_char
EV-062,256,2,8,5,201,45,even,0,5,1,45,1,5,1,True,True,True,True,True,0.00028,,even_char; semisimple,defect_a_even_char
EV-062,256,2,8,5,202,119,even,0,5,1,119,1,5,1,True,True,True,True,True,0.000263,,even_char; semisimple,defect_a_even_char
EV-062,256,2,8,5,203,153,even,0,5,1,153,1,5,1,True,True,True,True,True,0.000262,,even_char; semisimple,defect_a_even_char
EV-062,256,2,8,5,204,176,even,0,5,1,176,1,5,1,True,True,True,True,True,0.000234,,even_char; semisimple,defect_a_even_char
EV-062,256,2,8,5,205,203,even,0,5,1,203,5,1|1|1|1|1,1|1|1|1|1,True,True,True,True,True,0.000935,,even_char; semisimple,defect_a_even_char
EV-062,256,2,8,5,206,70,even,0,5,1,70,1,5,1,True,True,True,True,True,0.000268,,even_char; semisimple,defect_a_even_char
EV-062,256,2,8,5,207,202,even,0,5,1,202,1,5,1,True,True,True,True,True,0.00027,,even_char; semisimple,defect_a_even_char
EV-062,256,2,8,5,208,69,even,0,5,1,69,1,5,1,True,True,True,True,True,0.000254,,even_char; semisimple,defect_a_even_char
EV-062,256,2,8,5,209,207,even,0,5,1,207,1,5,1,True,True,True,True,True,0.000241,,even_char; semisimple,defect_a_even_char
EV-062,256,2,8,5,210,74,even,0,5,1,74,5,1|1|1|1|1,1|1|1|1|1,True,True,True,True,True,0.000795,,even_char; semisimple,defect_a_even_char
EV-062,256,2,8,5,211,222,even,0,5,1,222,1,5,1,True,True,True,True,True,0.000233,,even_char; semisimple,defect_a_even_char
EV-062,256,2,8,5,212,121,even,0,5,1,121,1,5,1,True,True,True,True,True,0.000295,,even_char; semisimple,defect_a_even_char
EV-062,256,2,8,5,213,139,even,0,5,1,139,1,5,1,True,True,True,True,True,0.000274,,even_char; semisimple,defect_a_even_char
EV-062,256,2,8,5,214,134,even,0,5,1,134,1,5,1,True,True,True,True,True,0.000236,,even_char; semisimple,defect_a_even_char
EV-062,256,2,8,5,215,145,even,0,5,1,145,5,1|1|1|1|1,1|1|1|1|1,True,True,True,True,True,0.000916,,even_char; semisimple,defect_a_even_char
EV-062,256,2,8,5,216,168,even,0,5,1,168,1,5,1,True,True,True,True,True,0.000331,,even_char; semisimple,defect_a_even_char
EV-062,256,2,8,5,217,227,even,0,5,1,227,1,5,1,True,True,True,True,True,0.000367,,even_char; semisimple,defect_a_even_char
EV-062,256,2,8,5,218,62,even,0,5,1,62,1,5,1,True,True,True,True,True,0.000232,,even_char; semisimple,defect_a_even_char
EV-062,256,2,8,5,219,66,even,0,5,1,66,1,5,1,True,True,True,True,True,0.000263,,even_char; semisimple,defect_a_even_char
EV-062,256,2,8,5,220,198,even,0,5,1,198,5,1|1|1|1|1,1|1|1|1|1,True,True,True,True,True,0.00131,,even_char; semisimple,defect_a_even_char
EV-062,256,2,8,5,221,81,even,0,5,1,81,1,5,1,True,True,True,True,True,0.000401,,even_char; semisimple,defect_a_even_char
EV-062,256,2,8,5,222,243,even,0,5,1,243,1,5,1,True,True,True,True,True,0.000358,,even_char; semisimple,defect_a_even_char
EV-062,256,2,8,5,223,14,even,0,5,1,14,1,5,1,True,True,True,True,True,0.000396,,even_char; semisimple,defect_a_even_char
EV-062,256,2,8,5,224,18,even,0,5,1,18,1,5,1,True,True,True,True,True,0.000392,,even_char; semisimple,defect_a_even_char
EV-062,256,2,8,5,225,54,even,0,5,1,54,5,1|1|1|1|1,1|1|1|1|1,True,True,True,True,True,0.001131,,even_char; semisimple,defect_a_even_char
EV-062,256,2,8,5,226,90,even,0,5,1,90,1,5,1,True,True,True,True,True,0.000388,,even_char; semisimple,defect_a_even_char
EV-062,256,2,8,5,227,238,even,0,5,1,238,1,5,1,True,True,True,True,True,0.000349,,even_char; semisimple,defect_a_even_char
EV-062,256,2,8,5,228,41,even,0,5,1,41,1,5,1,True,True,True,True,True,0.000405,,even_char; semisimple,defect_a_even_char
EV-062,256,2,8,5,229,123,even,0,5,1,123,1,5,1,True,True,True,True,True,0.000399,,even_char; semisimple,defect_a_even_char
EV-062,256,2,8,5,230,141,even,0,5,1,141,5,1|1|1|1|1,1|1|1|1|1,True,True,True,True,True,0.001278,,even_char; semisimple,defect_a_even_char
EV-062,256,2,8,5,231,140,even,0,5,1,140,1,5,1,True,True,True,True,True,0.000353,,even_char; semisimple,defect_a_even_char
EV-062,256,2,8,5,232,143,even,0,5,1,143,1,5,1,True,True,True,True,True,0.000382,,even_char; semisimple,defect_a_even_char
EV-062,256,2,8,5,233,138,even,0,5,1,138,1,5,1,True,True,True,True,True,0.000355,,even_char; semisimple,defect_a_even_char
EV-062,256,2,8,5,234,133,even,0,5,1,133,1,5,1,True,True,True,True,True,0.00035,,even_char; semisimple,defect_a_even_char
EV-062,256,2,8,5,235,148,even,0,5,1,148,5,1|1|1|1|1,1|1|1|1|1,True,True,True,True,True,0.001587,,even_char; semisimple,defect_a_even_char
EV-062,256,2,8,5,236,167,even,0,5,1,167,1,5,1,True,True,True,True,True,0.000351,,even_char; semisimple,defect_a_even_char
EV-062,256,2,8,5,237,242,even,0,5,1,242,1,5,1,True,True,True,True,True,0.000387,,even_char; semisimple,defect_a_even_char
EV-062,256,2,8,5,238,13,even,0,5,1,13,1,5,1,True,True,True,True,True,0.000356,,even_char; semisimple,defect_a_even_char
EV-062,256,2,8,5,239,23,even,0,5,1,23,1,5,1,True,True,True,True,True,0.000384,,even_char; semisimple,defect_a_even_char
EV-062,256,2,8,5,240,57,even,0,5,1,57,5,1|1|1|1|1,1|1|1|1|1,True,True,True,True,True,0.001343,,even_char; semisimple,defect_a_even_char
EV-062,256,2,8,5,241,75,even,0,5,1,75,1,5,1,True,True,True,True,True,0.000442,,even_char; semisimple,defect_a_even_char
EV-062,256,2,8,5,242,221,even,0,5,1,221,1,5,1,True,True,True,True,True,0.000416,,even_char; semisimple,defect_a_even_char
EV-062,256,2,8,5,243,124,even,0,5,1,124,1,5,1,True,True,True,True,True,0.000403,,even_char; semisimple,defect_a_even_char
EV-062,256,2,8,5,244,132,even,0,5,1,132,1,5,1,True,True,True,True,True,0.00042,,even_char; semisimple,defect_a_even_char
EV-062,256,2,8,5,245,151,even,0,5,1,151,5,1|1|1|1|1,1|1|1|1|1,True,True,True,True,True,0.001222,,even_char; semisimple,defect_a_even_char
EV-062,256,2,8,5,246,162,even,0,5,1,162,1,5,1,True,True,True,True,True,0.000344,,even_char; semisimple,defect_a_even_char
EV-062,256,2,8,5,247,253,even,0,5,1,253,1,5,1,True,True,True,True,True,0.000254,,even_char; semisimple,defect_a_even_char
EV-062,256,2,8,5,248,28,even,0,5,1,28,1,5,1,True,True,True,True,True,0.000293,,even_char; semisimple,defect_a_even_char
EV-062,256,2,8,5,249,36,even,0,5,1,36,1,5,1,True,True,True,True,True,0.00024,,even_char; semisimple,defect_a_even_char
EV-062,256,2,8,5,250,108,even,0,5,1,108,5,1|1|1|1|1,1|1|1|1|1,True,True,True,True,True,0.001352,,even_char; semisimple,defect_a_even_char
EV-062,256,2,8,5,251,180,even,0,5,1,180,1,5,1,True,True,True,True,True,0.000338,,even_char; semisimple,defect_a_even_char
EV-062,256,2,8,5,252,199,even,0,5,1,199,1,5,1,True,True,True,True,True,0.000364,,even_char; semisimple,defect_a_even_char
EV-062,256,2,8,5,253,82,even,0,5,1,82,1,5,1,True,True,True,True,True,0.00024,,even_char; semisimple,defect_a_even_char
EV-062,256,2,8,5,254,246,even,0,5,1,246,1,5,1,True,True,True,True,True,0.000299,,even_char; semisimple,defect_a_even_char
EV-063,256,2,8,7,0,1,even,0,7,1,1,3,1|3|3,1|1|1,True,True,True,True,True,0.000696,,even_char; semisimple,defect_a_even_char
EV-063,256,2,8,7,1,3,even,0,7,1,3,3,1|3|3,1|1|1,True,True,True,True,True,0.000805,,even_char; semisimple,defect_a_even_char
EV-063,256,2,8,7,2,5,even,0,7,1,5,3,1|3|3,1|1|1,True,True,True,True,True,0.001269,,even_char; semisimple,defect_a_even_char
EV-063,256,2,8,7,3,15,even,0,7,1,15,3,1|3|3,1|1|1,True,True,True,True,True,0.001171,,even_char; semisimple,defect_a_even_char
EV-063,256,2,8,7,4,17,even,0,7,1,17,3,1|3|3,1|1|1,True,True,True,True,True,0.000731,,even_char; semisimple,defect_a_even_char
EV-063,256,2,8,7,5,51,even,0,7,1,51,3,1|3|3,1|1|1,True,True,True,True,True,0.001543,,even_char; semisimple,defect_a_even_char
EV-063,256,2,8,7,6,85,even,0,7,1,85,3,1|3|3,1|1|1,True,True,True,True,True,0.001325,,even_char; semisimple,defect_a_even_char
EV-063,256,2,8,7,7,255,even,0,7,1,255,3,1|3|3,1|1|1,True,True,True,True,True,0.001402,,even_char; semisimple,defect_a_even_char
EV-063,256,2,8,7,8,26,even,0,7,1,26,3,1|3|3,1|1|1,True,True,True,True,True,0.001031,,even_char; semisimple,defect_a_even_char
EV-063,256,2,8,7,9,46,even,0,7,1,46,3,1|3|3,1|1|1,True,True,True,True,True,0.000994,,even_char; semisimple,defect_a_even_char
EV-063,256,2,8,7,10,114,even,0,7,1,114,3,1|3|3,1|1|1,True,True,True,True,True,0.000688,,even_char; semisimple,defect_a_even_char
EV-063,256,2,8,7,11,150,even,0,7,1,150,3,1|3|3,1|1|1,True,True,True,True,True,0.00105,,even_char; semisimple,defect_a_even_char
EV-063,256,2,8,7,12,161,even,0,7,1,161,3,1|3|3,1|1|1,True,True,True,True,True,0.001093,,even_char; semisimple,defect_a_even_char
EV-063,256,2,8,7,13,248,even,0,7,1,248,3,1|3|3,1|1|1,True,True,True,True,True,0.000707,,even_char; semisimple,defect_a_even_char
EV-063,256,2,8,7,14,19,even,0,7,1,19,3,1|3|3,1|1|1,True,True,True,True,True,0.001024,,even_char; semisimple,defect_a_even_char
EV-063,256,2,8,7,15,53,even,0,7,1,53,3,1|3|3,1|1|1,True,True,True,True,True,0.0007,,even_char; semisimple,defect_a_even_char
EV-063,256,2,8,7,16,95,even,0,7,1,95,3,1|3|3,1|1|1,True,True,True,True,True,0.00096,,even_char; semisimple,defect_a_even_char
EV-063,256,2,8,7,17,225,even,0,7,1,225,3,1|3|3,1|1|1,True,True,True,True,True,0.001166,,even_char; semisimple,defect_a_even_char
EV-063,256,2,8,7,18,56,even,0,7,1,56,3,1|3|3,1|1|1,True,True,True,True,True,0.001115,,even_char; semisimple,defect_a_even_char
EV-063,256,2,8,7,19,72,even,0,7,1,72,3,1|3|3,1|1|1,True,True,True,True,True,0.001117,,even_char; semisimple,defect_a_even_char
EV-063,256,2,8,7,20,216,even,0,7,1,216,3,1|3|3,1|1|1,True,True,True,True,True,0.000778,,even_char; semisimple,defect_a_even_char
EV-063,256,2,8,7,21,115,even,0,7,1,115,3,1|3|3,1|1|1,True,True,True,True,True,0.000795,,even_char; semisimple,defect_a_even_char
EV-063,256,2,8,7,22,149,even,0,7,1,149,3,1|3|3,1|1|1,True,True,True,True,True,0.000954,,even_char; semisimple,defect_a_even_char
EV-063,256,2,8,7,23,164,even,0,7,1,164,3,1|3|3,1|1|1,True,True,True,True,True,0.000809,,even_char; semisimple,defect_a_even_char
EV-063,256,2,8,7,24,247,even,0,7,1,247,3,1|3|3,1|1|1,True,True,True,True,True,0.000747,,even_char; semisimple,defect_a_even_char
EV-063,256,2,8,7,25,2,even,0,7,1,2,3,1|3|3,1|1|1,True,True,True,True,True,0.000975,,even_char; semisimple,defect_a_even_char
EV-063,256,2,8,7,26,6,even,0,7,1,6,3,1|3|3,1|1|1,True,True,True,True,True,0.00079,,even_char; semisimple,defect_a_even_char
EV-063,256,2,8,7,27,10,even,0,7,1,10,3,1|3|3,1|1|1,True,True,True,True,True,0.000915,,even_char; semisimple,defect_a_even_char
EV-063,256,2,8,7,28,30,even,0,7,1,30,3,1|3|3,1|1|1,True,True,True,True,True,0.000981,,even_char; semisimple,defect_a_even_char
EV-063,256,2,8,7,29,34,even,0,7,1,34,3,1|3|3,1|1|1,True,True,True,True,True,0.000695,,even_char; semisimple,defect_a_even_char
EV-063,256,2,8,7,30,102,even,0,7,1,102,3,1|3|3,1|1|1,True,True,True,True,True,0.001328,,even_char; semisimple,defect_a_even_char
EV-063,256,2,8,7,31,170,even,0,7,1,170,3,1|3|3,1|1|1,True,True,True,True,True,0.001071,,even_char; semisimple,defect_a_even_char
EV-063,256,2,8,7,32,229,even,0,7,1,229,3,1|3|3,1|1|1,True,True,True,True,True,0.000814,,even_char; semisimple,defect_a_even_char
EV-063,256,2,8,7,33,52,even,0,7,1,52,3,1|3|3,1|1|1,True,True,True,True,True,0.001537,,even_char; semisimple,defect_a_even_char
EV-063,256,2,8,7,34,92,even,0,7,1,92,3,1|3|3,1|1|1,True,True,True,True,True,0.001054,,even_char; semisimple,defect_a_even_char
EV-063,256,2,8,7,35,228,even,0,7,1,228,3,1|3|3,1|1|1,True,True,True,True,True,0.000856,,even_char; semisimple,defect_a_even_char
EV-063,256,2,8,7,36,55,even,0,7,1,55,3,1|3|3,1|1|1,True,True,True,True,True,0.001007,,even_char; semisimple,defect_a_even_char
EV-063,256,2,8,7,37,89,even,0,7,1,89,3,1|3|3,1|1|1,True,True,True,True,True,0.001103,,even_char; semisimple,defect_a_even_char
EV-063,256,2,8,7,38,235,even,0,7,1,235,3,1|3|3,1|1|1,True,True,True,True,True,0.001206,,even_char; semisimple,defect_a_even_char
EV-063,256,2,8,7,39,38,even,0,7,1,38,3,1|3|3,1|1|1,True,True,True,True,True,0.001288,,even_char; semisimple,defect_a_even_char
EV-063,256,2,8,7,40,106,even,0,7,1,106,3,1|3|3,1|1|1,True,True,True,True,True,0.000972,,even_char; semisimple,defect_a_even_char
EV-063,256,2,8,7,41,190,even,0,7,1,190,3,1|3|3,1|1|1,True,True,True,True,True,0.00131,,even_char; semisimple,defect_a_even_char
EV-063,256,2,8,7,42,217,even,0,7,1,217,3,1|3|3,1|1|1,True,True,True,True,True,0.000963,,even_char; semisimple,defect_a_even_char
EV-063,256,2,8,7,43,112,even,0,7,1,112,3,1|3|3,1|1|1,True,True,True,True,True,0.000984,,even_char; semisimple,defect_a_even_char
EV-063,256,2,8,7,44,144,even,0,7,1,144,3,1|3|3,1|1|1,True,True,True,True,True,0.001336,,even_char; semisimple,defect_a_even_char
EV-063,256,2,8,7,45,171,even,0,7,1,171,3,1|3|3,1|1|1,True,True,True,True,True,0.000702,,even_char; semisimple,defect_a_even_char
EV-063,256,2,8,7,46,230,even,0,7,1,230,3,1|3|3,1|1|1,True,True,True,True,True,0.001618,,even_char; semisimple,defect_a_even_char
EV-063,256,2,8,7,47,49,even,0,7,1,49,3,1|3|3,1|1|1,True,True,True,True,True,0.001,,even_char; semisimple,defect_a_even_char
EV-063,256,2,8,7,48,83,even,0,7,1,83,3,1|3|3,1|1|1,True,True,True,True,True,0.001064,,even_char; semisimple,defect_a_even_char
EV-063,256,2,8,7,49,245,even,0,7,1,245,3,1|3|3,1|1|1,True,True,True,True,True,0.001219,,even_char; semisimple,defect_a_even_char
EV-063,256,2,8,7,50,4,even,0,7,1,4,3,1|3|3,1|1|1,True,True,True,True,True,0.001954,,even_char; semisimple,defect_a_even_char
EV-063,256,2,8,7,51,12,even,0,7,1,12,3,1|3|3,1|1|1,True,True,True,True,True,0.000844,,even_char; semisimple,defect_a_even_char
EV-063,256,2,8,7,52,20,even,0,7,1,20,3,1|3|3,1|1|1,True,True,True,True,True,0.001558,,even_char; semisimple,defect_a_even_char
EV-063,256,2,8,7,53,60,even,0,7,1,60,3,1|3|3,1|1|1,True,True,True,True,True,0.001013,,even_char; semisimple,defect_a_even_char
EV-063,256,2,8,7,54,68,even,0,7,1,68,3,1|3|3,1|1|1,True,True,True,True,True,0.001374,,even_char; semisimple,defect_a_even_char
EV-063,256,2,8,7,55,204,even,0,7,1,204,3,1|3|3,1|1|1,True,True,True,True,True,0.001333,,even_char; semisimple,defect_a_even_char
EV-063,256,2,8,7,56,79,even,0,7,1,79,3,1|3|3,1|1|1,True,True,True,True,True,0.001559,,even_char; semisimple,defect_a_even_char
EV-063,256,2,8,7,57,209,even,0,7,1,209,3,1|3|3,1|1|1,True,True,True,True,True,0.001537,,even_char; semisimple,defect_a_even_char
EV-063,256,2,8,7,58,104,even,0,7,1,104,3,1|3|3,1|1|1,True,True,True,True,True,0.001379,,even_char; semisimple,defect_a_even_char
EV-063,256,2,8,7,59,184,even,0,7,1,184,3,1|3|3,1|1|1,True,True,True,True,True,0.00226,,even_char; semisimple,defect_a_even_char
EV-063,256,2,8,7,60,211,even,0,7,1,211,3,1|3|3,1|1|1,True,True,True,True,True,0.002441,,even_char; semisimple,defect_a_even_char
EV-063,256,2,8,7,61,110,even,0,7,1,110,3,1|3|3,1|1|1,True,True,True,True,True,0.001121,,even_char; semisimple,defect_a_even_char
EV-063,256,2,8,7,62,178,even,0,7,1,178,3,1|3|3,1|1|1,True,True,True,True,True,0.001083,,even_char; semisimple,defect_a_even_char
EV-063,256,2,8,7,63,205,even,0,7,1,205,3,1|3|3,1|1|1,True,True,True,True,True,0.001069,,even_char; semisimple,defect_a_even_char
EV-063,256,2,8,7,64,76,even,0,7,1,76,3,1|3|3,1|1|1,True,True,True,True,True,0.001052,,even_char; semisimple,defect_a_even_char
EV-063,256,2,8,7,65,212,even,0,7,1,212,3,1|3|3,1|1|1,True,True,True,True,True,0.001147,,even_char; semisimple,defect_a_even_char
EV-063,256,2,8,7,66,103,even,0,7,1,103,3,1|3|3,1|1|1,True,True,True,True,True,0.000873,,even_char; semisimple,defect_a_even_char
EV-063,256,2,8,7,67,169,even,0,7,1,169,3,1|3|3,1|1|1,True,True,True,True,True,0.001059,,even_char; semisimple,defect_a_even_char
EV-063,256,2,8,7,68,224,even,0,7,1,224,3,1|3|3,1|1|1,True,True,True,True,True,0.001703,,even_char; semisimple,defect_a_even_char
EV-063,256,2,8,7,69,59,even,0,7,1,59,3,1|3|3,1|1|1,True,True,True,True,True,0.000824,,even_char; semisimple,defect_a_even_char
EV-063,256,2,8,7,70,77,even,0,7,1,77,3,1|3|3,1|1|1,True,True,True,True,True,0.000875,,even_char; semisimple,defect_a_even_char
EV-063,256,2,8,7,71,215,even,0,7,1,215,3,1|3|3,1|1|1,True,True,True,True,True,0.000771,,even_char; semisimple,defect_a_even_char
EV-063,256,2,8,7,72,98,even,0,7,1,98,3,1|3|3,1|1|1,True,True,True,True,True,0.001007,,even_char; semisimple,defect_a_even_char
EV-063,256,2,8,7,73,166,even,0,7,1,166,3,1|3|3,1|1|1,True,True,True,True,True,0.000908,,even_char; semisimple,defect_a_even_char
EV-063,256,2,8,7,74,241,even,0,7,1,241,3,1|3|3,1|1|1,True,True,True,True,True,0.001375,,even_char; semisimple,defect_a_even_char
EV-063,256,2,8,7,75,8,even,0,7,1,8,3,1|3|3,1|1|1,True,True,True,True,True,0.000919,,even_char; semisimple,defect_a_even_char
EV-063,256,2,8,7,76,24,even,0,7,1,24,3,1|3|3,1|1|1,True,True,True,True,True,0.001352,,even_char; semisimple,defect_a_even_char
EV-063,256,2,8,7,77,40,even,0,7,1,40,3,1|3|3,1|1|1,True,True,True,True,True,0.000676,,even_char; semisimple,defect_a_even_char
EV-063,256,2,8,7,78,120,even,0,7,1,120,3,1|3|3,1|1|1,True,True,True,True,True,0.000692,,even_char; semisimple,defect_a_even_char
EV-063,256,2,8,7,79,136,even,0,7,1,136,3,1|3|3,1|1|1,True,True,True,True,True,0.000721,,even_char; semisimple,defect_a_even_char
EV-063,256,2,8,7,80,131,even,0,7,1,131,3,1|3|3,1|1|1,True,True,True,True,True,0.000667,,even_char; semisimple,defect_a_even_char
EV-063,256,2,8,7,81,158,even,0,7,1,158,3,1|3|3,1|1|1,True,True,True,True,True,0.00079,,even_char; semisimple,defect_a_even_char
EV-063,256,2,8,7,82,185,even,0,7,1,185,3,1|3|3,1|1|1,True,True,True,True,True,0.000719,,even_char; semisimple,defect_a_even_char
EV-063,256,2,8,7,83,208,even,0,7,1,208,3,1|3|3,1|1|1,True,True,True,True,True,0.001857,,even_char; semisimple,defect_a_even_char
EV-063,256,2,8,7,84,107,even,0,7,1,107,3,1|3|3,1|1|1,True,True,True,True,True,0.001564,,even_char; semisimple,defect_a_even_char
EV-063,256,2,8,7,85,189,even,0,7,1,189,3,1|3|3,1|1|1,True,True,True,True,True,0.001013,,even_char; semisimple,defect_a_even_char
EV-063,256,2,8,7,86,220,even,0,7,1,220,3,1|3|3,1|1|1,True,True,True,True,True,0.00082,,even_char; semisimple,defect_a_even_char
EV-063,256,2,8,7,87,127,even,0,7,1,127,3,1|3|3,1|1|1,True,True,True,True,True,0.001058,,even_char; semisimple,defect_a_even_char
EV-063,256,2,8,7,88,129,even,0,7,1,129,3,1|3|3,1|1|1,True,True,True,True,True,0.001023,,even_char; semisimple,defect_a_even_char
EV-063,256,2,8,7,89,152,even,0,7,1,152,3,1|3|3,1|1|1,True,True,True,True,True,0.00141,,even_char; semisimple,defect_a_even_char
EV-063,256,2,8,7,90,179,even,0,7,1,179,3,1|3|3,1|1|1,True,True,True,True,True,0.001132,,even_char; semisimple,defect_a_even_char
EV-063,256,2,8,7,91,206,even,0,7,1,206,3,1|3|3,1|1|1,True,True,True,True,True,0.001086,,even_char; semisimple,defect_a_even_char
EV-063,256,2,8,7,92,73,even,0,7,1,73,3,1|3|3,1|1|1,True,True,True,True,True,0.001356,,even_char; semisimple,defect_a_even_char
EV-063,256,2,8,7,93,219,even,0,7,1,219,3,1|3|3,1|1|1,True,True,True,True,True,0.000783,,even_char; semisimple,defect_a_even_char
EV-063,256,2,8,7,94,118,even,0,7,1,118,3,1|3|3,1|1|1,True,True,True,True,True,0.000772,,even_char; semisimple,defect_a_even_char
EV-063,256,2,8,7,95,154,even,0,7,1,154,3,1|3|3,1|1|1,True,True,True,True,True,0.001165,,even_char; semisimple,defect_a_even_char
EV-063,256,2,8,7,96,181,even,0,7,1,181,3,1|3|3,1|1|1,True,True,True,True,True,0.00078,,even_char; semisimple,defect_a_even_char
EV-063,256,2,8,7,97,196,even,0,7,1,196,3,1|3|3,1|1|1,True,True,True,True,True,0.000781,,even_char; semisimple,defect_a_even_char
EV-063,256,2,8,7,98,87,even,0,7,1,87,3,1|3|3,1|1|1,True,True,True,True,True,0.002099,,even_char; semisimple,defect_a_even_char
EV-063,256,2,8,7,99,249,even,0,7,1,249,3,1|3|3,1|1|1,True,True,True,True,True,0.001112,,even_char; semisimple,defect_a_even_char
EV-063,256,2,8,7,100,16,even,0,7,1,16,3,1|3|3,1|1|1,True,True,True,True,True,0.001744,,even_char; semisimple,defect_a_even_char
EV-063,256,2,8,7,101,48,even,0,7,1,48,3,1|3|3,1|1|1,True,True,True,True,True,0.000853,,even_char; semisimple,defect_a_even_char
EV-063,256,2,8,7,102,80,even,0,7,1,80,3,1|3|3,1|1|1,True,True,True,True,True,0.001006,,even_char; semisimple,defect_a_even_char
EV-063,256,2,8,7,103,240,even,0,7,1,240,3,1|3|3,1|1|1,True,True,True,True,True,0.002098,,even_char; semisimple,defect_a_even_char
EV-063,256,2,8,7,104,11,even,0,7,1,11,3,1|3|3,1|1|1,True,True,True,True,True,0.001256,,even_char; semisimple,defect_a_even_char
EV-063,256,2,8,7,105,29,even,0,7,1,29,3,1|3|3,1|1|1,True,True,True,True,True,0.001632,,even_char; semisimple,defect_a_even_char
EV-063,256,2,8,7,106,39,even,0,7,1,39,3,1|3|3,1|1|1,True,True,True,True,True,0.001034,,even_char; semisimple,defect_a_even_char
EV-063,256,2,8,7,107,105,even,0,7,1,105,3,1|3|3,1|1|1,True,True,True,True,True,0.001048,,even_char; semisimple,defect_a_even_char
EV-063,256,2,8,7,108,187,even,0,7,1,187,3,1|3|3,1|1|1,True,True,True,True,True,0.001628,,even_char; semisimple,defect_a_even_char
EV-063,256,2,8,7,109,214,even,0,7,1,214,3,1|3|3,1|1|1,True,True,True,True,True,0.001338,,even_char; semisimple,defect_a_even_char
EV-063,256,2,8,7,110,97,even,0,7,1,97,3,1|3|3,1|1|1,True,True,True,True,True,0.001122,,even_char; semisimple,defect_a_even_char
EV-063,256,2,8,7,111,163,even,0,7,1,163,3,1|3|3,1|1|1,True,True,True,True,True,0.001023,,even_char; semisimple,defect_a_even_char
EV-063,256,2,8,7,112,254,even,0,7,1,254,3,1|3|3,1|1|1,True,True,True,True,True,0.000724,,even_char; semisimple,defect_a_even_char
EV-063,256,2,8,7,113,25,even,0,7,1,25,3,1|3|3,1|1|1,True,True,True,True,True,0.001045,,even_char; semisimple,defect_a_even_char
EV-063,256,2,8,7,114,43,even,0,7,1,43,3,1|3|3,1|1|1,True,True,True,True,True,0.00095,,even_char; semisimple,defect_a_even_char
EV-063,256,2,8,7,115,125,even,0,7,1,125,3,1|3|3,1|1|1,True,True,True,True,True,0.001176,,even_char; semisimple,defect_a_even_char
EV-063,256,2,8,7,116,135,even,0,7,1,135,3,1|3|3,1|1|1,True,True,True,True,True,0.001008,,even_char; semisimple,defect_a_even_char
EV-063,256,2,8,7,117,146,even,0,7,1,146,3,1|3|3,1|1|1,True,True,True,True,True,0.00089,,even_char; semisimple,defect_a_even_char
EV-063,256,2,8,7,118,173,even,0,7,1,173,3,1|3|3,1|1|1,True,True,True,True,True,0.000981,,even_char; semisimple,defect_a_even_char
EV-063,256,2,8,7,119,236,even,0,7,1,236,3,1|3|3,1|1|1,True,True,True,True,True,0.000969,,even_char; semisimple,defect_a_even_char
EV-063,256,2,8,7,120,47,even,0,7,1,47,3,1|3|3,1|1|1,True,True,True,True,True,0.001075,,even_char; semisimple,defect_a_even_char
EV-063,256,2,8,7,121,113,even,0,7,1,113,3,1|3|3,1|1|1,True,True,True,True,True,0.001155,,even_char; semisimple,defect_a_even_char
EV-063,256,2,8,7,122,147,even,0,7,1,147,3,1|3|3,1|1|1,True,True,True,True,True,0.000888,,even_char; semisimple,defect_a_even_char
EV-063,256,2,8,7,123,174,even,0,7,1,174,3,1|3|3,1|1|1,True,True,True,True,True,0.001224,,even_char; semisimple,defect_a_even_char
EV-063,256,2,8,7,124,233,even,0,7,1,233,3,1|3|3,1|1|1,True,True,True,True,True,0.000734,,even_char; semisimple,defect_a_even_char
EV-063,256,2,8,7,125,32,even,0,7,1,32,3,1|3|3,1|1|1,True,True,True,True,True,0.000664,,even_char; semisimple,defect_a_even_char
EV-063,256,2,8,7,126,96,even,0,7,1,96,3,1|3|3,1|1|1,True,True,True,True,True,0.000805,,even_char; semisimple,defect_a_even_char
EV-063,256,2,8,7,127,160,even,0,7,1,160,3,1|3|3,1|1|1,True,True,True,True,True,0.000882,,even_char; semisimple,defect_a_even_char
EV-063,256,2,8,7,128,251,even,0,7,1,251,3,1|3|3,1|1|1,True,True,True,True,True,0.001007,,even_char; semisimple,defect_a_even_char
EV-063,256,2,8,7,129,22,even,0,7,1,22,3,1|3|3,1|1|1,True,True,True,True,True,0.001267,,even_char; semisimple,defect_a_even_char
EV-063,256,2,8,7,130,58,even,0,7,1,58,3,1|3|3,1|1|1,True,True,True,True,True,0.000657,,even_char; semisimple,defect_a_even_char
EV-063,256,2,8,7,131,78,even,0,7,1,78,3,1|3|3,1|1|1,True,True,True,True,True,0.000682,,even_char; semisimple,defect_a_even_char
EV-063,256,2,8,7,132,210,even,0,7,1,210,3,1|3|3,1|1|1,True,True,True,True,True,0.000812,,even_char; semisimple,defect_a_even_char
EV-063,256,2,8,7,133,109,even,0,7,1,109,3,1|3|3,1|1|1,True,True,True,True,True,0.001058,,even_char; semisimple,defect_a_even_char
EV-063,256,2,8,7,134,183,even,0,7,1,183,3,1|3|3,1|1|1,True,True,True,True,True,0.00135,,even_char; semisimple,defect_a_even_char
EV-063,256,2,8,7,135,194,even,0,7,1,194,3,1|3|3,1|1|1,True,True,True,True,True,0.00175,,even_char; semisimple,defect_a_even_char
EV-063,256,2,8,7,136,93,even,0,7,1,93,3,1|3|3,1|1|1,True,True,True,True,True,0.000826,,even_char; semisimple,defect_a_even_char
EV-063,256,2,8,7,137,231,even,0,7,1,231,3,1|3|3,1|1|1,True,True,True,True,True,0.000631,,even_char; semisimple,defect_a_even_char
EV-063,256,2,8,7,138,50,even,0,7,1,50,3,1|3|3,1|1|1,True,True,True,True,True,0.000665,,even_char; semisimple,defect_a_even_char
EV-063,256,2,8,7,139,86,even,0,7,1,86,3,1|3|3,1|1|1,True,True,True,True,True,0.000834,,even_char; semisimple,defect_a_even_char
EV-063,256,2,8,7,140,250,even,0,7,1,250,3,1|3|3,1|1|1,True,True,True,True,True,0.000875,,even_char; semisimple,defect_a_even_char
EV-063,256,2,8,7,141,21,even,0,7,1,21,3,1|3|3,1|1|1,True,True,True,True,True,0.000641,,even_char; semisimple,defect_a_even_char
EV-063,256,2,8,7,142,63,even,0,7,1,63,3,1|3|3,1|1|1,True,True,True,True,True,0.001465,,even_char; semisimple,defect_a_even_char
EV-063,256,2,8,7,143,65,even,0,7,1,65,3,1|3|3,1|1|1,True,True,True,True,True,0.000936,,even_char; semisimple,defect_a_even_char
EV-063,256,2,8,7,144,195,even,0,7,1,195,3,1|3|3,1|1|1,True,True,True,True,True,0.000933,,even_char; semisimple,defect_a_even_char
EV-063,256,2,8,7,145,94,even,0,7,1,94,3,1|3|3,1|1|1,True,True,True,True,True,0.000644,,even_char; semisimple,defect_a_even_char
EV-063,256,2,8,7,146,226,even,0,7,1,226,3,1|3|3,1|1|1,True,True,True,True,True,0.000833,,even_char; semisimple,defect_a_even_char
EV-063,256,2,8,7,147,61,even,0,7,1,61,3,1|3|3,1|1|1,True,True,True,True,True,0.000875,,even_char; semisimple,defect_a_even_char
EV-063,256,2,8,7,148,71,even,0,7,1,71,3,1|3|3,1|1|1,True,True,True,True,True,0.001245,,even_char; semisimple,defect_a_even_char
EV-063,256,2,8,7,149,201,even,0,7,1,201,3,1|3|3,1|1|1,True,True,True,True,True,0.000891,,even_char; semisimple,defect_a_even_char
EV-063,256,2,8,7,150,64,even,0,7,1,64,3,1|3|3,1|1|1,True,True,True,True,True,0.000708,,even_char; semisimple,defect_a_even_char
EV-063,256,2,8,7,151,192,even,0,7,1,192,3,1|3|3,1|1|1,True,True,True,True,True,0.000988,,even_char; semisimple,defect_a_even_char
EV-063,256,2,8,7,152,91,even,0,7,1,91,3,1|3|3,1|1|1,True,True,True,True,True,0.000954,,even_char; semisimple,defect_a_even_char
EV-063,256,2,8,7,153,237,even,0,7,1,237,3,1|3|3,1|1|1,True,True,True,True,True,0.001245,,even_char; semisimple,defect_a_even_char
EV-063,256,2,8,7,154,44,even,0,7,1,44,3,1|3|3,1|1|1,True,True,True,True,True,0.000802,,even_char; semisimple,defect_a_even_char
EV-063,256,2,8,7,155,116,even,0,7,1,116,3,1|3|3,1|1|1,True,True,True,True,True,0.000982,,even_char; semisimple,defect_a_even_char
EV-063,256,2,8,7,156,156,even,0,7,1,156,3,1|3|3,1|1|1,True,True,True,True,True,0.001073,,even_char; semisimple,defect_a_even_char
EV-063,256,2,8,7,157,191,even,0,7,1,191,3,1|3|3,1|1|1,True,True,True,True,True,0.000816,,even_char; semisimple,defect_a_even_char
EV-063,256,2,8,7,158,218,even,0,7,1,218,3,1|3|3,1|1|1,True,True,True,True,True,0.001348,,even_char; semisimple,defect_a_even_char
EV-063,256,2,8,7,159,117,even,0,7,1,117,3,1|3|3,1|1|1,True,True,True,True,True,0.000741,,even_char; semisimple,defect_a_even_char
EV-063,256,2,8,7,160,159,even,0,7,1,159,3,1|3|3,1|1|1,True,True,True,True,True,0.000878,,even_char; semisimple,defect_a_even_char
EV-063,256,2,8,7,161,186,even,0,7,1,186,3,1|3|3,1|1|1,True,True,True,True,True,0.000738,,even_char; semisimple,defect_a_even_char
EV-063,256,2,8,7,162,213,even,0,7,1,213,3,1|3|3,1|1|1,True,True,True,True,True,0.001542,,even_char; semisimple,defect_a_even_char
EV-063,256,2,8,7,163,100,even,0,7,1,100,3,1|3|3,1|1|1,True,True,True,True,True,0.001202,,even_char; semisimple,defect_a_even_char
EV-063,256,2,8,7,164,172,even,0,7,1,172,3,1|3|3,1|1|1,True,True,True,True,True,0.000687,,even_char; semisimple,defect_a_even_char
EV-063,256,2,8,7,165,239,even,0,7,1,239,3,1|3|3,1|1|1,True,True,True,True,True,0.001049,,even_char; semisimple,defect_a_even_char
EV-063,256,2,8,7,166,42,even,0,7,1,42,3,1|3|3,1|1|1,True,True,True,True,True,0.000676,,even_char; semisimple,defect_a_even_char
EV-063,256,2,8,7,167,126,even,0,7,1,126,3,1|3|3,1|1|1,True,True,True,True,True,0.000878,,even_char; semisimple,defect_a_even_char
EV-063,256,2,8,7,168,130,even,0,7,1,130,3,1|3|3,1|1|1,True,True,True,True,True,0.00067,,even_char; semisimple,defect_a_even_char
EV-063,256,2,8,7,169,157,even,0,7,1,157,3,1|3|3,1|1|1,True,True,True,True,True,0.000893,,even_char; semisimple,defect_a_even_char
EV-063,256,2,8,7,170,188,even,0,7,1,188,3,1|3|3,1|1|1,True,True,True,True,True,0.001721,,even_char; semisimple,defect_a_even_char
EV-063,256,2,8,7,171,223,even,0,7,1,223,3,1|3|3,1|1|1,True,True,True,True,True,0.001524,,even_char; semisimple,defect_a_even_char
EV-063,256,2,8,7,172,122,even,0,7,1,122,3,1|3|3,1|1|1,True,True,True,True,True,0.000687,,even_char; semisimple,defect_a_even_char
EV-063,256,2,8,7,173,142,even,0,7,1,142,3,1|3|3,1|1|1,True,True,True,True,True,0.001068,,even_char; semisimple,defect_a_even_char
EV-063,256,2,8,7,174,137,even,0,7,1,137,3,1|3|3,1|1|1,True,True,True,True,True,0.000826,,even_char; semisimple,defect_a_even_char
EV-063,256,2,8,7,175,128,even,0,7,1,128,3,1|3|3,1|1|1,True,True,True,True,True,0.000778,,even_char; semisimple,defect_a_even_char
EV-063,256,2,8,7,176,155,even,0,7,1,155,3,1|3|3,1|1|1,True,True,True,True,True,0.000755,,even_char; semisimple,defect_a_even_char
EV-063,256,2,8,7,177,182,even,0,7,1,182,3,1|3|3,1|1|1,True,True,True,True,True,0.001493,,even_char; semisimple,defect_a_even_char
EV-063,256,2,8,7,178,193,even,0,7,1,193,3,1|3|3,1|1|1,True,True,True,True,True,0.001457,,even_char; semisimple,defect_a_even_char
EV-063,256,2,8,7,179,88,even,0,7,1,88,3,1|3|3,1|1|1,True,True,True,True,True,0.001231,,even_char; semisimple,defect_a_even_char
EV-063,256,2,8,7,180,232,even,0,7,1,232,3,1|3|3,1|1|1,True,True,True,True,True,0.000954,,even_char; semisimple,defect_a_even_char
EV-063,256,2,8,7,181,35,even,0,7,1,35,3,1|3|3,1|1|1,True,True,True,True,True,0.000732,,even_char; semisimple,defect_a_even_char
EV-063,256,2,8,7,182,101,even,0,7,1,101,3,1|3|3,1|1|1,True,True,True,True,True,0.000948,,even_char; semisimple,defect_a_even_char
EV-063,256,2,8,7,183,175,even,0,7,1,175,3,1|3|3,1|1|1,True,True,True,True,True,0.00077,,even_char; semisimple,defect_a_even_char
EV-063,256,2,8,7,184,234,even,0,7,1,234,3,1|3|3,1|1|1,True,True,True,True,True,0.001071,,even_char; semisimple,defect_a_even_char
EV-063,256,2,8,7,185,37,even,0,7,1,37,3,1|3|3,1|1|1,True,True,True,True,True,0.000815,,even_char; semisimple,defect_a_even_char
EV-063,256,2,8,7,186,111,even,0,7,1,111,3,1|3|3,1|1|1,True,True,True,True,True,0.000664,,even_char; semisimple,defect_a_even_char
EV-063,256,2,8,7,187,177,even,0,7,1,177,3,1|3|3,1|1|1,True,True,True,True,True,0.000814,,even_char; semisimple,defect_a_even_char
EV-063,256,2,8,7,188,200,even,0,7,1,200,3,1|3|3,1|1|1,True,True,True,True,True,0.000815,,even_char; semisimple,defect_a_even_char
EV-063,256,2,8,7,189,67,even,0,7,1,67,3,1|3|3,1|1|1,True,True,True,True,True,0.000623,,even_char; semisimple,defect_a_even_char
EV-063,256,2,8,7,190,197,even,0,7,1,197,3,1|3|3,1|1|1,True,True,True,True,True,0.000681,,even_char; semisimple,defect_a_even_char
EV-063,256,2,8,7,191,84,even,0,7,1,84,3,1|3|3,1|1|1,True,True,True,True,True,0.001358,,even_char; semisimple,defect_a_even_char
EV-063,256,2,8,7,192,252,even,0,7,1,252,3,1|3|3,1|1|1,True,True,True,True,True,0.001067,,even_char; semisimple,defect_a_even_char
EV-063,256,2,8,7,193,31,even,0,7,1,31,3,1|3|3,1|1|1,True,True,True,True,True,0.001988,,even_char; semisimple,defect_a_even_char
EV-063,256,2,8,7,194,33,even,0,7,1,33,3,1|3|3,1|1|1,True,True,True,True,True,0.00087,,even_char; semisimple,defect_a_even_char
EV-063,256,2,8,7,195,99,even,0,7,1,99,3,1|3|3,1|1|1,True,True,True,True,True,0.00091,,even_char; semisimple,defect_a_even_char
EV-063,256,2,8,7,196,165,even,0,7,1,165,3,1|3|3,1|1|1,True,True,True,True,True,0.001044,,even_char; semisimple,defect_a_even_char
EV-063,256,2,8,7,197,244,even,0,7,1,244,3,1|3|3,1|1|1,True,True,True,True,True,0.000955,,even_char; semisimple,defect_a_even_char
EV-063,256,2,8,7,198,7,even,0,7,1,7,3,1|3|3,1|1|1,True,True,True,True,True,0.000737,,even_char; semisimple,defect_a_even_char
EV-063,256,2,8,7,199,9,even,0,7,1,9,3,1|3|3,1|1|1,True,True,True,True,True,0.001631,,even_char; semisimple,defect_a_even_char
EV-063,256,2,8,7,200,27,even,0,7,1,27,3,1|3|3,1|1|1,True,True,True,True,True,0.000926,,even_char; semisimple,defect_a_even_char
EV-063,256,2,8,7,201,45,even,0,7,1,45,3,1|3|3,1|1|1,True,True,True,True,True,0.000991,,even_char; semisimple,defect_a_even_char
EV-063,256,2,8,7,202,119,even,0,7,1,119,3,1|3|3,1|1|1,True,True,True,True,True,0.000757,,even_char; semisimple,defect_a_even_char
EV-063,256,2,8,7,203,153,even,0,7,1,153,3,1|3|3,1|1|1,True,True,True,True,True,0.001032,,even_char; semisimple,defect_a_even_char
EV-063,256,2,8,7,204,176,even,0,7,1,176,3,1|3|3,1|1|1,True,True,True,True,True,0.000867,,even_char; semisimple,defect_a_even_char
EV-063,256,2,8,7,205,203,even,0,7,1,203,3,1|3|3,1|1|1,True,True,True,True,True,0.000892,,even_char; semisimple,defect_a_even_char
EV-063,256,2,8,7,206,70,even,0,7,1,70,3,1|3|3,1|1|1,True,True,True,True,True,0.001082,,even_char; semisimple,defect_a_even_char
EV-063,256,2,8,7,207,202,even,0,7,1,202,3,1|3|3,1|1|1,True,True,True,True,True,0.000856,,even_char; semisimple,defect_a_even_char
EV-063,256,2,8,7,208,69,even,0,7,1,69,3,1|3|3,1|1|1,True,True,True,True,True,0.0007,,even_char; semisimple,defect_a_even_char
EV-063,256,2,8,7,209,207,even,0,7,1,207,3,1|3|3,1|1|1,True,True,True,True,True,0.001085,,even_char; semisimple,defect_a_even_char
EV-063,256,2,8,7,210,74,even,0,7,1,74,3,1|3|3,1|1|1,True,True,True,True,True,0.000652,,even_char; semisimple,defect_a_even_char
EV-063,256,2,8,7,211,222,even,0,7,1,222,3,1|3|3,1|1|1,True,True,True,True,True,0.00072,,even_char; semisimple,defect_a_even_char
EV-063,256,2,8,7,212,121,even,0,7,1,121,3,1|3|3,1|1|1,True,True,True,True,True,0.000714,,even_char; semisimple,defect_a_even_char
EV-063,256,2,8,7,213,139,even,0,7,1,139,3,1|3|3,1|1|1,True,True,True,True,True,0.000963,,even_char; semisimple,defect_a_even_char
EV-063,256,2,8,7,214,134,even,0,7,1,134,3,1|3|3,1|1|1,True,True,True,True,True,0.000962,,even_char; semisimple,defect_a_even_char
EV-063,256,2,8,7,215,145,even,0,7,1,145,3,1|3|3,1|1|1,True,True,True,True,True,0.000709,,even_char; semisimple,defect_a_even_char
EV-063,256,2,8,7,216,168,even,0,7,1,168,3,1|3|3,1|1|1,True,True,True,True,True,0.000924,,even_char; semisimple,defect_a_even_char
EV-063,256,2,8,7,217,227,even,0,7,1,227,3,1|3|3,1|1|1,True,True,True,True,True,0.000914,,even_char; semisimple,defect_a_even_char
EV-063,256,2,8,7,218,62,even,0,7,1,62,3,1|3|3,1|1|1,True,True,True,True,True,0.000698,,even_char; semisimple,defect_a_even_char
EV-063,256,2,8,7,219,66,even,0,7,1,66,3,1|3|3,1|1|1,True,True,True,True,True,0.000738,,even_char; semisimple,defect_a_even_char
EV-063,256,2,8,7,220,198,even,0,7,1,198,3,1|3|3,1|1|1,True,True,True,True,True,0.000656,,even_char; semisimple,defect_a_even_char
EV-063,256,2,8,7,221,81,even,0,7,1,81,3,1|3|3,1|1|1,True,True,True,True,True,0.00069,,even_char; semisimple,defect_a_even_char
EV-063,256,2,8,7,222,243,even,0,7,1,243,3,1|3|3,1|1|1,True,True,True,True,True,0.000688,,even_char; semisimple,defect_a_even_char
EV-063,256,2,8,7,223,14,even,0,7,1,14,3,1|3|3,1|1|1,True,True,True,True,True,0.000654,,even_char; semisimple,defect_a_even_char
EV-063,256,2,8,7,224,18,even,0,7,1,18,3,1|3|3,1|1|1,True,True,True,True,True,0.001097,,even_char; semisimple,defect_a_even_char
EV-063,256,2,8,7,225,54,even,0,7,1,54,3,1|3|3,1|1|1,True,True,True,True,True,0.000791,,even_char; semisimple,defect_a_even_char
EV-063,256,2,8,7,226,90,even,0,7,1,90,3,1|3|3,1|1|1,True,True,True,True,True,0.000658,,even_char; semisimple,defect_a_even_char
EV-063,256,2,8,7,227,238,even,0,7,1,238,3,1|3|3,1|1|1,True,True,True,True,True,0.000886,,even_char; semisimple,defect_a_even_char
EV-063,256,2,8,7,228,41,even,0,7,1,41,3,1|3|3,1|1|1,True,True,True,True,True,0.001329,,even_char; semisimple,defect_a_even_char
EV-063,256,2,8,7,229,123,even,0,7,1,123,3,1|3|3,1|1|1,True,True,True,True,True,0.001143,,even_char; semisimple,defect_a_even_char
EV-063,256,2,8,7,230,141,even,0,7,1,141,3,1|3|3,1|1|1,True,True,True,True,True,0.000919,,even_char; semisimple,defect_a_even_char
EV-063,256,2,8,7,231,140,even,0,7,1,140,3,1|3|3,1|1|1,True,True,True,True,True,0.000742,,even_char; semisimple,defect_a_even_char
EV-063,256,2,8,7,232,143,even,0,7,1,143,3,1|3|3,1|1|1,True,True,True,True,True,0.000753,,even_char; semisimple,defect_a_even_char
EV-063,256,2,8,7,233,138,even,0,7,1,138,3,1|3|3,1|1|1,True,True,True,True,True,0.000776,,even_char; semisimple,defect_a_even_char
EV-063,256,2,8,7,234,133,even,0,7,1,133,3,1|3|3,1|1|1,True,True,True,True,True,0.001093,,even_char; semisimple,defect_a_even_char
EV-063,256,2,8,7,235,148,even,0,7,1,148,3,1|3|3,1|1|1,True,True,True,True,True,0.000963,,even_char; semisimple,defect_a_even_char
EV-063,256,2,8,7,236,167,even,0,7,1,167,3,1|3|3,1|1|1,True,True,True,True,True,0.000996,,even_char; semisimple,defect_a_even_char
EV-063,256,2,8,7,237,242,even,0,7,1,242,3,1|3|3,1|1|1,True,True,True,True,True,0.001131,,even_char; semisimple,defect_a_even_char
EV-063,256,2,8,7,238,13,even,0,7,1,13,3,1|3|3,1|1|1,True,True,True,True,True,0.000757,,even_char; semisimple,defect_a_even_char
EV-063,256,2,8,7,239,23,even,0,7,1,23,3,1|3|3,1|1|1,True,True,True,True,True,0.000679,,even_char; semisimple,defect_a_even_char
EV-063,256,2,8,7,240,57,even,0,7,1,57,3,1|3|3,1|1|1,True,True,True,True,True,0.000815,,even_char; semisimple,defect_a_even_char
EV-063,256,2,8,7,241,75,even,0,7,1,75,3,1|3|3,1|1|1,True,True,True,True,True,0.00179,,even_char; semisimple,defect_a_even_char
EV-063,256,2,8,7,242,221,even,0,7,1,221,3,1|3|3,1|1|1,True,True,True,True,True,0.001094,,even_char; semisimple,defect_a_even_char
EV-063,256,2,8,7,243,124,even,0,7,1,124,3,1|3|3,1|1|1,True,True,True,True,True,0.000849,,even_char; semisimple,defect_a_even_char
EV-063,256,2,8,7,244,132,even,0,7,1,132,3,1|3|3,1|1|1,True,True,True,True,True,0.002392,,even_char; semisimple,defect_a_even_char
EV-063,256,2,8,7,245,151,even,0,7,1,151,3,1|3|3,1|1|1,True,True,True,True,True,0.000723,,even_char; semisimple,defect_a_even_char
EV-063,256,2,8,7,246,162,even,0,7,1,162,3,1|3|3,1|1|1,True,True,True,True,True,0.000857,,even_char; semisimple,defect_a_even_char
EV-063,256,2,8,7,247,253,even,0,7,1,253,3,1|3|3,1|1|1,True,True,True,True,True,0.0009,,even_char; semisimple,defect_a_even_char
EV-063,256,2,8,7,248,28,even,0,7,1,28,3,1|3|3,1|1|1,True,True,True,True,True,0.000717,,even_char; semisimple,defect_a_even_char
EV-063,256,2,8,7,249,36,even,0,7,1,36,3,1|3|3,1|1|1,True,True,True,True,True,0.000715,,even_char; semisimple,defect_a_even_char
EV-063,256,2,8,7,250,108,even,0,7,1,108,3,1|3|3,1|1|1,True,True,True,True,True,0.000856,,even_char; semisimple,defect_a_even_char
EV-063,256,2,8,7,251,180,even,0,7,1,180,3,1|3|3,1|1|1,True,True,True,True,True,0.00068,,even_char; semisimple,defect_a_even_char
EV-063,256,2,8,7,252,199,even,0,7,1,199,3,1|3|3,1|1|1,True,True,True,True,True,0.001109,,even_char; semisimple,defect_a_even_char
EV-063,256,2,8,7,253,82,even,0,7,1,82,3,1|3|3,1|1|1,True,True,True,True,True,0.001761,,even_char; semisimple,defect_a_even_char
EV-063,256,2,8,7,254,246,even,0,7,1,246,3,1|3|3,1|1|1,True,True,True,True,True,0.001099,,even_char; semisimple,defect_a_even_char
EV-064,256,2,8,9,0,1,even,0,9,1,1,5,1|1|1|3|3,1|1|1|1|1,True,True,True,True,True,0.001236,,even_char; semisimple,defect_a_even_char
EV-064,256,2,8,9,1,3,even,0,9,1,3,1,9,1,True,True,True,True,True,0.000822,,even_char; semisimple,defect_a_even_char
EV-064,256,2,8,9,2,5,even,0,9,1,5,1,9,1,True,True,True,True,True,0.000629,,even_char; semisimple,defect_a_even_char
EV-064,256,2,8,9,3,15,even,0,9,1,15,5,1|1|1|3|3,1|1|1|1|1,True,True,True,True,True,0.001331,,even_char; semisimple,defect_a_even_char
EV-064,256,2,8,9,4,17,even,0,9,1,17,1,9,1,True,True,True,True,True,0.000663,,even_char; semisimple,defect_a_even_char
EV-064,256,2,8,9,5,51,even,0,9,1,51,1,9,1,True,True,True,True,True,0.000668,,even_char; semisimple,defect_a_even_char
EV-064,256,2,8,9,6,85,even,0,9,1,85,5,1|1|1|3|3,1|1|1|1|1,True,True,True,True,True,0.001157,,even_char; semisimple,defect_a_even_char
EV-064,256,2,8,9,7,255,even,0,9,1,255,1,9,1,True,True,True,True,True,0.000675,,even_char; semisimple,defect_a_even_char
EV-064,256,2,8,9,8,26,even,0,9,1,26,1,9,1,True,True,True,True,True,0.000647,,even_char; semisimple,defect_a_even_char
EV-064,256,2,8,9,9,46,even,0,9,1,46,5,1|1|1|3|3,1|1|1|1|1,True,True,True,True,True,0.001187,,even_char; semisimple,defect_a_even_char
EV-064,256,2,8,9,10,114,even,0,9,1,114,1,9,1,True,True,True,True,True,0.00089,,even_char; semisimple,defect_a_even_char
EV-064,256,2,8,9,11,150,even,0,9,1,150,1,9,1,True,True,True,True,True,0.000539,,even_char; semisimple,defect_a_even_char
EV-064,256,2,8,9,12,161,even,0,9,1,161,5,1|1|1|3|3,1|1|1|1|1,True,True,True,True,True,0.001177,,even_char; semisimple,defect_a_even_char
EV-064,256,2,8,9,13,248,even,0,9,1,248,1,9,1,True,True,True,True,True,0.00088,,even_char; semisimple,defect_a_even_char
EV-064,256,2,8,9,14,19,even,0,9,1,19,1,9,1,True,True,True,True,True,0.000749,,even_char; semisimple,defect_a_even_char
EV-064,256,2,8,9,15,53,even,0,9,1,53,5,1|1|1|3|3,1|1|1|1|1,True,True,True,True,True,0.001137,,even_char; semisimple,defect_a_even_char
EV-064,256,2,8,9,16,95,even,0,9,1,95,1,9,1,True,True,True,True,True,0.000815,,even_char; semisimple,defect_a_even_char
EV-064,256,2,8,9,17,225,even,0,9,1,225,1,9,1,True,True,True,True,True,0.000808,,even_char; semisimple,defect_a_even_char
EV-064,256,2,8,9,18,56,even,0,9,1,56,5,1|1|1|3|3,1|1|1|1|1,True,True,True,True,True,0.001311,,even_char; semisimple,defect_a_even_char
EV-064,256,2,8,9,19,72,even,0,9,1,72,1,9,1,True,True,True,True,True,0.000874,,even_char; semisimple,defect_a_even_char
EV-064,256,2,8,9,20,216,even,0,9,1,216,1,9,1,True,True,True,True,True,0.000801,,even_char; semisimple,defect_a_even_char
EV-064,256,2,8,9,21,115,even,0,9,1,115,5,1|1|1|3|3,1|1|1|1|1,True,True,True,True,True,0.001395,,even_char; semisimple,defect_a_even_char
EV-064,256,2,8,9,22,149,even,0,9,1,149,1,9,1,True,True,True,True,True,0.000807,,even_char; semisimple,defect_a_even_char
EV-064,256,2,8,9,23,164,even,0,9,1,164,1,9,1,True,True,True,True,True,0.000853,,even_char; semisimple,defect_a_even_char
EV-064,256,2,8,9,24,247,even,0,9,1,247,5,1|1|1|3|3,1|1|1|1|1,True,True,True,True,True,0.001514,,even_char; semisimple,defect_a_even_char
EV-064,256,2,8,9,25,2,even,0,9,1,2,1,9,1,True,True,True,True,True,0.000875,,even_char; semisimple,defect_a_even_char
EV-064,256,2,8,9,26,6,even,0,9,1,6,1,9,1,True,True,True,True,True,0.000848,,even_char; semisimple,defect_a_even_char
EV-064,256,2,8,9,27,10,even,0,9,1,10,5,1|1|1|3|3,1|1|1|1|1,True,True,True,True,True,0.001254,,even_char; semisimple,defect_a_even_char
EV-064,256,2,8,9,28,30,even,0,9,1,30,1,9,1,True,True,True,True,True,0.000557,,even_char; semisimple,defect_a_even_char
EV-064,256,2,8,9,29,34,even,0,9,1,34,1,9,1,True,True,True,True,True,0.000588,,even_char; semisimple,defect_a_even_char
EV-064,256,2,8,9,30,102,even,0,9,1,102,5,1|1|1|3|3,1|1|1|1|1,True,True,True,True,True,0.001008,,even_char; semisimple,defect_a_even_char
EV-064,256,2,8,9,31,170,even,0,9,1,170,1,9,1,True,True,True,True,True,0.000551,,even_char; semisimple,defect_a_even_char
EV-064,256,2,8,9,32,229,even,0,9,1,229,1,9,1,True,True,True,True,True,0.00069,,even_char; semisimple,defect_a_even_char
EV-064,256,2,8,9,33,52,even,0,9,1,52,5,1|1|1|3|3,1|1|1|1|1,True,True,True,True,True,0.001072,,even_char; semisimple,defect_a_even_char
EV-064,256,2,8,9,34,92,even,0,9,1,92,1,9,1,True,True,True,True,True,0.000552,,even_char; semisimple,defect_a_even_char
EV-064,256,2,8,9,35,228,even,0,9,1,228,1,9,1,True,True,True,True,True,0.000656,,even_char; semisimple,defect_a_even_char
EV-064,256,2,8,9,36,55,even,0,9,1,55,5,1|1|1|3|3,1|1|1|1|1,True,True,True,True,True,0.001215,,even_char; semisimple,defect_a_even_char
EV-064,256,2,8,9,37,89,even,0,9,1,89,1,9,1,True,True,True,True,True,0.000612,,even_char; semisimple,defect_a_even_char
EV-064,256,2,8,9,38,235,even,0,9,1,235,1,9,1,True,True,True,True,True,0.000883,,even_char; semisimple,defect_a_even_char
EV-064,256,2,8,9,39,38,even,0,9,1,38,5,1|1|1|3|3,1|1|1|1|1,True,True,True,True,True,0.00274,,even_char; semisimple,defect_a_even_char
EV-064,256,2,8,9,40,106,even,0,9,1,106,1,9,1,True,True,True,True,True,0.000635,,even_char; semisimple,defect_a_even_char
EV-064,256,2,8,9,41,190,even,0,9,1,190,1,9,1,True,True,True,True,True,0.000594,,even_char; semisimple,defect_a_even_char
EV-064,256,2,8,9,42,217,even,0,9,1,217,5,1|1|1|3|3,1|1|1|1|1,True,True,True,True,True,0.000856,,even_char; semisimple,defect_a_even_char
EV-064,256,2,8,9,43,112,even,0,9,1,112,1,9,1,True,True,True,True,True,0.000586,,even_char; semisimple,defect_a_even_char
EV-064,256,2,8,9,44,144,even,0,9,1,144,1,9,1,True,True,True,True,True,0.000738,,even_char; semisimple,defect_a_even_char
EV-064,256,2,8,9,45,171,even,0,9,1,171,5,1|1|1|3|3,1|1|1|1|1,True,True,True,True,True,0.000834,,even_char; semisimple,defect_a_even_char
EV-064,256,2,8,9,46,230,even,0,9,1,230,1,9,1,True,True,True,True,True,0.000646,,even_char; semisimple,defect_a_even_char
EV-064,256,2,8,9,47,49,even,0,9,1,49,1,9,1,True,True,True,True,True,0.000698,,even_char; semisimple,defect_a_even_char
EV-064,256,2,8,9,48,83,even,0,9,1,83,5,1|1|1|3|3,1|1|1|1|1,True,True,True,True,True,0.001371,,even_char; semisimple,defect_a_even_char
EV-064,256,2,8,9,49,245,even,0,9,1,245,1,9,1,True,True,True,True,True,0.000662,,even_char; semisimple,defect_a_even_char
EV-064,256,2,8,9,50,4,even,0,9,1,4,1,9,1,True,True,True,True,True,0.000552,,even_char; semisimple,defect_a_even_char
EV-064,256,2,8,9,51,12,even,0,9,1,12,5,1|1|1|3|3,1|1|1|1|1,True,True,True,True,True,0.000889,,even_char; semisimple,defect_a_even_char
EV-064,256,2,8,9,52,20,even,0,9,1,20,1,9,1,True,True,True,True,True,0.000851,,even_char; semisimple,defect_a_even_char
EV-064,256,2,8,9,53,60,even,0,9,1,60,1,9,1,True,True,True,True,True,0.000644,,even_char; semisimple,defect_a_even_char
EV-064,256,2,8,9,54,68,even,0,9,1,68,5,1|1|1|3|3,1|1|1|1|1,True,True,True,True,True,0.00146,,even_char; semisimple,defect_a_even_char
EV-064,256,2,8,9,55,204,even,0,9,1,204,1,9,1,True,True,True,True,True,0.000663,,even_char; semisimple,defect_a_even_char
EV-064,256,2,8,9,56,79,even,0,9,1,79,1,9,1,True,True,True,True,True,0.000713,,even_char; semisimple,defect_a_even_char
EV-064,256,2,8,9,57,209,even,0,9,1,209,5,1|1|1|3|3,1|1|1|1|1,True,True,True,True,True,0.001187,,even_char; semisimple,defect_a_even_char
EV-064,256,2,8,9,58,104,even,0,9,1,104,1,9,1,True,True,True,True,True,0.00056,,even_char; semisimple,defect_a_even_char
EV-064,256,2,8,9,59,184,even,0,9,1,184,1,9,1,True,True,True,True,True,0.000527,,even_char; semisimple,defect_a_even_char
EV-064,256,2,8,9,60,211,even,0,9,1,211,5,1|1|1|3|3,1|1|1|1|1,True,True,True,True,True,0.001069,,even_char; semisimple,defect_a_even_char
EV-064,256,2,8,9,61,110,even,0,9,1,110,1,9,1,True,True,True,True,True,0.000555,,even_char; semisimple,defect_a_even_char
EV-064,256,2,8,9,62,178,even,0,9,1,178,1,9,1,True,True,True,True,True,0.000526,,even_char; semisimple,defect_a_even_char
EV-064,256,2,8,9,63,205,even,0,9,1,205,5,1|1|1|3|3,1|1|1|1|1,True,True,True,True,True,0.000735,,even_char; semisimple,defect_a_even_char
EV-064,256,2,8,9,64,76,even,0,9,1,76,1,9,1,True,True,True,True,True,0.000549,,even_char; semisimple,defect_a_even_char
EV-064,256,2,8,9,65,212,even,0,9,1,212,1,9,1,True,True,True,True,True,0.000507,,even_char; semisimple,defect_a_even_char
EV-064,256,2,8,9,66,103,even,0,9,1,103,5,1|1|1|3|3,1|1|1|1|1,True,True,True,True,True,0.001101,,even_char; semisimple,defect_a_even_char
EV-064,256,2,8,9,67,169,even,0,9,1,169,1,9,1,True,True,True,True,True,0.000541,,even_char; semisimple,defect_a_even_char
EV-064,256,2,8,9,68,224,even,0,9,1,224,1,9,1,True,True,True,True,True,0.000731,,even_char; semisimple,defect_a_even_char
EV-064,256,2,8,9,69,59,even,0,9,1,59,5,1|1|1|3|3,1|1|1|1|1,True,True,True,True,True,0.0018,,even_char; semisimple,defect_a_even_char
EV-064,256,2,8,9,70,77,even,0,9,1,77,1,9,1,True,True,True,True,True,0.000877,,even_char; semisimple,defect_a_even_char
EV-064,256,2,8,9,71,215,even,0,9,1,215,1,9,1,True,True,True,True,True,0.00074,,even_char; semisimple,defect_a_even_char
EV-064,256,2,8,9,72,98,even,0,9,1,98,5,1|1|1|3|3,1|1|1|1|1,True,True,True,True,True,0.001016,,even_char; semisimple,defect_a_even_char
EV-064,256,2,8,9,73,166,even,0,9,1,166,1,9,1,True,True,True,True,True,0.00061,,even_char; semisimple,defect_a_even_char
EV-064,256,2,8,9,74,241,even,0,9,1,241,1,9,1,True,True,True,True,True,0.00057,,even_char; semisimple,defect_a_even_char
EV-064,256,2,8,9,75,8,even,0,9,1,8,5,1|1|1|3|3,1|1|1|1|1,True,True,True,True,True,0.000926,,even_char; semisimple,defect_a_even_char
EV-064,256,2,8,9,76,24,even,0,9,1,24,1,9,1,True,True,True,True,True,0.00062,,even_char; semisimple,defect_a_even_char
EV-064,256,2,8,9,77,40,even,0,9,1,40,1,9,1,True,True,True,True,True,0.000615,,even_char; semisimple,defect_a_even_char
EV-064,256,2,8,9,78,120,even,0,9,1,120,5,1|1|1|3|3,1|1|1|1|1,True,True,True,True,True,0.000907,,even_char; semisimple,defect_a_even_char
EV-064,256,2,8,9,79,136,even,0,9,1,136,1,9,1,True,True,True,True,True,0.00061,,even_char; semisimple,defect_a_even_char
EV-064,256,2,8,9,80,131,even,0,9,1,131,1,9,1,True,True,True,True,True,0.000709,,even_char; semisimple,defect_a_even_char
EV-064,256,2,8,9,81,158,even,0,9,1,158,5,1|1|1|3|3,1|1|1|1|1,True,True,True,True,True,0.000947,,even_char; semisimple,defect_a_even_char
EV-064,256,2,8,9,82,185,even,0,9,1,185,1,9,1,True,True,True,True,True,0.000779,,even_char; semisimple,defect_a_even_char
EV-064,256,2,8,9,83,208,even,0,9,1,208,1,9,1,True,True,True,True,True,0.000824,,even_char; semisimple,defect_a_even_char
EV-064,256,2,8,9,84,107,even,0,9,1,107,5,1|1|1|3|3,1|1|1|1|1,True,True,True,True,True,0.002135,,even_char; semisimple,defect_a_even_char
EV-064,256,2,8,9,85,189,even,0,9,1,189,1,9,1,True,True,True,True,True,0.000715,,even_char; semisimple,defect_a_even_char
EV-064,256,2,8,9,86,220,even,0,9,1,220,1,9,1,True,True,True,True,True,0.000567,,even_char; semisimple,defect_a_even_char
EV-064,256,2,8,9,87,127,even,0,9,1,127,5,1|1|1|3|3,1|1|1|1|1,True,True,True,True,True,0.001062,,even_char; semisimple,defect_a_even_char
EV-064,256,2,8,9,88,129,even,0,9,1,129,1,9,1,True,True,True,True,True,0.000539,,even_char; semisimple,defect_a_even_char
EV-064,256,2,8,9,89,152,even,0,9,1,152,1,9,1,True,True,True,True,True,0.00054,,even_char; semisimple,defect_a_even_char
EV-064,256,2,8,9,90,179,even,0,9,1,179,5,1|1|1|3|3,1|1|1|1|1,True,True,True,True,True,0.000972,,even_char; semisimple,defect_a_even_char
EV-064,256,2,8,9,91,206,even,0,9,1,206,1,9,1,True,True,True,True,True,0.000547,,even_char; semisimple,defect_a_even_char
EV-064,256,2,8,9,92,73,even,0,9,1,73,1,9,1,True,True,True,True,True,0.000525,,even_char; semisimple,defect_a_even_char
EV-064,256,2,8,9,93,219,even,0,9,1,219,5,1|1|1|3|3,1|1|1|1|1,True,True,True,True,True,0.00087,,even_char; semisimple,defect_a_even_char
EV-064,256,2,8,9,94,118,even,0,9,1,118,1,9,1,True,True,True,True,True,0.000578,,even_char; semisimple,defect_a_even_char
EV-064,256,2,8,9,95,154,even,0,9,1,154,1,9,1,True,True,True,True,True,0.000849,,even_char; semisimple,defect_a_even_char
EV-064,256,2,8,9,96,181,even,0,9,1,181,5,1|1|1|3|3,1|1|1|1|1,True,True,True,True,True,0.001417,,even_char; semisimple,defect_a_even_char
EV-064,256,2,8,9,97,196,even,0,9,1,196,1,9,1,True,True,True,True,True,0.000857,,even_char; semisimple,defect_a_even_char
EV-064,256,2,8,9,98,87,even,0,9,1,87,1,9,1,True,True,True,True,True,0.00075,,even_char; semisimple,defect_a_even_char
EV-064,256,2,8,9,99,249,even,0,9,1,249,5,1|1|1|3|3,1|1|1|1|1,True,True,True,True,True,0.002658,,even_char; semisimple,defect_a_even_char
EV-064,256,2,8,9,100,16,even,0,9,1,16,1,9,1,True,True,True,True,True,0.000787,,even_char; semisimple,defect_a_even_char
EV-064,256,2,8,9,101,48,even,0,9,1,48,1,9,1,True,True,True,True,True,0.000771,,even_char; semisimple,defect_a_even_char
EV-064,256,2,8,9,102,80,even,0,9,1,80,5,1|1|1|3|3,1|1|1|1|1,True,True,True,True,True,0.001407,,even_char; semisimple,defect_a_even_char
EV-064,256,2,8,9,103,240,even,0,9,1,240,1,9,1,True,True,True,True,True,0.000727,,even_char; semisimple,defect_a_even_char
EV-064,256,2,8,9,104,11,even,0,9,1,11,1,9,1,True,True,True,True,True,0.000901,,even_char; semisimple,defect_a_even_char
EV-064,256,2,8,9,105,29,even,0,9,1,29,5,1|1|1|3|3,1|1|1|1|1,True,True,True,True,True,0.001682,,even_char; semisimple,defect_a_even_char
EV-064,256,2,8,9,106,39,even,0,9,1,39,1,9,1,True,True,True,True,True,0.000726,,even_char; semisimple,defect_a_even_char
EV-064,256,2,8,9,107,105,even,0,9,1,105,1,9,1,True,True,True,True,True,0.000692,,even_char; semisimple,defect_a_even_char
EV-064,256,2,8,9,108,187,even,0,9,1,187,5,1|1|1|3|3,1|1|1|1|1,True,True,True,True,True,0.001987,,even_char; semisimple,defect_a_even_char
EV-064,256,2,8,9,109,214,even,0,9,1,214,1,9,1,True,True,True,True,True,0.001091,,even_char; semisimple,defect_a_even_char
EV-064,256,2,8,9,110,97,even,0,9,1,97,1,9,1,True,True,True,True,True,0.000607,,even_char; semisimple,defect_a_even_char
EV-064,256,2,8,9,111,163,even,0,9,1,163,5,1|1|1|3|3,1|1|1|1|1,True,True,True,True,True,0.000765,,even_char; semisimple,defect_a_even_char
EV-064,256,2,8,9,112,254,even,0,9,1,254,1,9,1,True,True,True,True,True,0.000562,,even_char; semisimple,defect_a_even_char
EV-064,256,2,8,9,113,25,even,0,9,1,25,1,9,1,True,True,True,True,True,0.000514,,even_char; semisimple,defect_a_even_char
EV-064,256,2,8,9,114,43,even,0,9,1,43,5,1|1|1|3|3,1|1|1|1|1,True,True,True,True,True,0.001179,,even_char; semisimple,defect_a_even_char
EV-064,256,2,8,9,115,125,even,0,9,1,125,1,9,1,True,True,True,True,True,0.00057,,even_char; semisimple,defect_a_even_char
EV-064,256,2,8,9,116,135,even,0,9,1,135,1,9,1,True,True,True,True,True,0.000544,,even_char; semisimple,defect_a_even_char
EV-064,256,2,8,9,117,146,even,0,9,1,146,5,1|1|1|3|3,1|1|1|1|1,True,True,True,True,True,0.000754,,even_char; semisimple,defect_a_even_char
EV-064,256,2,8,9,118,173,even,0,9,1,173,1,9,1,True,True,True,True,True,0.000528,,even_char; semisimple,defect_a_even_char
EV-064,256,2,8,9,119,236,even,0,9,1,236,1,9,1,True,True,True,True,True,0.000609,,even_char; semisimple,defect_a_even_char
EV-064,256,2,8,9,120,47,even,0,9,1,47,5,1|1|1|3|3,1|1|1|1|1,True,True,True,True,True,0.001662,,even_char; semisimple,defect_a_even_char
EV-064,256,2,8,9,121,113,even,0,9,1,113,1,9,1,True,True,True,True,True,0.000882,,even_char; semisimple,defect_a_even_char
EV-064,256,2,8,9,122,147,even,0,9,1,147,1,9,1,True,True,True,True,True,0.00088,,even_char; semisimple,defect_a_even_char
EV-064,256,2,8,9,123,174,even,0,9,1,174,5,1|1|1|3|3,1|1|1|1|1,True,True,True,True,True,0.001604,,even_char; semisimple,defect_a_even_char
EV-064,256,2,8,9,124,233,even,0,9,1,233,1,9,1,True,True,True,True,True,0.000573,,even_char; semisimple,defect_a_even_char
EV-064,256,2,8,9,125,32,even,0,9,1,32,1,9,1,True,True,True,True,True,0.000568,,even_char; semisimple,defect_a_even_char
EV-064,256,2,8,9,126,96,even,0,9,1,96,5,1|1|1|3|3,1|1|1|1|1,True,True,True,True,True,0.000926,,even_char; semisimple,defect_a_even_char
EV-064,256,2,8,9,127,160,even,0,9,1,160,1,9,1,True,True,True,True,True,0.00054,,even_char; semisimple,defect_a_even_char
EV-064,256,2,8,9,128,251,even,0,9,1,251,1,9,1,True,True,True,True,True,0.000604,,even_char; semisimple,defect_a_even_char
EV-064,256,2,8,9,129,22,even,0,9,1,22,5,1|1|1|3|3,1|1|1|1|1,True,True,True,True,True,0.000861,,even_char; semisimple,defect_a_even_char
EV-064,256,2,8,9,130,58,even,0,9,1,58,1,9,1,True,True,True,True,True,0.00058,,even_char; semisimple,defect_a_even_char
EV-064,256,2,8,9,131,78,even,0,9,1,78,1,9,1,True,True,True,True,True,0.000613,,even_char; semisimple,defect_a_even_char
EV-064,256,2,8,9,132,210,even,0,9,1,210,5,1|1|1|3|3,1|1|1|1|1,True,True,True,True,True,0.001029,,even_char; semisimple,defect_a_even_char
EV-064,256,2,8,9,133,109,even,0,9,1,109,1,9,1,True,True,True,True,True,0.000576,,even_char; semisimple,defect_a_even_char
EV-064,256,2,8,9,134,183,even,0,9,1,183,1,9,1,True,True,True,True,True,0.000541,,even_char; semisimple,defect_a_even_char
EV-064,256,2,8,9,135,194,even,0,9,1,194,5,1|1|1|3|3,1|1|1|1|1,True,True,True,True,True,0.001101,,even_char; semisimple,defect_a_even_char
EV-064,256,2,8,9,136,93,even,0,9,1,93,1,9,1,True,True,True,True,True,0.000604,,even_char; semisimple,defect_a_even_char
EV-064,256,2,8,9,137,231,even,0,9,1,231,1,9,1,True,True,True,True,True,0.000587,,even_char; semisimple,defect_a_even_char
EV-064,256,2,8,9,138,50,even,0,9,1,50,5,1|1|1|3|3,1|1|1|1|1,True,True,True,True,True,0.001357,,even_char; semisimple,defect_a_even_char
EV-064,256,2,8,9,139,86,even,0,9,1,86,1,9,1,True,True,True,True,True,0.000588,,even_char; semisimple,defect_a_even_char
EV-064,256,2,8,9,140,250,even,0,9,1,250,1,9,1,True,True,True,True,True,0.000583,,even_char; semisimple,defect_a_even_char
EV-064,256,2,8,9,141,21,even,0,9,1,21,5,1|1|1|3|3,1|1|1|1|1,True,True,True,True,True,0.001156,,even_char; semisimple,defect_a_even_char
EV-064,256,2,8,9,142,63,even,0,9,1,63,1,9,1,True,True,True,True,True,0.000567,,even_char; semisimple,defect_a_even_char
EV-064,256,2,8,9,143,65,even,0,9,1,65,1,9,1,True,True,True,True,True,0.000516,,even_char; semisimple,defect_a_even_char
EV-064,256,2,8,9,144,195,even,0,9,1,195,5,1|1|1|3|3,1|1|1|1|1,True,True,True,True,True,0.000776,,even_char; semisimple,defect_a_even_char
EV-064,256,2,8,9,145,94,even,0,9,1,94,1,9,1,True,True,True,True,True,0.00057,,even_char; semisimple,defect_a_even_char
EV-064,256,2,8,9,146,226,even,0,9,1,226,1,9,1,True,True,True,True,True,0.000501,,even_char; semisimple,defect_a_even_char
EV-064,256,2,8,9,147,61,even,0,9,1,61,5,1|1|1|3|3,1|1|1|1|1,True,True,True,True,True,0.000905,,even_char; semisimple,defect_a_even_char
EV-064,256,2,8,9,148,71,even,0,9,1,71,1,9,1,True,True,True,True,True,0.000522,,even_char; semisimple,defect_a_even_char
EV-064,256,2,8,9,149,201,even,0,9,1,201,1,9,1,True,True,True,True,True,0.000504,,even_char; semisimple,defect_a_even_char
EV-064,256,2,8,9,150,64,even,0,9,1,64,5,1|1|1|3|3,1|1|1|1|1,True,True,True,True,True,0.000967,,even_char; semisimple,defect_a_even_char
EV-064,256,2,8,9,151,192,even,0,9,1,192,1,9,1,True,True,True,True,True,0.000608,,even_char; semisimple,defect_a_even_char
EV-064,256,2,8,9,152,91,even,0,9,1,91,1,9,1,True,True,True,True,True,0.000522,,even_char; semisimple,defect_a_even_char
EV-064,256,2,8,9,153,237,even,0,9,1,237,5,1|1|1|3|3,1|1|1|1|1,True,True,True,True,True,0.002294,,even_char; semisimple,defect_a_even_char
EV-064,256,2,8,9,154,44,even,0,9,1,44,1,9,1,True,True,True,True,True,0.000873,,even_char; semisimple,defect_a_even_char
EV-064,256,2,8,9,155,116,even,0,9,1,116,1,9,1,True,True,True,True,True,0.00084,,even_char; semisimple,defect_a_even_char
EV-064,256,2,8,9,156,156,even,0,9,1,156,5,1|1|1|3|3,1|1|1|1|1,True,True,True,True,True,0.001328,,even_char; semisimple,defect_a_even_char
EV-064,256,2,8,9,157,191,even,0,9,1,191,1,9,1,True,True,True,True,True,0.000508,,even_char; semisimple,defect_a_even_char
EV-064,256,2,8,9,158,218,even,0,9,1,218,1,9,1,True,True,True,True,True,0.000565,,even_char; semisimple,defect_a_even_char
EV-064,256,2,8,9,159,117,even,0,9,1,117,5,1|1|1|3|3,1|1|1|1|1,True,True,True,True,True,0.001489,,even_char; semisimple,defect_a_even_char
EV-064,256,2,8,9,160,159,even,0,9,1,159,1,9,1,True,True,True,True,True,0.000639,,even_char; semisimple,defect_a_even_char
EV-064,256,2,8,9,161,186,even,0,9,1,186,1,9,1,True,True,True,True,True,0.000738,,even_char; semisimple,defect_a_even_char
EV-064,256,2,8,9,162,213,even,0,9,1,213,5,1|1|1|3|3,1|1|1|1|1,True,True,True,True,True,0.000781,,even_char; semisimple,defect_a_even_char
EV-064,256,2,8,9,163,100,even,0,9,1,100,1,9,1,True,True,True,True,True,0.000713,,even_char; semisimple,defect_a_even_char
EV-064,256,2,8,9,164,172,even,0,9,1,172,1,9,1,True,True,True,True,True,0.000639,,even_char; semisimple,defect_a_even_char
EV-064,256,2,8,9,165,239,even,0,9,1,239,5,1|1|1|3|3,1|1|1|1|1,True,True,True,True,True,0.00093,,even_char; semisimple,defect_a_even_char
EV-064,256,2,8,9,166,42,even,0,9,1,42,1,9,1,True,True,True,True,True,0.000697,,even_char; semisimple,defect_a_even_char
EV-064,256,2,8,9,167,126,even,0,9,1,126,1,9,1,True,True,True,True,True,0.000554,,even_char; semisimple,defect_a_even_char
EV-064,256,2,8,9,168,130,even,0,9,1,130,5,1|1|1|3|3,1|1|1|1|1,True,True,True,True,True,0.001792,,even_char; semisimple,defect_a_even_char
EV-064,256,2,8,9,169,157,even,0,9,1,157,1,9,1,True,True,True,True,True,0.000648,,even_char; semisimple,defect_a_even_char
EV-064,256,2,8,9,170,188,even,0,9,1,188,1,9,1,True,True,True,True,True,0.00065,,even_char; semisimple,defect_a_even_char
EV-064,256,2,8,9,171,223,even,0,9,1,223,5,1|1|1|3|3,1|1|1|1|1,True,True,True,True,True,0.001348,,even_char; semisimple,defect_a_even_char
EV-064,256,2,8,9,172,122,even,0,9,1,122,1,9,1,True,True,True,True,True,0.000587,,even_char; semisimple,defect_a_even_char
EV-064,256,2,8,9,173,142,even,0,9,1,142,1,9,1,True,True,True,True,True,0.000737,,even_char; semisimple,defect_a_even_char
EV-064,256,2,8,9,174,137,even,0,9,1,137,5,1|1|1|3|3,1|1|1|1|1,True,True,True,True,True,0.00121,,even_char; semisimple,defect_a_even_char
EV-064,256,2,8,9,175,128,even,0,9,1,128,1,9,1,True,True,True,True,True,0.000524,,even_char; semisimple,defect_a_even_char
EV-064,256,2,8,9,176,155,even,0,9,1,155,1,9,1,True,True,True,True,True,0.000554,,even_char; semisimple,defect_a_even_char
EV-064,256,2,8,9,177,182,even,0,9,1,182,5,1|1|1|3|3,1|1|1|1|1,True,True,True,True,True,0.000956,,even_char; semisimple,defect_a_even_char
EV-064,256,2,8,9,178,193,even,0,9,1,193,1,9,1,True,True,True,True,True,0.000636,,even_char; semisimple,defect_a_even_char
EV-064,256,2,8,9,179,88,even,0,9,1,88,1,9,1,True,True,True,True,True,0.000546,,even_char; semisimple,defect_a_even_char
EV-064,256,2,8,9,180,232,even,0,9,1,232,5,1|1|1|3|3,1|1|1|1|1,True,True,True,True,True,0.001001,,even_char; semisimple,defect_a_even_char
EV-064,256,2,8,9,181,35,even,0,9,1,35,1,9,1,True,True,True,True,True,0.000591,,even_char; semisimple,defect_a_even_char
EV-064,256,2,8,9,182,101,even,0,9,1,101,1,9,1,True,True,True,True,True,0.000723,,even_char; semisimple,defect_a_even_char
EV-064,256,2,8,9,183,175,even,0,9,1,175,5,1|1|1|3|3,1|1|1|1|1,True,True,True,True,True,0.001861,,even_char; semisimple,defect_a_even_char
EV-064,256,2,8,9,184,234,even,0,9,1,234,1,9,1,True,True,True,True,True,0.00084,,even_char; semisimple,defect_a_even_char
EV-064,256,2,8,9,185,37,even,0,9,1,37,1,9,1,True,True,True,True,True,0.000892,,even_char; semisimple,defect_a_even_char
EV-064,256,2,8,9,186,111,even,0,9,1,111,5,1|1|1|3|3,1|1|1|1|1,True,True,True,True,True,0.00106,,even_char; semisimple,defect_a_even_char
EV-064,256,2,8,9,187,177,even,0,9,1,177,1,9,1,True,True,True,True,True,0.000612,,even_char; semisimple,defect_a_even_char
EV-064,256,2,8,9,188,200,even,0,9,1,200,1,9,1,True,True,True,True,True,0.000636,,even_char; semisimple,defect_a_even_char
EV-064,256,2,8,9,189,67,even,0,9,1,67,5,1|1|1|3|3,1|1|1|1|1,True,True,True,True,True,0.000941,,even_char; semisimple,defect_a_even_char
EV-064,256,2,8,9,190,197,even,0,9,1,197,1,9,1,True,True,True,True,True,0.000654,,even_char; semisimple,defect_a_even_char
EV-064,256,2,8,9,191,84,even,0,9,1,84,1,9,1,True,True,True,True,True,0.000546,,even_char; semisimple,defect_a_even_char
EV-064,256,2,8,9,192,252,even,0,9,1,252,5,1|1|1|3|3,1|1|1|1|1,True,True,True,True,True,0.001165,,even_char; semisimple,defect_a_even_char
EV-064,256,2,8,9,193,31,even,0,9,1,31,1,9,1,True,True,True,True,True,0.000731,,even_char; semisimple,defect_a_even_char
EV-064,256,2,8,9,194,33,even,0,9,1,33,1,9,1,True,True,True,True,True,0.000597,,even_char; semisimple,defect_a_even_char
EV-064,256,2,8,9,195,99,even,0,9,1,99,5,1|1|1|3|3,1|1|1|1|1,True,True,True,True,True,0.001098,,even_char; semisimple,defect_a_even_char
EV-064,256,2,8,9,196,165,even,0,9,1,165,1,9,1,True,True,True,True,True,0.000825,,even_char; semisimple,defect_a_even_char
EV-064,256,2,8,9,197,244,even,0,9,1,244,1,9,1,True,True,True,True,True,0.000853,,even_char; semisimple,defect_a_even_char
EV-064,256,2,8,9,198,7,even,0,9,1,7,5,1|1|1|3|3,1|1|1|1|1,True,True,True,True,True,0.001259,,even_char; semisimple,defect_a_even_char
EV-064,256,2,8,9,199,9,even,0,9,1,9,1,9,1,True,True,True,True,True,0.000789,,even_char; semisimple,defect_a_even_char
EV-064,256,2,8,9,200,27,even,0,9,1,27,1,9,1,True,True,True,True,True,0.0009,,even_char; semisimple,defect_a_even_char
EV-064,256,2,8,9,201,45,even,0,9,1,45,5,1|1|1|3|3,1|1|1|1|1,True,True,True,True,True,0.001786,,even_char; semisimple,defect_a_even_char
EV-064,256,2,8,9,202,119,even,0,9,1,119,1,9,1,True,True,True,True,True,0.000801,,even_char; semisimple,defect_a_even_char
EV-064,256,2,8,9,203,153,even,0,9,1,153,1,9,1,True,True,True,True,True,0.000845,,even_char; semisimple,defect_a_even_char
EV-064,256,2,8,9,204,176,even,0,9,1,176,5,1|1|1|3|3,1|1|1|1|1,True,True,True,True,True,0.00169,,even_char; semisimple,defect_a_even_char
EV-064,256,2,8,9,205,203,even,0,9,1,203,1,9,1,True,True,True,True,True,0.00083,,even_char; semisimple,defect_a_even_char
EV-064,256,2,8,9,206,70,even,0,9,1,70,1,9,1,True,True,True,True,True,0.000876,,even_char; semisimple,defect_a_even_char
EV-064,256,2,8,9,207,202,even,0,9,1,202,5,1|1|1|3|3,1|1|1|1|1,True,True,True,True,True,0.001212,,even_char; semisimple,defect_a_even_char
EV-064,256,2,8,9,208,69,even,0,9,1,69,1,9,1,True,True,True,True,True,0.00088,,even_char; semisimple,defect_a_even_char
EV-064,256,2,8,9,209,207,even,0,9,1,207,1,9,1,True,True,True,True,True,0.000834,,even_char; semisimple,defect_a_even_char
EV-064,256,2,8,9,210,74,even,0,9,1,74,5,1|1|1|3|3,1|1|1|1|1,True,True,True,True,True,0.002022,,even_char; semisimple,defect_a_even_char
EV-064,256,2,8,9,211,222,even,0,9,1,222,1,9,1,True,True,True,True,True,0.000538,,even_char; semisimple,defect_a_even_char
EV-064,256,2,8,9,212,121,even,0,9,1,121,1,9,1,True,True,True,True,True,0.00074,,even_char; semisimple,defect_a_even_char
EV-064,256,2,8,9,213,139,even,0,9,1,139,5,1|1|1|3|3,1|1|1|1|1,True,True,True,True,True,0.000974,,even_char; semisimple,defect_a_even_char
EV-064,256,2,8,9,214,134,even,0,9,1,134,1,9,1,True,True,True,True,True,0.000671,,even_char; semisimple,defect_a_even_char
EV-064,256,2,8,9,215,145,even,0,9,1,145,1,9,1,True,True,True,True,True,0.000617,,even_char; semisimple,defect_a_even_char
EV-064,256,2,8,9,216,168,even,0,9,1,168,5,1|1|1|3|3,1|1|1|1|1,True,True,True,True,True,0.001227,,even_char; semisimple,defect_a_even_char
EV-064,256,2,8,9,217,227,even,0,9,1,227,1,9,1,True,True,True,True,True,0.000686,,even_char; semisimple,defect_a_even_char
EV-064,256,2,8,9,218,62,even,0,9,1,62,1,9,1,True,True,True,True,True,0.000622,,even_char; semisimple,defect_a_even_char
EV-064,256,2,8,9,219,66,even,0,9,1,66,5,1|1|1|3|3,1|1|1|1|1,True,True,True,True,True,0.001649,,even_char; semisimple,defect_a_even_char
EV-064,256,2,8,9,220,198,even,0,9,1,198,1,9,1,True,True,True,True,True,0.000708,,even_char; semisimple,defect_a_even_char
EV-064,256,2,8,9,221,81,even,0,9,1,81,1,9,1,True,True,True,True,True,0.000891,,even_char; semisimple,defect_a_even_char
EV-064,256,2,8,9,222,243,even,0,9,1,243,5,1|1|1|3|3,1|1|1|1|1,True,True,True,True,True,0.001126,,even_char; semisimple,defect_a_even_char
EV-064,256,2,8,9,223,14,even,0,9,1,14,1,9,1,True,True,True,True,True,0.000717,,even_char; semisimple,defect_a_even_char
EV-064,256,2,8,9,224,18,even,0,9,1,18,1,9,1,True,True,True,True,True,0.000724,,even_char; semisimple,defect_a_even_char
EV-064,256,2,8,9,225,54,even,0,9,1,54,5,1|1|1|3|3,1|1|1|1|1,True,True,True,True,True,0.002313,,even_char; semisimple,defect_a_even_char
EV-064,256,2,8,9,226,90,even,0,9,1,90,1,9,1,True,True,True,True,True,0.000572,,even_char; semisimple,defect_a_even_char
EV-064,256,2,8,9,227,238,even,0,9,1,238,1,9,1,True,True,True,True,True,0.000536,,even_char; semisimple,defect_a_even_char
EV-064,256,2,8,9,228,41,even,0,9,1,41,5,1|1|1|3|3,1|1|1|1|1,True,True,True,True,True,0.001055,,even_char; semisimple,defect_a_even_char
EV-064,256,2,8,9,229,123,even,0,9,1,123,1,9,1,True,True,True,True,True,0.000629,,even_char; semisimple,defect_a_even_char
EV-064,256,2,8,9,230,141,even,0,9,1,141,1,9,1,True,True,True,True,True,0.000786,,even_char; semisimple,defect_a_even_char
EV-064,256,2,8,9,231,140,even,0,9,1,140,5,1|1|1|3|3,1|1|1|1|1,True,True,True,True,True,0.001393,,even_char; semisimple,defect_a_even_char
EV-064,256,2,8,9,232,143,even,0,9,1,143,1,9,1,True,True,True,True,True,0.000846,,even_char; semisimple,defect_a_even_char
EV-064,256,2,8,9,233,138,even,0,9,1,138,1,9,1,True,True,True,True,True,0.000918,,even_char; semisimple,defect_a_even_char
EV-064,256,2,8,9,234,133,even,0,9,1,133,5,1|1|1|3|3,1|1|1|1|1,True,True,True,True,True,0.002072,,even_char; semisimple,defect_a_even_char
EV-064,256,2,8,9,235,148,even,0,9,1,148,1,9,1,True,True,True,True,True,0.00072,,even_char; semisimple,defect_a_even_char
EV-064,256,2,8,9,236,167,even,0,9,1,167,1,9,1,True,True,True,True,True,0.000528,,even_char; semisimple,defect_a_even_char
EV-064,256,2,8,9,237,242,even,0,9,1,242,5,1|1|1|3|3,1|1|1|1|1,True,True,True,True,True,0.000983,,even_char; semisimple,defect_a_even_char
EV-064,256,2,8,9,238,13,even,0,9,1,13,1,9,1,True,True,True,True,True,0.000594,,even_char; semisimple,defect_a_even_char
EV-064,256,2,8,9,239,23,even,0,9,1,23,1,9,1,True,True,True,True,True,0.000525,,even_char; semisimple,defect_a_even_char
EV-064,256,2,8,9,240,57,even,0,9,1,57,5,1|1|1|3|3,1|1|1|1|1,True,True,True,True,True,0.001887,,even_char; semisimple,defect_a_even_char
EV-064,256,2,8,9,241,75,even,0,9,1,75,1,9,1,True,True,True,True,True,0.000596,,even_char; semisimple,defect_a_even_char
EV-064,256,2,8,9,242,221,even,0,9,1,221,1,9,1,True,True,True,True,True,0.000549,,even_char; semisimple,defect_a_even_char
EV-064,256,2,8,9,243,124,even,0,9,1,124,5,1|1|1|3|3,1|1|1|1|1,True,True,True,True,True,0.00135,,even_char; semisimple,defect_a_even_char
EV-064,256,2,8,9,244,132,even,0,9,1,132,1,9,1,True,True,True,True,True,0.000556,,even_char; semisimple,defect_a_even_char
EV-064,256,2,8,9,245,151,even,0,9,1,151,1,9,1,True,True,True,True,True,0.000572,,even_char; semisimple,defect_a_even_char
EV-064,256,2,8,9,246,162,even,0,9,1,162,5,1|1|1|3|3,1|1|1|1|1,True,True,True,True,True,0.001343,,even_char; semisimple,defect_a_even_char
EV-064,256,2,8,9,247,253,even,0,9,1,253,1,9,1,True,True,True,True,True,0.000576,,even_char; semisimple,defect_a_even_char
EV-064,256,2,8,9,248,28,even,0,9,1,28,1,9,1,True,True,True,True,True,0.000708,,even_char; semisimple,defect_a_even_char
EV-064,256,2,8,9,249,36,even,0,9,1,36,5,1|1|1|3|3,1|1|1|1|1,True,True,True,True,True,0.00121,,even_char; semisimple,defect_a_even_char
EV-064,256,2,8,9,250,108,even,0,9,1,108,1,9,1,True,True,True,True,True,0.000573,,even_char; semisimple,defect_a_even_char
EV-064,256,2,8,9,251,180,even,0,9,1,180,1,9,1,True,True,True,True,True,0.000654,,even_char; semisimple,defect_a_even_char
EV-064,256,2,8,9,252,199,even,0,9,1,199,5,1|1|1|3|3,1|1|1|1|1,True,True,True,True,True,0.000908,,even_char; semisimple,defect_a_even_char
EV-064,256,2,8,9,253,82,even,0,9,1,82,1,9,1,True,True,True,True,True,0.000534,,even_char; semisimple,defect_a_even_char
EV-064,256,2,8,9,254,246,even,0,9,1,246,1,9,1,True,True,True,True,True,0.000549,,even_char; semisimple,defect_a_even_char
EV-065,256,2,8,15,0,1,even,0,15,1,1,15,1|1|1|1|1|1|1|1|1|1|1|1|1|1|1,1|1|1|1|1|1|1|1|1|1|1|1|1|1|1,True,True,True,True,True,0.006049,,even_char; semisimple,defect_a_even_char
EV-065,256,2,8,15,1,3,even,0,15,1,3,1,15,1,True,True,True,True,True,0.001051,,even_char; semisimple,defect_a_even_char
EV-065,256,2,8,15,2,5,even,0,15,1,5,1,15,1,True,True,True,True,True,0.00121,,even_char; semisimple,defect_a_even_char
EV-065,256,2,8,15,3,15,even,0,15,1,15,3,5|5|5,1|1|1,True,True,True,True,True,0.002742,,even_char; semisimple,defect_a_even_char
EV-065,256,2,8,15,4,17,even,0,15,1,17,1,15,1,True,True,True,True,True,0.000864,,even_char; semisimple,defect_a_even_char
EV-065,256,2,8,15,5,51,even,0,15,1,51,5,3|3|3|3|3,1|1|1|1|1,True,True,True,True,True,0.002923,,even_char; semisimple,defect_a_even_char
EV-065,256,2,8,15,6,85,even,0,15,1,85,3,5|5|5,1|1|1,True,True,True,True,True,0.001616,,even_char; semisimple,defect_a_even_char
EV-065,256,2,8,15,7,255,even,0,15,1,255,1,15,1,True,True,True,True,True,0.000834,,even_char; semisimple,defect_a_even_char
EV-065,256,2,8,15,8,26,even,0,15,1,26,1,15,1,True,True,True,True,True,0.000856,,even_char; semisimple,defect_a_even_char
EV-065,256,2,8,15,9,46,even,0,15,1,46,3,5|5|5,1|1|1,True,True,True,True,True,0.002018,,even_char; semisimple,defect_a_even_char
EV-065,256,2,8,15,10,114,even,0,15,1,114,5,3|3|3|3|3,1|1|1|1|1,True,True,True,True,True,0.002606,,even_char; semisimple,defect_a_even_char
EV-065,256,2,8,15,11,150,even,0,15,1,150,1,15,1,True,True,True,True,True,0.001115,,even_char; semisimple,defect_a_even_char
EV-065,256,2,8,15,12,161,even,0,15,1,161,3,5|5|5,1|1|1,True,True,True,True,True,0.002886,,even_char; semisimple,defect_a_even_char
EV-065,256,2,8,15,13,248,even,0,15,1,248,1,15,1,True,True,True,True,True,0.000724,,even_char; semisimple,defect_a_even_char
EV-065,256,2,8,15,14,19,even,0,15,1,19,1,15,1,True,True,True,True,True,0.000754,,even_char; semisimple,defect_a_even_char
EV-065,256,2,8,15,15,53,even,0,15,1,53,15,1|1|1|1|1|1|1|1|1|1|1|1|1|1|1,1|1|1|1|1|1|1|1|1|1|1|1|1|1|1,True,True,True,True,True,0.007381,,even_char; semisimple,defect_a_even_char
EV-065,256,2,8,15,16,95,even,0,15,1,95,1,15,1,True,True,True,True,True,0.000815,,even_char; semisimple,defect_a_even_char
EV-065,256,2,8,15,17,225,even,0,15,1,225,1,15,1,True,True,True,True,True,0.001103,,even_char; semisimple,defect_a_even_char
EV-065,256,2,8,15,18,56,even,0,15,1,56,3,5|5|5,1|1|1,True,True,True,True,True,0.002669,,even_char; semisimple,defect_a_even_char
EV-065,256,2,8,15,19,72,even,0,15,1,72,1,15,1,True,True,True,True,True,0.000993,,even_char; semisimple,defect_a_even_char
EV-065,256,2,8,15,20,216,even,0,15,1,216,5,3|3|3|3|3,1|1|1|1|1,True,True,True,True,True,0.00253,,even_char; semisimple,defect_a_even_char
EV-065,256,2,8,15,21,115,even,0,15,1,115,3,5|5|5,1|1|1,True,True,True,True,True,0.001939,,even_char; semisimple,defect_a_even_char
EV-065,256,2,8,15,22,149,even,0,15,1,149,1,15,1,True,True,True,True,True,0.001002,,even_char; semisimple,defect_a_even_char
EV-065,256,2,8,15,23,164,even,0,15,1,164,1,15,1,True,True,True,True,True,0.000835,,even_char; semisimple,defect_a_even_char
EV-065,256,2,8,15,24,247,even,0,15,1,247,3,5|5|5,1|1|1,True,True,True,True,True,0.002128,,even_char; semisimple,defect_a_even_char
EV-065,256,2,8,15,25,2,even,0,15,1,2,5,3|3|3|3|3,1|1|1|1|1,True,True,True,True,True,0.002194,,even_char; semisimple,defect_a_even_char
EV-065,256,2,8,15,26,6,even,0,15,1,6,1,15,1,True,True,True,True,True,0.000751,,even_char; semisimple,defect_a_even_char
EV-065,256,2,8,15,27,10,even,0,15,1,10,3,5|5|5,1|1|1,True,True,True,True,True,0.001332,,even_char; semisimple,defect_a_even_char
EV-065,256,2,8,15,28,30,even,0,15,1,30,1,15,1,True,True,True,True,True,0.000769,,even_char; semisimple,defect_a_even_char
EV-065,256,2,8,15,29,34,even,0,15,1,34,1,15,1,True,True,True,True,True,0.001068,,even_char; semisimple,defect_a_even_char
EV-065,256,2,8,15,30,102,even,0,15,1,102,15,1|1|1|1|1|1|1|1|1|1|1|1|1|1|1,1|1|1|1|1|1|1|1|1|1|1|1|1|1|1,True,True,True,True,True,0.008866,,even_char; semisimple,defect_a_even_char
EV-065,256,2,8,15,31,170,even,0,15,1,170,1,15,1,True,True,True,True,True,0.000968,,even_char; semisimple,defect_a_even_char
EV-065,256,2,8,15,32,229,even,0,15,1,229,1,15,1,True,True,True,True,True,0.000821,,even_char; semisimple,defect_a_even_char
EV-065,256,2,8,15,33,52,even,0,15,1,52,3,5|5|5,1|1|1,True,True,True,True,True,0.002029,,even_char; semisimple,defect_a_even_char
EV-065,256,2,8,15,34,92,even,0,15,1,92,1,15,1,True,True,True,True,True,0.001111,,even_char; semisimple,defect_a_even_char
EV-065,256,2,8,15,35,228,even,0,15,1,228,5,3|3|3|3|3,1|1|1|1|1,True,True,True,True,True,0.003833,,even_char; semisimple,defect_a_even_char
EV-065,256,2,8,15,36,55,even,0,15,1,55,3,5|5|5,1|1|1,True,True,True,True,True,0.002044,,even_char; semisimple,defect_a_even_char
EV-065,256,2,8,15,37,89,even,0,15,1,89,1,15,1,True,True,True,True,True,0.001132,,even_char; semisimple,defect_a_even_char
EV-065,256,2,8,15,38,235,even,0,15,1,235,1,15,1,True,True,True,True,True,0.001094,,even_char; semisimple,defect_a_even_char
EV-065,256,2,8,15,39,38,even,0,15,1,38,3,5|5|5,1|1|1,True,True,True,True,True,0.001866,,even_char; semisimple,defect_a_even_char
EV-065,256,2,8,15,40,106,even,0,15,1,106,5,3|3|3|3|3,1|1|1|1|1,True,True,True,True,True,0.004132,,even_char; semisimple,defect_a_even_char
EV-065,256,2,8,15,41,190,even,0,15,1,190,1,15,1,True,True,True,True,True,0.000818,,even_char; semisimple,defect_a_even_char
EV-065,256,2,8,15,42,217,even,0,15,1,217,3,5|5|5,1|1|1,True,True,True,True,True,0.001648,,even_char; semisimple,defect_a_even_char
EV-065,256,2,8,15,43,112,even,0,15,1,112,1,15,1,True,True,True,True,True,0.000793,,even_char; semisimple,defect_a_even_char
EV-065,256,2,8,15,44,144,even,0,15,1,144,1,15,1,True,True,True,True,True,0.000959,,even_char; semisimple,defect_a_even_char
EV-065,256,2,8,15,45,171,even,0,15,1,171,15,1|1|1|1|1|1|1|1|1|1|1|1|1|1|1,1|1|1|1|1|1|1|1|1|1|1|1|1|1|1,True,True,True,True,True,0.009297,,even_char; semisimple,defect_a_even_char
EV-065,256,2,8,15,46,230,even,0,15,1,230,1,15,1,True,True,True,True,True,0.000796,,even_char; semisimple,defect_a_even_char
EV-065,256,2,8,15,47,49,even,0,15,1,49,1,15,1,True,True,True,True,True,0.000783,,even_char; semisimple,defect_a_even_char
EV-065,256,2,8,15,48,83,even,0,15,1,83,3,5|5|5,1|1|1,True,True,True,True,True,0.002011,,even_char; semisimple,defect_a_even_char
EV-065,256,2,8,15,49,245,even,0,15,1,245,1,15,1,True,True,True,True,True,0.001256,,even_char; semisimple,defect_a_even_char
EV-065,256,2,8,15,50,4,even,0,15,1,4,5,3|3|3|3|3,1|1|1|1|1,True,True,True,True,True,0.002855,,even_char; semisimple,defect_a_even_char
EV-065,256,2,8,15,51,12,even,0,15,1,12,3,5|5|5,1|1|1,True,True,True,True,True,0.002577,,even_char; semisimple,defect_a_even_char
EV-065,256,2,8,15,52,20,even,0,15,1,20,1,15,1,True,True,True,True,True,0.000859,,even_char; semisimple,defect_a_even_char
EV-065,256,2,8,15,53,60,even,0,15,1,60,1,15,1,True,True,True,True,True,0.001195,,even_char; semisimple,defect_a_even_char
EV-065,256,2,8,15,54,68,even,0,15,1,68,3,5|5|5,1|1|1,True,True,True,True,True,0.001977,,even_char; semisimple,defect_a_even_char
EV-065,256,2,8,15,55,204,even,0,15,1,204,5,3|3|3|3|3,1|1|1|1|1,True,True,True,True,True,0.0027,,even_char; semisimple,defect_a_even_char
EV-065,256,2,8,15,56,79,even,0,15,1,79,1,15,1,True,True,True,True,True,0.001168,,even_char; semisimple,defect_a_even_char
EV-065,256,2,8,15,57,209,even,0,15,1,209,3,5|5|5,1|1|1,True,True,True,True,True,0.002582,,even_char; semisimple,defect_a_even_char
EV-065,256,2,8,15,58,104,even,0,15,1,104,1,15,1,True,True,True,True,True,0.001191,,even_char; semisimple,defect_a_even_char
EV-065,256,2,8,15,59,184,even,0,15,1,184,1,15,1,True,True,True,True,True,0.001216,,even_char; semisimple,defect_a_even_char
EV-065,256,2,8,15,60,211,even,0,15,1,211,15,1|1|1|1|1|1|1|1|1|1|1|1|1|1|1,1|1|1|1|1|1|1|1|1|1|1|1|1|1|1,True,True,True,True,True,0.008002,,even_char; semisimple,defect_a_even_char
EV-065,256,2,8,15,61,110,even,0,15,1,110,1,15,1,True,True,True,True,True,0.001004,,even_char; semisimple,defect_a_even_char
EV-065,256,2,8,15,62,178,even,0,15,1,178,1,15,1,True,True,True,True,True,0.000776,,even_char; semisimple,defect_a_even_char
EV-065,256,2,8,15,63,205,even,0,15,1,205,3,5|5|5,1|1|1,True,True,True,True,True,0.00158,,even_char; semisimple,defect_a_even_char
EV-065,256,2,8,15,64,76,even,0,15,1,76,1,15,1,True,True,True,True,True,0.000962,,even_char; semisimple,defect_a_even_char
EV-065,256,2,8,15,65,212,even,0,15,1,212,5,3|3|3|3|3,1|1|1|1|1,True,True,True,True,True,0.002864,,even_char; semisimple,defect_a_even_char
EV-065,256,2,8,15,66,103,even,0,15,1,103,3,5|5|5,1|1|1,True,True,True,True,True,0.001821,,even_char; semisimple,defect_a_even_char
EV-065,256,2,8,15,67,169,even,0,15,1,169,1,15,1,True,True,True,True,True,0.001138,,even_char; semisimple,defect_a_even_char
EV-065,256,2,8,15,68,224,even,0,15,1,224,1,15,1,True,True,True,True,True,0.001104,,even_char; semisimple,defect_a_even_char
EV-065,256,2,8,15,69,59,even,0,15,1,59,3,5|5|5,1|1|1,True,True,True,True,True,0.001967,,even_char; semisimple,defect_a_even_char
EV-065,256,2,8,15,70,77,even,0,15,1,77,5,3|3|3|3|3,1|1|1|1|1,True,True,True,True,True,0.004232,,even_char; semisimple,defect_a_even_char
EV-065,256,2,8,15,71,215,even,0,15,1,215,1,15,1,True,True,True,True,True,0.001001,,even_char; semisimple,defect_a_even_char
EV-065,256,2,8,15,72,98,even,0,15,1,98,3,5|5|5,1|1|1,True,True,True,True,True,0.002385,,even_char; semisimple,defect_a_even_char
EV-065,256,2,8,15,73,166,even,0,15,1,166,1,15,1,True,True,True,True,True,0.000797,,even_char; semisimple,defect_a_even_char
EV-065,256,2,8,15,74,241,even,0,15,1,241,1,15,1,True,True,True,True,True,0.000913,,even_char; semisimple,defect_a_even_char
EV-065,256,2,8,15,75,8,even,0,15,1,8,15,1|1|1|1|1|1|1|1|1|1|1|1|1|1|1,1|1|1|1|1|1|1|1|1|1|1|1|1|1|1,True,True,True,True,True,0.005768,,even_char; semisimple,defect_a_even_char
EV-065,256,2,8,15,76,24,even,0,15,1,24,1,15,1,True,True,True,True,True,0.000963,,even_char; semisimple,defect_a_even_char
EV-065,256,2,8,15,77,40,even,0,15,1,40,1,15,1,True,True,True,True,True,0.000758,,even_char; semisimple,defect_a_even_char
EV-065,256,2,8,15,78,120,even,0,15,1,120,3,5|5|5,1|1|1,True,True,True,True,True,0.001422,,even_char; semisimple,defect_a_even_char
EV-065,256,2,8,15,79,136,even,0,15,1,136,1,15,1,True,True,True,True,True,0.000789,,even_char; semisimple,defect_a_even_char
EV-065,256,2,8,15,80,131,even,0,15,1,131,5,3|3|3|3|3,1|1|1|1|1,True,True,True,True,True,0.002166,,even_char; semisimple,defect_a_even_char
EV-065,256,2,8,15,81,158,even,0,15,1,158,3,5|5|5,1|1|1,True,True,True,True,True,0.00124,,even_char; semisimple,defect_a_even_char
EV-065,256,2,8,15,82,185,even,0,15,1,185,1,15,1,True,True,True,True,True,0.000734,,even_char; semisimple,defect_a_even_char
EV-065,256,2,8,15,83,208,even,0,15,1,208,1,15,1,True,True,True,True,True,0.000775,,even_char; semisimple,defect_a_even_char
EV-065,256,2,8,15,84,107,even,0,15,1,107,3,5|5|5,1|1|1,True,True,True,True,True,0.001577,,even_char; semisimple,defect_a_even_char
EV-065,256,2,8,15,85,189,even,0,15,1,189,5,3|3|3|3|3,1|1|1|1|1,True,True,True,True,True,0.003893,,even_char; semisimple,defect_a_even_char
EV-065,256,2,8,15,86,220,even,0,15,1,220,1,15,1,True,True,True,True,True,0.000769,,even_char; semisimple,defect_a_even_char
EV-065,256,2,8,15,87,127,even,0,15,1,127,3,5|5|5,1|1|1,True,True,True,True,True,0.001447,,even_char; semisimple,defect_a_even_char
EV-065,256,2,8,15,88,129,even,0,15,1,129,1,15,1,True,True,True,True,True,0.000787,,even_char; semisimple,defect_a_even_char
EV-065,256,2,8,15,89,152,even,0,15,1,152,1,15,1,True,True,True,True,True,0.00079,,even_char; semisimple,defect_a_even_char
EV-065,256,2,8,15,90,179,even,0,15,1,179,15,1|1|1|1|1|1|1|1|1|1|1|1|1|1|1,1|1|1|1|1|1|1|1|1|1|1|1|1|1|1,True,True,True,True,True,0.006426,,even_char; semisimple,defect_a_even_char
EV-065,256,2,8,15,91,206,even,0,15,1,206,1,15,1,True,True,True,True,True,0.000913,,even_char; semisimple,defect_a_even_char
EV-065,256,2,8,15,92,73,even,0,15,1,73,1,15,1,True,True,True,True,True,0.000877,,even_char; semisimple,defect_a_even_char
EV-065,256,2,8,15,93,219,even,0,15,1,219,3,5|5|5,1|1|1,True,True,True,True,True,0.001668,,even_char; semisimple,defect_a_even_char
EV-065,256,2,8,15,94,118,even,0,15,1,118,1,15,1,True,True,True,True,True,0.000891,,even_char; semisimple,defect_a_even_char
EV-065,256,2,8,15,95,154,even,0,15,1,154,5,3|3|3|3|3,1|1|1|1|1,True,True,True,True,True,0.002482,,even_char; semisimple,defect_a_even_char
EV-065,256,2,8,15,96,181,even,0,15,1,181,3,5|5|5,1|1|1,True,True,True,True,True,0.002903,,even_char; semisimple,defect_a_even_char
EV-065,256,2,8,15,97,196,even,0,15,1,196,1,15,1,True,True,True,True,True,0.000744,,even_char; semisimple,defect_a_even_char
EV-065,256,2,8,15,98,87,even,0,15,1,87,1,15,1,True,True,True,True,True,0.000746,,even_char; semisimple,defect_a_even_char
EV-065,256,2,8,15,99,249,even,0,15,1,249,3,5|5|5,1|1|1,True,True,True,True,True,0.001483,,even_char; semisimple,defect_a_even_char
EV-065,256,2,8,15,100,16,even,0,15,1,16,5,3|3|3|3|3,1|1|1|1|1,True,True,True,True,True,0.00352,,even_char; semisimple,defect_a_even_char
EV-065,256,2,8,15,101,48,even,0,15,1,48,1,15,1,True,True,True,True,True,0.000776,,even_char; semisimple,defect_a_even_char
EV-065,256,2,8,15,102,80,even,0,15,1,80,3,5|5|5,1|1|1,True,True,True,True,True,0.003027,,even_char; semisimple,defect_a_even_char
EV-065,256,2,8,15,103,240,even,0,15,1,240,1,15,1,True,True,True,True,True,0.000946,,even_char; semisimple,defect_a_even_char
EV-065,256,2,8,15,104,11,even,0,15,1,11,1,15,1,True,True,True,True,True,0.000911,,even_char; semisimple,defect_a_even_char
EV-065,256,2,8,15,105,29,even,0,15,1,29,15,1|1|1|1|1|1|1|1|1|1|1|1|1|1|1,1|1|1|1|1|1|1|1|1|1|1|1|1|1|1,True,True,True,True,True,0.007606,,even_char; semisimple,defect_a_even_char
EV-065,256,2,8,15,106,39,even,0,15,1,39,1,15,1,True,True,True,True,True,0.000828,,even_char; semisimple,defect_a_even_char
EV-065,256,2,8,15,107,105,even,0,15,1,105,1,15,1,True,True,True,True,True,0.000838,,even_char; semisimple,defect_a_even_char
EV-065,256,2,8,15,108,187,even,0,15,1,187,3,5|5|5,1|1|1,True,True,True,True,True,0.002111,,even_char; semisimple,defect_a_even_char
EV-065,256,2,8,15,109,214,even,0,15,1,214,1,15,1,True,True,True,True,True,0.00082,,even_char; semisimple,defect_a_even_char
EV-065,256,2,8,15,110,97,even,0,15,1,97,5,3|3|3|3|3,1|1|1|1|1,True,True,True,True,True,0.002443,,even_char; semisimple,defect_a_even_char
EV-065,256,2,8,15,111,163,even,0,15,1,163,3,5|5|5,1|1|1,True,True,True,True,True,0.002389,,even_char; semisimple,defect_a_even_char
EV-065,256,2,8,15,112,254,even,0,15,1,254,1,15,1,True,True,True,True,True,0.000884,,even_char; semisimple,defect_a_even_char
EV-065,256,2,8,15,113,25,even,0,15,1,25,1,15,1,True,True,True,True,True,0.000827,,even_char; semisimple,defect_a_even_char
EV-065,256,2,8,15,114,43,even,0,15,1,43,3,5|5|5,1|1|1,True,True,True,True,True,0.00173,,even_char; semisimple,defect_a_even_char
EV-065,256,2,8,15,115,125,even,0,15,1,125,5,3|3|3|3|3,1|1|1|1|1,True,True,True,True,True,0.002102,,even_char; semisimple,defect_a_even_char
EV-065,256,2,8,15,116,135,even,0,15,1,135,1,15,1,True,True,True,True,True,0.000738,,even_char; semisimple,defect_a_even_char
EV-065,256,2,8,15,117,146,even,0,15,1,146,3,5|5|5,1|1|1,True,True,True,True,True,0.002718,,even_char; semisimple,defect_a_even_char
EV-065,256,2,8,15,118,173,even,0,15,1,173,1,15,1,True,True,True,True,True,0.000776,,even_char; semisimple,defect_a_even_char
EV-065,256,2,8,15,119,236,even,0,15,1,236,1,15,1,True,True,True,True,True,0.000786,,even_char; semisimple,defect_a_even_char
EV-065,256,2,8,15,120,47,even,0,15,1,47,15,1|1|1|1|1|1|1|1|1|1|1|1|1|1|1,1|1|1|1|1|1|1|1|1|1|1|1|1|1|1,True,True,True,True,True,0.008606,,even_char; semisimple,defect_a_even_char
EV-065,256,2,8,15,121,113,even,0,15,1,113,1,15,1,True,True,True,True,True,0.000775,,even_char; semisimple,defect_a_even_char
EV-065,256,2,8,15,122,147,even,0,15,1,147,1,15,1,True,True,True,True,True,0.000768,,even_char; semisimple,defect_a_even_char
EV-065,256,2,8,15,123,174,even,0,15,1,174,3,5|5|5,1|1|1,True,True,True,True,True,0.001289,,even_char; semisimple,defect_a_even_char
EV-065,256,2,8,15,124,233,even,0,15,1,233,1,15,1,True,True,True,True,True,0.000775,,even_char; semisimple,defect_a_even_char
EV-065,256,2,8,15,125,32,even,0,15,1,32,5,3|3|3|3|3,1|1|1|1|1,True,True,True,True,True,0.002165,,even_char; semisimple,defect_a_even_char
EV-065,256,2,8,15,126,96,even,0,15,1,96,3,5|5|5,1|1|1,True,True,True,True,True,0.001927,,even_char; semisimple,defect_a_even_char
EV-065,256,2,8,15,127,160,even,0,15,1,160,1,15,1,True,True,True,True,True,0.00072,,even_char; semisimple,defect_a_even_char
EV-065,256,2,8,15,128,251,even,0,15,1,251,1,15,1,True,True,True,True,True,0.000779,,even_char; semisimple,defect_a_even_char
EV-065,256,2,8,15,129,22,even,0,15,1,22,3,5|5|5,1|1|1,True,True,True,True,True,0.002001,,even_char; semisimple,defect_a_even_char
EV-065,256,2,8,15,130,58,even,0,15,1,58,5,3|3|3|3|3,1|1|1|1|1,True,True,True,True,True,0.004194,,even_char; semisimple,defect_a_even_char
EV-065,256,2,8,15,131,78,even,0,15,1,78,1,15,1,True,True,True,True,True,0.000769,,even_char; semisimple,defect_a_even_char
EV-065,256,2,8,15,132,210,even,0,15,1,210,3,5|5|5,1|1|1,True,True,True,True,True,0.002025,,even_char; semisimple,defect_a_even_char
EV-065,256,2,8,15,133,109,even,0,15,1,109,1,15,1,True,True,True,True,True,0.000872,,even_char; semisimple,defect_a_even_char
EV-065,256,2,8,15,134,183,even,0,15,1,183,1,15,1,True,True,True,True,True,0.001126,,even_char; semisimple,defect_a_even_char
EV-065,256,2,8,15,135,194,even,0,15,1,194,15,1|1|1|1|1|1|1|1|1|1|1|1|1|1|1,1|1|1|1|1|1|1|1|1|1|1|1|1|1|1,True,True,True,True,True,0.013591,,even_char; semisimple,defect_a_even_char
EV-065,256,2,8,15,136,93,even,0,15,1,93,1,15,1,True,True,True,True,True,0.000803,,even_char; semisimple,defect_a_even_char
EV-065,256,2,8,15,137,231,even,0,15,1,231,1,15,1,True,True,True,True,True,0.000775,,even_char; semisimple,defect_a_even_char
EV-065,256,2,8,15,138,50,even,0,15,1,50,3,5|5|5,1|1|1,True,True,True,True,True,0.002243,,even_char; semisimple,defect_a_even_char
EV-065,256,2,8,15,139,86,even,0,15,1,86,1,15,1,True,True,True,True,True,0.001201,,even_char; semisimple,defect_a_even_char
EV-065,256,2,8,15,140,250,even,0,15,1,250,5,3|3|3|3|3,1|1|1|1|1,True,True,True,True,True,0.002441,,even_char; semisimple,defect_a_even_char
EV-065,256,2,8,15,141,21,even,0,15,1,21,3,5|5|5,1|1|1,True,True,True,True,True,0.001271,,even_char; semisimple,defect_a_even_char
EV-065,256,2,8,15,142,63,even,0,15,1,63,1,15,1,True,True,True,True,True,0.00079,,even_char; semisimple,defect_a_even_char
EV-065,256,2,8,15,143,65,even,0,15,1,65,1,15,1,True,True,True,True,True,0.00075,,even_char; semisimple,defect_a_even_char
EV-065,256,2,8,15,144,195,even,0,15,1,195,3,5|5|5,1|1|1,True,True,True,True,True,0.001604,,even_char; semisimple,defect_a_even_char
EV-065,256,2,8,15,145,94,even,0,15,1,94,5,3|3|3|3|3,1|1|1|1|1,True,True,True,True,True,0.002164,,even_char; semisimple,defect_a_even_char
EV-065,256,2,8,15,146,226,even,0,15,1,226,1,15,1,True,True,True,True,True,0.000725,,even_char; semisimple,defect_a_even_char
EV-065,256,2,8,15,147,61,even,0,15,1,61,3,5|5|5,1|1|1,True,True,True,True,True,0.001453,,even_char; semisimple,defect_a_even_char
EV-065,256,2,8,15,148,71,even,0,15,1,71,1,15,1,True,True,True,True,True,0.001166,,even_char; semisimple,defect_a_even_char
EV-065,256,2,8,15,149,201,even,0,15,1,201,1,15,1,True,True,True,True,True,0.001181,,even_char; semisimple,defect_a_even_char
EV-065,256,2,8,15,150,64,even,0,15,1,64,15,1|1|1|1|1|1|1|1|1|1|1|1|1|1|1,1|1|1|1|1|1|1|1|1|1|1|1|1|1|1,True,True,True,True,True,0.00864,,even_char; semisimple,defect_a_even_char
EV-065,256,2,8,15,151,192,even,0,15,1,192,1,15,1,True,True,True,True,True,0.000855,,even_char; semisimple,defect_a_even_char
EV-065,256,2,8,15,152,91,even,0,15,1,91,1,15,1,True,True,True,True,True,0.000978,,even_char; semisimple,defect_a_even_char
EV-065,256,2,8,15,153,237,even,0,15,1,237,3,5|5|5,1|1|1,True,True,True,True,True,0.005384,,even_char; semisimple,defect_a_even_char
EV-065,256,2,8,15,154,44,even,0,15,1,44,1,15,1,True,True,True,True,True,0.00128,,even_char; semisimple,defect_a_even_char
EV-065,256,2,8,15,155,116,even,0,15,1,116,5,3|3|3|3|3,1|1|1|1|1,True,True,True,True,True,0.003391,,even_char; semisimple,defect_a_even_char
EV-065,256,2,8,15,156,156,even,0,15,1,156,3,5|5|5,1|1|1,True,True,True,True,True,0.002512,,even_char; semisimple,defect_a_even_char
EV-065,256,2,8,15,157,191,even,0,15,1,191,1,15,1,True,True,True,True,True,0.001171,,even_char; semisimple,defect_a_even_char
EV-065,256,2,8,15,158,218,even,0,15,1,218,1,15,1,True,True,True,True,True,0.001228,,even_char; semisimple,defect_a_even_char
EV-065,256,2,8,15,159,117,even,0,15,1,117,3,5|5|5,1|1|1,True,True,True,True,True,0.002563,,even_char; semisimple,defect_a_even_char
EV-065,256,2,8,15,160,159,even,0,15,1,159,5,3|3|3|3|3,1|1|1|1|1,True,True,True,True,True,0.004763,,even_char; semisimple,defect_a_even_char
EV-065,256,2,8,15,161,186,even,0,15,1,186,1,15,1,True,True,True,True,True,0.001236,,even_char; semisimple,defect_a_even_char
EV-065,256,2,8,15,162,213,even,0,15,1,213,3,5|5|5,1|1|1,True,True,True,True,True,0.002461,,even_char; semisimple,defect_a_even_char
EV-065,256,2,8,15,163,100,even,0,15,1,100,1,15,1,True,True,True,True,True,0.001235,,even_char; semisimple,defect_a_even_char
EV-065,256,2,8,15,164,172,even,0,15,1,172,1,15,1,True,True,True,True,True,0.001278,,even_char; semisimple,defect_a_even_char
EV-065,256,2,8,15,165,239,even,0,15,1,239,15,1|1|1|1|1|1|1|1|1|1|1|1|1|1|1,1|1|1|1|1|1|1|1|1|1|1|1|1|1|1,True,True,True,True,True,0.00853,,even_char; semisimple,defect_a_even_char
EV-065,256,2,8,15,166,42,even,0,15,1,42,1,15,1,True,True,True,True,True,0.001217,,even_char; semisimple,defect_a_even_char
EV-065,256,2,8,15,167,126,even,0,15,1,126,1,15,1,True,True,True,True,True,0.001165,,even_char; semisimple,defect_a_even_char
EV-065,256,2,8,15,168,130,even,0,15,1,130,3,5|5|5,1|1|1,True,True,True,True,True,0.002495,,even_char; semisimple,defect_a_even_char
EV-065,256,2,8,15,169,157,even,0,15,1,157,1,15,1,True,True,True,True,True,0.001177,,even_char; semisimple,defect_a_even_char
EV-065,256,2,8,15,170,188,even,0,15,1,188,5,3|3|3|3|3,1|1|1|1|1,True,True,True,True,True,0.002876,,even_char; semisimple,defect_a_even_char
EV-065,256,2,8,15,171,223,even,0,15,1,223,3,5|5|5,1|1|1,True,True,True,True,True,0.001969,,even_char; semisimple,defect_a_even_char
EV-065,256,2,8,15,172,122,even,0,15,1,122,1,15,1,True,True,True,True,True,0.00116,,even_char; semisimple,defect_a_even_char
EV-065,256,2,8,15,173,142,even,0,15,1,142,1,15,1,True,True,True,True,True,0.001308,,even_char; semisimple,defect_a_even_char
EV-065,256,2,8,15,174,137,even,0,15,1,137,3,5|5|5,1|1|1,True,True,True,True,True,0.002073,,even_char; semisimple,defect_a_even_char
EV-065,256,2,8,15,175,128,even,0,15,1,128,5,3|3|3|3|3,1|1|1|1|1,True,True,True,True,True,0.003163,,even_char; semisimple,defect_a_even_char
EV-065,256,2,8,15,176,155,even,0,15,1,155,1,15,1,True,True,True,True,True,0.001228,,even_char; semisimple,defect_a_even_char
EV-065,256,2,8,15,177,182,even,0,15,1,182,3,5|5|5,1|1|1,True,True,True,True,True,0.00478,,even_char; semisimple,defect_a_even_char
EV-065,256,2,8,15,178,193,even,0,15,1,193,1,15,1,True,True,True,True,True,0.001222,,even_char; semisimple,defect_a_even_char
EV-065,256,2,8,15,179,88,even,0,15,1,88,1,15,1,True,True,True,True,True,0.001246,,even_char; semisimple,defect_a_even_char
EV-065,256,2,8,15,180,232,even,0,15,1,232,15,1|1|1|1|1|1|1|1|1|1|1|1|1|1|1,1|1|1|1|1|1|1|1|1|1|1|1|1|1|1,True,True,True,True,True,0.016536,,even_char; semisimple,defect_a_even_char
EV-065,256,2,8,15,181,35,even,0,15,1,35,1,15,1,True,True,True,True,True,0.001211,,even_char; semisimple,defect_a_even_char
EV-065,256,2,8,15,182,101,even,0,15,1,101,1,15,1,True,True,True,True,True,0.001236,,even_char; semisimple,defect_a_even_char
EV-065,256,2,8,15,183,175,even,0,15,1,175,3,5|5|5,1|1|1,True,True,True,True,True,0.001965,,even_char; semisimple,defect_a_even_char
EV-065,256,2,8,15,184,234,even,0,15,1,234,1,15,1,True,True,True,True,True,0.001265,,even_char; semisimple,defect_a_even_char
EV-065,256,2,8,15,185,37,even,0,15,1,37,5,3|3|3|3|3,1|1|1|1|1,True,True,True,True,True,0.003035,,even_char; semisimple,defect_a_even_char
EV-065,256,2,8,15,186,111,even,0,15,1,111,3,5|5|5,1|1|1,True,True,True,True,True,0.002211,,even_char; semisimple,defect_a_even_char
EV-065,256,2,8,15,187,177,even,0,15,1,177,1,15,1,True,True,True,True,True,0.001183,,even_char; semisimple,defect_a_even_char
EV-065,256,2,8,15,188,200,even,0,15,1,200,1,15,1,True,True,True,True,True,0.001286,,even_char; semisimple,defect_a_even_char
EV-065,256,2,8,15,189,67,even,0,15,1,67,3,5|5|5,1|1|1,True,True,True,True,True,0.002941,,even_char; semisimple,defect_a_even_char
EV-065,256,2,8,15,190,197,even,0,15,1,197,5,3|3|3|3|3,1|1|1|1|1,True,True,True,True,True,0.004096,,even_char; semisimple,defect_a_even_char
EV-065,256,2,8,15,191,84,even,0,15,1,84,1,15,1,True,True,True,True,True,0.001088,,even_char; semisimple,defect_a_even_char
EV-065,256,2,8,15,192,252,even,0,15,1,252,3,5|5|5,1|1|1,True,True,True,True,True,0.003084,,even_char; semisimple,defect_a_even_char
EV-065,256,2,8,15,193,31,even,0,15,1,31,1,15,1,True,True,True,True,True,0.001258,,even_char; semisimple,defect_a_even_char
EV-065,256,2,8,15,194,33,even,0,15,1,33,1,15,1,True,True,True,True,True,0.001177,,even_char; semisimple,defect_a_even_char
EV-065,256,2,8,15,195,99,even,0,15,1,99,15,1|1|1|1|1|1|1|1|1|1|1|1|1|1|1,1|1|1|1|1|1|1|1|1|1|1|1|1|1|1,True,True,True,True,True,0.005412,,even_char; semisimple,defect_a_even_char
EV-065,256,2,8,15,196,165,even,0,15,1,165,1,15,1,True,True,True,True,True,0.000837,,even_char; semisimple,defect_a_even_char
EV-065,256,2,8,15,197,244,even,0,15,1,244,1,15,1,True,True,True,True,True,0.000821,,even_char; semisimple,defect_a_even_char
EV-065,256,2,8,15,198,7,even,0,15,1,7,3,5|5|5,1|1|1,True,True,True,True,True,0.001612,,even_char; semisimple,defect_a_even_char
EV-065,256,2,8,15,199,9,even,0,15,1,9,1,15,1,True,True,True,True,True,0.0008,,even_char; semisimple,defect_a_even_char
EV-065,256,2,8,15,200,27,even,0,15,1,27,5,3|3|3|3|3,1|1|1|1|1,True,True,True,True,True,0.001695,,even_char; semisimple,defect_a_even_char
EV-065,256,2,8,15,201,45,even,0,15,1,45,3,5|5|5,1|1|1,True,True,True,True,True,0.00159,,even_char; semisimple,defect_a_even_char
EV-065,256,2,8,15,202,119,even,0,15,1,119,1,15,1,True,True,True,True,True,0.000765,,even_char; semisimple,defect_a_even_char
EV-065,256,2,8,15,203,153,even,0,15,1,153,1,15,1,True,True,True,True,True,0.000898,,even_char; semisimple,defect_a_even_char
EV-065,256,2,8,15,204,176,even,0,15,1,176,3,5|5|5,1|1|1,True,True,True,True,True,0.002968,,even_char; semisimple,defect_a_even_char
EV-065,256,2,8,15,205,203,even,0,15,1,203,5,3|3|3|3|3,1|1|1|1|1,True,True,True,True,True,0.002182,,even_char; semisimple,defect_a_even_char
EV-065,256,2,8,15,206,70,even,0,15,1,70,1,15,1,True,True,True,True,True,0.000919,,even_char; semisimple,defect_a_even_char
EV-065,256,2,8,15,207,202,even,0,15,1,202,3,5|5|5,1|1|1,True,True,True,True,True,0.002012,,even_char; semisimple,defect_a_even_char
EV-065,256,2,8,15,208,69,even,0,15,1,69,1,15,1,True,True,True,True,True,0.000766,,even_char; semisimple,defect_a_even_char
EV-065,256,2,8,15,209,207,even,0,15,1,207,1,15,1,True,True,True,True,True,0.000731,,even_char; semisimple,defect_a_even_char
EV-065,256,2,8,15,210,74,even,0,15,1,74,15,1|1|1|1|1|1|1|1|1|1|1|1|1|1|1,1|1|1|1|1|1|1|1|1|1|1|1|1|1|1,True,True,True,True,True,0.010576,,even_char; semisimple,defect_a_even_char
EV-065,256,2,8,15,211,222,even,0,15,1,222,1,15,1,True,True,True,True,True,0.000753,,even_char; semisimple,defect_a_even_char
EV-065,256,2,8,15,212,121,even,0,15,1,121,1,15,1,True,True,True,True,True,0.000693,,even_char; semisimple,defect_a_even_char
EV-065,256,2,8,15,213,139,even,0,15,1,139,3,5|5|5,1|1|1,True,True,True,True,True,0.001812,,even_char; semisimple,defect_a_even_char
EV-065,256,2,8,15,214,134,even,0,15,1,134,1,15,1,True,True,True,True,True,0.00077,,even_char; semisimple,defect_a_even_char
EV-065,256,2,8,15,215,145,even,0,15,1,145,5,3|3|3|3|3,1|1|1|1|1,True,True,True,True,True,0.00149,,even_char; semisimple,defect_a_even_char
EV-065,256,2,8,15,216,168,even,0,15,1,168,3,5|5|5,1|1|1,True,True,True,True,True,0.001276,,even_char; semisimple,defect_a_even_char
EV-065,256,2,8,15,217,227,even,0,15,1,227,1,15,1,True,True,True,True,True,0.000936,,even_char; semisimple,defect_a_even_char
EV-065,256,2,8,15,218,62,even,0,15,1,62,1,15,1,True,True,True,True,True,0.001223,,even_char; semisimple,defect_a_even_char
EV-065,256,2,8,15,219,66,even,0,15,1,66,3,5|5|5,1|1|1,True,True,True,True,True,0.002741,,even_char; semisimple,defect_a_even_char
EV-065,256,2,8,15,220,198,even,0,15,1,198,5,3|3|3|3|3,1|1|1|1|1,True,True,True,True,True,0.003183,,even_char; semisimple,defect_a_even_char
EV-065,256,2,8,15,221,81,even,0,15,1,81,1,15,1,True,True,True,True,True,0.001011,,even_char; semisimple,defect_a_even_char
EV-065,256,2,8,15,222,243,even,0,15,1,243,3,5|5|5,1|1|1,True,True,True,True,True,0.001927,,even_char; semisimple,defect_a_even_char
EV-065,256,2,8,15,223,14,even,0,15,1,14,1,15,1,True,True,True,True,True,0.000711,,even_char; semisimple,defect_a_even_char
EV-065,256,2,8,15,224,18,even,0,15,1,18,1,15,1,True,True,True,True,True,0.000718,,even_char; semisimple,defect_a_even_char
EV-065,256,2,8,15,225,54,even,0,15,1,54,15,1|1|1|1|1|1|1|1|1|1|1|1|1|1|1,1|1|1|1|1|1|1|1|1|1|1|1|1|1|1,True,True,True,True,True,0.00565,,even_char; semisimple,defect_a_even_char
EV-065,256,2,8,15,226,90,even,0,15,1,90,1,15,1,True,True,True,True,True,0.000742,,even_char; semisimple,defect_a_even_char
EV-065,256,2,8,15,227,238,even,0,15,1,238,1,15,1,True,True,True,True,True,0.000704,,even_char; semisimple,defect_a_even_char
EV-065,256,2,8,15,228,41,even,0,15,1,41,3,5|5|5,1|1|1,True,True,True,True,True,0.001545,,even_char; semisimple,defect_a_even_char
EV-065,256,2,8,15,229,123,even,0,15,1,123,1,15,1,True,True,True,True,True,0.000732,,even_char; semisimple,defect_a_even_char
EV-065,256,2,8,15,230,141,even,0,15,1,141,5,3|3|3|3|3,1|1|1|1|1,True,True,True,True,True,0.001725,,even_char; semisimple,defect_a_even_char
EV-065,256,2,8,15,231,140,even,0,15,1,140,3,5|5|5,1|1|1,True,True,True,True,True,0.001858,,even_char; semisimple,defect_a_even_char
EV-065,256,2,8,15,232,143,even,0,15,1,143,1,15,1,True,True,True,True,True,0.000714,,even_char; semisimple,defect_a_even_char
EV-065,256,2,8,15,233,138,even,0,15,1,138,1,15,1,True,True,True,True,True,0.000703,,even_char; semisimple,defect_a_even_char
EV-065,256,2,8,15,234,133,even,0,15,1,133,3,5|5|5,1|1|1,True,True,True,True,True,0.001228,,even_char; semisimple,defect_a_even_char
EV-065,256,2,8,15,235,148,even,0,15,1,148,5,3|3|3|3|3,1|1|1|1|1,True,True,True,True,True,0.002438,,even_char; semisimple,defect_a_even_char
EV-065,256,2,8,15,236,167,even,0,15,1,167,1,15,1,True,True,True,True,True,0.000784,,even_char; semisimple,defect_a_even_char
EV-065,256,2,8,15,237,242,even,0,15,1,242,3,5|5|5,1|1|1,True,True,True,True,True,0.001926,,even_char; semisimple,defect_a_even_char
EV-065,256,2,8,15,238,13,even,0,15,1,13,1,15,1,True,True,True,True,True,0.000756,,even_char; semisimple,defect_a_even_char
EV-065,256,2,8,15,239,23,even,0,15,1,23,1,15,1,True,True,True,True,True,0.000743,,even_char; semisimple,defect_a_even_char
EV-065,256,2,8,15,240,57,even,0,15,1,57,15,1|1|1|1|1|1|1|1|1|1|1|1|1|1|1,1|1|1|1|1|1|1|1|1|1|1|1|1|1|1,True,True,True,True,True,0.00746,,even_char; semisimple,defect_a_even_char
EV-065,256,2,8,15,241,75,even,0,15,1,75,1,15,1,True,True,True,True,True,0.000746,,even_char; semisimple,defect_a_even_char
EV-065,256,2,8,15,242,221,even,0,15,1,221,1,15,1,True,True,True,True,True,0.000706,,even_char; semisimple,defect_a_even_char
EV-065,256,2,8,15,243,124,even,0,15,1,124,3,5|5|5,1|1|1,True,True,True,True,True,0.002496,,even_char; semisimple,defect_a_even_char
EV-065,256,2,8,15,244,132,even,0,15,1,132,1,15,1,True,True,True,True,True,0.000759,,even_char; semisimple,defect_a_even_char
EV-065,256,2,8,15,245,151,even,0,15,1,151,5,3|3|3|3|3,1|1|1|1|1,True,True,True,True,True,0.001606,,even_char; semisimple,defect_a_even_char
EV-065,256,2,8,15,246,162,even,0,15,1,162,3,5|5|5,1|1|1,True,True,True,True,True,0.001307,,even_char; semisimple,defect_a_even_char
EV-065,256,2,8,15,247,253,even,0,15,1,253,1,15,1,True,True,True,True,True,0.000725,,even_char; semisimple,defect_a_even_char
EV-065,256,2,8,15,248,28,even,0,15,1,28,1,15,1,True,True,True,True,True,0.000739,,even_char; semisimple,defect_a_even_char
EV-065,256,2,8,15,249,36,even,0,15,1,36,3,5|5|5,1|1|1,True,True,True,True,True,0.001655,,even_char; semisimple,defect_a_even_char
EV-065,256,2,8,15,250,108,even,0,15,1,108,5,3|3|3|3|3,1|1|1|1|1,True,True,True,True,True,0.001902,,even_char; semisimple,defect_a_even_char
EV-065,256,2,8,15,251,180,even,0,15,1,180,1,15,1,True,True,True,True,True,0.000758,,even_char; semisimple,defect_a_even_char
EV-065,256,2,8,15,252,199,even,0,15,1,199,3,5|5|5,1|1|1,True,True,True,True,True,0.001655,,even_char; semisimple,defect_a_even_char
EV-065,256,2,8,15,253,82,even,0,15,1,82,1,15,1,True,True,True,True,True,0.000753,,even_char; semisimple,defect_a_even_char
EV-065,256,2,8,15,254,246,even,0,15,1,246,1,15,1,True,True,True,True,True,0.000758,,even_char; semisimple,defect_a_even_char
EV-066,256,2,8,17,0,1,even,0,17,1,1,17,1|1|1|1|1|1|1|1|1|1|1|1|1|1|1|1|1,1|1|1|1|1|1|1|1|1|1|1|1|1|1|1|1|1,True,True,True,True,True,0.014395,,even_char; semisimple,defect_a_even_char
EV-066,256,2,8,17,1,3,even,0,17,1,3,1,17,1,True,True,True,True,True,0.000932,,even_char; semisimple,defect_a_even_char
EV-066,256,2,8,17,2,5,even,0,17,1,5,1,17,1,True,True,True,True,True,0.00097,,even_char; semisimple,defect_a_even_char
EV-066,256,2,8,17,3,15,even,0,17,1,15,1,17,1,True,True,True,True,True,0.000909,,even_char; semisimple,defect_a_even_char
EV-066,256,2,8,17,4,17,even,0,17,1,17,1,17,1,True,True,True,True,True,0.000991,,even_char; semisimple,defect_a_even_char
EV-066,256,2,8,17,5,51,even,0,17,1,51,1,17,1,True,True,True,True,True,0.001034,,even_char; semisimple,defect_a_even_char
EV-066,256,2,8,17,6,85,even,0,17,1,85,1,17,1,True,True,True,True,True,0.000975,,even_char; semisimple,defect_a_even_char
EV-066,256,2,8,17,7,255,even,0,17,1,255,1,17,1,True,True,True,True,True,0.000926,,even_char; semisimple,defect_a_even_char
EV-066,256,2,8,17,8,26,even,0,17,1,26,1,17,1,True,True,True,True,True,0.000978,,even_char; semisimple,defect_a_even_char
EV-066,256,2,8,17,9,46,even,0,17,1,46,1,17,1,True,True,True,True,True,0.00089,,even_char; semisimple,defect_a_even_char
EV-066,256,2,8,17,10,114,even,0,17,1,114,1,17,1,True,True,True,True,True,0.000882,,even_char; semisimple,defect_a_even_char
EV-066,256,2,8,17,11,150,even,0,17,1,150,1,17,1,True,True,True,True,True,0.000863,,even_char; semisimple,defect_a_even_char
EV-066,256,2,8,17,12,161,even,0,17,1,161,1,17,1,True,True,True,True,True,0.000924,,even_char; semisimple,defect_a_even_char
EV-066,256,2,8,17,13,248,even,0,17,1,248,1,17,1,True,True,True,True,True,0.00089,,even_char; semisimple,defect_a_even_char
EV-066,256,2,8,17,14,19,even,0,17,1,19,1,17,1,True,True,True,True,True,0.000883,,even_char; semisimple,defect_a_even_char
EV-066,256,2,8,17,15,53,even,0,17,1,53,1,17,1,True,True,True,True,True,0.000883,,even_char; semisimple,defect_a_even_char
EV-066,256,2,8,17,16,95,even,0,17,1,95,1,17,1,True,True,True,True,True,0.000881,,even_char; semisimple,defect_a_even_char
EV-066,256,2,8,17,17,225,even,0,17,1,225,17,1|1|1|1|1|1|1|1|1|1|1|1|1|1|1|1|1,1|1|1|1|1|1|1|1|1|1|1|1|1|1|1|1|1,True,True,True,True,True,0.010668,,even_char; semisimple,defect_a_even_char
EV-066,256,2,8,17,18,56,even,0,17,1,56,1,17,1,True,True,True,True,True,0.000903,,even_char; semisimple,defect_a_even_char
EV-066,256,2,8,17,19,72,even,0,17,1,72,1,17,1,True,True,True,True,True,0.001027,,even_char; semisimple,defect_a_even_char
EV-066,256,2,8,17,20,216,even,0,17,1,216,1,17,1,True,True,True,True,True,0.001056,,even_char; semisimple,defect_a_even_char
EV-066,256,2,8,17,21,115,even,0,17,1,115,1,17,1,True,True,True,True,True,0.0011,,even_char; semisimple,defect_a_even_char
EV-066,256,2,8,17,22,149,even,0,17,1,149,1,17,1,True,True,True,True,True,0.000915,,even_char; semisimple,defect_a_even_char
EV-066,256,2,8,17,23,164,even,0,17,1,164,1,17,1,True,True,True,True,True,0.00095,,even_char; semisimple,defect_a_even_char
EV-066,256,2,8,17,24,247,even,0,17,1,247,1,17,1,True,True,True,True,True,0.000884,,even_char; semisimple,defect_a_even_char
EV-066,256,2,8,17,25,2,even,0,17,1,2,1,17,1,True,True,True,True,True,0.001627,,even_char; semisimple,defect_a_even_char
EV-066,256,2,8,17,26,6,even,0,17,1,6,1,17,1,True,True,True,True,True,0.001187,,even_char; semisimple,defect_a_even_char
EV-066,256,2,8,17,27,10,even,0,17,1,10,1,17,1,True,True,True,True,True,0.000914,,even_char; semisimple,defect_a_even_char
EV-066,256,2,8,17,28,30,even,0,17,1,30,1,17,1,True,True,True,True,True,0.001094,,even_char; semisimple,defect_a_even_char
EV-066,256,2,8,17,29,34,even,0,17,1,34,1,17,1,True,True,True,True,True,0.000909,,even_char; semisimple,defect_a_even_char
EV-066,256,2,8,17,30,102,even,0,17,1,102,1,17,1,True,True,True,True,True,0.000919,,even_char; semisimple,defect_a_even_char
EV-066,256,2,8,17,31,170,even,0,17,1,170,1,17,1,True,True,True,True,True,0.0009,,even_char; semisimple,defect_a_even_char
EV-066,256,2,8,17,32,229,even,0,17,1,229,1,17,1,True,True,True,True,True,0.000886,,even_char; semisimple,defect_a_even_char
EV-066,256,2,8,17,33,52,even,0,17,1,52,1,17,1,True,True,True,True,True,0.000873,,even_char; semisimple,defect_a_even_char
EV-066,256,2,8,17,34,92,even,0,17,1,92,17,1|1|1|1|1|1|1|1|1|1|1|1|1|1|1|1|1,1|1|1|1|1|1|1|1|1|1|1|1|1|1|1|1|1,True,True,True,True,True,0.00932,,even_char; semisimple,defect_a_even_char
EV-066,256,2,8,17,35,228,even,0,17,1,228,1,17,1,True,True,True,True,True,0.001095,,even_char; semisimple,defect_a_even_char
EV-066,256,2,8,17,36,55,even,0,17,1,55,1,17,1,True,True,True,True,True,0.000905,,even_char; semisimple,defect_a_even_char
EV-066,256,2,8,17,37,89,even,0,17,1,89,1,17,1,True,True,True,True,True,0.001169,,even_char; semisimple,defect_a_even_char
EV-066,256,2,8,17,38,235,even,0,17,1,235,1,17,1,True,True,True,True,True,0.001573,,even_char; semisimple,defect_a_even_char
EV-066,256,2,8,17,39,38,even,0,17,1,38,1,17,1,True,True,True,True,True,0.001329,,even_char; semisimple,defect_a_even_char
EV-066,256,2,8,17,40,106,even,0,17,1,106,1,17,1,True,True,True,True,True,0.001035,,even_char; semisimple,defect_a_even_char
EV-066,256,2,8,17,41,190,even,0,17,1,190,1,17,1,True,True,True,True,True,0.000977,,even_char; semisimple,defect_a_even_char
EV-066,256,2,8,17,42,217,even,0,17,1,217,1,17,1,True,True,True,True,True,0.000981,,even_char; semisimple,defect_a_even_char
EV-066,256,2,8,17,43,112,even,0,17,1,112,1,17,1,True,True,True,True,True,0.001002,,even_char; semisimple,defect_a_even_char
EV-066,256,2,8,17,44,144,even,0,17,1,144,1,17,1,True,True,True,True,True,0.00093,,even_char; semisimple,defect_a_even_char
EV-066,256,2,8,17,45,171,even,0,17,1,171,1,17,1,True,True,True,True,True,0.000945,,even_char; semisimple,defect_a_even_char
EV-066,256,2,8,17,46,230,even,0,17,1,230,1,17,1,True,True,True,True,True,0.00092,,even_char; semisimple,defect_a_even_char
EV-066,256,2,8,17,47,49,even,0,17,1,49,1,17,1,True,True,True,True,True,0.00095,,even_char; semisimple,defect_a_even_char
EV-066,256,2,8,17,48,83,even,0,17,1,83,1,17,1,True,True,True,True,True,0.001058,,even_char; semisimple,defect_a_even_char
EV-066,256,2,8,17,49,245,even,0,17,1,245,1,17,1,True,True,True,True,True,0.001363,,even_char; semisimple,defect_a_even_char
EV-066,256,2,8,17,50,4,even,0,17,1,4,1,17,1,True,True,True,True,True,0.001135,,even_char; semisimple,defect_a_even_char
EV-066,256,2,8,17,51,12,even,0,17,1,12,17,1|1|1|1|1|1|1|1|1|1|1|1|1|1|1|1|1,1|1|1|1|1|1|1|1|1|1|1|1|1|1|1|1|1,True,True,True,True,True,0.008687,,even_char; semisimple,defect_a_even_char
EV-066,256,2,8,17,52,20,even,0,17,1,20,1,17,1,True,True,True,True,True,0.001256,,even_char; semisimple,defect_a_even_char
EV-066,256,2,8,17,53,60,even,0,17,1,60,1,17,1,True,True,True,True,True,0.001019,,even_char; semisimple,defect_a_even_char
EV-066,256,2,8,17,54,68,even,0,17,1,68,1,17,1,True,True,True,True,True,0.00095,,even_char; semisimple,defect_a_even_char
EV-066,256,2,8,17,55,204,even,0,17,1,204,1,17,1,True,True,True,True,True,0.000931,,even_char; semisimple,defect_a_even_char
EV-066,256,2,8,17,56,79,even,0,17,1,79,1,17,1,True,True,True,True,True,0.001169,,even_char; semisimple,defect_a_even_char
EV-066,256,2,8,17,57,209,even,0,17,1,209,1,17,1,True,True,True,True,True,0.001523,,even_char; semisimple,defect_a_even_char
EV-066,256,2,8,17,58,104,even,0,17,1,104,1,17,1,True,True,True,True,True,0.00149,,even_char; semisimple,defect_a_even_char
EV-066,256,2,8,17,59,184,even,0,17,1,184,1,17,1,True,True,True,True,True,0.001557,,even_char; semisimple,defect_a_even_char
EV-066,256,2,8,17,60,211,even,0,17,1,211,1,17,1,True,True,True,True,True,0.001485,,even_char; semisimple,defect_a_even_char
EV-066,256,2,8,17,61,110,even,0,17,1,110,1,17,1,True,True,True,True,True,0.001084,,even_char; semisimple,defect_a_even_char
EV-066,256,2,8,17,62,178,even,0,17,1,178,1,17,1,True,True,True,True,True,0.000986,,even_char; semisimple,defect_a_even_char
EV-066,256,2,8,17,63,205,even,0,17,1,205,1,17,1,True,True,True,True,True,0.000915,,even_char; semisimple,defect_a_even_char
EV-066,256,2,8,17,64,76,even,0,17,1,76,1,17,1,True,True,True,True,True,0.000941,,even_char; semisimple,defect_a_even_char
EV-066,256,2,8,17,65,212,even,0,17,1,212,1,17,1,True,True,True,True,True,0.000934,,even_char; semisimple,defect_a_even_char
EV-066,256,2,8,17,66,103,even,0,17,1,103,1,17,1,True,True,True,True,True,0.001064,,even_char; semisimple,defect_a_even_char
EV-066,256,2,8,17,67,169,even,0,17,1,169,1,17,1,True,True,True,True,True,0.001321,,even_char; semisimple,defect_a_even_char
EV-066,256,2,8,17,68,224,even,0,17,1,224,17,1|1|1|1|1|1|1|1|1|1|1|1|1|1|1|1|1,1|1|1|1|1|1|1|1|1|1|1|1|1|1|1|1|1,True,True,True,True,True,0.013307,,even_char; semisimple,defect_a_even_char
EV-066,256,2,8,17,69,59,even,0,17,1,59,1,17,1,True,True,True,True,True,0.001383,,even_char; semisimple,defect_a_even_char
EV-066,256,2,8,17,70,77,even,0,17,1,77,1,17,1,True,True,True,True,True,0.001248,,even_char; semisimple,defect_a_even_char
EV-066,256,2,8,17,71,215,even,0,17,1,215,1,17,1,True,True,True,True,True,0.001125,,even_char; semisimple,defect_a_even_char
EV-066,256,2,8,17,72,98,even,0,17,1,98,1,17,1,True,True,True,True,True,0.001593,,even_char; semisimple,defect_a_even_char
EV-066,256,2,8,17,73,166,even,0,17,1,166,1,17,1,True,True,True,True,True,0.001499,,even_char; semisimple,defect_a_even_char
EV-066,256,2,8,17,74,241,even,0,17,1,241,1,17,1,True,True,True,True,True,0.001476,,even_char; semisimple,defect_a_even_char
EV-066,256,2,8,17,75,8,even,0,17,1,8,1,17,1,True,True,True,True,True,0.001578,,even_char; semisimple,defect_a_even_char
EV-066,256,2,8,17,76,24,even,0,17,1,24,1,17,1,True,True,True,True,True,0.001515,,even_char; semisimple,defect_a_even_char
EV-066,256,2,8,17,77,40,even,0,17,1,40,1,17,1,True,True,True,True,True,0.001477,,even_char; semisimple,defect_a_even_char
EV-066,256,2,8,17,78,120,even,0,17,1,120,1,17,1,True,True,True,True,True,0.001529,,even_char; semisimple,defect_a_even_char
EV-066,256,2,8,17,79,136,even,0,17,1,136,1,17,1,True,True,True,True,True,0.001554,,even_char; semisimple,defect_a_even_char
EV-066,256,2,8,17,80,131,even,0,17,1,131,1,17,1,True,True,True,True,True,0.00155,,even_char; semisimple,defect_a_even_char
EV-066,256,2,8,17,81,158,even,0,17,1,158,1,17,1,True,True,True,True,True,0.001196,,even_char; semisimple,defect_a_even_char
EV-066,256,2,8,17,82,185,even,0,17,1,185,1,17,1,True,True,True,True,True,0.001447,,even_char; semisimple,defect_a_even_char
EV-066,256,2,8,17,83,208,even,0,17,1,208,1,17,1,True,True,True,True,True,0.001409,,even_char; semisimple,defect_a_even_char
EV-066,256,2,8,17,84,107,even,0,17,1,107,1,17,1,True,True,True,True,True,0.00115,,even_char; semisimple,defect_a_even_char
EV-066,256,2,8,17,85,189,even,0,17,1,189,17,1|1|1|1|1|1|1|1|1|1|1|1|1|1|1|1|1,1|1|1|1|1|1|1|1|1|1|1|1|1|1|1|1|1,True,True,True,True,True,0.009169,,even_char; semisimple,defect_a_even_char
EV-066,256,2,8,17,86,220,even,0,17,1,220,1,17,1,True,True,True,True,True,0.001663,,even_char; semisimple,defect_a_even_char
EV-066,256,2,8,17,87,127,even,0,17,1,127,1,17,1,True,True,True,True,True,0.001575,,even_char; semisimple,defect_a_even_char
EV-066,256,2,8,17,88,129,even,0,17,1,129,1,17,1,True,True,True,True,True,0.001574,,even_char; semisimple,defect_a_even_char
EV-066,256,2,8,17,89,152,even,0,17,1,152,1,17,1,True,True,True,True,True,0.001642,,even_char; semisimple,defect_a_even_char
EV-066,256,2,8,17,90,179,even,0,17,1,179,1,17,1,True,True,True,True,True,0.001556,,even_char; semisimple,defect_a_even_char
EV-066,256,2,8,17,91,206,even,0,17,1,206,1,17,1,True,True,True,True,True,0.001639,,even_char; semisimple,defect_a_even_char
EV-066,256,2,8,17,92,73,even,0,17,1,73,1,17,1,True,True,True,True,True,0.001249,,even_char; semisimple,defect_a_even_char
EV-066,256,2,8,17,93,219,even,0,17,1,219,1,17,1,True,True,True,True,True,0.001059,,even_char; semisimple,defect_a_even_char
EV-066,256,2,8,17,94,118,even,0,17,1,118,1,17,1,True,True,True,True,True,0.001187,,even_char; semisimple,defect_a_even_char
EV-066,256,2,8,17,95,154,even,0,17,1,154,1,17,1,True,True,True,True,True,0.001094,,even_char; semisimple,defect_a_even_char
EV-066,256,2,8,17,96,181,even,0,17,1,181,1,17,1,True,True,True,True,True,0.001086,,even_char; semisimple,defect_a_even_char
EV-066,256,2,8,17,97,196,even,0,17,1,196,1,17,1,True,True,True,True,True,0.0011,,even_char; semisimple,defect_a_even_char
EV-066,256,2,8,17,98,87,even,0,17,1,87,1,17,1,True,True,True,True,True,0.001389,,even_char; semisimple,defect_a_even_char
EV-066,256,2,8,17,99,249,even,0,17,1,249,1,17,1,True,True,True,True,True,0.001664,,even_char; semisimple,defect_a_even_char
EV-066,256,2,8,17,100,16,even,0,17,1,16,1,17,1,True,True,True,True,True,0.001585,,even_char; semisimple,defect_a_even_char
EV-066,256,2,8,17,101,48,even,0,17,1,48,1,17,1,True,True,True,True,True,0.001408,,even_char; semisimple,defect_a_even_char
EV-066,256,2,8,17,102,80,even,0,17,1,80,17,1|1|1|1|1|1|1|1|1|1|1|1|1|1|1|1|1,1|1|1|1|1|1|1|1|1|1|1|1|1|1|1|1|1,True,True,True,True,True,0.0106,,even_char; semisimple,defect_a_even_char
EV-066,256,2,8,17,103,240,even,0,17,1,240,1,17,1,True,True,True,True,True,0.001437,,even_char; semisimple,defect_a_even_char
EV-066,256,2,8,17,104,11,even,0,17,1,11,1,17,1,True,True,True,True,True,0.001179,,even_char; semisimple,defect_a_even_char
EV-066,256,2,8,17,105,29,even,0,17,1,29,1,17,1,True,True,True,True,True,0.001159,,even_char; semisimple,defect_a_even_char
EV-066,256,2,8,17,106,39,even,0,17,1,39,1,17,1,True,True,True,True,True,0.001192,,even_char; semisimple,defect_a_even_char
EV-066,256,2,8,17,107,105,even,0,17,1,105,1,17,1,True,True,True,True,True,0.001097,,even_char; semisimple,defect_a_even_char
EV-066,256,2,8,17,108,187,even,0,17,1,187,1,17,1,True,True,True,True,True,0.000946,,even_char; semisimple,defect_a_even_char
EV-066,256,2,8,17,109,214,even,0,17,1,214,1,17,1,True,True,True,True,True,0.00103,,even_char; semisimple,defect_a_even_char
EV-066,256,2,8,17,110,97,even,0,17,1,97,1,17,1,True,True,True,True,True,0.000976,,even_char; semisimple,defect_a_even_char
EV-066,256,2,8,17,111,163,even,0,17,1,163,1,17,1,True,True,True,True,True,0.000963,,even_char; semisimple,defect_a_even_char
EV-066,256,2,8,17,112,254,even,0,17,1,254,1,17,1,True,True,True,True,True,0.000967,,even_char; semisimple,defect_a_even_char
EV-066,256,2,8,17,113,25,even,0,17,1,25,1,17,1,True,True,True,True,True,0.001033,,even_char; semisimple,defect_a_even_char
EV-066,256,2,8,17,114,43,even,0,17,1,43,1,17,1,True,True,True,True,True,0.00098,,even_char; semisimple,defect_a_even_char
EV-066,256,2,8,17,115,125,even,0,17,1,125,1,17,1,True,True,True,True,True,0.000982,,even_char; semisimple,defect_a_even_char
EV-066,256,2,8,17,116,135,even,0,17,1,135,1,17,1,True,True,True,True,True,0.001345,,even_char; semisimple,defect_a_even_char
EV-066,256,2,8,17,117,146,even,0,17,1,146,1,17,1,True,True,True,True,True,0.001582,,even_char; semisimple,defect_a_even_char
EV-066,256,2,8,17,118,173,even,0,17,1,173,1,17,1,True,True,True,True,True,0.00144,,even_char; semisimple,defect_a_even_char
EV-066,256,2,8,17,119,236,even,0,17,1,236,17,1|1|1|1|1|1|1|1|1|1|1|1|1|1|1|1|1,1|1|1|1|1|1|1|1|1|1|1|1|1|1|1|1|1,True,True,True,True,True,0.013497,,even_char; semisimple,defect_a_even_char
EV-066,256,2,8,17,120,47,even,0,17,1,47,1,17,1,True,True,True,True,True,0.001463,,even_char; semisimple,defect_a_even_char
EV-066,256,2,8,17,121,113,even,0,17,1,113,1,17,1,True,True,True,True,True,0.001246,,even_char; semisimple,defect_a_even_char
EV-066,256,2,8,17,122,147,even,0,17,1,147,1,17,1,True,True,True,True,True,0.0009,,even_char; semisimple,defect_a_even_char
EV-066,256,2,8,17,123,174,even,0,17,1,174,1,17,1,True,True,True,True,True,0.000846,,even_char; semisimple,defect_a_even_char
EV-066,256,2,8,17,124,233,even,0,17,1,233,1,17,1,True,True,True,True,True,0.00092,,even_char; semisimple,defect_a_even_char
EV-066,256,2,8,17,125,32,even,0,17,1,32,1,17,1,True,True,True,True,True,0.000892,,even_char; semisimple,defect_a_even_char
EV-066,256,2,8,17,126,96,even,0,17,1,96,1,17,1,True,True,True,True,True,0.000879,,even_char; semisimple,defect_a_even_char
EV-066,256,2,8,17,127,160,even,0,17,1,160,1,17,1,True,True,True,True,True,0.001365,,even_char; semisimple,defect_a_even_char
EV-066,256,2,8,17,128,251,even,0,17,1,251,1,17,1,True,True,True,True,True,0.001416,,even_char; semisimple,defect_a_even_char
EV-066,256,2,8,17,129,22,even,0,17,1,22,1,17,1,True,True,True,True,True,0.001432,,even_char; semisimple,defect_a_even_char
EV-066,256,2,8,17,130,58,even,0,17,1,58,1,17,1,True,True,True,True,True,0.001191,,even_char; semisimple,defect_a_even_char
EV-066,256,2,8,17,131,78,even,0,17,1,78,1,17,1,True,True,True,True,True,0.001157,,even_char; semisimple,defect_a_even_char
EV-066,256,2,8,17,132,210,even,0,17,1,210,1,17,1,True,True,True,True,True,0.00103,,even_char; semisimple,defect_a_even_char
EV-066,256,2,8,17,133,109,even,0,17,1,109,1,17,1,True,True,True,True,True,0.001232,,even_char; semisimple,defect_a_even_char
EV-066,256,2,8,17,134,183,even,0,17,1,183,1,17,1,True,True,True,True,True,0.001185,,even_char; semisimple,defect_a_even_char
EV-066,256,2,8,17,135,194,even,0,17,1,194,1,17,1,True,True,True,True,True,0.001312,,even_char; semisimple,defect_a_even_char
EV-066,256,2,8,17,136,93,even,0,17,1,93,17,1|1|1|1|1|1|1|1|1|1|1|1|1|1|1|1|1,1|1|1|1|1|1|1|1|1|1|1|1|1|1|1|1|1,True,True,True,True,True,0.015202,,even_char; semisimple,defect_a_even_char
EV-066,256,2,8,17,137,231,even,0,17,1,231,1,17,1,True,True,True,True,True,0.001167,,even_char; semisimple,defect_a_even_char
EV-066,256,2,8,17,138,50,even,0,17,1,50,1,17,1,True,True,True,True,True,0.001063,,even_char; semisimple,defect_a_even_char
EV-066,256,2,8,17,139,86,even,0,17,1,86,1,17,1,True,True,True,True,True,0.001044,,even_char; semisimple,defect_a_even_char
EV-066,256,2,8,17,140,250,even,0,17,1,250,1,17,1,True,True,True,True,True,0.001094,,even_char; semisimple,defect_a_even_char
EV-066,256,2,8,17,141,21,even,0,17,1,21,1,17,1,True,True,True,True,True,0.001157,,even_char; semisimple,defect_a_even_char
EV-066,256,2,8,17,142,63,even,0,17,1,63,1,17,1,True,True,True,True,True,0.00124,,even_char; semisimple,defect_a_even_char
EV-066,256,2,8,17,143,65,even,0,17,1,65,1,17,1,True,True,True,True,True,0.001203,,even_char; semisimple,defect_a_even_char
EV-066,256,2,8,17,144,195,even,0,17,1,195,1,17,1,True,True,True,True,True,0.001045,,even_char; semisimple,defect_a_even_char
EV-066,256,2,8,17,145,94,even,0,17,1,94,1,17,1,True,True,True,True,True,0.001443,,even_char; semisimple,defect_a_even_char
EV-066,256,2,8,17,146,226,even,0,17,1,226,1,17,1,True,True,True,True,True,0.001288,,even_char; semisimple,defect_a_even_char
EV-066,256,2,8,17,147,61,even,0,17,1,61,1,17,1,True,True,True,True,True,0.001342,,even_char; semisimple,defect_a_even_char
EV-066,256,2,8,17,148,71,even,0,17,1,71,1,17,1,True,True,True,True,True,0.001602,,even_char; semisimple,defect_a_even_char
EV-066,256,2,8,17,149,201,even,0,17,1,201,1,17,1,True,True,True,True,True,0.001456,,even_char; semisimple,defect_a_even_char
EV-066,256,2,8,17,150,64,even,0,17,1,64,1,17,1,True,True,True,True,True,0.001456,,even_char; semisimple,defect_a_even_char
EV-066,256,2,8,17,151,192,even,0,17,1,192,1,17,1,True,True,True,True,True,0.001456,,even_char; semisimple,defect_a_even_char
EV-066,256,2,8,17,152,91,even,0,17,1,91,1,17,1,True,True,True,True,True,0.001431,,even_char; semisimple,defect_a_even_char
EV-066,256,2,8,17,153,237,even,0,17,1,237,17,1|1|1|1|1|1|1|1|1|1|1|1|1|1|1|1|1,1|1|1|1|1|1|1|1|1|1|1|1|1|1|1|1|1,True,True,True,True,True,0.016212,,even_char; semisimple,defect_a_even_char
EV-066,256,2,8,17,154,44,even,0,17,1,44,1,17,1,True,True,True,True,True,0.001565,,even_char; semisimple,defect_a_even_char
EV-066,256,2,8,17,155,116,even,0,17,1,116,1,17,1,True,True,True,True,True,0.001496,,even_char; semisimple,defect_a_even_char
EV-066,256,2,8,17,156,156,even,0,17,1,156,1,17,1,True,True,True,True,True,0.001524,,even_char; semisimple,defect_a_even_char
EV-066,256,2,8,17,157,191,even,0,17,1,191,1,17,1,True,True,True,True,True,0.001545,,even_char; semisimple,defect_a_even_char
EV-066,256,2,8,17,158,218,even,0,17,1,218,1,17,1,True,True,True,True,True,0.001535,,even_char; semisimple,defect_a_even_char
EV-066,256,2,8,17,159,117,even,0,17,1,117,1,17,1,True,True,True,True,True,0.001261,,even_char; semisimple,defect_a_even_char
EV-066,256,2,8,17,160,159,even,0,17,1,159,1,17,1,True,True,True,True,True,0.001497,,even_char; semisimple,defect_a_even_char
EV-066,256,2,8,17,161,186,even,0,17,1,186,1,17,1,True,True,True,True,True,0.001164,,even_char; semisimple,defect_a_even_char
EV-066,256,2,8,17,162,213,even,0,17,1,213,1,17,1,True,True,True,True,True,0.001112,,even_char; semisimple,defect_a_even_char
EV-066,256,2,8,17,163,100,even,0,17,1,100,1,17,1,True,True,True,True,True,0.001007,,even_char; semisimple,defect_a_even_char
EV-066,256,2,8,17,164,172,even,0,17,1,172,1,17,1,True,True,True,True,True,0.000948,,even_char; semisimple,defect_a_even_char
EV-066,256,2,8,17,165,239,even,0,17,1,239,1,17,1,True,True,True,True,True,0.001183,,even_char; semisimple,defect_a_even_char
EV-066,256,2,8,17,166,42,even,0,17,1,42,1,17,1,True,True,True,True,True,0.001263,,even_char; semisimple,defect_a_even_char
EV-066,256,2,8,17,167,126,even,0,17,1,126,1,17,1,True,True,True,True,True,0.00122,,even_char; semisimple,defect_a_even_char
EV-066,256,2,8,17,168,130,even,0,17,1,130,1,17,1,True,True,True,True,True,0.001009,,even_char; semisimple,defect_a_even_char
EV-066,256,2,8,17,169,157,even,0,17,1,157,1,17,1,True,True,True,True,True,0.001305,,even_char; semisimple,defect_a_even_char
EV-066,256,2,8,17,170,188,even,0,17,1,188,17,1|1|1|1|1|1|1|1|1|1|1|1|1|1|1|1|1,1|1|1|1|1|1|1|1|1|1|1|1|1|1|1|1|1,True,True,True,True,True,0.010756,,even_char; semisimple,defect_a_even_char
EV-066,256,2,8,17,171,223,even,0,17,1,223,1,17,1,True,True,True,True,True,0.001375,,even_char; semisimple,defect_a_even_char
EV-066,256,2,8,17,172,122,even,0,17,1,122,1,17,1,True,True,True,True,True,0.0012,,even_char; semisimple,defect_a_even_char
EV-066,256,2,8,17,173,142,even,0,17,1,142,1,17,1,True,True,True,True,True,0.001566,,even_char; semisimple,defect_a_even_char
EV-066,256,2,8,17,174,137,even,0,17,1,137,1,17,1,True,True,True,True,True,0.001549,,even_char; semisimple,defect_a_even_char
EV-066,256,2,8,17,175,128,even,0,17,1,128,1,17,1,True,True,True,True,True,0.001188,,even_char; semisimple,defect_a_even_char
EV-066,256,2,8,17,176,155,even,0,17,1,155,1,17,1,True,True,True,True,True,0.000914,,even_char; semisimple,defect_a_even_char
EV-066,256,2,8,17,177,182,even,0,17,1,182,1,17,1,True,True,True,True,True,0.000932,,even_char; semisimple,defect_a_even_char
EV-066,256,2,8,17,178,193,even,0,17,1,193,1,17,1,True,True,True,True,True,0.001016,,even_char; semisimple,defect_a_even_char
EV-066,256,2,8,17,179,88,even,0,17,1,88,1,17,1,True,True,True,True,True,0.000933,,even_char; semisimple,defect_a_even_char
EV-066,256,2,8,17,180,232,even,0,17,1,232,1,17,1,True,True,True,True,True,0.00092,,even_char; semisimple,defect_a_even_char
EV-066,256,2,8,17,181,35,even,0,17,1,35,1,17,1,True,True,True,True,True,0.000922,,even_char; semisimple,defect_a_even_char
EV-066,256,2,8,17,182,101,even,0,17,1,101,1,17,1,True,True,True,True,True,0.000969,,even_char; semisimple,defect_a_even_char
EV-066,256,2,8,17,183,175,even,0,17,1,175,1,17,1,True,True,True,True,True,0.000952,,even_char; semisimple,defect_a_even_char
EV-066,256,2,8,17,184,234,even,0,17,1,234,1,17,1,True,True,True,True,True,0.000902,,even_char; semisimple,defect_a_even_char
EV-066,256,2,8,17,185,37,even,0,17,1,37,1,17,1,True,True,True,True,True,0.000881,,even_char; semisimple,defect_a_even_char
EV-066,256,2,8,17,186,111,even,0,17,1,111,1,17,1,True,True,True,True,True,0.000876,,even_char; semisimple,defect_a_even_char
EV-066,256,2,8,17,187,177,even,0,17,1,177,17,1|1|1|1|1|1|1|1|1|1|1|1|1|1|1|1|1,1|1|1|1|1|1|1|1|1|1|1|1|1|1|1|1|1,True,True,True,True,True,0.008414,,even_char; semisimple,defect_a_even_char
EV-066,256,2,8,17,188,200,even,0,17,1,200,1,17,1,True,True,True,True,True,0.001005,,even_char; semisimple,defect_a_even_char
EV-066,256,2,8,17,189,67,even,0,17,1,67,1,17,1,True,True,True,True,True,0.000943,,even_char; semisimple,defect_a_even_char
EV-066,256,2,8,17,190,197,even,0,17,1,197,1,17,1,True,True,True,True,True,0.000943,,even_char; semisimple,defect_a_even_char
EV-066,256,2,8,17,191,84,even,0,17,1,84,1,17,1,True,True,True,True,True,0.000952,,even_char; semisimple,defect_a_even_char
EV-066,256,2,8,17,192,252,even,0,17,1,252,1,17,1,True,True,True,True,True,0.001014,,even_char; semisimple,defect_a_even_char
EV-066,256,2,8,17,193,31,even,0,17,1,31,1,17,1,True,True,True,True,True,0.00094,,even_char; semisimple,defect_a_even_char
EV-066,256,2,8,17,194,33,even,0,17,1,33,1,17,1,True,True,True,True,True,0.000955,,even_char; semisimple,defect_a_even_char
EV-066,256,2,8,17,195,99,even,0,17,1,99,1,17,1,True,True,True,True,True,0.000955,,even_char; semisimple,defect_a_even_char
EV-066,256,2,8,17,196,165,even,0,17,1,165,1,17,1,True,True,True,True,True,0.000997,,even_char; semisimple,defect_a_even_char
EV-066,256,2,8,17,197,244,even,0,17,1,244,1,17,1,True,True,True,True,True,0.000994,,even_char; semisimple,defect_a_even_char
EV-066,256,2,8,17,198,7,even,0,17,1,7,1,17,1,True,True,True,True,True,0.000973,,even_char; semisimple,defect_a_even_char
EV-066,256,2,8,17,199,9,even,0,17,1,9,1,17,1,True,True,True,True,True,0.000947,,even_char; semisimple,defect_a_even_char
EV-066,256,2,8,17,200,27,even,0,17,1,27,1,17,1,True,True,True,True,True,0.00099,,even_char; semisimple,defect_a_even_char
EV-066,256,2,8,17,201,45,even,0,17,1,45,1,17,1,True,True,True,True,True,0.000951,,even_char; semisimple,defect_a_even_char
EV-066,256,2,8,17,202,119,even,0,17,1,119,1,17,1,True,True,True,True,True,0.000949,,even_char; semisimple,defect_a_even_char
EV-066,256,2,8,17,203,153,even,0,17,1,153,1,17,1,True,True,True,True,True,0.000927,,even_char; semisimple,defect_a_even_char
EV-066,256,2,8,17,204,176,even,0,17,1,176,17,1|1|1|1|1|1|1|1|1|1|1|1|1|1|1|1|1,1|1|1|1|1|1|1|1|1|1|1|1|1|1|1|1|1,True,True,True,True,True,0.011079,,even_char; semisimple,defect_a_even_char
EV-066,256,2,8,17,205,203,even,0,17,1,203,1,17,1,True,True,True,True,True,0.001706,,even_char; semisimple,defect_a_even_char
EV-066,256,2,8,17,206,70,even,0,17,1,70,1,17,1,True,True,True,True,True,0.001581,,even_char; semisimple,defect_a_even_char
EV-066,256,2,8,17,207,202,even,0,17,1,202,1,17,1,True,True,True,True,True,0.001656,,even_char; semisimple,defect_a_even_char
EV-066,256,2,8,17,208,69,even,0,17,1,69,1,17,1,True,True,True,True,True,0.001638,,even_char; semisimple,defect_a_even_char
EV-066,256,2,8,17,209,207,even,0,17,1,207,1,17,1,True,True,True,True,True,0.001653,,even_char; semisimple,defect_a_even_char
EV-066,256,2,8,17,210,74,even,0,17,1,74,1,17,1,True,True,True,True,True,0.001025,,even_char; semisimple,defect_a_even_char
EV-066,256,2,8,17,211,222,even,0,17,1,222,1,17,1,True,True,True,True,True,0.000999,,even_char; semisimple,defect_a_even_char
EV-066,256,2,8,17,212,121,even,0,17,1,121,1,17,1,True,True,True,True,True,0.000941,,even_char; semisimple,defect_a_even_char
EV-066,256,2,8,17,213,139,even,0,17,1,139,1,17,1,True,True,True,True,True,0.00093,,even_char; semisimple,defect_a_even_char
EV-066,256,2,8,17,214,134,even,0,17,1,134,1,17,1,True,True,True,True,True,0.000955,,even_char; semisimple,defect_a_even_char
EV-066,256,2,8,17,215,145,even,0,17,1,145,1,17,1,True,True,True,True,True,0.001043,,even_char; semisimple,defect_a_even_char
EV-066,256,2,8,17,216,168,even,0,17,1,168,1,17,1,True,True,True,True,True,0.001336,,even_char; semisimple,defect_a_even_char
EV-066,256,2,8,17,217,227,even,0,17,1,227,1,17,1,True,True,True,True,True,0.001556,,even_char; semisimple,defect_a_even_char
EV-066,256,2,8,17,218,62,even,0,17,1,62,1,17,1,True,True,True,True,True,0.001379,,even_char; semisimple,defect_a_even_char
EV-066,256,2,8,17,219,66,even,0,17,1,66,1,17,1,True,True,True,True,True,0.000974,,even_char; semisimple,defect_a_even_char
EV-066,256,2,8,17,220,198,even,0,17,1,198,1,17,1,True,True,True,True,True,0.00094,,even_char; semisimple,defect_a_even_char
EV-066,256,2,8,17,221,81,even,0,17,1,81,17,1|1|1|1|1|1|1|1|1|1|1|1|1|1|1|1|1,1|1|1|1|1|1|1|1|1|1|1|1|1|1|1|1|1,True,True,True,True,True,0.011227,,even_char; semisimple,defect_a_even_char
EV-066,256,2,8,17,222,243,even,0,17,1,243,1,17,1,True,True,True,True,True,0.001398,,even_char; semisimple,defect_a_even_char
EV-066,256,2,8,17,223,14,even,0,17,1,14,1,17,1,True,True,True,True,True,0.001608,,even_char; semisimple,defect_a_even_char
EV-066,256,2,8,17,224,18,even,0,17,1,18,1,17,1,True,True,True,True,True,0.001345,,even_char; semisimple,defect_a_even_char
EV-066,256,2,8,17,225,54,even,0,17,1,54,1,17,1,True,True,True,True,True,0.000962,,even_char; semisimple,defect_a_even_char
EV-066,256,2,8,17,226,90,even,0,17,1,90,1,17,1,True,True,True,True,True,0.000994,,even_char; semisimple,defect_a_even_char
EV-066,256,2,8,17,227,238,even,0,17,1,238,1,17,1,True,True,True,True,True,0.00094,,even_char; semisimple,defect_a_even_char
EV-066,256,2,8,17,228,41,even,0,17,1,41,1,17,1,True,True,True,True,True,0.000942,,even_char; semisimple,defect_a_even_char
EV-066,256,2,8,17,229,123,even,0,17,1,123,1,17,1,True,True,True,True,True,0.001024,,even_char; semisimple,defect_a_even_char
EV-066,256,2,8,17,230,141,even,0,17,1,141,1,17,1,True,True,True,True,True,0.000955,,even_char; semisimple,defect_a_even_char
EV-066,256,2,8,17,231,140,even,0,17,1,140,1,17,1,True,True,True,True,True,0.000933,,even_char; semisimple,defect_a_even_char
EV-066,256,2,8,17,232,143,even,0,17,1,143,1,17,1,True,True,True,True,True,0.000967,,even_char; semisimple,defect_a_even_char
EV-066,256,2,8,17,233,138,even,0,17,1,138,1,17,1,True,True,True,True,True,0.000883,,even_char; semisimple,defect_a_even_char
EV-066,256,2,8,17,234,133,even,0,17,1,133,1,17,1,True,True,True,True,True,0.000947,,even_char; semisimple,defect_a_even_char
EV-066,256,2,8,17,235,148,even,0,17,1,148,1,17,1,True,True,True,True,True,0.000909,,even_char; semisimple,defect_a_even_char
EV-066,256,2,8,17,236,167,even,0,17,1,167,1,17,1,True,True,True,True,True,0.000928,,even_char; semisimple,defect_a_even_char
EV-066,256,2,8,17,237,242,even,0,17,1,242,1,17,1,True,True,True,True,True,0.001117,,even_char; semisimple,defect_a_even_char
EV-066,256,2,8,17,238,13,even,0,17,1,13,17,1|1|1|1|1|1|1|1|1|1|1|1|1|1|1|1|1,1|1|1|1|1|1|1|1|1|1|1|1|1|1|1|1|1,True,True,True,True,True,0.011336,,even_char; semisimple,defect_a_even_char
EV-066,256,2,8,17,239,23,even,0,17,1,23,1,17,1,True,True,True,True,True,0.001048,,even_char; semisimple,defect_a_even_char
EV-066,256,2,8,17,240,57,even,0,17,1,57,1,17,1,True,True,True,True,True,0.001268,,even_char; semisimple,defect_a_even_char
EV-066,256,2,8,17,241,75,even,0,17,1,75,1,17,1,True,True,True,True,True,0.001328,,even_char; semisimple,defect_a_even_char
EV-066,256,2,8,17,242,221,even,0,17,1,221,1,17,1,True,True,True,True,True,0.000928,,even_char; semisimple,defect_a_even_char
EV-066,256,2,8,17,243,124,even,0,17,1,124,1,17,1,True,True,True,True,True,0.001,,even_char; semisimple,defect_a_even_char
EV-066,256,2,8,17,244,132,even,0,17,1,132,1,17,1,True,True,True,True,True,0.000905,,even_char; semisimple,defect_a_even_char
EV-066,256,2,8,17,245,151,even,0,17,1,151,1,17,1,True,True,True,True,True,0.000901,,even_char; semisimple,defect_a_even_char
EV-066,256,2,8,17,246,162,even,0,17,1,162,1,17,1,True,True,True,True,True,0.000945,,even_char; semisimple,defect_a_even_char
EV-066,256,2,8,17,247,253,even,0,17,1,253,1,17,1,True,True,True,True,True,0.001355,,even_char; semisimple,defect_a_even_char
EV-066,256,2,8,17,248,28,even,0,17,1,28,1,17,1,True,True,True,True,True,0.001477,,even_char; semisimple,defect_a_even_char
EV-066,256,2,8,17,249,36,even,0,17,1,36,1,17,1,True,True,True,True,True,0.001431,,even_char; semisimple,defect_a_even_char
EV-066,256,2,8,17,250,108,even,0,17,1,108,1,17,1,True,True,True,True,True,0.001513,,even_char; semisimple,defect_a_even_char
EV-066,256,2,8,17,251,180,even,0,17,1,180,1,17,1,True,True,True,True,True,0.001457,,even_char; semisimple,defect_a_even_char
EV-066,256,2,8,17,252,199,even,0,17,1,199,1,17,1,True,True,True,True,True,0.001483,,even_char; semisimple,defect_a_even_char
EV-066,256,2,8,17,253,82,even,0,17,1,82,1,17,1,True,True,True,True,True,0.001482,,even_char; semisimple,defect_a_even_char
EV-066,256,2,8,17,254,246,even,0,17,1,246,1,17,1,True,True,True,True,True,0.001462,,even_char; semisimple,defect_a_even_char
EV-067,256,2,8,21,0,1,even,0,21,1,1,9,1|1|1|3|3|3|3|3|3,1|1|1|1|1|1|1|1|1,True,True,True,True,True,0.006514,,even_char; semisimple,defect_a_even_char
EV-067,256,2,8,21,1,3,even,0,21,1,3,7,3|3|3|3|3|3|3,1|1|1|1|1|1|1,True,True,True,True,True,0.011973,,even_char; semisimple,defect_a_even_char
EV-067,256,2,8,21,2,5,even,0,21,1,5,7,3|3|3|3|3|3|3,1|1|1|1|1|1|1,True,True,True,True,True,0.010041,,even_char; semisimple,defect_a_even_char
EV-067,256,2,8,21,3,15,even,0,21,1,15,9,1|1|1|3|3|3|3|3|3,1|1|1|1|1|1|1|1|1,True,True,True,True,True,0.008199,,even_char; semisimple,defect_a_even_char
EV-067,256,2,8,21,4,17,even,0,21,1,17,7,3|3|3|3|3|3|3,1|1|1|1|1|1|1,True,True,True,True,True,0.01477,,even_char; semisimple,defect_a_even_char
EV-067,256,2,8,21,5,51,even,0,21,1,51,7,3|3|3|3|3|3|3,1|1|1|1|1|1|1,True,True,True,True,True,0.013348,,even_char; semisimple,defect_a_even_char
EV-067,256,2,8,21,6,85,even,0,21,1,85,9,1|1|1|3|3|3|3|3|3,1|1|1|1|1|1|1|1|1,True,True,True,True,True,0.014047,,even_char; semisimple,defect_a_even_char
EV-067,256,2,8,21,7,255,even,0,21,1,255,7,3|3|3|3|3|3|3,1|1|1|1|1|1|1,True,True,True,True,True,0.013445,,even_char; semisimple,defect_a_even_char
EV-067,256,2,8,21,8,26,even,0,21,1,26,7,3|3|3|3|3|3|3,1|1|1|1|1|1|1,True,True,True,True,True,0.011106,,even_char; semisimple,defect_a_even_char
EV-067,256,2,8,21,9,46,even,0,21,1,46,9,1|1|1|3|3|3|3|3|3,1|1|1|1|1|1|1|1|1,True,True,True,True,True,0.00833,,even_char; semisimple,defect_a_even_char
EV-067,256,2,8,21,10,114,even,0,21,1,114,7,3|3|3|3|3|3|3,1|1|1|1|1|1|1,True,True,True,True,True,0.013158,,even_char; semisimple,defect_a_even_char
EV-067,256,2,8,21,11,150,even,0,21,1,150,7,3|3|3|3|3|3|3,1|1|1|1|1|1|1,True,True,True,True,True,0.011574,,even_char; semisimple,defect_a_even_char
EV-067,256,2,8,21,12,161,even,0,21,1,161,9,1|1|1|3|3|3|3|3|3,1|1|1|1|1|1|1|1|1,True,True,True,True,True,0.006739,,even_char; semisimple,defect_a_even_char
EV-067,256,2,8,21,13,248,even,0,21,1,248,7,3|3|3|3|3|3|3,1|1|1|1|1|1|1,True,True,True,True,True,0.016484,,even_char; semisimple,defect_a_even_char
EV-067,256,2,8,21,14,19,even,0,21,1,19,7,3|3|3|3|3|3|3,1|1|1|1|1|1|1,True,True,True,True,True,0.010947,,even_char; semisimple,defect_a_even_char
EV-067,256,2,8,21,15,53,even,0,21,1,53,9,1|1|1|3|3|3|3|3|3,1|1|1|1|1|1|1|1|1,True,True,True,True,True,0.011399,,even_char; semisimple,defect_a_even_char
EV-067,256,2,8,21,16,95,even,0,21,1,95,7,3|3|3|3|3|3|3,1|1|1|1|1|1|1,True,True,True,True,True,0.00754,,even_char; semisimple,defect_a_even_char
EV-067,256,2,8,21,17,225,even,0,21,1,225,7,3|3|3|3|3|3|3,1|1|1|1|1|1|1,True,True,True,True,True,0.009581,,even_char; semisimple,defect_a_even_char
EV-067,256,2,8,21,18,56,even,0,21,1,56,9,1|1|1|3|3|3|3|3|3,1|1|1|1|1|1|1|1|1,True,True,True,True,True,0.004405,,even_char; semisimple,defect_a_even_char
EV-067,256,2,8,21,19,72,even,0,21,1,72,7,3|3|3|3|3|3|3,1|1|1|1|1|1|1,True,True,True,True,True,0.007451,,even_char; semisimple,defect_a_even_char
EV-067,256,2,8,21,20,216,even,0,21,1,216,7,3|3|3|3|3|3|3,1|1|1|1|1|1|1,True,True,True,True,True,0.009803,,even_char; semisimple,defect_a_even_char
EV-067,256,2,8,21,21,115,even,0,21,1,115,9,1|1|1|3|3|3|3|3|3,1|1|1|1|1|1|1|1|1,True,True,True,True,True,0.008172,,even_char; semisimple,defect_a_even_char
EV-067,256,2,8,21,22,149,even,0,21,1,149,7,3|3|3|3|3|3|3,1|1|1|1|1|1|1,True,True,True,True,True,0.011594,,even_char; semisimple,defect_a_even_char
EV-067,256,2,8,21,23,164,even,0,21,1,164,7,3|3|3|3|3|3|3,1|1|1|1|1|1|1,True,True,True,True,True,0.007069,,even_char; semisimple,defect_a_even_char
EV-067,256,2,8,21,24,247,even,0,21,1,247,9,1|1|1|3|3|3|3|3|3,1|1|1|1|1|1|1|1|1,True,True,True,True,True,0.005969,,even_char; semisimple,defect_a_even_char
EV-067,256,2,8,21,25,2,even,0,21,1,2,7,3|3|3|3|3|3|3,1|1|1|1|1|1|1,True,True,True,True,True,0.017219,,even_char; semisimple,defect_a_even_char
EV-067,256,2,8,21,26,6,even,0,21,1,6,7,3|3|3|3|3|3|3,1|1|1|1|1|1|1,True,True,True,True,True,0.008966,,even_char; semisimple,defect_a_even_char
EV-067,256,2,8,21,27,10,even,0,21,1,10,9,1|1|1|3|3|3|3|3|3,1|1|1|1|1|1|1|1|1,True,True,True,True,True,0.00671,,even_char; semisimple,defect_a_even_char
EV-067,256,2,8,21,28,30,even,0,21,1,30,7,3|3|3|3|3|3|3,1|1|1|1|1|1|1,True,True,True,True,True,0.011875,,even_char; semisimple,defect_a_even_char
EV-067,256,2,8,21,29,34,even,0,21,1,34,7,3|3|3|3|3|3|3,1|1|1|1|1|1|1,True,True,True,True,True,0.015185,,even_char; semisimple,defect_a_even_char
EV-067,256,2,8,21,30,102,even,0,21,1,102,9,1|1|1|3|3|3|3|3|3,1|1|1|1|1|1|1|1|1,True,True,True,True,True,0.006882,,even_char; semisimple,defect_a_even_char
EV-067,256,2,8,21,31,170,even,0,21,1,170,7,3|3|3|3|3|3|3,1|1|1|1|1|1|1,True,True,True,True,True,0.012276,,even_char; semisimple,defect_a_even_char
EV-067,256,2,8,21,32,229,even,0,21,1,229,7,3|3|3|3|3|3|3,1|1|1|1|1|1|1,True,True,True,True,True,0.006053,,even_char; semisimple,defect_a_even_char
EV-067,256,2,8,21,33,52,even,0,21,1,52,9,1|1|1|3|3|3|3|3|3,1|1|1|1|1|1|1|1|1,True,True,True,True,True,0.006946,,even_char; semisimple,defect_a_even_char
EV-067,256,2,8,21,34,92,even,0,21,1,92,7,3|3|3|3|3|3|3,1|1|1|1|1|1|1,True,True,True,True,True,0.011062,,even_char; semisimple,defect_a_even_char
EV-067,256,2,8,21,35,228,even,0,21,1,228,7,3|3|3|3|3|3|3,1|1|1|1|1|1|1,True,True,True,True,True,0.020274,,even_char; semisimple,defect_a_even_char
EV-067,256,2,8,21,36,55,even,0,21,1,55,9,1|1|1|3|3|3|3|3|3,1|1|1|1|1|1|1|1|1,True,True,True,True,True,0.00871,,even_char; semisimple,defect_a_even_char
EV-067,256,2,8,21,37,89,even,0,21,1,89,7,3|3|3|3|3|3|3,1|1|1|1|1|1|1,True,True,True,True,True,0.016134,,even_char; semisimple,defect_a_even_char
EV-067,256,2,8,21,38,235,even,0,21,1,235,7,3|3|3|3|3|3|3,1|1|1|1|1|1|1,True,True,True,True,True,0.01607,,even_char; semisimple,defect_a_even_char
EV-067,256,2,8,21,39,38,even,0,21,1,38,9,1|1|1|3|3|3|3|3|3,1|1|1|1|1|1|1|1|1,True,True,True,True,True,0.009007,,even_char; semisimple,defect_a_even_char
EV-067,256,2,8,21,40,106,even,0,21,1,106,7,3|3|3|3|3|3|3,1|1|1|1|1|1|1,True,True,True,True,True,0.012362,,even_char; semisimple,defect_a_even_char
EV-067,256,2,8,21,41,190,even,0,21,1,190,7,3|3|3|3|3|3|3,1|1|1|1|1|1|1,True,True,True,True,True,0.01223,,even_char; semisimple,defect_a_even_char
EV-067,256,2,8,21,42,217,even,0,21,1,217,9,1|1|1|3|3|3|3|3|3,1|1|1|1|1|1|1|1|1,True,True,True,True,True,0.00641,,even_char; semisimple,defect_a_even_char
EV-067,256,2,8,21,43,112,even,0,21,1,112,7,3|3|3|3|3|3|3,1|1|1|1|1|1|1,True,True,True,True,True,0.011106,,even_char; semisimple,defect_a_even_char
EV-067,256,2,8,21,44,144,even,0,21,1,144,7,3|3|3|3|3|3|3,1|1|1|1|1|1|1,True,True,True,True,True,0.011101,,even_char; semisimple,defect_a_even_char
EV-067,256,2,8,21,45,171,even,0,21,1,171,9,1|1|1|3|3|3|3|3|3,1|1|1|1|1|1|1|1|1,True,True,True,True,True,0.009039,,even_char; semisimple,defect_a_even_char
EV-067,256,2,8,21,46,230,even,0,21,1,230,7,3|3|3|3|3|3|3,1|1|1|1|1|1|1,True,True,True,True,True,0.012272,,even_char; semisimple,defect_a_even_char
EV-067,256,2,8,21,47,49,even,0,21,1,49,7,3|3|3|3|3|3|3,1|1|1|1|1|1|1,True,True,True,True,True,0.013079,,even_char; semisimple,defect_a_even_char
EV-067,256,2,8,21,48,83,even,0,21,1,83,9,1|1|1|3|3|3|3|3|3,1|1|1|1|1|1|1|1|1,True,True,True,True,True,0.012015,,even_char; semisimple,defect_a_even_char
EV-067,256,2,8,21,49,245,even,0,21,1,245,7,3|3|3|3|3|3|3,1|1|1|1|1|1|1,True,True,True,True,True,0.007494,,even_char; semisimple,defect_a_even_char
EV-067,256,2,8,21,50,4,even,0,21,1,4,7,3|3|3|3|3|3|3,1|1|1|1|1|1|1,True,True,True,True,True,0.007666,,even_char; semisimple,defect_a_even_char
EV-067,256,2,8,21,51,12,even,0,21,1,12,9,1|1|1|3|3|3|3|3|3,1|1|1|1|1|1|1|1|1,True,True,True,True,True,0.005758,,even_char; semisimple,defect_a_even_char
EV-067,256,2,8,21,52,20,even,0,21,1,20,7,3|3|3|3|3|3|3,1|1|1|1|1|1|1,True,True,True,True,True,0.007741,,even_char; semisimple,defect_a_even_char
EV-067,256,2,8,21,53,60,even,0,21,1,60,7,3|3|3|3|3|3|3,1|1|1|1|1|1|1,True,True,True,True,True,0.007754,,even_char; semisimple,defect_a_even_char
EV-067,256,2,8,21,54,68,even,0,21,1,68,9,1|1|1|3|3|3|3|3|3,1|1|1|1|1|1|1|1|1,True,True,True,True,True,0.004337,,even_char; semisimple,defect_a_even_char
EV-067,256,2,8,21,55,204,even,0,21,1,204,7,3|3|3|3|3|3|3,1|1|1|1|1|1|1,True,True,True,True,True,0.010631,,even_char; semisimple,defect_a_even_char
EV-067,256,2,8,21,56,79,even,0,21,1,79,7,3|3|3|3|3|3|3,1|1|1|1|1|1|1,True,True,True,True,True,0.013563,,even_char; semisimple,defect_a_even_char
EV-067,256,2,8,21,57,209,even,0,21,1,209,9,1|1|1|3|3|3|3|3|3,1|1|1|1|1|1|1|1|1,True,True,True,True,True,0.006031,,even_char; semisimple,defect_a_even_char
EV-067,256,2,8,21,58,104,even,0,21,1,104,7,3|3|3|3|3|3|3,1|1|1|1|1|1|1,True,True,True,True,True,0.00674,,even_char; semisimple,defect_a_even_char
EV-067,256,2,8,21,59,184,even,0,21,1,184,7,3|3|3|3|3|3|3,1|1|1|1|1|1|1,True,True,True,True,True,0.008099,,even_char; semisimple,defect_a_even_char
EV-067,256,2,8,21,60,211,even,0,21,1,211,9,1|1|1|3|3|3|3|3|3,1|1|1|1|1|1|1|1|1,True,True,True,True,True,0.01128,,even_char; semisimple,defect_a_even_char
EV-067,256,2,8,21,61,110,even,0,21,1,110,7,3|3|3|3|3|3|3,1|1|1|1|1|1|1,True,True,True,True,True,0.010305,,even_char; semisimple,defect_a_even_char
EV-067,256,2,8,21,62,178,even,0,21,1,178,7,3|3|3|3|3|3|3,1|1|1|1|1|1|1,True,True,True,True,True,0.011474,,even_char; semisimple,defect_a_even_char
EV-067,256,2,8,21,63,205,even,0,21,1,205,9,1|1|1|3|3|3|3|3|3,1|1|1|1|1|1|1|1|1,True,True,True,True,True,0.008072,,even_char; semisimple,defect_a_even_char
EV-067,256,2,8,21,64,76,even,0,21,1,76,7,3|3|3|3|3|3|3,1|1|1|1|1|1|1,True,True,True,True,True,0.013353,,even_char; semisimple,defect_a_even_char
EV-067,256,2,8,21,65,212,even,0,21,1,212,7,3|3|3|3|3|3|3,1|1|1|1|1|1|1,True,True,True,True,True,0.011859,,even_char; semisimple,defect_a_even_char
EV-067,256,2,8,21,66,103,even,0,21,1,103,9,1|1|1|3|3|3|3|3|3,1|1|1|1|1|1|1|1|1,True,True,True,True,True,0.007042,,even_char; semisimple,defect_a_even_char
EV-067,256,2,8,21,67,169,even,0,21,1,169,7,3|3|3|3|3|3|3,1|1|1|1|1|1|1,True,True,True,True,True,0.01041,,even_char; semisimple,defect_a_even_char
EV-067,256,2,8,21,68,224,even,0,21,1,224,7,3|3|3|3|3|3|3,1|1|1|1|1|1|1,True,True,True,True,True,0.018674,,even_char; semisimple,defect_a_even_char
EV-067,256,2,8,21,69,59,even,0,21,1,59,9,1|1|1|3|3|3|3|3|3,1|1|1|1|1|1|1|1|1,True,True,True,True,True,0.006209,,even_char; semisimple,defect_a_even_char
EV-067,256,2,8,21,70,77,even,0,21,1,77,7,3|3|3|3|3|3|3,1|1|1|1|1|1|1,True,True,True,True,True,0.012504,,even_char; semisimple,defect_a_even_char
EV-067,256,2,8,21,71,215,even,0,21,1,215,7,3|3|3|3|3|3|3,1|1|1|1|1|1|1,True,True,True,True,True,0.008469,,even_char; semisimple,defect_a_even_char
EV-067,256,2,8,21,72,98,even,0,21,1,98,9,1|1|1|3|3|3|3|3|3,1|1|1|1|1|1|1|1|1,True,True,True,True,True,0.007046,,even_char; semisimple,defect_a_even_char
EV-067,256,2,8,21,73,166,even,0,21,1,166,7,3|3|3|3|3|3|3,1|1|1|1|1|1|1,True,True,True,True,True,0.011888,,even_char; semisimple,defect_a_even_char
EV-067,256,2,8,21,74,241,even,0,21,1,241,7,3|3|3|3|3|3|3,1|1|1|1|1|1|1,True,True,True,True,True,0.008068,,even_char; semisimple,defect_a_even_char
EV-067,256,2,8,21,75,8,even,0,21,1,8,9,1|1|1|3|3|3|3|3|3,1|1|1|1|1|1|1|1|1,True,True,True,True,True,0.005795,,even_char; semisimple,defect_a_even_char
EV-067,256,2,8,21,76,24,even,0,21,1,24,7,3|3|3|3|3|3|3,1|1|1|1|1|1|1,True,True,True,True,True,0.009287,,even_char; semisimple,defect_a_even_char
EV-067,256,2,8,21,77,40,even,0,21,1,40,7,3|3|3|3|3|3|3,1|1|1|1|1|1|1,True,True,True,True,True,0.008975,,even_char; semisimple,defect_a_even_char
EV-067,256,2,8,21,78,120,even,0,21,1,120,9,1|1|1|3|3|3|3|3|3,1|1|1|1|1|1|1|1|1,True,True,True,True,True,0.008066,,even_char; semisimple,defect_a_even_char
EV-067,256,2,8,21,79,136,even,0,21,1,136,7,3|3|3|3|3|3|3,1|1|1|1|1|1|1,True,True,True,True,True,0.006917,,even_char; semisimple,defect_a_even_char
EV-067,256,2,8,21,80,131,even,0,21,1,131,7,3|3|3|3|3|3|3,1|1|1|1|1|1|1,True,True,True,True,True,0.023678,,even_char; semisimple,defect_a_even_char
EV-067,256,2,8,21,81,158,even,0,21,1,158,9,1|1|1|3|3|3|3|3|3,1|1|1|1|1|1|1|1|1,True,True,True,True,True,0.007527,,even_char; semisimple,defect_a_even_char
EV-067,256,2,8,21,82,185,even,0,21,1,185,7,3|3|3|3|3|3|3,1|1|1|1|1|1|1,True,True,True,True,True,0.008045,,even_char; semisimple,defect_a_even_char
EV-067,256,2,8,21,83,208,even,0,21,1,208,7,3|3|3|3|3|3|3,1|1|1|1|1|1|1,True,True,True,True,True,0.013652,,even_char; semisimple,defect_a_even_char
EV-067,256,2,8,21,84,107,even,0,21,1,107,9,1|1|1|3|3|3|3|3|3,1|1|1|1|1|1|1|1|1,True,True,True,True,True,0.005967,,even_char; semisimple,defect_a_even_char
EV-067,256,2,8,21,85,189,even,0,21,1,189,7,3|3|3|3|3|3|3,1|1|1|1|1|1|1,True,True,True,True,True,0.011567,,even_char; semisimple,defect_a_even_char
EV-067,256,2,8,21,86,220,even,0,21,1,220,7,3|3|3|3|3|3|3,1|1|1|1|1|1|1,True,True,True,True,True,0.012906,,even_char; semisimple,defect_a_even_char
EV-067,256,2,8,21,87,127,even,0,21,1,127,9,1|1|1|3|3|3|3|3|3,1|1|1|1|1|1|1|1|1,True,True,True,True,True,0.016248,,even_char; semisimple,defect_a_even_char
EV-067,256,2,8,21,88,129,even,0,21,1,129,7,3|3|3|3|3|3|3,1|1|1|1|1|1|1,True,True,True,True,True,0.013654,,even_char; semisimple,defect_a_even_char
EV-067,256,2,8,21,89,152,even,0,21,1,152,7,3|3|3|3|3|3|3,1|1|1|1|1|1|1,True,True,True,True,True,0.011509,,even_char; semisimple,defect_a_even_char
EV-067,256,2,8,21,90,179,even,0,21,1,179,9,1|1|1|3|3|3|3|3|3,1|1|1|1|1|1|1|1|1,True,True,True,True,True,0.005524,,even_char; semisimple,defect_a_even_char
EV-067,256,2,8,21,91,206,even,0,21,1,206,7,3|3|3|3|3|3|3,1|1|1|1|1|1|1,True,True,True,True,True,0.022676,,even_char; semisimple,defect_a_even_char
EV-067,256,2,8,21,92,73,even,0,21,1,73,7,3|3|3|3|3|3|3,1|1|1|1|1|1|1,True,True,True,True,True,0.016259,,even_char; semisimple,defect_a_even_char
EV-067,256,2,8,21,93,219,even,0,21,1,219,9,1|1|1|3|3|3|3|3|3,1|1|1|1|1|1|1|1|1,True,True,True,True,True,0.012789,,even_char; semisimple,defect_a_even_char
EV-067,256,2,8,21,94,118,even,0,21,1,118,7,3|3|3|3|3|3|3,1|1|1|1|1|1|1,True,True,True,True,True,0.019244,,even_char; semisimple,defect_a_even_char
EV-067,256,2,8,21,95,154,even,0,21,1,154,7,3|3|3|3|3|3|3,1|1|1|1|1|1|1,True,True,True,True,True,0.010734,,even_char; semisimple,defect_a_even_char
EV-067,256,2,8,21,96,181,even,0,21,1,181,9,1|1|1|3|3|3|3|3|3,1|1|1|1|1|1|1|1|1,True,True,True,True,True,0.005472,,even_char; semisimple,defect_a_even_char
EV-067,256,2,8,21,97,196,even,0,21,1,196,7,3|3|3|3|3|3|3,1|1|1|1|1|1|1,True,True,True,True,True,0.006528,,even_char; semisimple,defect_a_even_char
EV-067,256,2,8,21,98,87,even,0,21,1,87,7,3|3|3|3|3|3|3,1|1|1|1|1|1|1,True,True,True,True,True,0.008177,,even_char; semisimple,defect_a_even_char
EV-067,256,2,8,21,99,249,even,0,21,1,249,9,1|1|1|3|3|3|3|3|3,1|1|1|1|1|1|1|1|1,True,True,True,True,True,0.00704,,even_char; semisimple,defect_a_even_char
EV-067,256,2,8,21,100,16,even,0,21,1,16,7,3|3|3|3|3|3|3,1|1|1|1|1|1|1,True,True,True,True,True,0.009867,,even_char; semisimple,defect_a_even_char
EV-067,256,2,8,21,101,48,even,0,21,1,48,7,3|3|3|3|3|3|3,1|1|1|1|1|1|1,True,True,True,True,True,0.012101,,even_char; semisimple,defect_a_even_char
EV-067,256,2,8,21,102,80,even,0,21,1,80,9,1|1|1|3|3|3|3|3|3,1|1|1|1|1|1|1|1|1,True,True,True,True,True,0.009956,,even_char; semisimple,defect_a_even_char
EV-067,256,2,8,21,103,240,even,0,21,1,240,7,3|3|3|3|3|3|3,1|1|1|1|1|1|1,True,True,True,True,True,0.007285,,even_char; semisimple,defect_a_even_char
EV-067,256,2,8,21,104,11,even,0,21,1,11,7,3|3|3|3|3|3|3,1|1|1|1|1|1|1,True,True,True,True,True,0.008963,,even_char; semisimple,defect_a_even_char
EV-067,256,2,8,21,105,29,even,0,21,1,29,9,1|1|1|3|3|3|3|3|3,1|1|1|1|1|1|1|1|1,True,True,True,True,True,0.0062,,even_char; semisimple,defect_a_even_char
EV-067,256,2,8,21,106,39,even,0,21,1,39,7,3|3|3|3|3|3|3,1|1|1|1|1|1|1,True,True,True,True,True,0.01141,,even_char; semisimple,defect_a_even_char
EV-067,256,2,8,21,107,105,even,0,21,1,105,7,3|3|3|3|3|3|3,1|1|1|1|1|1|1,True,True,True,True,True,0.010548,,even_char; semisimple,defect_a_even_char
EV-067,256,2,8,21,108,187,even,0,21,1,187,9,1|1|1|3|3|3|3|3|3,1|1|1|1|1|1|1|1|1,True,True,True,True,True,0.008294,,even_char; semisimple,defect_a_even_char
EV-067,256,2,8,21,109,214,even,0,21,1,214,7,3|3|3|3|3|3|3,1|1|1|1|1|1|1,True,True,True,True,True,0.012028,,even_char; semisimple,defect_a_even_char
EV-067,256,2,8,21,110,97,even,0,21,1,97,7,3|3|3|3|3|3|3,1|1|1|1|1|1|1,True,True,True,True,True,0.012751,,even_char; semisimple,defect_a_even_char
EV-067,256,2,8,21,111,163,even,0,21,1,163,9,1|1|1|3|3|3|3|3|3,1|1|1|1|1|1|1|1|1,True,True,True,True,True,0.005577,,even_char; semisimple,defect_a_even_char
EV-067,256,2,8,21,112,254,even,0,21,1,254,7,3|3|3|3|3|3|3,1|1|1|1|1|1|1,True,True,True,True,True,0.011198,,even_char; semisimple,defect_a_even_char
EV-067,256,2,8,21,113,25,even,0,21,1,25,7,3|3|3|3|3|3|3,1|1|1|1|1|1|1,True,True,True,True,True,0.007143,,even_char; semisimple,defect_a_even_char
EV-067,256,2,8,21,114,43,even,0,21,1,43,9,1|1|1|3|3|3|3|3|3,1|1|1|1|1|1|1|1|1,True,True,True,True,True,0.006025,,even_char; semisimple,defect_a_even_char
EV-067,256,2,8,21,115,125,even,0,21,1,125,7,3|3|3|3|3|3|3,1|1|1|1|1|1|1,True,True,True,True,True,0.007145,,even_char; semisimple,defect_a_even_char
EV-067,256,2,8,21,116,135,even,0,21,1,135,7,3|3|3|3|3|3|3,1|1|1|1|1|1|1,True,True,True,True,True,0.007583,,even_char; semisimple,defect_a_even_char
EV-067,256,2,8,21,117,146,even,0,21,1,146,9,1|1|1|3|3|3|3|3|3,1|1|1|1|1|1|1|1|1,True,True,True,True,True,0.007741,,even_char; semisimple,defect_a_even_char
EV-067,256,2,8,21,118,173,even,0,21,1,173,7,3|3|3|3|3|3|3,1|1|1|1|1|1|1,True,True,True,True,True,0.01458,,even_char; semisimple,defect_a_even_char
EV-067,256,2,8,21,119,236,even,0,21,1,236,7,3|3|3|3|3|3|3,1|1|1|1|1|1|1,True,True,True,True,True,0.010263,,even_char; semisimple,defect_a_even_char
EV-067,256,2,8,21,120,47,even,0,21,1,47,9,1|1|1|3|3|3|3|3|3,1|1|1|1|1|1|1|1|1,True,True,True,True,True,0.00676,,even_char; semisimple,defect_a_even_char
EV-067,256,2,8,21,121,113,even,0,21,1,113,7,3|3|3|3|3|3|3,1|1|1|1|1|1|1,True,True,True,True,True,0.016752,,even_char; semisimple,defect_a_even_char
EV-067,256,2,8,21,122,147,even,0,21,1,147,7,3|3|3|3|3|3|3,1|1|1|1|1|1|1,True,True,True,True,True,0.011707,,even_char; semisimple,defect_a_even_char
EV-067,256,2,8,21,123,174,even,0,21,1,174,9,1|1|1|3|3|3|3|3|3,1|1|1|1|1|1|1|1|1,True,True,True,True,True,0.00844,,even_char; semisimple,defect_a_even_char
EV-067,256,2,8,21,124,233,even,0,21,1,233,7,3|3|3|3|3|3|3,1|1|1|1|1|1|1,True,True,True,True,True,0.008993,,even_char; semisimple,defect_a_even_char
EV-067,256,2,8,21,125,32,even,0,21,1,32,7,3|3|3|3|3|3|3,1|1|1|1|1|1|1,True,True,True,True,True,0.011724,,even_char; semisimple,defect_a_even_char
EV-067,256,2,8,21,126,96,even,0,21,1,96,9,1|1|1|3|3|3|3|3|3,1|1|1|1|1|1|1|1|1,True,True,True,True,True,0.009087,,even_char; semisimple,defect_a_even_char
EV-067,256,2,8,21,127,160,even,0,21,1,160,7,3|3|3|3|3|3|3,1|1|1|1|1|1|1,True,True,True,True,True,0.0094,,even_char; semisimple,defect_a_even_char
EV-067,256,2,8,21,128,251,even,0,21,1,251,7,3|3|3|3|3|3|3,1|1|1|1|1|1|1,True,True,True,True,True,0.010183,,even_char; semisimple,defect_a_even_char
EV-067,256,2,8,21,129,22,even,0,21,1,22,9,1|1|1|3|3|3|3|3|3,1|1|1|1|1|1|1|1|1,True,True,True,True,True,0.00875,,even_char; semisimple,defect_a_even_char
EV-067,256,2,8,21,130,58,even,0,21,1,58,7,3|3|3|3|3|3|3,1|1|1|1|1|1|1,True,True,True,True,True,0.010161,,even_char; semisimple,defect_a_even_char
EV-067,256,2,8,21,131,78,even,0,21,1,78,7,3|3|3|3|3|3|3,1|1|1|1|1|1|1,True,True,True,True,True,0.010798,,even_char; semisimple,defect_a_even_char
EV-067,256,2,8,21,132,210,even,0,21,1,210,9,1|1|1|3|3|3|3|3|3,1|1|1|1|1|1|1|1|1,True,True,True,True,True,0.005422,,even_char; semisimple,defect_a_even_char
EV-067,256,2,8,21,133,109,even,0,21,1,109,7,3|3|3|3|3|3|3,1|1|1|1|1|1|1,True,True,True,True,True,0.014656,,even_char; semisimple,defect_a_even_char
EV-067,256,2,8,21,134,183,even,0,21,1,183,7,3|3|3|3|3|3|3,1|1|1|1|1|1|1,True,True,True,True,True,0.009949,,even_char; semisimple,defect_a_even_char
EV-067,256,2,8,21,135,194,even,0,21,1,194,9,1|1|1|3|3|3|3|3|3,1|1|1|1|1|1|1|1|1,True,True,True,True,True,0.007416,,even_char; semisimple,defect_a_even_char
EV-067,256,2,8,21,136,93,even,0,21,1,93,7,3|3|3|3|3|3|3,1|1|1|1|1|1|1,True,True,True,True,True,0.011578,,even_char; semisimple,defect_a_even_char
EV-067,256,2,8,21,137,231,even,0,21,1,231,7,3|3|3|3|3|3|3,1|1|1|1|1|1|1,True,True,True,True,True,0.007274,,even_char; semisimple,defect_a_even_char
EV-067,256,2,8,21,138,50,even,0,21,1,50,9,1|1|1|3|3|3|3|3|3,1|1|1|1|1|1|1|1|1,True,True,True,True,True,0.007959,,even_char; semisimple,defect_a_even_char
EV-067,256,2,8,21,139,86,even,0,21,1,86,7,3|3|3|3|3|3|3,1|1|1|1|1|1|1,True,True,True,True,True,0.015328,,even_char; semisimple,defect_a_even_char
EV-067,256,2,8,21,140,250,even,0,21,1,250,7,3|3|3|3|3|3|3,1|1|1|1|1|1|1,True,True,True,True,True,0.008714,,even_char; semisimple,defect_a_even_char
EV-067,256,2,8,21,141,21,even,0,21,1,21,9,1|1|1|3|3|3|3|3|3,1|1|1|1|1|1|1|1|1,True,True,True,True,True,0.006248,,even_char; semisimple,defect_a_even_char
EV-067,256,2,8,21,142,63,even,0,21,1,63,7,3|3|3|3|3|3|3,1|1|1|1|1|1|1,True,True,True,True,True,0.010641,,even_char; semisimple,defect_a_even_char
EV-067,256,2,8,21,143,65,even,0,21,1,65,7,3|3|3|3|3|3|3,1|1|1|1|1|1|1,True,True,True,True,True,0.013671,,even_char; semisimple,defect_a_even_char
EV-067,256,2,8,21,144,195,even,0,21,1,195,9,1|1|1|3|3|3|3|3|3,1|1|1|1|1|1|1|1|1,True,True,True,True,True,0.005997,,even_char; semisimple,defect_a_even_char
EV-067,256,2,8,21,145,94,even,0,21,1,94,7,3|3|3|3|3|3|3,1|1|1|1|1|1|1,True,True,True,True,True,0.01888,,even_char; semisimple,defect_a_even_char
EV-067,256,2,8,21,146,226,even,0,21,1,226,7,3|3|3|3|3|3|3,1|1|1|1|1|1|1,True,True,True,True,True,0.01071,,even_char; semisimple,defect_a_even_char
EV-067,256,2,8,21,147,61,even,0,21,1,61,9,1|1|1|3|3|3|3|3|3,1|1|1|1|1|1|1|1|1,True,True,True,True,True,0.005721,,even_char; semisimple,defect_a_even_char
EV-067,256,2,8,21,148,71,even,0,21,1,71,7,3|3|3|3|3|3|3,1|1|1|1|1|1|1,True,True,True,True,True,0.01344,,even_char; semisimple,defect_a_even_char
EV-067,256,2,8,21,149,201,even,0,21,1,201,7,3|3|3|3|3|3|3,1|1|1|1|1|1|1,True,True,True,True,True,0.011417,,even_char; semisimple,defect_a_even_char
EV-067,256,2,8,21,150,64,even,0,21,1,64,9,1|1|1|3|3|3|3|3|3,1|1|1|1|1|1|1|1|1,True,True,True,True,True,0.008066,,even_char; semisimple,defect_a_even_char
EV-067,256,2,8,21,151,192,even,0,21,1,192,7,3|3|3|3|3|3|3,1|1|1|1|1|1|1,True,True,True,True,True,0.012037,,even_char; semisimple,defect_a_even_char
EV-067,256,2,8,21,152,91,even,0,21,1,91,7,3|3|3|3|3|3|3,1|1|1|1|1|1|1,True,True,True,True,True,0.013635,,even_char; semisimple,defect_a_even_char
EV-067,256,2,8,21,153,237,even,0,21,1,237,9,1|1|1|3|3|3|3|3|3,1|1|1|1|1|1|1|1|1,True,True,True,True,True,0.009561,,even_char; semisimple,defect_a_even_char
EV-067,256,2,8,21,154,44,even,0,21,1,44,7,3|3|3|3|3|3|3,1|1|1|1|1|1|1,True,True,True,True,True,0.014318,,even_char; semisimple,defect_a_even_char
EV-067,256,2,8,21,155,116,even,0,21,1,116,7,3|3|3|3|3|3|3,1|1|1|1|1|1|1,True,True,True,True,True,0.008297,,even_char; semisimple,defect_a_even_char
EV-067,256,2,8,21,156,156,even,0,21,1,156,9,1|1|1|3|3|3|3|3|3,1|1|1|1|1|1|1|1|1,True,True,True,True,True,0.006683,,even_char; semisimple,defect_a_even_char
EV-067,256,2,8,21,157,191,even,0,21,1,191,7,3|3|3|3|3|3|3,1|1|1|1|1|1|1,True,True,True,True,True,0.007628,,even_char; semisimple,defect_a_even_char
EV-067,256,2,8,21,158,218,even,0,21,1,218,7,3|3|3|3|3|3|3,1|1|1|1|1|1|1,True,True,True,True,True,0.012223,,even_char; semisimple,defect_a_even_char
EV-067,256,2,8,21,159,117,even,0,21,1,117,9,1|1|1|3|3|3|3|3|3,1|1|1|1|1|1|1|1|1,True,True,True,True,True,0.007654,,even_char; semisimple,defect_a_even_char
EV-067,256,2,8,21,160,159,even,0,21,1,159,7,3|3|3|3|3|3|3,1|1|1|1|1|1|1,True,True,True,True,True,0.007425,,even_char; semisimple,defect_a_even_char
EV-067,256,2,8,21,161,186,even,0,21,1,186,7,3|3|3|3|3|3|3,1|1|1|1|1|1|1,True,True,True,True,True,0.015408,,even_char; semisimple,defect_a_even_char
EV-067,256,2,8,21,162,213,even,0,21,1,213,9,1|1|1|3|3|3|3|3|3,1|1|1|1|1|1|1|1|1,True,True,True,True,True,0.01157,,even_char; semisimple,defect_a_even_char
EV-067,256,2,8,21,163,100,even,0,21,1,100,7,3|3|3|3|3|3|3,1|1|1|1|1|1|1,True,True,True,True,True,0.008642,,even_char; semisimple,defect_a_even_char
EV-067,256,2,8,21,164,172,even,0,21,1,172,7,3|3|3|3|3|3|3,1|1|1|1|1|1|1,True,True,True,True,True,0.008833,,even_char; semisimple,defect_a_even_char
EV-067,256,2,8,21,165,239,even,0,21,1,239,9,1|1|1|3|3|3|3|3|3,1|1|1|1|1|1|1|1|1,True,True,True,True,True,0.008467,,even_char; semisimple,defect_a_even_char
EV-067,256,2,8,21,166,42,even,0,21,1,42,7,3|3|3|3|3|3|3,1|1|1|1|1|1|1,True,True,True,True,True,0.008786,,even_char; semisimple,defect_a_even_char
EV-067,256,2,8,21,167,126,even,0,21,1,126,7,3|3|3|3|3|3|3,1|1|1|1|1|1|1,True,True,True,True,True,0.012328,,even_char; semisimple,defect_a_even_char
EV-067,256,2,8,21,168,130,even,0,21,1,130,9,1|1|1|3|3|3|3|3|3,1|1|1|1|1|1|1|1|1,True,True,True,True,True,0.007449,,even_char; semisimple,defect_a_even_char
EV-067,256,2,8,21,169,157,even,0,21,1,157,7,3|3|3|3|3|3|3,1|1|1|1|1|1|1,True,True,True,True,True,0.009675,,even_char; semisimple,defect_a_even_char
EV-067,256,2,8,21,170,188,even,0,21,1,188,7,3|3|3|3|3|3|3,1|1|1|1|1|1|1,True,True,True,True,True,0.009836,,even_char; semisimple,defect_a_even_char
EV-067,256,2,8,21,171,223,even,0,21,1,223,9,1|1|1|3|3|3|3|3|3,1|1|1|1|1|1|1|1|1,True,True,True,True,True,0.012284,,even_char; semisimple,defect_a_even_char
EV-067,256,2,8,21,172,122,even,0,21,1,122,7,3|3|3|3|3|3|3,1|1|1|1|1|1|1,True,True,True,True,True,0.010731,,even_char; semisimple,defect_a_even_char
EV-067,256,2,8,21,173,142,even,0,21,1,142,7,3|3|3|3|3|3|3,1|1|1|1|1|1|1,True,True,True,True,True,0.016183,,even_char; semisimple,defect_a_even_char
EV-067,256,2,8,21,174,137,even,0,21,1,137,9,1|1|1|3|3|3|3|3|3,1|1|1|1|1|1|1|1|1,True,True,True,True,True,0.008903,,even_char; semisimple,defect_a_even_char
EV-067,256,2,8,21,175,128,even,0,21,1,128,7,3|3|3|3|3|3|3,1|1|1|1|1|1|1,True,True,True,True,True,0.012372,,even_char; semisimple,defect_a_even_char
EV-067,256,2,8,21,176,155,even,0,21,1,155,7,3|3|3|3|3|3|3,1|1|1|1|1|1|1,True,True,True,True,True,0.015401,,even_char; semisimple,defect_a_even_char
EV-067,256,2,8,21,177,182,even,0,21,1,182,9,1|1|1|3|3|3|3|3|3,1|1|1|1|1|1|1|1|1,True,True,True,True,True,0.009434,,even_char; semisimple,defect_a_even_char
EV-067,256,2,8,21,178,193,even,0,21,1,193,7,3|3|3|3|3|3|3,1|1|1|1|1|1|1,True,True,True,True,True,0.00845,,even_char; semisimple,defect_a_even_char
EV-067,256,2,8,21,179,88,even,0,21,1,88,7,3|3|3|3|3|3|3,1|1|1|1|1|1|1,True,True,True,True,True,0.008793,,even_char; semisimple,defect_a_even_char
EV-067,256,2,8,21,180,232,even,0,21,1,232,9,1|1|1|3|3|3|3|3|3,1|1|1|1|1|1|1|1|1,True,True,True,True,True,0.010122,,even_char; semisimple,defect_a_even_char
EV-067,256,2,8,21,181,35,even,0,21,1,35,7,3|3|3|3|3|3|3,1|1|1|1|1|1|1,True,True,True,True,True,0.013278,,even_char; semisimple,defect_a_even_char
EV-067,256,2,8,21,182,101,even,0,21,1,101,7,3|3|3|3|3|3|3,1|1|1|1|1|1|1,True,True,True,True,True,0.017042,,even_char; semisimple,defect_a_even_char
EV-067,256,2,8,21,183,175,even,0,21,1,175,9,1|1|1|3|3|3|3|3|3,1|1|1|1|1|1|1|1|1,True,True,True,True,True,0.010558,,even_char; semisimple,defect_a_even_char
EV-067,256,2,8,21,184,234,even,0,21,1,234,7,3|3|3|3|3|3|3,1|1|1|1|1|1|1,True,True,True,True,True,0.012803,,even_char; semisimple,defect_a_even_char
EV-067,256,2,8,21,185,37,even,0,21,1,37,7,3|3|3|3|3|3|3,1|1|1|1|1|1|1,True,True,True,True,True,0.012233,,even_char; semisimple,defect_a_even_char
EV-067,256,2,8,21,186,111,even,0,21,1,111,9,1|1|1|3|3|3|3|3|3,1|1|1|1|1|1|1|1|1,True,True,True,True,True,0.007141,,even_char; semisimple,defect_a_even_char
EV-067,256,2,8,21,187,177,even,0,21,1,177,7,3|3|3|3|3|3|3,1|1|1|1|1|1|1,True,True,True,True,True,0.009565,,even_char; semisimple,defect_a_even_char
EV-067,256,2,8,21,188,200,even,0,21,1,200,7,3|3|3|3|3|3|3,1|1|1|1|1|1|1,True,True,True,True,True,0.011026,,even_char; semisimple,defect_a_even_char
EV-067,256,2,8,21,189,67,even,0,21,1,67,9,1|1|1|3|3|3|3|3|3,1|1|1|1|1|1|1|1|1,True,True,True,True,True,0.005707,,even_char; semisimple,defect_a_even_char
EV-067,256,2,8,21,190,197,even,0,21,1,197,7,3|3|3|3|3|3|3,1|1|1|1|1|1|1,True,True,True,True,True,0.011043,,even_char; semisimple,defect_a_even_char
EV-067,256,2,8,21,191,84,even,0,21,1,84,7,3|3|3|3|3|3|3,1|1|1|1|1|1|1,True,True,True,True,True,0.010864,,even_char; semisimple,defect_a_even_char
EV-067,256,2,8,21,192,252,even,0,21,1,252,9,1|1|1|3|3|3|3|3|3,1|1|1|1|1|1|1|1|1,True,True,True,True,True,0.008649,,even_char; semisimple,defect_a_even_char
EV-067,256,2,8,21,193,31,even,0,21,1,31,7,3|3|3|3|3|3|3,1|1|1|1|1|1|1,True,True,True,True,True,0.010592,,even_char; semisimple,defect_a_even_char
EV-067,256,2,8,21,194,33,even,0,21,1,33,7,3|3|3|3|3|3|3,1|1|1|1|1|1|1,True,True,True,True,True,0.013792,,even_char; semisimple,defect_a_even_char
EV-067,256,2,8,21,195,99,even,0,21,1,99,9,1|1|1|3|3|3|3|3|3,1|1|1|1|1|1|1|1|1,True,True,True,True,True,0.009762,,even_char; semisimple,defect_a_even_char
EV-067,256,2,8,21,196,165,even,0,21,1,165,7,3|3|3|3|3|3|3,1|1|1|1|1|1|1,True,True,True,True,True,0.010897,,even_char; semisimple,defect_a_even_char
EV-067,256,2,8,21,197,244,even,0,21,1,244,7,3|3|3|3|3|3|3,1|1|1|1|1|1|1,True,True,True,True,True,0.011716,,even_char; semisimple,defect_a_even_char
EV-067,256,2,8,21,198,7,even,0,21,1,7,9,1|1|1|3|3|3|3|3|3,1|1|1|1|1|1|1|1|1,True,True,True,True,True,0.007397,,even_char; semisimple,defect_a_even_char
EV-067,256,2,8,21,199,9,even,0,21,1,9,7,3|3|3|3|3|3|3,1|1|1|1|1|1|1,True,True,True,True,True,0.013675,,even_char; semisimple,defect_a_even_char
EV-067,256,2,8,21,200,27,even,0,21,1,27,7,3|3|3|3|3|3|3,1|1|1|1|1|1|1,True,True,True,True,True,0.015834,,even_char; semisimple,defect_a_even_char
EV-067,256,2,8,21,201,45,even,0,21,1,45,9,1|1|1|3|3|3|3|3|3,1|1|1|1|1|1|1|1|1,True,True,True,True,True,0.011898,,even_char; semisimple,defect_a_even_char
EV-067,256,2,8,21,202,119,even,0,21,1,119,7,3|3|3|3|3|3|3,1|1|1|1|1|1|1,True,True,True,True,True,0.010942,,even_char; semisimple,defect_a_even_char
EV-067,256,2,8,21,203,153,even,0,21,1,153,7,3|3|3|3|3|3|3,1|1|1|1|1|1|1,True,True,True,True,True,0.01037,,even_char; semisimple,defect_a_even_char
EV-067,256,2,8,21,204,176,even,0,21,1,176,9,1|1|1|3|3|3|3|3|3,1|1|1|1|1|1|1|1|1,True,True,True,True,True,0.007683,,even_char; semisimple,defect_a_even_char
EV-067,256,2,8,21,205,203,even,0,21,1,203,7,3|3|3|3|3|3|3,1|1|1|1|1|1|1,True,True,True,True,True,0.011149,,even_char; semisimple,defect_a_even_char
EV-067,256,2,8,21,206,70,even,0,21,1,70,7,3|3|3|3|3|3|3,1|1|1|1|1|1|1,True,True,True,True,True,0.008393,,even_char; semisimple,defect_a_even_char
EV-067,256,2,8,21,207,202,even,0,21,1,202,9,1|1|1|3|3|3|3|3|3,1|1|1|1|1|1|1|1|1,True,True,True,True,True,0.012897,,even_char; semisimple,defect_a_even_char
EV-067,256,2,8,21,208,69,even,0,21,1,69,7,3|3|3|3|3|3|3,1|1|1|1|1|1|1,True,True,True,True,True,0.022002,,even_char; semisimple,defect_a_even_char
EV-067,256,2,8,21,209,207,even,0,21,1,207,7,3|3|3|3|3|3|3,1|1|1|1|1|1|1,True,True,True,True,True,0.01008,,even_char; semisimple,defect_a_even_char
EV-067,256,2,8,21,210,74,even,0,21,1,74,9,1|1|1|3|3|3|3|3|3,1|1|1|1|1|1|1|1|1,True,True,True,True,True,0.007514,,even_char; semisimple,defect_a_even_char
EV-067,256,2,8,21,211,222,even,0,21,1,222,7,3|3|3|3|3|3|3,1|1|1|1|1|1|1,True,True,True,True,True,0.008327,,even_char; semisimple,defect_a_even_char
EV-067,256,2,8,21,212,121,even,0,21,1,121,7,3|3|3|3|3|3|3,1|1|1|1|1|1|1,True,True,True,True,True,0.013367,,even_char; semisimple,defect_a_even_char
EV-067,256,2,8,21,213,139,even,0,21,1,139,9,1|1|1|3|3|3|3|3|3,1|1|1|1|1|1|1|1|1,True,True,True,True,True,0.006201,,even_char; semisimple,defect_a_even_char
EV-067,256,2,8,21,214,134,even,0,21,1,134,7,3|3|3|3|3|3|3,1|1|1|1|1|1|1,True,True,True,True,True,0.008386,,even_char; semisimple,defect_a_even_char
EV-067,256,2,8,21,215,145,even,0,21,1,145,7,3|3|3|3|3|3|3,1|1|1|1|1|1|1,True,True,True,True,True,0.010004,,even_char; semisimple,defect_a_even_char
EV-067,256,2,8,21,216,168,even,0,21,1,168,9,1|1|1|3|3|3|3|3|3,1|1|1|1|1|1|1|1|1,True,True,True,True,True,0.010004,,even_char; semisimple,defect_a_even_char
EV-067,256,2,8,21,217,227,even,0,21,1,227,7,3|3|3|3|3|3|3,1|1|1|1|1|1|1,True,True,True,True,True,0.010807,,even_char; semisimple,defect_a_even_char
EV-067,256,2,8,21,218,62,even,0,21,1,62,7,3|3|3|3|3|3|3,1|1|1|1|1|1|1,True,True,True,True,True,0.012011,,even_char; semisimple,defect_a_even_char
EV-067,256,2,8,21,219,66,even,0,21,1,66,9,1|1|1|3|3|3|3|3|3,1|1|1|1|1|1|1|1|1,True,True,True,True,True,0.008635,,even_char; semisimple,defect_a_even_char
EV-067,256,2,8,21,220,198,even,0,21,1,198,7,3|3|3|3|3|3|3,1|1|1|1|1|1|1,True,True,True,True,True,0.009842,,even_char; semisimple,defect_a_even_char
EV-067,256,2,8,21,221,81,even,0,21,1,81,7,3|3|3|3|3|3|3,1|1|1|1|1|1|1,True,True,True,True,True,0.009849,,even_char; semisimple,defect_a_even_char
EV-067,256,2,8,21,222,243,even,0,21,1,243,9,1|1|1|3|3|3|3|3|3,1|1|1|1|1|1|1|1|1,True,True,True,True,True,0.012487,,even_char; semisimple,defect_a_even_char
EV-067,256,2,8,21,223,14,even,0,21,1,14,7,3|3|3|3|3|3|3,1|1|1|1|1|1|1,True,True,True,True,True,0.01147,,even_char; semisimple,defect_a_even_char
EV-067,256,2,8,21,224,18,even,0,21,1,18,7,3|3|3|3|3|3|3,1|1|1|1|1|1|1,True,True,True,True,True,0.011565,,even_char; semisimple,defect_a_even_char
EV-067,256,2,8,21,225,54,even,0,21,1,54,9,1|1|1|3|3|3|3|3|3,1|1|1|1|1|1|1|1|1,True,True,True,True,True,0.009158,,even_char; semisimple,defect_a_even_char
EV-067,256,2,8,21,226,90,even,0,21,1,90,7,3|3|3|3|3|3|3,1|1|1|1|1|1|1,True,True,True,True,True,0.014374,,even_char; semisimple,defect_a_even_char
EV-067,256,2,8,21,227,238,even,0,21,1,238,7,3|3|3|3|3|3|3,1|1|1|1|1|1|1,True,True,True,True,True,0.008196,,even_char; semisimple,defect_a_even_char
EV-067,256,2,8,21,228,41,even,0,21,1,41,9,1|1|1|3|3|3|3|3|3,1|1|1|1|1|1|1|1|1,True,True,True,True,True,0.009933,,even_char; semisimple,defect_a_even_char
EV-067,256,2,8,21,229,123,even,0,21,1,123,7,3|3|3|3|3|3|3,1|1|1|1|1|1|1,True,True,True,True,True,0.012755,,even_char; semisimple,defect_a_even_char
EV-067,256,2,8,21,230,141,even,0,21,1,141,7,3|3|3|3|3|3|3,1|1|1|1|1|1|1,True,True,True,True,True,0.010358,,even_char; semisimple,defect_a_even_char
EV-067,256,2,8,21,231,140,even,0,21,1,140,9,1|1|1|3|3|3|3|3|3,1|1|1|1|1|1|1|1|1,True,True,True,True,True,0.006579,,even_char; semisimple,defect_a_even_char
EV-067,256,2,8,21,232,143,even,0,21,1,143,7,3|3|3|3|3|3|3,1|1|1|1|1|1|1,True,True,True,True,True,0.012345,,even_char; semisimple,defect_a_even_char
EV-067,256,2,8,21,233,138,even,0,21,1,138,7,3|3|3|3|3|3|3,1|1|1|1|1|1|1,True,True,True,True,True,0.020892,,even_char; semisimple,defect_a_even_char
EV-067,256,2,8,21,234,133,even,0,21,1,133,9,1|1|1|3|3|3|3|3|3,1|1|1|1|1|1|1|1|1,True,True,True,True,True,0.00972,,even_char; semisimple,defect_a_even_char
EV-067,256,2,8,21,235,148,even,0,21,1,148,7,3|3|3|3|3|3|3,1|1|1|1|1|1|1,True,True,True,True,True,0.012794,,even_char; semisimple,defect_a_even_char
EV-067,256,2,8,21,236,167,even,0,21,1,167,7,3|3|3|3|3|3|3,1|1|1|1|1|1|1,True,True,True,True,True,0.012655,,even_char; semisimple,defect_a_even_char
EV-067,256,2,8,21,237,242,even,0,21,1,242,9,1|1|1|3|3|3|3|3|3,1|1|1|1|1|1|1|1|1,True,True,True,True,True,0.008495,,even_char; semisimple,defect_a_even_char
EV-067,256,2,8,21,238,13,even,0,21,1,13,7,3|3|3|3|3|3|3,1|1|1|1|1|1|1,True,True,True,True,True,0.008411,,even_char; semisimple,defect_a_even_char
EV-067,256,2,8,21,239,23,even,0,21,1,23,7,3|3|3|3|3|3|3,1|1|1|1|1|1|1,True,True,True,True,True,0.010055,,even_char; semisimple,defect_a_even_char
EV-067,256,2,8,21,240,57,even,0,21,1,57,9,1|1|1|3|3|3|3|3|3,1|1|1|1|1|1|1|1|1,True,True,True,True,True,0.00681,,even_char; semisimple,defect_a_even_char
EV-067,256,2,8,21,241,75,even,0,21,1,75,7,3|3|3|3|3|3|3,1|1|1|1|1|1|1,True,True,True,True,True,0.012422,,even_char; semisimple,defect_a_even_char
EV-067,256,2,8,21,242,221,even,0,21,1,221,7,3|3|3|3|3|3|3,1|1|1|1|1|1|1,True,True,True,True,True,0.008009,,even_char; semisimple,defect_a_even_char
EV-067,256,2,8,21,243,124,even,0,21,1,124,9,1|1|1|3|3|3|3|3|3,1|1|1|1|1|1|1|1|1,True,True,True,True,True,0.00555,,even_char; semisimple,defect_a_even_char
EV-067,256,2,8,21,244,132,even,0,21,1,132,7,3|3|3|3|3|3|3,1|1|1|1|1|1|1,True,True,True,True,True,0.017321,,even_char; semisimple,defect_a_even_char
EV-067,256,2,8,21,245,151,even,0,21,1,151,7,3|3|3|3|3|3|3,1|1|1|1|1|1|1,True,True,True,True,True,0.014881,,even_char; semisimple,defect_a_even_char
EV-067,256,2,8,21,246,162,even,0,21,1,162,9,1|1|1|3|3|3|3|3|3,1|1|1|1|1|1|1|1|1,True,True,True,True,True,0.008045,,even_char; semisimple,defect_a_even_char
EV-067,256,2,8,21,247,253,even,0,21,1,253,7,3|3|3|3|3|3|3,1|1|1|1|1|1|1,True,True,True,True,True,0.011293,,even_char; semisimple,defect_a_even_char
EV-067,256,2,8,21,248,28,even,0,21,1,28,7,3|3|3|3|3|3|3,1|1|1|1|1|1|1,True,True,True,True,True,0.010492,,even_char; semisimple,defect_a_even_char
EV-067,256,2,8,21,249,36,even,0,21,1,36,9,1|1|1|3|3|3|3|3|3,1|1|1|1|1|1|1|1|1,True,True,True,True,True,0.00708,,even_char; semisimple,defect_a_even_char
EV-067,256,2,8,21,250,108,even,0,21,1,108,7,3|3|3|3|3|3|3,1|1|1|1|1|1|1,True,True,True,True,True,0.011229,,even_char; semisimple,defect_a_even_char
EV-067,256,2,8,21,251,180,even,0,21,1,180,7,3|3|3|3|3|3|3,1|1|1|1|1|1|1,True,True,True,True,True,0.011476,,even_char; semisimple,defect_a_even_char
EV-067,256,2,8,21,252,199,even,0,21,1,199,9,1|1|1|3|3|3|3|3|3,1|1|1|1|1|1|1|1|1,True,True,True,True,True,0.00841,,even_char; semisimple,defect_a_even_char
EV-067,256,2,8,21,253,82,even,0,21,1,82,7,3|3|3|3|3|3|3,1|1|1|1|1|1|1,True,True,True,True,True,0.012006,,even_char; semisimple,defect_a_even_char
EV-067,256,2,8,21,254,246,even,0,21,1,246,7,3|3|3|3|3|3|3,1|1|1|1|1|1|1,True,True,True,True,True,0.007221,,even_char; semisimple,defect_a_even_char
EV-068,256,2,8,25,0,1,even,0,25,1,1,9,1|1|1|1|1|5|5|5|5,1|1|1|1|1|1|1|1|1,True,True,True,True,True,0.00681,,even_char; semisimple,defect_a_even_char
EV-068,256,2,8,25,1,3,even,0,25,1,3,1,25,1,True,True,True,True,True,0.002212,,even_char; semisimple,defect_a_even_char
EV-068,256,2,8,25,2,5,even,0,25,1,5,1,25,1,True,True,True,True,True,0.002384,,even_char; semisimple,defect_a_even_char
EV-068,256,2,8,25,3,15,even,0,25,1,15,1,25,1,True,True,True,True,True,0.002324,,even_char; semisimple,defect_a_even_char
EV-068,256,2,8,25,4,17,even,0,25,1,17,1,25,1,True,True,True,True,True,0.002284,,even_char; semisimple,defect_a_even_char
EV-068,256,2,8,25,5,51,even,0,25,1,51,9,1|1|1|1|1|5|5|5|5,1|1|1|1|1|1|1|1|1,True,True,True,True,True,0.004059,,even_char; semisimple,defect_a_even_char
EV-068,256,2,8,25,6,85,even,0,25,1,85,1,25,1,True,True,True,True,True,0.002746,,even_char; semisimple,defect_a_even_char
EV-068,256,2,8,25,7,255,even,0,25,1,255,1,25,1,True,True,True,True,True,0.002508,,even_char; semisimple,defect_a_even_char
EV-068,256,2,8,25,8,26,even,0,25,1,26,1,25,1,True,True,True,True,True,0.002283,,even_char; semisimple,defect_a_even_char
EV-068,256,2,8,25,9,46,even,0,25,1,46,1,25,1,True,True,True,True,True,0.00222,,even_char; semisimple,defect_a_even_char
EV-068,256,2,8,25,10,114,even,0,25,1,114,9,1|1|1|1|1|5|5|5|5,1|1|1|1|1|1|1|1|1,True,True,True,True,True,0.006365,,even_char; semisimple,defect_a_even_char
EV-068,256,2,8,25,11,150,even,0,25,1,150,1,25,1,True,True,True,True,True,0.002269,,even_char; semisimple,defect_a_even_char
EV-068,256,2,8,25,12,161,even,0,25,1,161,1,25,1,True,True,True,True,True,0.001989,,even_char; semisimple,defect_a_even_char
EV-068,256,2,8,25,13,248,even,0,25,1,248,1,25,1,True,True,True,True,True,0.002037,,even_char; semisimple,defect_a_even_char
EV-068,256,2,8,25,14,19,even,0,25,1,19,1,25,1,True,True,True,True,True,0.002027,,even_char; semisimple,defect_a_even_char
EV-068,256,2,8,25,15,53,even,0,25,1,53,9,1|1|1|1|1|5|5|5|5,1|1|1|1|1|1|1|1|1,True,True,True,True,True,0.007011,,even_char; semisimple,defect_a_even_char
EV-068,256,2,8,25,16,95,even,0,25,1,95,1,25,1,True,True,True,True,True,0.00207,,even_char; semisimple,defect_a_even_char
EV-068,256,2,8,25,17,225,even,0,25,1,225,1,25,1,True,True,True,True,True,0.002091,,even_char; semisimple,defect_a_even_char
EV-068,256,2,8,25,18,56,even,0,25,1,56,1,25,1,True,True,True,True,True,0.002213,,even_char; semisimple,defect_a_even_char
EV-068,256,2,8,25,19,72,even,0,25,1,72,1,25,1,True,True,True,True,True,0.001961,,even_char; semisimple,defect_a_even_char
EV-068,256,2,8,25,20,216,even,0,25,1,216,9,1|1|1|1|1|5|5|5|5,1|1|1|1|1|1|1|1|1,True,True,True,True,True,0.006687,,even_char; semisimple,defect_a_even_char
EV-068,256,2,8,25,21,115,even,0,25,1,115,1,25,1,True,True,True,True,True,0.002185,,even_char; semisimple,defect_a_even_char
EV-068,256,2,8,25,22,149,even,0,25,1,149,1,25,1,True,True,True,True,True,0.002025,,even_char; semisimple,defect_a_even_char
EV-068,256,2,8,25,23,164,even,0,25,1,164,1,25,1,True,True,True,True,True,0.002033,,even_char; semisimple,defect_a_even_char
EV-068,256,2,8,25,24,247,even,0,25,1,247,1,25,1,True,True,True,True,True,0.002447,,even_char; semisimple,defect_a_even_char
EV-068,256,2,8,25,25,2,even,0,25,1,2,9,1|1|1|1|1|5|5|5|5,1|1|1|1|1|1|1|1|1,True,True,True,True,True,0.005345,,even_char; semisimple,defect_a_even_char
EV-068,256,2,8,25,26,6,even,0,25,1,6,1,25,1,True,True,True,True,True,0.002012,,even_char; semisimple,defect_a_even_char
EV-068,256,2,8,25,27,10,even,0,25,1,10,1,25,1,True,True,True,True,True,0.001942,,even_char; semisimple,defect_a_even_char
EV-068,256,2,8,25,28,30,even,0,25,1,30,1,25,1,True,True,True,True,True,0.00198,,even_char; semisimple,defect_a_even_char
EV-068,256,2,8,25,29,34,even,0,25,1,34,1,25,1,True,True,True,True,True,0.00195,,even_char; semisimple,defect_a_even_char
EV-068,256,2,8,25,30,102,even,0,25,1,102,9,1|1|1|1|1|5|5|5|5,1|1|1|1|1|1|1|1|1,True,True,True,True,True,0.004572,,even_char; semisimple,defect_a_even_char
EV-068,256,2,8,25,31,170,even,0,25,1,170,1,25,1,True,True,True,True,True,0.001967,,even_char; semisimple,defect_a_even_char
EV-068,256,2,8,25,32,229,even,0,25,1,229,1,25,1,True,True,True,True,True,0.002998,,even_char; semisimple,defect_a_even_char
EV-068,256,2,8,25,33,52,even,0,25,1,52,1,25,1,True,True,True,True,True,0.002787,,even_char; semisimple,defect_a_even_char
EV-068,256,2,8,25,34,92,even,0,25,1,92,1,25,1,True,True,True,True,True,0.001972,,even_char; semisimple,defect_a_even_char
EV-068,256,2,8,25,35,228,even,0,25,1,228,9,1|1|1|1|1|5|5|5|5,1|1|1|1|1|1|1|1|1,True,True,True,True,True,0.005741,,even_char; semisimple,defect_a_even_char
EV-068,256,2,8,25,36,55,even,0,25,1,55,1,25,1,True,True,True,True,True,0.001944,,even_char; semisimple,defect_a_even_char
EV-068,256,2,8,25,37,89,even,0,25,1,89,1,25,1,True,True,True,True,True,0.002197,,even_char; semisimple,defect_a_even_char
EV-068,256,2,8,25,38,235,even,0,25,1,235,1,25,1,True,True,True,True,True,0.002871,,even_char; semisimple,defect_a_even_char
EV-068,256,2,8,25,39,38,even,0,25,1,38,1,25,1,True,True,True,True,True,0.002663,,even_char; semisimple,defect_a_even_char
EV-068,256,2,8,25,40,106,even,0,25,1,106,9,1|1|1|1|1|5|5|5|5,1|1|1|1|1|1|1|1|1,True,True,True,True,True,0.005574,,even_char; semisimple,defect_a_even_char
EV-068,256,2,8,25,41,190,even,0,25,1,190,1,25,1,True,True,True,True,True,0.002643,,even_char; semisimple,defect_a_even_char
EV-068,256,2,8,25,42,217,even,0,25,1,217,1,25,1,True,True,True,True,True,0.002276,,even_char; semisimple,defect_a_even_char
EV-068,256,2,8,25,43,112,even,0,25,1,112,1,25,1,True,True,True,True,True,0.001977,,even_char; semisimple,defect_a_even_char
EV-068,256,2,8,25,44,144,even,0,25,1,144,1,25,1,True,True,True,True,True,0.002076,,even_char; semisimple,defect_a_even_char
EV-068,256,2,8,25,45,171,even,0,25,1,171,9,1|1|1|1|1|5|5|5|5,1|1|1|1|1|1|1|1|1,True,True,True,True,True,0.00549,,even_char; semisimple,defect_a_even_char
EV-068,256,2,8,25,46,230,even,0,25,1,230,1,25,1,True,True,True,True,True,0.002013,,even_char; semisimple,defect_a_even_char
EV-068,256,2,8,25,47,49,even,0,25,1,49,1,25,1,True,True,True,True,True,0.002242,,even_char; semisimple,defect_a_even_char
EV-068,256,2,8,25,48,83,even,0,25,1,83,1,25,1,True,True,True,True,True,0.00232,,even_char; semisimple,defect_a_even_char
EV-068,256,2,8,25,49,245,even,0,25,1,245,1,25,1,True,True,True,True,True,0.002415,,even_char; semisimple,defect_a_even_char
EV-068,256,2,8,25,50,4,even,0,25,1,4,9,1|1|1|1|1|5|5|5|5,1|1|1|1|1|1|1|1|1,True,True,True,True,True,0.005238,,even_char; semisimple,defect_a_even_char
EV-068,256,2,8,25,51,12,even,0,25,1,12,1,25,1,True,True,True,True,True,0.001984,,even_char; semisimple,defect_a_even_char
EV-068,256,2,8,25,52,20,even,0,25,1,20,1,25,1,True,True,True,True,True,0.00193,,even_char; semisimple,defect_a_even_char
EV-068,256,2,8,25,53,60,even,0,25,1,60,1,25,1,True,True,True,True,True,0.001913,,even_char; semisimple,defect_a_even_char
EV-068,256,2,8,25,54,68,even,0,25,1,68,1,25,1,True,True,True,True,True,0.001874,,even_char; semisimple,defect_a_even_char
EV-068,256,2,8,25,55,204,even,0,25,1,204,9,1|1|1|1|1|5|5|5|5,1|1|1|1|1|1|1|1|1,True,True,True,True,True,0.004751,,even_char; semisimple,defect_a_even_char
EV-068,256,2,8,25,56,79,even,0,25,1,79,1,25,1,True,True,True,True,True,0.002835,,even_char; semisimple,defect_a_even_char
EV-068,256,2,8,25,57,209,even,0,25,1,209,1,25,1,True,True,True,True,True,0.002495,,even_char; semisimple,defect_a_even_char
EV-068,256,2,8,25,58,104,even,0,25,1,104,1,25,1,True,True,True,True,True,0.002376,,even_char; semisimple,defect_a_even_char
EV-068,256,2,8,25,59,184,even,0,25,1,184,1,25,1,True,True,True,True,True,0.002588,,even_char; semisimple,defect_a_even_char
EV-068,256,2,8,25,60,211,even,0,25,1,211,9,1|1|1|1|1|5|5|5|5,1|1|1|1|1|1|1|1|1,True,True,True,True,True,0.01329,,even_char; semisimple,defect_a_even_char
EV-068,256,2,8,25,61,110,even,0,25,1,110,1,25,1,True,True,True,True,True,0.002287,,even_char; semisimple,defect_a_even_char
EV-068,256,2,8,25,62,178,even,0,25,1,178,1,25,1,True,True,True,True,True,0.002413,,even_char; semisimple,defect_a_even_char
EV-068,256,2,8,25,63,205,even,0,25,1,205,1,25,1,True,True,True,True,True,0.002414,,even_char; semisimple,defect_a_even_char
EV-068,256,2,8,25,64,76,even,0,25,1,76,1,25,1,True,True,True,True,True,0.002447,,even_char; semisimple,defect_a_even_char
EV-068,256,2,8,25,65,212,even,0,25,1,212,9,1|1|1|1|1|5|5|5|5,1|1|1|1|1|1|1|1|1,True,True,True,True,True,0.004219,,even_char; semisimple,defect_a_even_char
EV-068,256,2,8,25,66,103,even,0,25,1,103,1,25,1,True,True,True,True,True,0.002149,,even_char; semisimple,defect_a_even_char
EV-068,256,2,8,25,67,169,even,0,25,1,169,1,25,1,True,True,True,True,True,0.003136,,even_char; semisimple,defect_a_even_char
EV-068,256,2,8,25,68,224,even,0,25,1,224,1,25,1,True,True,True,True,True,0.002396,,even_char; semisimple,defect_a_even_char
EV-068,256,2,8,25,69,59,even,0,25,1,59,1,25,1,True,True,True,True,True,0.002258,,even_char; semisimple,defect_a_even_char
EV-068,256,2,8,25,70,77,even,0,25,1,77,9,1|1|1|1|1|5|5|5|5,1|1|1|1|1|1|1|1|1,True,True,True,True,True,0.005049,,even_char; semisimple,defect_a_even_char
EV-068,256,2,8,25,71,215,even,0,25,1,215,1,25,1,True,True,True,True,True,0.002615,,even_char; semisimple,defect_a_even_char
EV-068,256,2,8,25,72,98,even,0,25,1,98,1,25,1,True,True,True,True,True,0.002197,,even_char; semisimple,defect_a_even_char
EV-068,256,2,8,25,73,166,even,0,25,1,166,1,25,1,True,True,True,True,True,0.002315,,even_char; semisimple,defect_a_even_char
EV-068,256,2,8,25,74,241,even,0,25,1,241,1,25,1,True,True,True,True,True,0.002064,,even_char; semisimple,defect_a_even_char
EV-068,256,2,8,25,75,8,even,0,25,1,8,9,1|1|1|1|1|5|5|5|5,1|1|1|1|1|1|1|1|1,True,True,True,True,True,0.007229,,even_char; semisimple,defect_a_even_char
EV-068,256,2,8,25,76,24,even,0,25,1,24,1,25,1,True,True,True,True,True,0.00241,,even_char; semisimple,defect_a_even_char
EV-068,256,2,8,25,77,40,even,0,25,1,40,1,25,1,True,True,True,True,True,0.002236,,even_char; semisimple,defect_a_even_char
EV-068,256,2,8,25,78,120,even,0,25,1,120,1,25,1,True,True,True,True,True,0.002124,,even_char; semisimple,defect_a_even_char
EV-068,256,2,8,25,79,136,even,0,25,1,136,1,25,1,True,True,True,True,True,0.002216,,even_char; semisimple,defect_a_even_char
EV-068,256,2,8,25,80,131,even,0,25,1,131,9,1|1|1|1|1|5|5|5|5,1|1|1|1|1|1|1|1|1,True,True,True,True,True,0.0081,,even_char; semisimple,defect_a_even_char
EV-068,256,2,8,25,81,158,even,0,25,1,158,1,25,1,True,True,True,True,True,0.002798,,even_char; semisimple,defect_a_even_char
EV-068,256,2,8,25,82,185,even,0,25,1,185,1,25,1,True,True,True,True,True,0.003261,,even_char; semisimple,defect_a_even_char
EV-068,256,2,8,25,83,208,even,0,25,1,208,1,25,1,True,True,True,True,True,0.00312,,even_char; semisimple,defect_a_even_char
EV-068,256,2,8,25,84,107,even,0,25,1,107,1,25,1,True,True,True,True,True,0.003156,,even_char; semisimple,defect_a_even_char
EV-068,256,2,8,25,85,189,even,0,25,1,189,9,1|1|1|1|1|5|5|5|5,1|1|1|1|1|1|1|1|1,True,True,True,True,True,0.006362,,even_char; semisimple,defect_a_even_char
EV-068,256,2,8,25,86,220,even,0,25,1,220,1,25,1,True,True,True,True,True,0.002777,,even_char; semisimple,defect_a_even_char
EV-068,256,2,8,25,87,127,even,0,25,1,127,1,25,1,True,True,True,True,True,0.003135,,even_char; semisimple,defect_a_even_char
EV-068,256,2,8,25,88,129,even,0,25,1,129,1,25,1,True,True,True,True,True,0.002238,,even_char; semisimple,defect_a_even_char
EV-068,256,2,8,25,89,152,even,0,25,1,152,1,25,1,True,True,True,True,True,0.002038,,even_char; semisimple,defect_a_even_char
EV-068,256,2,8,25,90,179,even,0,25,1,179,9,1|1|1|1|1|5|5|5|5,1|1|1|1|1|1|1|1|1,True,True,True,True,True,0.006757,,even_char; semisimple,defect_a_even_char
EV-068,256,2,8,25,91,206,even,0,25,1,206,1,25,1,True,True,True,True,True,0.002008,,even_char; semisimple,defect_a_even_char
EV-068,256,2,8,25,92,73,even,0,25,1,73,1,25,1,True,True,True,True,True,0.002004,,even_char; semisimple,defect_a_even_char
EV-068,256,2,8,25,93,219,even,0,25,1,219,1,25,1,True,True,True,True,True,0.002039,,even_char; semisimple,defect_a_even_char
EV-068,256,2,8,25,94,118,even,0,25,1,118,1,25,1,True,True,True,True,True,0.001968,,even_char; semisimple,defect_a_even_char
EV-068,256,2,8,25,95,154,even,0,25,1,154,9,1|1|1|1|1|5|5|5|5,1|1|1|1|1|1|1|1|1,True,True,True,True,True,0.003664,,even_char; semisimple,defect_a_even_char
EV-068,256,2,8,25,96,181,even,0,25,1,181,1,25,1,True,True,True,True,True,0.002036,,even_char; semisimple,defect_a_even_char
EV-068,256,2,8,25,97,196,even,0,25,1,196,1,25,1,True,True,True,True,True,0.002013,,even_char; semisimple,defect_a_even_char
EV-068,256,2,8,25,98,87,even,0,25,1,87,1,25,1,True,True,True,True,True,0.00204,,even_char; semisimple,defect_a_even_char
EV-068,256,2,8,25,99,249,even,0,25,1,249,1,25,1,True,True,True,True,True,0.001964,,even_char; semisimple,defect_a_even_char
EV-068,256,2,8,25,100,16,even,0,25,1,16,9,1|1|1|1|1|5|5|5|5,1|1|1|1|1|1|1|1|1,True,True,True,True,True,0.005152,,even_char; semisimple,defect_a_even_char
EV-068,256,2,8,25,101,48,even,0,25,1,48,1,25,1,True,True,True,True,True,0.001983,,even_char; semisimple,defect_a_even_char
EV-068,256,2,8,25,102,80,even,0,25,1,80,1,25,1,True,True,True,True,True,0.001911,,even_char; semisimple,defect_a_even_char
EV-068,256,2,8,25,103,240,even,0,25,1,240,1,25,1,True,True,True,True,True,0.002071,,even_char; semisimple,defect_a_even_char
EV-068,256,2,8,25,104,11,even,0,25,1,11,1,25,1,True,True,True,True,True,0.00194,,even_char; semisimple,defect_a_even_char
EV-068,256,2,8,25,105,29,even,0,25,1,29,9,1|1|1|1|1|5|5|5|5,1|1|1|1|1|1|1|1|1,True,True,True,True,True,0.003716,,even_char; semisimple,defect_a_even_char
EV-068,256,2,8,25,106,39,even,0,25,1,39,1,25,1,True,True,True,True,True,0.001994,,even_char; semisimple,defect_a_even_char
EV-068,256,2,8,25,107,105,even,0,25,1,105,1,25,1,True,True,True,True,True,0.002012,,even_char; semisimple,defect_a_even_char
EV-068,256,2,8,25,108,187,even,0,25,1,187,1,25,1,True,True,True,True,True,0.002373,,even_char; semisimple,defect_a_even_char
EV-068,256,2,8,25,109,214,even,0,25,1,214,1,25,1,True,True,True,True,True,0.002212,,even_char; semisimple,defect_a_even_char
EV-068,256,2,8,25,110,97,even,0,25,1,97,9,1|1|1|1|1|5|5|5|5,1|1|1|1|1|1|1|1|1,True,True,True,True,True,0.005064,,even_char; semisimple,defect_a_even_char
EV-068,256,2,8,25,111,163,even,0,25,1,163,1,25,1,True,True,True,True,True,0.002134,,even_char; semisimple,defect_a_even_char
EV-068,256,2,8,25,112,254,even,0,25,1,254,1,25,1,True,True,True,True,True,0.002242,,even_char; semisimple,defect_a_even_char
EV-068,256,2,8,25,113,25,even,0,25,1,25,1,25,1,True,True,True,True,True,0.002114,,even_char; semisimple,defect_a_even_char
EV-068,256,2,8,25,114,43,even,0,25,1,43,1,25,1,True,True,True,True,True,0.002282,,even_char; semisimple,defect_a_even_char
EV-068,256,2,8,25,115,125,even,0,25,1,125,9,1|1|1|1|1|5|5|5|5,1|1|1|1|1|1|1|1|1,True,True,True,True,True,0.005304,,even_char; semisimple,defect_a_even_char
EV-068,256,2,8,25,116,135,even,0,25,1,135,1,25,1,True,True,True,True,True,0.001969,,even_char; semisimple,defect_a_even_char
EV-068,256,2,8,25,117,146,even,0,25,1,146,1,25,1,True,True,True,True,True,0.001899,,even_char; semisimple,defect_a_even_char
EV-068,256,2,8,25,118,173,even,0,25,1,173,1,25,1,True,True,True,True,True,0.001933,,even_char; semisimple,defect_a_even_char
EV-068,256,2,8,25,119,236,even,0,25,1,236,1,25,1,True,True,True,True,True,0.001888,,even_char; semisimple,defect_a_even_char
EV-068,256,2,8,25,120,47,even,0,25,1,47,9,1|1|1|1|1|5|5|5|5,1|1|1|1|1|1|1|1|1,True,True,True,True,True,0.009071,,even_char; semisimple,defect_a_even_char
EV-068,256,2,8,25,121,113,even,0,25,1,113,1,25,1,True,True,True,True,True,0.00239,,even_char; semisimple,defect_a_even_char
EV-068,256,2,8,25,122,147,even,0,25,1,147,1,25,1,True,True,True,True,True,0.002013,,even_char; semisimple,defect_a_even_char
EV-068,256,2,8,25,123,174,even,0,25,1,174,1,25,1,True,True,True,True,True,0.002076,,even_char; semisimple,defect_a_even_char
EV-068,256,2,8,25,124,233,even,0,25,1,233,1,25,1,True,True,True,True,True,0.003142,,even_char; semisimple,defect_a_even_char
EV-068,256,2,8,25,125,32,even,0,25,1,32,9,1|1|1|1|1|5|5|5|5,1|1|1|1|1|1|1|1|1,True,True,True,True,True,0.009632,,even_char; semisimple,defect_a_even_char
EV-068,256,2,8,25,126,96,even,0,25,1,96,1,25,1,True,True,True,True,True,0.002515,,even_char; semisimple,defect_a_even_char
EV-068,256,2,8,25,127,160,even,0,25,1,160,1,25,1,True,True,True,True,True,0.002031,,even_char; semisimple,defect_a_even_char
EV-068,256,2,8,25,128,251,even,0,25,1,251,1,25,1,True,True,True,True,True,0.001991,,even_char; semisimple,defect_a_even_char
EV-068,256,2,8,25,129,22,even,0,25,1,22,1,25,1,True,True,True,True,True,0.001978,,even_char; semisimple,defect_a_even_char
EV-068,256,2,8,25,130,58,even,0,25,1,58,9,1|1|1|1|1|5|5|5|5,1|1|1|1|1|1|1|1|1,True,True,True,True,True,0.005004,,even_char; semisimple,defect_a_even_char
EV-068,256,2,8,25,131,78,even,0,25,1,78,1,25,1,True,True,True,True,True,0.002186,,even_char; semisimple,defect_a_even_char
EV-068,256,2,8,25,132,210,even,0,25,1,210,1,25,1,True,True,True,True,True,0.002639,,even_char; semisimple,defect_a_even_char
EV-068,256,2,8,25,133,109,even,0,25,1,109,1,25,1,True,True,True,True,True,0.001928,,even_char; semisimple,defect_a_even_char
EV-068,256,2,8,25,134,183,even,0,25,1,183,1,25,1,True,True,True,True,True,0.001967,,even_char; semisimple,defect_a_even_char
EV-068,256,2,8,25,135,194,even,0,25,1,194,9,1|1|1|1|1|5|5|5|5,1|1|1|1|1|1|1|1|1,True,True,True,True,True,0.004246,,even_char; semisimple,defect_a_even_char
EV-068,256,2,8,25,136,93,even,0,25,1,93,1,25,1,True,True,True,True,True,0.003062,,even_char; semisimple,defect_a_even_char
EV-068,256,2,8,25,137,231,even,0,25,1,231,1,25,1,True,True,True,True,True,0.002999,,even_char; semisimple,defect_a_even_char
EV-068,256,2,8,25,138,50,even,0,25,1,50,1,25,1,True,True,True,True,True,0.002181,,even_char; semisimple,defect_a_even_char
EV-068,256,2,8,25,139,86,even,0,25,1,86,1,25,1,True,True,True,True,True,0.001985,,even_char; semisimple,defect_a_even_char
EV-068,256,2,8,25,140,250,even,0,25,1,250,9,1|1|1|1|1|5|5|5|5,1|1|1|1|1|1|1|1|1,True,True,True,True,True,0.005469,,even_char; semisimple,defect_a_even_char
EV-068,256,2,8,25,141,21,even,0,25,1,21,1,25,1,True,True,True,True,True,0.001919,,even_char; semisimple,defect_a_even_char
EV-068,256,2,8,25,142,63,even,0,25,1,63,1,25,1,True,True,True,True,True,0.002011,,even_char; semisimple,defect_a_even_char
EV-068,256,2,8,25,143,65,even,0,25,1,65,1,25,1,True,True,True,True,True,0.001923,,even_char; semisimple,defect_a_even_char
EV-068,256,2,8,25,144,195,even,0,25,1,195,1,25,1,True,True,True,True,True,0.002449,,even_char; semisimple,defect_a_even_char
EV-068,256,2,8,25,145,94,even,0,25,1,94,9,1|1|1|1|1|5|5|5|5,1|1|1|1|1|1|1|1|1,True,True,True,True,True,0.005861,,even_char; semisimple,defect_a_even_char
EV-068,256,2,8,25,146,226,even,0,25,1,226,1,25,1,True,True,True,True,True,0.002199,,even_char; semisimple,defect_a_even_char
EV-068,256,2,8,25,147,61,even,0,25,1,61,1,25,1,True,True,True,True,True,0.002075,,even_char; semisimple,defect_a_even_char
EV-068,256,2,8,25,148,71,even,0,25,1,71,1,25,1,True,True,True,True,True,0.002521,,even_char; semisimple,defect_a_even_char
EV-068,256,2,8,25,149,201,even,0,25,1,201,1,25,1,True,True,True,True,True,0.002366,,even_char; semisimple,defect_a_even_char
EV-068,256,2,8,25,150,64,even,0,25,1,64,9,1|1|1|1|1|5|5|5|5,1|1|1|1|1|1|1|1|1,True,True,True,True,True,0.003747,,even_char; semisimple,defect_a_even_char
EV-068,256,2,8,25,151,192,even,0,25,1,192,1,25,1,True,True,True,True,True,0.002047,,even_char; semisimple,defect_a_even_char
EV-068,256,2,8,25,152,91,even,0,25,1,91,1,25,1,True,True,True,True,True,0.002074,,even_char; semisimple,defect_a_even_char
EV-068,256,2,8,25,153,237,even,0,25,1,237,1,25,1,True,True,True,True,True,0.002165,,even_char; semisimple,defect_a_even_char
EV-068,256,2,8,25,154,44,even,0,25,1,44,1,25,1,True,True,True,True,True,0.00311,,even_char; semisimple,defect_a_even_char
EV-068,256,2,8,25,155,116,even,0,25,1,116,9,1|1|1|1|1|5|5|5|5,1|1|1|1|1|1|1|1|1,True,True,True,True,True,0.004327,,even_char; semisimple,defect_a_even_char
EV-068,256,2,8,25,156,156,even,0,25,1,156,1,25,1,True,True,True,True,True,0.002319,,even_char; semisimple,defect_a_even_char
EV-068,256,2,8,25,157,191,even,0,25,1,191,1,25,1,True,True,True,True,True,0.002579,,even_char; semisimple,defect_a_even_char
EV-068,256,2,8,25,158,218,even,0,25,1,218,1,25,1,True,True,True,True,True,0.002595,,even_char; semisimple,defect_a_even_char
EV-068,256,2,8,25,159,117,even,0,25,1,117,1,25,1,True,True,True,True,True,0.002831,,even_char; semisimple,defect_a_even_char
EV-068,256,2,8,25,160,159,even,0,25,1,159,9,1|1|1|1|1|5|5|5|5,1|1|1|1|1|1|1|1|1,True,True,True,True,True,0.006354,,even_char; semisimple,defect_a_even_char
EV-068,256,2,8,25,161,186,even,0,25,1,186,1,25,1,True,True,True,True,True,0.002019,,even_char; semisimple,defect_a_even_char
EV-068,256,2,8,25,162,213,even,0,25,1,213,1,25,1,True,True,True,True,True,0.001934,,even_char; semisimple,defect_a_even_char
EV-068,256,2,8,25,163,100,even,0,25,1,100,1,25,1,True,True,True,True,True,0.003033,,even_char; semisimple,defect_a_even_char
EV-068,256,2,8,25,164,172,even,0,25,1,172,1,25,1,True,True,True,True,True,0.00278,,even_char; semisimple,defect_a_even_char
EV-068,256,2,8,25,165,239,even,0,25,1,239,9,1|1|1|1|1|5|5|5|5,1|1|1|1|1|1|1|1|1,True,True,True,True,True,0.008026,,even_char; semisimple,defect_a_even_char
EV-068,256,2,8,25,166,42,even,0,25,1,42,1,25,1,True,True,True,True,True,0.002695,,even_char; semisimple,defect_a_even_char
EV-068,256,2,8,25,167,126,even,0,25,1,126,1,25,1,True,True,True,True,True,0.002614,,even_char; semisimple,defect_a_even_char
EV-068,256,2,8,25,168,130,even,0,25,1,130,1,25,1,True,True,True,True,True,0.002621,,even_char; semisimple,defect_a_even_char
EV-068,256,2,8,25,169,157,even,0,25,1,157,1,25,1,True,True,True,True,True,0.002695,,even_char; semisimple,defect_a_even_char
EV-068,256,2,8,25,170,188,even,0,25,1,188,9,1|1|1|1|1|5|5|5|5,1|1|1|1|1|1|1|1|1,True,True,True,True,True,0.006653,,even_char; semisimple,defect_a_even_char
EV-068,256,2,8,25,171,223,even,0,25,1,223,1,25,1,True,True,True,True,True,0.002454,,even_char; semisimple,defect_a_even_char
EV-068,256,2,8,25,172,122,even,0,25,1,122,1,25,1,True,True,True,True,True,0.002376,,even_char; semisimple,defect_a_even_char
EV-068,256,2,8,25,173,142,even,0,25,1,142,1,25,1,True,True,True,True,True,0.002398,,even_char; semisimple,defect_a_even_char
EV-068,256,2,8,25,174,137,even,0,25,1,137,1,25,1,True,True,True,True,True,0.002497,,even_char; semisimple,defect_a_even_char
EV-068,256,2,8,25,175,128,even,0,25,1,128,9,1|1|1|1|1|5|5|5|5,1|1|1|1|1|1|1|1|1,True,True,True,True,True,0.005299,,even_char; semisimple,defect_a_even_char
EV-068,256,2,8,25,176,155,even,0,25,1,155,1,25,1,True,True,True,True,True,0.002755,,even_char; semisimple,defect_a_even_char
EV-068,256,2,8,25,177,182,even,0,25,1,182,1,25,1,True,True,True,True,True,0.002766,,even_char; semisimple,defect_a_even_char
EV-068,256,2,8,25,178,193,even,0,25,1,193,1,25,1,True,True,True,True,True,0.002825,,even_char; semisimple,defect_a_even_char
EV-068,256,2,8,25,179,88,even,0,25,1,88,1,25,1,True,True,True,True,True,0.002322,,even_char; semisimple,defect_a_even_char
EV-068,256,2,8,25,180,232,even,0,25,1,232,9,1|1|1|1|1|5|5|5|5,1|1|1|1|1|1|1|1|1,True,True,True,True,True,0.004333,,even_char; semisimple,defect_a_even_char
EV-068,256,2,8,25,181,35,even,0,25,1,35,1,25,1,True,True,True,True,True,0.002125,,even_char; semisimple,defect_a_even_char
EV-068,256,2,8,25,182,101,even,0,25,1,101,1,25,1,True,True,True,True,True,0.002191,,even_char; semisimple,defect_a_even_char
EV-068,256,2,8,25,183,175,even,0,25,1,175,1,25,1,True,True,True,True,True,0.002327,,even_char; semisimple,defect_a_even_char
EV-068,256,2,8,25,184,234,even,0,25,1,234,1,25,1,True,True,True,True,True,0.003283,,even_char; semisimple,defect_a_even_char
EV-068,256,2,8,25,185,37,even,0,25,1,37,9,1|1|1|1|1|5|5|5|5,1|1|1|1|1|1|1|1|1,True,True,True,True,True,0.006734,,even_char; semisimple,defect_a_even_char
EV-068,256,2,8,25,186,111,even,0,25,1,111,1,25,1,True,True,True,True,True,0.001948,,even_char; semisimple,defect_a_even_char
EV-068,256,2,8,25,187,177,even,0,25,1,177,1,25,1,True,True,True,True,True,0.002021,,even_char; semisimple,defect_a_even_char
EV-068,256,2,8,25,188,200,even,0,25,1,200,1,25,1,True,True,True,True,True,0.001919,,even_char; semisimple,defect_a_even_char
EV-068,256,2,8,25,189,67,even,0,25,1,67,1,25,1,True,True,True,True,True,0.002,,even_char; semisimple,defect_a_even_char
EV-068,256,2,8,25,190,197,even,0,25,1,197,9,1|1|1|1|1|5|5|5|5,1|1|1|1|1|1|1|1|1,True,True,True,True,True,0.00551,,even_char; semisimple,defect_a_even_char
EV-068,256,2,8,25,191,84,even,0,25,1,84,1,25,1,True,True,True,True,True,0.001972,,even_char; semisimple,defect_a_even_char
EV-068,256,2,8,25,192,252,even,0,25,1,252,1,25,1,True,True,True,True,True,0.00187,,even_char; semisimple,defect_a_even_char
EV-068,256,2,8,25,193,31,even,0,25,1,31,1,25,1,True,True,True,True,True,0.001917,,even_char; semisimple,defect_a_even_char
EV-068,256,2,8,25,194,33,even,0,25,1,33,1,25,1,True,True,True,True,True,0.002015,,even_char; semisimple,defect_a_even_char
EV-068,256,2,8,25,195,99,even,0,25,1,99,9,1|1|1|1|1|5|5|5|5,1|1|1|1|1|1|1|1|1,True,True,True,True,True,0.003563,,even_char; semisimple,defect_a_even_char
EV-068,256,2,8,25,196,165,even,0,25,1,165,1,25,1,True,True,True,True,True,0.001986,,even_char; semisimple,defect_a_even_char
EV-068,256,2,8,25,197,244,even,0,25,1,244,1,25,1,True,True,True,True,True,0.002125,,even_char; semisimple,defect_a_even_char
EV-068,256,2,8,25,198,7,even,0,25,1,7,1,25,1,True,True,True,True,True,0.002048,,even_char; semisimple,defect_a_even_char
EV-068,256,2,8,25,199,9,even,0,25,1,9,1,25,1,True,True,True,True,True,0.002123,,even_char; semisimple,defect_a_even_char
EV-068,256,2,8,25,200,27,even,0,25,1,27,9,1|1|1|1|1|5|5|5|5,1|1|1|1|1|1|1|1|1,True,True,True,True,True,0.00497,,even_char; semisimple,defect_a_even_char
EV-068,256,2,8,25,201,45,even,0,25,1,45,1,25,1,True,True,True,True,True,0.003056,,even_char; semisimple,defect_a_even_char
EV-068,256,2,8,25,202,119,even,0,25,1,119,1,25,1,True,True,True,True,True,0.002147,,even_char; semisimple,defect_a_even_char
EV-068,256,2,8,25,203,153,even,0,25,1,153,1,25,1,True,True,True,True,True,0.002063,,even_char; semisimple,defect_a_even_char
EV-068,256,2,8,25,204,176,even,0,25,1,176,1,25,1,True,True,True,True,True,0.002064,,even_char; semisimple,defect_a_even_char
EV-068,256,2,8,25,205,203,even,0,25,1,203,9,1|1|1|1|1|5|5|5|5,1|1|1|1|1|1|1|1|1,True,True,True,True,True,0.004806,,even_char; semisimple,defect_a_even_char
EV-068,256,2,8,25,206,70,even,0,25,1,70,1,25,1,True,True,True,True,True,0.00322,,even_char; semisimple,defect_a_even_char
EV-068,256,2,8,25,207,202,even,0,25,1,202,1,25,1,True,True,True,True,True,0.002469,,even_char; semisimple,defect_a_even_char
EV-068,256,2,8,25,208,69,even,0,25,1,69,1,25,1,True,True,True,True,True,0.003035,,even_char; semisimple,defect_a_even_char
EV-068,256,2,8,25,209,207,even,0,25,1,207,1,25,1,True,True,True,True,True,0.002203,,even_char; semisimple,defect_a_even_char
EV-068,256,2,8,25,210,74,even,0,25,1,74,9,1|1|1|1|1|5|5|5|5,1|1|1|1|1|1|1|1|1,True,True,True,True,True,0.003848,,even_char; semisimple,defect_a_even_char
EV-068,256,2,8,25,211,222,even,0,25,1,222,1,25,1,True,True,True,True,True,0.002215,,even_char; semisimple,defect_a_even_char
EV-068,256,2,8,25,212,121,even,0,25,1,121,1,25,1,True,True,True,True,True,0.002123,,even_char; semisimple,defect_a_even_char
EV-068,256,2,8,25,213,139,even,0,25,1,139,1,25,1,True,True,True,True,True,0.002134,,even_char; semisimple,defect_a_even_char
EV-068,256,2,8,25,214,134,even,0,25,1,134,1,25,1,True,True,True,True,True,0.002051,,even_char; semisimple,defect_a_even_char
EV-068,256,2,8,25,215,145,even,0,25,1,145,9,1|1|1|1|1|5|5|5|5,1|1|1|1|1|1|1|1|1,True,True,True,True,True,0.004507,,even_char; semisimple,defect_a_even_char
EV-068,256,2,8,25,216,168,even,0,25,1,168,1,25,1,True,True,True,True,True,0.002256,,even_char; semisimple,defect_a_even_char
EV-068,256,2,8,25,217,227,even,0,25,1,227,1,25,1,True,True,True,True,True,0.002058,,even_char; semisimple,defect_a_even_char
EV-068,256,2,8,25,218,62,even,0,25,1,62,1,25,1,True,True,True,True,True,0.002007,,even_char; semisimple,defect_a_even_char
EV-068,256,2,8,25,219,66,even,0,25,1,66,1,25,1,True,True,True,True,True,0.002322,,even_char; semisimple,defect_a_even_char
EV-068,256,2,8,25,220,198,even,0,25,1,198,9,1|1|1|1|1|5|5|5|5,1|1|1|1|1|1|1|1|1,True,True,True,True,True,0.004625,,even_char; semisimple,defect_a_even_char
EV-068,256,2,8,25,221,81,even,0,25,1,81,1,25,1,True,True,True,True,True,0.002203,,even_char; semisimple,defect_a_even_char
EV-068,256,2,8,25,222,243,even,0,25,1,243,1,25,1,True,True,True,True,True,0.00226,,even_char; semisimple,defect_a_even_char
EV-068,256,2,8,25,223,14,even,0,25,1,14,1,25,1,True,True,True,True,True,0.002037,,even_char; semisimple,defect_a_even_char
EV-068,256,2,8,25,224,18,even,0,25,1,18,1,25,1,True,True,True,True,True,0.002007,,even_char; semisimple,defect_a_even_char
EV-068,256,2,8,25,225,54,even,0,25,1,54,9,1|1|1|1|1|5|5|5|5,1|1|1|1|1|1|1|1|1,True,True,True,True,True,0.004095,,even_char; semisimple,defect_a_even_char
EV-068,256,2,8,25,226,90,even,0,25,1,90,1,25,1,True,True,True,True,True,0.002422,,even_char; semisimple,defect_a_even_char
EV-068,256,2,8,25,227,238,even,0,25,1,238,1,25,1,True,True,True,True,True,0.002092,,even_char; semisimple,defect_a_even_char
EV-068,256,2,8,25,228,41,even,0,25,1,41,1,25,1,True,True,True,True,True,0.00202,,even_char; semisimple,defect_a_even_char
EV-068,256,2,8,25,229,123,even,0,25,1,123,1,25,1,True,True,True,True,True,0.002575,,even_char; semisimple,defect_a_even_char
EV-068,256,2,8,25,230,141,even,0,25,1,141,9,1|1|1|1|1|5|5|5|5,1|1|1|1|1|1|1|1|1,True,True,True,True,True,0.005046,,even_char; semisimple,defect_a_even_char
EV-068,256,2,8,25,231,140,even,0,25,1,140,1,25,1,True,True,True,True,True,0.001958,,even_char; semisimple,defect_a_even_char
EV-068,256,2,8,25,232,143,even,0,25,1,143,1,25,1,True,True,True,True,True,0.001992,,even_char; semisimple,defect_a_even_char
EV-068,256,2,8,25,233,138,even,0,25,1,138,1,25,1,True,True,True,True,True,0.001985,,even_char; semisimple,defect_a_even_char
EV-068,256,2,8,25,234,133,even,0,25,1,133,1,25,1,True,True,True,True,True,0.002042,,even_char; semisimple,defect_a_even_char
EV-068,256,2,8,25,235,148,even,0,25,1,148,9,1|1|1|1|1|5|5|5|5,1|1|1|1|1|1|1|1|1,True,True,True,True,True,0.008188,,even_char; semisimple,defect_a_even_char
EV-068,256,2,8,25,236,167,even,0,25,1,167,1,25,1,True,True,True,True,True,0.002222,,even_char; semisimple,defect_a_even_char
EV-068,256,2,8,25,237,242,even,0,25,1,242,1,25,1,True,True,True,True,True,0.002075,,even_char; semisimple,defect_a_even_char
EV-068,256,2,8,25,238,13,even,0,25,1,13,1,25,1,True,True,True,True,True,0.002548,,even_char; semisimple,defect_a_even_char
EV-068,256,2,8,25,239,23,even,0,25,1,23,1,25,1,True,True,True,True,True,0.002024,,even_char; semisimple,defect_a_even_char
EV-068,256,2,8,25,240,57,even,0,25,1,57,9,1|1|1|1|1|5|5|5|5,1|1|1|1|1|1|1|1|1,True,True,True,True,True,0.004416,,even_char; semisimple,defect_a_even_char
EV-068,256,2,8,25,241,75,even,0,25,1,75,1,25,1,True,True,True,True,True,0.002043,,even_char; semisimple,defect_a_even_char
EV-068,256,2,8,25,242,221,even,0,25,1,221,1,25,1,True,True,True,True,True,0.001938,,even_char; semisimple,defect_a_even_char
EV-068,256,2,8,25,243,124,even,0,25,1,124,1,25,1,True,True,True,True,True,0.001982,,even_char; semisimple,defect_a_even_char
EV-068,256,2,8,25,244,132,even,0,25,1,132,1,25,1,True,True,True,True,True,0.002214,,even_char; semisimple,defect_a_even_char
EV-068,256,2,8,25,245,151,even,0,25,1,151,9,1|1|1|1|1|5|5|5|5,1|1|1|1|1|1|1|1|1,True,True,True,True,True,0.005392,,even_char; semisimple,defect_a_even_char
EV-068,256,2,8,25,246,162,even,0,25,1,162,1,25,1,True,True,True,True,True,0.002425,,even_char; semisimple,defect_a_even_char
EV-068,256,2,8,25,247,253,even,0,25,1,253,1,25,1,True,True,True,True,True,0.002168,,even_char; semisimple,defect_a_even_char
EV-068,256,2,8,25,248,28,even,0,25,1,28,1,25,1,True,True,True,True,True,0.003103,,even_char; semisimple,defect_a_even_char
EV-068,256,2,8,25,249,36,even,0,25,1,36,1,25,1,True,True,True,True,True,0.003016,,even_char; semisimple,defect_a_even_char
EV-068,256,2,8,25,250,108,even,0,25,1,108,9,1|1|1|1|1|5|5|5|5,1|1|1|1|1|1|1|1|1,True,True,True,True,True,0.005789,,even_char; semisimple,defect_a_even_char
EV-068,256,2,8,25,251,180,even,0,25,1,180,1,25,1,True,True,True,True,True,0.002063,,even_char; semisimple,defect_a_even_char
EV-068,256,2,8,25,252,199,even,0,25,1,199,1,25,1,True,True,True,True,True,0.002086,,even_char; semisimple,defect_a_even_char
EV-068,256,2,8,25,253,82,even,0,25,1,82,1,25,1,True,True,True,True,True,0.003134,,even_char; semisimple,defect_a_even_char
EV-068,256,2,8,25,254,246,even,0,25,1,246,1,25,1,True,True,True,True,True,0.003266,,even_char; semisimple,defect_a_even_char
EV-069,256,2,8,31,0,1,even,0,31,1,1,7,1|5|5|5|5|5|5,1|1|1|1|1|1|1,True,True,True,True,True,0.020877,,even_char; semisimple,defect_a_even_char
EV-069,256,2,8,31,1,3,even,0,31,1,3,7,1|5|5|5|5|5|5,1|1|1|1|1|1|1,True,True,True,True,True,0.028662,,even_char; semisimple,defect_a_even_char
EV-069,256,2,8,31,2,5,even,0,31,1,5,7,1|5|5|5|5|5|5,1|1|1|1|1|1|1,True,True,True,True,True,0.033676,,even_char; semisimple,defect_a_even_char
EV-069,256,2,8,31,3,15,even,0,31,1,15,7,1|5|5|5|5|5|5,1|1|1|1|1|1|1,True,True,True,True,True,0.031275,,even_char; semisimple,defect_a_even_char
EV-069,256,2,8,31,4,17,even,0,31,1,17,7,1|5|5|5|5|5|5,1|1|1|1|1|1|1,True,True,True,True,True,0.032001,,even_char; semisimple,defect_a_even_char
EV-069,256,2,8,31,5,51,even,0,31,1,51,7,1|5|5|5|5|5|5,1|1|1|1|1|1|1,True,True,True,True,True,0.021035,,even_char; semisimple,defect_a_even_char
EV-069,256,2,8,31,6,85,even,0,31,1,85,7,1|5|5|5|5|5|5,1|1|1|1|1|1|1,True,True,True,True,True,0.032634,,even_char; semisimple,defect_a_even_char
EV-069,256,2,8,31,7,255,even,0,31,1,255,7,1|5|5|5|5|5|5,1|1|1|1|1|1|1,True,True,True,True,True,0.02333,,even_char; semisimple,defect_a_even_char
EV-069,256,2,8,31,8,26,even,0,31,1,26,7,1|5|5|5|5|5|5,1|1|1|1|1|1|1,True,True,True,True,True,0.022519,,even_char; semisimple,defect_a_even_char
EV-069,256,2,8,31,9,46,even,0,31,1,46,7,1|5|5|5|5|5|5,1|1|1|1|1|1|1,True,True,True,True,True,0.026504,,even_char; semisimple,defect_a_even_char
EV-069,256,2,8,31,10,114,even,0,31,1,114,7,1|5|5|5|5|5|5,1|1|1|1|1|1|1,True,True,True,True,True,0.026485,,even_char; semisimple,defect_a_even_char
EV-069,256,2,8,31,11,150,even,0,31,1,150,7,1|5|5|5|5|5|5,1|1|1|1|1|1|1,True,True,True,True,True,0.032185,,even_char; semisimple,defect_a_even_char
EV-069,256,2,8,31,12,161,even,0,31,1,161,7,1|5|5|5|5|5|5,1|1|1|1|1|1|1,True,True,True,True,True,0.028888,,even_char; semisimple,defect_a_even_char
EV-069,256,2,8,31,13,248,even,0,31,1,248,7,1|5|5|5|5|5|5,1|1|1|1|1|1|1,True,True,True,True,True,0.04253,,even_char; semisimple,defect_a_even_char
EV-069,256,2,8,31,14,19,even,0,31,1,19,7,1|5|5|5|5|5|5,1|1|1|1|1|1|1,True,True,True,True,True,0.04512,,even_char; semisimple,defect_a_even_char
EV-069,256,2,8,31,15,53,even,0,31,1,53,7,1|5|5|5|5|5|5,1|1|1|1|1|1|1,True,True,True,True,True,0.019301,,even_char; semisimple,defect_a_even_char
EV-069,256,2,8,31,16,95,even,0,31,1,95,7,1|5|5|5|5|5|5,1|1|1|1|1|1|1,True,True,True,True,True,0.021961,,even_char; semisimple,defect_a_even_char
EV-069,256,2,8,31,17,225,even,0,31,1,225,7,1|5|5|5|5|5|5,1|1|1|1|1|1|1,True,True,True,True,True,0.032487,,even_char; semisimple,defect_a_even_char
EV-069,256,2,8,31,18,56,even,0,31,1,56,7,1|5|5|5|5|5|5,1|1|1|1|1|1|1,True,True,True,True,True,0.048475,,even_char; semisimple,defect_a_even_char
EV-069,256,2,8,31,19,72,even,0,31,1,72,7,1|5|5|5|5|5|5,1|1|1|1|1|1|1,True,True,True,True,True,0.02487,,even_char; semisimple,defect_a_even_char
EV-069,256,2,8,31,20,216,even,0,31,1,216,7,1|5|5|5|5|5|5,1|1|1|1|1|1|1,True,True,True,True,True,0.030086,,even_char; semisimple,defect_a_even_char
EV-069,256,2,8,31,21,115,even,0,31,1,115,7,1|5|5|5|5|5|5,1|1|1|1|1|1|1,True,True,True,True,True,0.044574,,even_char; semisimple,defect_a_even_char
EV-069,256,2,8,31,22,149,even,0,31,1,149,7,1|5|5|5|5|5|5,1|1|1|1|1|1|1,True,True,True,True,True,0.042156,,even_char; semisimple,defect_a_even_char
EV-069,256,2,8,31,23,164,even,0,31,1,164,7,1|5|5|5|5|5|5,1|1|1|1|1|1|1,True,True,True,True,True,0.030122,,even_char; semisimple,defect_a_even_char
EV-069,256,2,8,31,24,247,even,0,31,1,247,7,1|5|5|5|5|5|5,1|1|1|1|1|1|1,True,True,True,True,True,0.020888,,even_char; semisimple,defect_a_even_char
EV-069,256,2,8,31,25,2,even,0,31,1,2,7,1|5|5|5|5|5|5,1|1|1|1|1|1|1,True,True,True,True,True,0.025488,,even_char; semisimple,defect_a_even_char
EV-069,256,2,8,31,26,6,even,0,31,1,6,7,1|5|5|5|5|5|5,1|1|1|1|1|1|1,True,True,True,True,True,0.016957,,even_char; semisimple,defect_a_even_char
EV-069,256,2,8,31,27,10,even,0,31,1,10,7,1|5|5|5|5|5|5,1|1|1|1|1|1|1,True,True,True,True,True,0.026247,,even_char; semisimple,defect_a_even_char
EV-069,256,2,8,31,28,30,even,0,31,1,30,7,1|5|5|5|5|5|5,1|1|1|1|1|1|1,True,True,True,True,True,0.034933,,even_char; semisimple,defect_a_even_char
EV-069,256,2,8,31,29,34,even,0,31,1,34,7,1|5|5|5|5|5|5,1|1|1|1|1|1|1,True,True,True,True,True,0.030851,,even_char; semisimple,defect_a_even_char
EV-069,256,2,8,31,30,102,even,0,31,1,102,7,1|5|5|5|5|5|5,1|1|1|1|1|1|1,True,True,True,True,True,0.021645,,even_char; semisimple,defect_a_even_char
EV-069,256,2,8,31,31,170,even,0,31,1,170,7,1|5|5|5|5|5|5,1|1|1|1|1|1|1,True,True,True,True,True,0.034358,,even_char; semisimple,defect_a_even_char
EV-069,256,2,8,31,32,229,even,0,31,1,229,7,1|5|5|5|5|5|5,1|1|1|1|1|1|1,True,True,True,True,True,0.033451,,even_char; semisimple,defect_a_even_char
EV-069,256,2,8,31,33,52,even,0,31,1,52,7,1|5|5|5|5|5|5,1|1|1|1|1|1|1,True,True,True,True,True,0.024624,,even_char; semisimple,defect_a_even_char
EV-069,256,2,8,31,34,92,even,0,31,1,92,7,1|5|5|5|5|5|5,1|1|1|1|1|1|1,True,True,True,True,True,0.03915,,even_char; semisimple,defect_a_even_char
EV-069,256,2,8,31,35,228,even,0,31,1,228,7,1|5|5|5|5|5|5,1|1|1|1|1|1|1,True,True,True,True,True,0.020337,,even_char; semisimple,defect_a_even_char
EV-069,256,2,8,31,36,55,even,0,31,1,55,7,1|5|5|5|5|5|5,1|1|1|1|1|1|1,True,True,True,True,True,0.042927,,even_char; semisimple,defect_a_even_char
EV-069,256,2,8,31,37,89,even,0,31,1,89,7,1|5|5|5|5|5|5,1|1|1|1|1|1|1,True,True,True,True,True,0.027774,,even_char; semisimple,defect_a_even_char
EV-069,256,2,8,31,38,235,even,0,31,1,235,7,1|5|5|5|5|5|5,1|1|1|1|1|1|1,True,True,True,True,True,0.022403,,even_char; semisimple,defect_a_even_char
EV-069,256,2,8,31,39,38,even,0,31,1,38,7,1|5|5|5|5|5|5,1|1|1|1|1|1|1,True,True,True,True,True,0.022123,,even_char; semisimple,defect_a_even_char
EV-069,256,2,8,31,40,106,even,0,31,1,106,7,1|5|5|5|5|5|5,1|1|1|1|1|1|1,True,True,True,True,True,0.027331,,even_char; semisimple,defect_a_even_char
EV-069,256,2,8,31,41,190,even,0,31,1,190,7,1|5|5|5|5|5|5,1|1|1|1|1|1|1,True,True,True,True,True,0.031778,,even_char; semisimple,defect_a_even_char
EV-069,256,2,8,31,42,217,even,0,31,1,217,7,1|5|5|5|5|5|5,1|1|1|1|1|1|1,True,True,True,True,True,0.025484,,even_char; semisimple,defect_a_even_char
EV-069,256,2,8,31,43,112,even,0,31,1,112,7,1|5|5|5|5|5|5,1|1|1|1|1|1|1,True,True,True,True,True,0.033894,,even_char; semisimple,defect_a_even_char
EV-069,256,2,8,31,44,144,even,0,31,1,144,7,1|5|5|5|5|5|5,1|1|1|1|1|1|1,True,True,True,True,True,0.027124,,even_char; semisimple,defect_a_even_char
EV-069,256,2,8,31,45,171,even,0,31,1,171,7,1|5|5|5|5|5|5,1|1|1|1|1|1|1,True,True,True,True,True,0.030716,,even_char; semisimple,defect_a_even_char
EV-069,256,2,8,31,46,230,even,0,31,1,230,7,1|5|5|5|5|5|5,1|1|1|1|1|1|1,True,True,True,True,True,0.019359,,even_char; semisimple,defect_a_even_char
EV-069,256,2,8,31,47,49,even,0,31,1,49,7,1|5|5|5|5|5|5,1|1|1|1|1|1|1,True,True,True,True,True,0.028861,,even_char; semisimple,defect_a_even_char
EV-069,256,2,8,31,48,83,even,0,31,1,83,7,1|5|5|5|5|5|5,1|1|1|1|1|1|1,True,True,True,True,True,0.036482,,even_char; semisimple,defect_a_even_char
EV-069,256,2,8,31,49,245,even,0,31,1,245,7,1|5|5|5|5|5|5,1|1|1|1|1|1|1,True,True,True,True,True,0.017688,,even_char; semisimple,defect_a_even_char
EV-069,256,2,8,31,50,4,even,0,31,1,4,7,1|5|5|5|5|5|5,1|1|1|1|1|1|1,True,True,True,True,True,0.03114,,even_char; semisimple,defect_a_even_char
EV-069,256,2,8,31,51,12,even,0,31,1,12,7,1|5|5|5|5|5|5,1|1|1|1|1|1|1,True,True,True,True,True,0.026564,,even_char; semisimple,defect_a_even_char
EV-069,256,2,8,31,52,20,even,0,31,1,20,7,1|5|5|5|5|5|5,1|1|1|1|1|1|1,True,True,True,True,True,0.025699,,even_char; semisimple,defect_a_even_char
EV-069,256,2,8,31,53,60,even,0,31,1,60,7,1|5|5|5|5|5|5,1|1|1|1|1|1|1,True,True,True,True,True,0.022809,,even_char; semisimple,defect_a_even_char
EV-069,256,2,8,31,54,68,even,0,31,1,68,7,1|5|5|5|5|5|5,1|1|1|1|1|1|1,True,True,True,True,True,0.024857,,even_char; semisimple,defect_a_even_char
EV-069,256,2,8,31,55,204,even,0,31,1,204,7,1|5|5|5|5|5|5,1|1|1|1|1|1|1,True,True,True,True,True,0.028725,,even_char; semisimple,defect_a_even_char
EV-069,256,2,8,31,56,79,even,0,31,1,79,7,1|5|5|5|5|5|5,1|1|1|1|1|1|1,True,True,True,True,True,0.023905,,even_char; semisimple,defect_a_even_char
EV-069,256,2,8,31,57,209,even,0,31,1,209,7,1|5|5|5|5|5|5,1|1|1|1|1|1|1,True,True,True,True,True,0.03514,,even_char; semisimple,defect_a_even_char
EV-069,256,2,8,31,58,104,even,0,31,1,104,7,1|5|5|5|5|5|5,1|1|1|1|1|1|1,True,True,True,True,True,0.020161,,even_char; semisimple,defect_a_even_char
EV-069,256,2,8,31,59,184,even,0,31,1,184,7,1|5|5|5|5|5|5,1|1|1|1|1|1|1,True,True,True,True,True,0.043551,,even_char; semisimple,defect_a_even_char
EV-069,256,2,8,31,60,211,even,0,31,1,211,7,1|5|5|5|5|5|5,1|1|1|1|1|1|1,True,True,True,True,True,0.029701,,even_char; semisimple,defect_a_even_char
EV-069,256,2,8,31,61,110,even,0,31,1,110,7,1|5|5|5|5|5|5,1|1|1|1|1|1|1,True,True,True,True,True,0.036928,,even_char; semisimple,defect_a_even_char
EV-069,256,2,8,31,62,178,even,0,31,1,178,7,1|5|5|5|5|5|5,1|1|1|1|1|1|1,True,True,True,True,True,0.017449,,even_char; semisimple,defect_a_even_char
EV-069,256,2,8,31,63,205,even,0,31,1,205,7,1|5|5|5|5|5|5,1|1|1|1|1|1|1,True,True,True,True,True,0.041879,,even_char; semisimple,defect_a_even_char
EV-069,256,2,8,31,64,76,even,0,31,1,76,7,1|5|5|5|5|5|5,1|1|1|1|1|1|1,True,True,True,True,True,0.027188,,even_char; semisimple,defect_a_even_char
EV-069,256,2,8,31,65,212,even,0,31,1,212,7,1|5|5|5|5|5|5,1|1|1|1|1|1|1,True,True,True,True,True,0.026311,,even_char; semisimple,defect_a_even_char
EV-069,256,2,8,31,66,103,even,0,31,1,103,7,1|5|5|5|5|5|5,1|1|1|1|1|1|1,True,True,True,True,True,0.030831,,even_char; semisimple,defect_a_even_char
EV-069,256,2,8,31,67,169,even,0,31,1,169,7,1|5|5|5|5|5|5,1|1|1|1|1|1|1,True,True,True,True,True,0.022708,,even_char; semisimple,defect_a_even_char
EV-069,256,2,8,31,68,224,even,0,31,1,224,7,1|5|5|5|5|5|5,1|1|1|1|1|1|1,True,True,True,True,True,0.02317,,even_char; semisimple,defect_a_even_char
EV-069,256,2,8,31,69,59,even,0,31,1,59,7,1|5|5|5|5|5|5,1|1|1|1|1|1|1,True,True,True,True,True,0.035698,,even_char; semisimple,defect_a_even_char
EV-069,256,2,8,31,70,77,even,0,31,1,77,7,1|5|5|5|5|5|5,1|1|1|1|1|1|1,True,True,True,True,True,0.024963,,even_char; semisimple,defect_a_even_char
EV-069,256,2,8,31,71,215,even,0,31,1,215,7,1|5|5|5|5|5|5,1|1|1|1|1|1|1,True,True,True,True,True,0.045494,,even_char; semisimple,defect_a_even_char
EV-069,256,2,8,31,72,98,even,0,31,1,98,7,1|5|5|5|5|5|5,1|1|1|1|1|1|1,True,True,True,True,True,0.027622,,even_char; semisimple,defect_a_even_char
EV-069,256,2,8,31,73,166,even,0,31,1,166,7,1|5|5|5|5|5|5,1|1|1|1|1|1|1,True,True,True,True,True,0.035114,,even_char; semisimple,defect_a_even_char
EV-069,256,2,8,31,74,241,even,0,31,1,241,7,1|5|5|5|5|5|5,1|1|1|1|1|1|1,True,True,True,True,True,0.026027,,even_char; semisimple,defect_a_even_char
EV-069,256,2,8,31,75,8,even,0,31,1,8,7,1|5|5|5|5|5|5,1|1|1|1|1|1|1,True,True,True,True,True,0.018454,,even_char; semisimple,defect_a_even_char
EV-069,256,2,8,31,76,24,even,0,31,1,24,7,1|5|5|5|5|5|5,1|1|1|1|1|1|1,True,True,True,True,True,0.025749,,even_char; semisimple,defect_a_even_char
EV-069,256,2,8,31,77,40,even,0,31,1,40,7,1|5|5|5|5|5|5,1|1|1|1|1|1|1,True,True,True,True,True,0.019239,,even_char; semisimple,defect_a_even_char
EV-069,256,2,8,31,78,120,even,0,31,1,120,7,1|5|5|5|5|5|5,1|1|1|1|1|1|1,True,True,True,True,True,0.037085,,even_char; semisimple,defect_a_even_char
EV-069,256,2,8,31,79,136,even,0,31,1,136,7,1|5|5|5|5|5|5,1|1|1|1|1|1|1,True,True,True,True,True,0.025511,,even_char; semisimple,defect_a_even_char
EV-069,256,2,8,31,80,131,even,0,31,1,131,7,1|5|5|5|5|5|5,1|1|1|1|1|1|1,True,True,True,True,True,0.021618,,even_char; semisimple,defect_a_even_char
EV-069,256,2,8,31,81,158,even,0,31,1,158,7,1|5|5|5|5|5|5,1|1|1|1|1|1|1,True,True,True,True,True,0.026434,,even_char; semisimple,defect_a_even_char
EV-069,256,2,8,31,82,185,even,0,31,1,185,7,1|5|5|5|5|5|5,1|1|1|1|1|1|1,True,True,True,True,True,0.026507,,even_char; semisimple,defect_a_even_char
EV-069,256,2,8,31,83,208,even,0,31,1,208,7,1|5|5|5|5|5|5,1|1|1|1|1|1|1,True,True,True,True,True,0.021321,,even_char; semisimple,defect_a_even_char
EV-069,256,2,8,31,84,107,even,0,31,1,107,7,1|5|5|5|5|5|5,1|1|1|1|1|1|1,True,True,True,True,True,0.022019,,even_char; semisimple,defect_a_even_char
EV-069,256,2,8,31,85,189,even,0,31,1,189,7,1|5|5|5|5|5|5,1|1|1|1|1|1|1,True,True,True,True,True,0.042808,,even_char; semisimple,defect_a_even_char
EV-069,256,2,8,31,86,220,even,0,31,1,220,7,1|5|5|5|5|5|5,1|1|1|1|1|1|1,True,True,True,True,True,0.022845,,even_char; semisimple,defect_a_even_char
EV-069,256,2,8,31,87,127,even,0,31,1,127,7,1|5|5|5|5|5|5,1|1|1|1|1|1|1,True,True,True,True,True,0.028009,,even_char; semisimple,defect_a_even_char
EV-069,256,2,8,31,88,129,even,0,31,1,129,7,1|5|5|5|5|5|5,1|1|1|1|1|1|1,True,True,True,True,True,0.02126,,even_char; semisimple,defect_a_even_char
EV-069,256,2,8,31,89,152,even,0,31,1,152,7,1|5|5|5|5|5|5,1|1|1|1|1|1|1,True,True,True,True,True,0.030838,,even_char; semisimple,defect_a_even_char
EV-069,256,2,8,31,90,179,even,0,31,1,179,7,1|5|5|5|5|5|5,1|1|1|1|1|1|1,True,True,True,True,True,0.02577,,even_char; semisimple,defect_a_even_char
EV-069,256,2,8,31,91,206,even,0,31,1,206,7,1|5|5|5|5|5|5,1|1|1|1|1|1|1,True,True,True,True,True,0.022629,,even_char; semisimple,defect_a_even_char
EV-069,256,2,8,31,92,73,even,0,31,1,73,7,1|5|5|5|5|5|5,1|1|1|1|1|1|1,True,True,True,True,True,0.021298,,even_char; semisimple,defect_a_even_char
EV-069,256,2,8,31,93,219,even,0,31,1,219,7,1|5|5|5|5|5|5,1|1|1|1|1|1|1,True,True,True,True,True,0.029187,,even_char; semisimple,defect_a_even_char
EV-069,256,2,8,31,94,118,even,0,31,1,118,7,1|5|5|5|5|5|5,1|1|1|1|1|1|1,True,True,True,True,True,0.022713,,even_char; semisimple,defect_a_even_char
EV-069,256,2,8,31,95,154,even,0,31,1,154,7,1|5|5|5|5|5|5,1|1|1|1|1|1|1,True,True,True,True,True,0.042907,,even_char; semisimple,defect_a_even_char
EV-069,256,2,8,31,96,181,even,0,31,1,181,7,1|5|5|5|5|5|5,1|1|1|1|1|1|1,True,True,True,True,True,0.025243,,even_char; semisimple,defect_a_even_char
EV-069,256,2,8,31,97,196,even,0,31,1,196,7,1|5|5|5|5|5|5,1|1|1|1|1|1|1,True,True,True,True,True,0.034894,,even_char; semisimple,defect_a_even_char
EV-069,256,2,8,31,98,87,even,0,31,1,87,7,1|5|5|5|5|5|5,1|1|1|1|1|1|1,True,True,True,True,True,0.038717,,even_char; semisimple,defect_a_even_char
EV-069,256,2,8,31,99,249,even,0,31,1,249,7,1|5|5|5|5|5|5,1|1|1|1|1|1|1,True,True,True,True,True,0.046016,,even_char; semisimple,defect_a_even_char
EV-069,256,2,8,31,100,16,even,0,31,1,16,7,1|5|5|5|5|5|5,1|1|1|1|1|1|1,True,True,True,True,True,0.021478,,even_char; semisimple,defect_a_even_char
EV-069,256,2,8,31,101,48,even,0,31,1,48,7,1|5|5|5|5|5|5,1|1|1|1|1|1|1,True,True,True,True,True,0.034732,,even_char; semisimple,defect_a_even_char
EV-069,256,2,8,31,102,80,even,0,31,1,80,7,1|5|5|5|5|5|5,1|1|1|1|1|1|1,True,True,True,True,True,0.022268,,even_char; semisimple,defect_a_even_char
EV-069,256,2,8,31,103,240,even,0,31,1,240,7,1|5|5|5|5|5|5,1|1|1|1|1|1|1,True,True,True,True,True,0.025385,,even_char; semisimple,defect_a_even_char
EV-069,256,2,8,31,104,11,even,0,31,1,11,7,1|5|5|5|5|5|5,1|1|1|1|1|1|1,True,True,True,True,True,0.025674,,even_char; semisimple,defect_a_even_char
EV-069,256,2,8,31,105,29,even,0,31,1,29,7,1|5|5|5|5|5|5,1|1|1|1|1|1|1,True,True,True,True,True,0.019546,,even_char; semisimple,defect_a_even_char
EV-069,256,2,8,31,106,39,even,0,31,1,39,7,1|5|5|5|5|5|5,1|1|1|1|1|1|1,True,True,True,True,True,0.035818,,even_char; semisimple,defect_a_even_char
EV-069,256,2,8,31,107,105,even,0,31,1,105,7,1|5|5|5|5|5|5,1|1|1|1|1|1|1,True,True,True,True,True,0.028098,,even_char; semisimple,defect_a_even_char
EV-069,256,2,8,31,108,187,even,0,31,1,187,7,1|5|5|5|5|5|5,1|1|1|1|1|1|1,True,True,True,True,True,0.021818,,even_char; semisimple,defect_a_even_char
EV-069,256,2,8,31,109,214,even,0,31,1,214,7,1|5|5|5|5|5|5,1|1|1|1|1|1|1,True,True,True,True,True,0.023197,,even_char; semisimple,defect_a_even_char
EV-069,256,2,8,31,110,97,even,0,31,1,97,7,1|5|5|5|5|5|5,1|1|1|1|1|1|1,True,True,True,True,True,0.045538,,even_char; semisimple,defect_a_even_char
EV-069,256,2,8,31,111,163,even,0,31,1,163,7,1|5|5|5|5|5|5,1|1|1|1|1|1|1,True,True,True,True,True,0.017746,,even_char; semisimple,defect_a_even_char
EV-069,256,2,8,31,112,254,even,0,31,1,254,7,1|5|5|5|5|5|5,1|1|1|1|1|1|1,True,True,True,True,True,0.057675,,even_char; semisimple,defect_a_even_char
EV-069,256,2,8,31,113,25,even,0,31,1,25,7,1|5|5|5|5|5|5,1|1|1|1|1|1|1,True,True,True,True,True,0.028453,,even_char; semisimple,defect_a_even_char
EV-069,256,2,8,31,114,43,even,0,31,1,43,7,1|5|5|5|5|5|5,1|1|1|1|1|1|1,True,True,True,True,True,0.020339,,even_char; semisimple,defect_a_even_char
EV-069,256,2,8,31,115,125,even,0,31,1,125,7,1|5|5|5|5|5|5,1|1|1|1|1|1|1,True,True,True,True,True,0.032089,,even_char; semisimple,defect_a_even_char
EV-069,256,2,8,31,116,135,even,0,31,1,135,7,1|5|5|5|5|5|5,1|1|1|1|1|1|1,True,True,True,True,True,0.035849,,even_char; semisimple,defect_a_even_char
EV-069,256,2,8,31,117,146,even,0,31,1,146,7,1|5|5|5|5|5|5,1|1|1|1|1|1|1,True,True,True,True,True,0.024697,,even_char; semisimple,defect_a_even_char
EV-069,256,2,8,31,118,173,even,0,31,1,173,7,1|5|5|5|5|5|5,1|1|1|1|1|1|1,True,True,True,True,True,0.027968,,even_char; semisimple,defect_a_even_char
EV-069,256,2,8,31,119,236,even,0,31,1,236,7,1|5|5|5|5|5|5,1|1|1|1|1|1|1,True,True,True,True,True,0.030882,,even_char; semisimple,defect_a_even_char
EV-069,256,2,8,31,120,47,even,0,31,1,47,7,1|5|5|5|5|5|5,1|1|1|1|1|1|1,True,True,True,True,True,0.034042,,even_char; semisimple,defect_a_even_char
EV-069,256,2,8,31,121,113,even,0,31,1,113,7,1|5|5|5|5|5|5,1|1|1|1|1|1|1,True,True,True,True,True,0.023771,,even_char; semisimple,defect_a_even_char
EV-069,256,2,8,31,122,147,even,0,31,1,147,7,1|5|5|5|5|5|5,1|1|1|1|1|1|1,True,True,True,True,True,0.022899,,even_char; semisimple,defect_a_even_char
EV-069,256,2,8,31,123,174,even,0,31,1,174,7,1|5|5|5|5|5|5,1|1|1|1|1|1|1,True,True,True,True,True,0.025585,,even_char; semisimple,defect_a_even_char
EV-069,256,2,8,31,124,233,even,0,31,1,233,7,1|5|5|5|5|5|5,1|1|1|1|1|1|1,True,True,True,True,True,0.017392,,even_char; semisimple,defect_a_even_char
EV-069,256,2,8,31,125,32,even,0,31,1,32,7,1|5|5|5|5|5|5,1|1|1|1|1|1|1,True,True,True,True,True,0.025585,,even_char; semisimple,defect_a_even_char
EV-069,256,2,8,31,126,96,even,0,31,1,96,7,1|5|5|5|5|5|5,1|1|1|1|1|1|1,True,True,True,True,True,0.014949,,even_char; semisimple,defect_a_even_char
EV-069,256,2,8,31,127,160,even,0,31,1,160,7,1|5|5|5|5|5|5,1|1|1|1|1|1|1,True,True,True,True,True,0.014926,,even_char; semisimple,defect_a_even_char
EV-069,256,2,8,31,128,251,even,0,31,1,251,7,1|5|5|5|5|5|5,1|1|1|1|1|1|1,True,True,True,True,True,0.023806,,even_char; semisimple,defect_a_even_char
EV-069,256,2,8,31,129,22,even,0,31,1,22,7,1|5|5|5|5|5|5,1|1|1|1|1|1|1,True,True,True,True,True,0.028783,,even_char; semisimple,defect_a_even_char
EV-069,256,2,8,31,130,58,even,0,31,1,58,7,1|5|5|5|5|5|5,1|1|1|1|1|1|1,True,True,True,True,True,0.01843,,even_char; semisimple,defect_a_even_char
EV-069,256,2,8,31,131,78,even,0,31,1,78,7,1|5|5|5|5|5|5,1|1|1|1|1|1|1,True,True,True,True,True,0.016653,,even_char; semisimple,defect_a_even_char
EV-069,256,2,8,31,132,210,even,0,31,1,210,7,1|5|5|5|5|5|5,1|1|1|1|1|1|1,True,True,True,True,True,0.022978,,even_char; semisimple,defect_a_even_char
EV-069,256,2,8,31,133,109,even,0,31,1,109,7,1|5|5|5|5|5|5,1|1|1|1|1|1|1,True,True,True,True,True,0.023554,,even_char; semisimple,defect_a_even_char
EV-069,256,2,8,31,134,183,even,0,31,1,183,7,1|5|5|5|5|5|5,1|1|1|1|1|1|1,True,True,True,True,True,0.022056,,even_char; semisimple,defect_a_even_char
EV-069,256,2,8,31,135,194,even,0,31,1,194,7,1|5|5|5|5|5|5,1|1|1|1|1|1|1,True,True,True,True,True,0.026823,,even_char; semisimple,defect_a_even_char
EV-069,256,2,8,31,136,93,even,0,31,1,93,7,1|5|5|5|5|5|5,1|1|1|1|1|1|1,True,True,True,True,True,0.015414,,even_char; semisimple,defect_a_even_char
EV-069,256,2,8,31,137,231,even,0,31,1,231,7,1|5|5|5|5|5|5,1|1|1|1|1|1|1,True,True,True,True,True,0.022956,,even_char; semisimple,defect_a_even_char
EV-069,256,2,8,31,138,50,even,0,31,1,50,7,1|5|5|5|5|5|5,1|1|1|1|1|1|1,True,True,True,True,True,0.031792,,even_char; semisimple,defect_a_even_char
EV-069,256,2,8,31,139,86,even,0,31,1,86,7,1|5|5|5|5|5|5,1|1|1|1|1|1|1,True,True,True,True,True,0.021129,,even_char; semisimple,defect_a_even_char
EV-069,256,2,8,31,140,250,even,0,31,1,250,7,1|5|5|5|5|5|5,1|1|1|1|1|1|1,True,True,True,True,True,0.024827,,even_char; semisimple,defect_a_even_char
EV-069,256,2,8,31,141,21,even,0,31,1,21,7,1|5|5|5|5|5|5,1|1|1|1|1|1|1,True,True,True,True,True,0.02241,,even_char; semisimple,defect_a_even_char
EV-069,256,2,8,31,142,63,even,0,31,1,63,7,1|5|5|5|5|5|5,1|1|1|1|1|1|1,True,True,True,True,True,0.030853,,even_char; semisimple,defect_a_even_char
EV-069,256,2,8,31,143,65,even,0,31,1,65,7,1|5|5|5|5|5|5,1|1|1|1|1|1|1,True,True,True,True,True,0.02583,,even_char; semisimple,defect_a_even_char
EV-069,256,2,8,31,144,195,even,0,31,1,195,7,1|5|5|5|5|5|5,1|1|1|1|1|1|1,True,True,True,True,True,0.025684,,even_char; semisimple,defect_a_even_char
EV-069,256,2,8,31,145,94,even,0,31,1,94,7,1|5|5|5|5|5|5,1|1|1|1|1|1|1,True,True,True,True,True,0.022376,,even_char; semisimple,defect_a_even_char
EV-069,256,2,8,31,146,226,even,0,31,1,226,7,1|5|5|5|5|5|5,1|1|1|1|1|1|1,True,True,True,True,True,0.026965,,even_char; semisimple,defect_a_even_char
EV-069,256,2,8,31,147,61,even,0,31,1,61,7,1|5|5|5|5|5|5,1|1|1|1|1|1|1,True,True,True,True,True,0.028183,,even_char; semisimple,defect_a_even_char
EV-069,256,2,8,31,148,71,even,0,31,1,71,7,1|5|5|5|5|5|5,1|1|1|1|1|1|1,True,True,True,True,True,0.02803,,even_char; semisimple,defect_a_even_char
EV-069,256,2,8,31,149,201,even,0,31,1,201,7,1|5|5|5|5|5|5,1|1|1|1|1|1|1,True,True,True,True,True,0.024139,,even_char; semisimple,defect_a_even_char
EV-069,256,2,8,31,150,64,even,0,31,1,64,7,1|5|5|5|5|5|5,1|1|1|1|1|1|1,True,True,True,True,True,0.059485,,even_char; semisimple,defect_a_even_char
EV-069,256,2,8,31,151,192,even,0,31,1,192,7,1|5|5|5|5|5|5,1|1|1|1|1|1|1,True,True,True,True,True,0.028258,,even_char; semisimple,defect_a_even_char
EV-069,256,2,8,31,152,91,even,0,31,1,91,7,1|5|5|5|5|5|5,1|1|1|1|1|1|1,True,True,True,True,True,0.023303,,even_char; semisimple,defect_a_even_char
EV-069,256,2,8,31,153,237,even,0,31,1,237,7,1|5|5|5|5|5|5,1|1|1|1|1|1|1,True,True,True,True,True,0.038136,,even_char; semisimple,defect_a_even_char
EV-069,256,2,8,31,154,44,even,0,31,1,44,7,1|5|5|5|5|5|5,1|1|1|1|1|1|1,True,True,True,True,True,0.020707,,even_char; semisimple,defect_a_even_char
EV-069,256,2,8,31,155,116,even,0,31,1,116,7,1|5|5|5|5|5|5,1|1|1|1|1|1|1,True,True,True,True,True,0.032526,,even_char; semisimple,defect_a_even_char
EV-069,256,2,8,31,156,156,even,0,31,1,156,7,1|5|5|5|5|5|5,1|1|1|1|1|1|1,True,True,True,True,True,0.044178,,even_char; semisimple,defect_a_even_char
EV-069,256,2,8,31,157,191,even,0,31,1,191,7,1|5|5|5|5|5|5,1|1|1|1|1|1|1,True,True,True,True,True,0.021143,,even_char; semisimple,defect_a_even_char
EV-069,256,2,8,31,158,218,even,0,31,1,218,7,1|5|5|5|5|5|5,1|1|1|1|1|1|1,True,True,True,True,True,0.029503,,even_char; semisimple,defect_a_even_char
EV-069,256,2,8,31,159,117,even,0,31,1,117,7,1|5|5|5|5|5|5,1|1|1|1|1|1|1,True,True,True,True,True,0.029545,,even_char; semisimple,defect_a_even_char
EV-069,256,2,8,31,160,159,even,0,31,1,159,7,1|5|5|5|5|5|5,1|1|1|1|1|1|1,True,True,True,True,True,0.025626,,even_char; semisimple,defect_a_even_char
EV-069,256,2,8,31,161,186,even,0,31,1,186,7,1|5|5|5|5|5|5,1|1|1|1|1|1|1,True,True,True,True,True,0.022403,,even_char; semisimple,defect_a_even_char
EV-069,256,2,8,31,162,213,even,0,31,1,213,7,1|5|5|5|5|5|5,1|1|1|1|1|1|1,True,True,True,True,True,0.02467,,even_char; semisimple,defect_a_even_char
EV-069,256,2,8,31,163,100,even,0,31,1,100,7,1|5|5|5|5|5|5,1|1|1|1|1|1|1,True,True,True,True,True,0.024987,,even_char; semisimple,defect_a_even_char
EV-069,256,2,8,31,164,172,even,0,31,1,172,7,1|5|5|5|5|5|5,1|1|1|1|1|1|1,True,True,True,True,True,0.02671,,even_char; semisimple,defect_a_even_char
EV-069,256,2,8,31,165,239,even,0,31,1,239,7,1|5|5|5|5|5|5,1|1|1|1|1|1|1,True,True,True,True,True,0.023991,,even_char; semisimple,defect_a_even_char
EV-069,256,2,8,31,166,42,even,0,31,1,42,7,1|5|5|5|5|5|5,1|1|1|1|1|1|1,True,True,True,True,True,0.024053,,even_char; semisimple,defect_a_even_char
EV-069,256,2,8,31,167,126,even,0,31,1,126,7,1|5|5|5|5|5|5,1|1|1|1|1|1|1,True,True,True,True,True,0.044955,,even_char; semisimple,defect_a_even_char
EV-069,256,2,8,31,168,130,even,0,31,1,130,7,1|5|5|5|5|5|5,1|1|1|1|1|1|1,True,True,True,True,True,0.028445,,even_char; semisimple,defect_a_even_char
EV-069,256,2,8,31,169,157,even,0,31,1,157,7,1|5|5|5|5|5|5,1|1|1|1|1|1|1,True,True,True,True,True,0.024582,,even_char; semisimple,defect_a_even_char
EV-069,256,2,8,31,170,188,even,0,31,1,188,7,1|5|5|5|5|5|5,1|1|1|1|1|1|1,True,True,True,True,True,0.036596,,even_char; semisimple,defect_a_even_char
EV-069,256,2,8,31,171,223,even,0,31,1,223,7,1|5|5|5|5|5|5,1|1|1|1|1|1|1,True,True,True,True,True,0.041383,,even_char; semisimple,defect_a_even_char
EV-069,256,2,8,31,172,122,even,0,31,1,122,7,1|5|5|5|5|5|5,1|1|1|1|1|1|1,True,True,True,True,True,0.026025,,even_char; semisimple,defect_a_even_char
EV-069,256,2,8,31,173,142,even,0,31,1,142,7,1|5|5|5|5|5|5,1|1|1|1|1|1|1,True,True,True,True,True,0.029416,,even_char; semisimple,defect_a_even_char
EV-069,256,2,8,31,174,137,even,0,31,1,137,7,1|5|5|5|5|5|5,1|1|1|1|1|1|1,True,True,True,True,True,0.027254,,even_char; semisimple,defect_a_even_char
EV-069,256,2,8,31,175,128,even,0,31,1,128,7,1|5|5|5|5|5|5,1|1|1|1|1|1|1,True,True,True,True,True,0.01623,,even_char; semisimple,defect_a_even_char
EV-069,256,2,8,31,176,155,even,0,31,1,155,7,1|5|5|5|5|5|5,1|1|1|1|1|1|1,True,True,True,True,True,0.021806,,even_char; semisimple,defect_a_even_char
EV-069,256,2,8,31,177,182,even,0,31,1,182,7,1|5|5|5|5|5|5,1|1|1|1|1|1|1,True,True,True,True,True,0.030338,,even_char; semisimple,defect_a_even_char
EV-069,256,2,8,31,178,193,even,0,31,1,193,7,1|5|5|5|5|5|5,1|1|1|1|1|1|1,True,True,True,True,True,0.021631,,even_char; semisimple,defect_a_even_char
EV-069,256,2,8,31,179,88,even,0,31,1,88,7,1|5|5|5|5|5|5,1|1|1|1|1|1|1,True,True,True,True,True,0.02457,,even_char; semisimple,defect_a_even_char
EV-069,256,2,8,31,180,232,even,0,31,1,232,7,1|5|5|5|5|5|5,1|1|1|1|1|1|1,True,True,True,True,True,0.018149,,even_char; semisimple,defect_a_even_char
EV-069,256,2,8,31,181,35,even,0,31,1,35,7,1|5|5|5|5|5|5,1|1|1|1|1|1|1,True,True,True,True,True,0.022301,,even_char; semisimple,defect_a_even_char
EV-069,256,2,8,31,182,101,even,0,31,1,101,7,1|5|5|5|5|5|5,1|1|1|1|1|1|1,True,True,True,True,True,0.033435,,even_char; semisimple,defect_a_even_char
EV-069,256,2,8,31,183,175,even,0,31,1,175,7,1|5|5|5|5|5|5,1|1|1|1|1|1|1,True,True,True,True,True,0.025226,,even_char; semisimple,defect_a_even_char
EV-069,256,2,8,31,184,234,even,0,31,1,234,7,1|5|5|5|5|5|5,1|1|1|1|1|1|1,True,True,True,True,True,0.020917,,even_char; semisimple,defect_a_even_char
EV-069,256,2,8,31,185,37,even,0,31,1,37,7,1|5|5|5|5|5|5,1|1|1|1|1|1|1,True,True,True,True,True,0.027376,,even_char; semisimple,defect_a_even_char
EV-069,256,2,8,31,186,111,even,0,31,1,111,7,1|5|5|5|5|5|5,1|1|1|1|1|1|1,True,True,True,True,True,0.035642,,even_char; semisimple,defect_a_even_char
EV-069,256,2,8,31,187,177,even,0,31,1,177,7,1|5|5|5|5|5|5,1|1|1|1|1|1|1,True,True,True,True,True,0.040286,,even_char; semisimple,defect_a_even_char
EV-069,256,2,8,31,188,200,even,0,31,1,200,7,1|5|5|5|5|5|5,1|1|1|1|1|1|1,True,True,True,True,True,0.01895,,even_char; semisimple,defect_a_even_char
EV-069,256,2,8,31,189,67,even,0,31,1,67,7,1|5|5|5|5|5|5,1|1|1|1|1|1|1,True,True,True,True,True,0.02931,,even_char; semisimple,defect_a_even_char
EV-069,256,2,8,31,190,197,even,0,31,1,197,7,1|5|5|5|5|5|5,1|1|1|1|1|1|1,True,True,True,True,True,0.031902,,even_char; semisimple,defect_a_even_char
EV-069,256,2,8,31,191,84,even,0,31,1,84,7,1|5|5|5|5|5|5,1|1|1|1|1|1|1,True,True,True,True,True,0.029408,,even_char; semisimple,defect_a_even_char
EV-069,256,2,8,31,192,252,even,0,31,1,252,7,1|5|5|5|5|5|5,1|1|1|1|1|1|1,True,True,True,True,True,0.027095,,even_char; semisimple,defect_a_even_char
EV-069,256,2,8,31,193,31,even,0,31,1,31,7,1|5|5|5|5|5|5,1|1|1|1|1|1|1,True,True,True,True,True,0.026342,,even_char; semisimple,defect_a_even_char
EV-069,256,2,8,31,194,33,even,0,31,1,33,7,1|5|5|5|5|5|5,1|1|1|1|1|1|1,True,True,True,True,True,0.028424,,even_char; semisimple,defect_a_even_char
EV-069,256,2,8,31,195,99,even,0,31,1,99,7,1|5|5|5|5|5|5,1|1|1|1|1|1|1,True,True,True,True,True,0.029253,,even_char; semisimple,defect_a_even_char
EV-069,256,2,8,31,196,165,even,0,31,1,165,7,1|5|5|5|5|5|5,1|1|1|1|1|1|1,True,True,True,True,True,0.019108,,even_char; semisimple,defect_a_even_char
EV-069,256,2,8,31,197,244,even,0,31,1,244,7,1|5|5|5|5|5|5,1|1|1|1|1|1|1,True,True,True,True,True,0.041375,,even_char; semisimple,defect_a_even_char
EV-069,256,2,8,31,198,7,even,0,31,1,7,7,1|5|5|5|5|5|5,1|1|1|1|1|1|1,True,True,True,True,True,0.022,,even_char; semisimple,defect_a_even_char
EV-069,256,2,8,31,199,9,even,0,31,1,9,7,1|5|5|5|5|5|5,1|1|1|1|1|1|1,True,True,True,True,True,0.027745,,even_char; semisimple,defect_a_even_char
EV-069,256,2,8,31,200,27,even,0,31,1,27,7,1|5|5|5|5|5|5,1|1|1|1|1|1|1,True,True,True,True,True,0.023722,,even_char; semisimple,defect_a_even_char
EV-069,256,2,8,31,201,45,even,0,31,1,45,7,1|5|5|5|5|5|5,1|1|1|1|1|1|1,True,True,True,True,True,0.042126,,even_char; semisimple,defect_a_even_char
EV-069,256,2,8,31,202,119,even,0,31,1,119,7,1|5|5|5|5|5|5,1|1|1|1|1|1|1,True,True,True,True,True,0.015703,,even_char; semisimple,defect_a_even_char
EV-069,256,2,8,31,203,153,even,0,31,1,153,7,1|5|5|5|5|5|5,1|1|1|1|1|1|1,True,True,True,True,True,0.033475,,even_char; semisimple,defect_a_even_char
EV-069,256,2,8,31,204,176,even,0,31,1,176,7,1|5|5|5|5|5|5,1|1|1|1|1|1|1,True,True,True,True,True,0.02706,,even_char; semisimple,defect_a_even_char
EV-069,256,2,8,31,205,203,even,0,31,1,203,7,1|5|5|5|5|5|5,1|1|1|1|1|1|1,True,True,True,True,True,0.032104,,even_char; semisimple,defect_a_even_char
EV-069,256,2,8,31,206,70,even,0,31,1,70,7,1|5|5|5|5|5|5,1|1|1|1|1|1|1,True,True,True,True,True,0.039458,,even_char; semisimple,defect_a_even_char
EV-069,256,2,8,31,207,202,even,0,31,1,202,7,1|5|5|5|5|5|5,1|1|1|1|1|1|1,True,True,True,True,True,0.02612,,even_char; semisimple,defect_a_even_char
EV-069,256,2,8,31,208,69,even,0,31,1,69,7,1|5|5|5|5|5|5,1|1|1|1|1|1|1,True,True,True,True,True,0.029651,,even_char; semisimple,defect_a_even_char
EV-069,256,2,8,31,209,207,even,0,31,1,207,7,1|5|5|5|5|5|5,1|1|1|1|1|1|1,True,True,True,True,True,0.035351,,even_char; semisimple,defect_a_even_char
EV-069,256,2,8,31,210,74,even,0,31,1,74,7,1|5|5|5|5|5|5,1|1|1|1|1|1|1,True,True,True,True,True,0.024171,,even_char; semisimple,defect_a_even_char
EV-069,256,2,8,31,211,222,even,0,31,1,222,7,1|5|5|5|5|5|5,1|1|1|1|1|1|1,True,True,True,True,True,0.02859,,even_char; semisimple,defect_a_even_char
EV-069,256,2,8,31,212,121,even,0,31,1,121,7,1|5|5|5|5|5|5,1|1|1|1|1|1|1,True,True,True,True,True,0.032727,,even_char; semisimple,defect_a_even_char
EV-069,256,2,8,31,213,139,even,0,31,1,139,7,1|5|5|5|5|5|5,1|1|1|1|1|1|1,True,True,True,True,True,0.025201,,even_char; semisimple,defect_a_even_char
EV-069,256,2,8,31,214,134,even,0,31,1,134,7,1|5|5|5|5|5|5,1|1|1|1|1|1|1,True,True,True,True,True,0.030025,,even_char; semisimple,defect_a_even_char
EV-069,256,2,8,31,215,145,even,0,31,1,145,7,1|5|5|5|5|5|5,1|1|1|1|1|1|1,True,True,True,True,True,0.02064,,even_char; semisimple,defect_a_even_char
EV-069,256,2,8,31,216,168,even,0,31,1,168,7,1|5|5|5|5|5|5,1|1|1|1|1|1|1,True,True,True,True,True,0.030671,,even_char; semisimple,defect_a_even_char
EV-069,256,2,8,31,217,227,even,0,31,1,227,7,1|5|5|5|5|5|5,1|1|1|1|1|1|1,True,True,True,True,True,0.022317,,even_char; semisimple,defect_a_even_char
EV-069,256,2,8,31,218,62,even,0,31,1,62,7,1|5|5|5|5|5|5,1|1|1|1|1|1|1,True,True,True,True,True,0.02322,,even_char; semisimple,defect_a_even_char
EV-069,256,2,8,31,219,66,even,0,31,1,66,7,1|5|5|5|5|5|5,1|1|1|1|1|1|1,True,True,True,True,True,0.032011,,even_char; semisimple,defect_a_even_char
EV-069,256,2,8,31,220,198,even,0,31,1,198,7,1|5|5|5|5|5|5,1|1|1|1|1|1|1,True,True,True,True,True,0.022701,,even_char; semisimple,defect_a_even_char
EV-069,256,2,8,31,221,81,even,0,31,1,81,7,1|5|5|5|5|5|5,1|1|1|1|1|1|1,True,True,True,True,True,0.029105,,even_char; semisimple,defect_a_even_char
EV-069,256,2,8,31,222,243,even,0,31,1,243,7,1|5|5|5|5|5|5,1|1|1|1|1|1|1,True,True,True,True,True,0.031163,,even_char; semisimple,defect_a_even_char
EV-069,256,2,8,31,223,14,even,0,31,1,14,7,1|5|5|5|5|5|5,1|1|1|1|1|1|1,True,True,True,True,True,0.035669,,even_char; semisimple,defect_a_even_char
EV-069,256,2,8,31,224,18,even,0,31,1,18,7,1|5|5|5|5|5|5,1|1|1|1|1|1|1,True,True,True,True,True,0.025233,,even_char; semisimple,defect_a_even_char
EV-069,256,2,8,31,225,54,even,0,31,1,54,7,1|5|5|5|5|5|5,1|1|1|1|1|1|1,True,True,True,True,True,0.017591,,even_char; semisimple,defect_a_even_char
EV-069,256,2,8,31,226,90,even,0,31,1,90,7,1|5|5|5|5|5|5,1|1|1|1|1|1|1,True,True,True,True,True,0.025335,,even_char; semisimple,defect_a_even_char
EV-069,256,2,8,31,227,238,even,0,31,1,238,7,1|5|5|5|5|5|5,1|1|1|1|1|1|1,True,True,True,True,True,0.047944,,even_char; semisimple,defect_a_even_char
EV-069,256,2,8,31,228,41,even,0,31,1,41,7,1|5|5|5|5|5|5,1|1|1|1|1|1|1,True,True,True,True,True,0.034974,,even_char; semisimple,defect_a_even_char
EV-069,256,2,8,31,229,123,even,0,31,1,123,7,1|5|5|5|5|5|5,1|1|1|1|1|1|1,True,True,True,True,True,0.041017,,even_char; semisimple,defect_a_even_char
EV-069,256,2,8,31,230,141,even,0,31,1,141,7,1|5|5|5|5|5|5,1|1|1|1|1|1|1,True,True,True,True,True,0.022404,,even_char; semisimple,defect_a_even_char
EV-069,256,2,8,31,231,140,even,0,31,1,140,7,1|5|5|5|5|5|5,1|1|1|1|1|1|1,True,True,True,True,True,0.025626,,even_char; semisimple,defect_a_even_char
EV-069,256,2,8,31,232,143,even,0,31,1,143,7,1|5|5|5|5|5|5,1|1|1|1|1|1|1,True,True,True,True,True,0.030514,,even_char; semisimple,defect_a_even_char
EV-069,256,2,8,31,233,138,even,0,31,1,138,7,1|5|5|5|5|5|5,1|1|1|1|1|1|1,True,True,True,True,True,0.021685,,even_char; semisimple,defect_a_even_char
EV-069,256,2,8,31,234,133,even,0,31,1,133,7,1|5|5|5|5|5|5,1|1|1|1|1|1|1,True,True,True,True,True,0.0238,,even_char; semisimple,defect_a_even_char
EV-069,256,2,8,31,235,148,even,0,31,1,148,7,1|5|5|5|5|5|5,1|1|1|1|1|1|1,True,True,True,True,True,0.026878,,even_char; semisimple,defect_a_even_char
EV-069,256,2,8,31,236,167,even,0,31,1,167,7,1|5|5|5|5|5|5,1|1|1|1|1|1|1,True,True,True,True,True,0.032953,,even_char; semisimple,defect_a_even_char
EV-069,256,2,8,31,237,242,even,0,31,1,242,7,1|5|5|5|5|5|5,1|1|1|1|1|1|1,True,True,True,True,True,0.032172,,even_char; semisimple,defect_a_even_char
EV-069,256,2,8,31,238,13,even,0,31,1,13,7,1|5|5|5|5|5|5,1|1|1|1|1|1|1,True,True,True,True,True,0.017324,,even_char; semisimple,defect_a_even_char
EV-069,256,2,8,31,239,23,even,0,31,1,23,7,1|5|5|5|5|5|5,1|1|1|1|1|1|1,True,True,True,True,True,0.022588,,even_char; semisimple,defect_a_even_char
EV-069,256,2,8,31,240,57,even,0,31,1,57,7,1|5|5|5|5|5|5,1|1|1|1|1|1|1,True,True,True,True,True,0.029874,,even_char; semisimple,defect_a_even_char
EV-069,256,2,8,31,241,75,even,0,31,1,75,7,1|5|5|5|5|5|5,1|1|1|1|1|1|1,True,True,True,True,True,0.042454,,even_char; semisimple,defect_a_even_char
EV-069,256,2,8,31,242,221,even,0,31,1,221,7,1|5|5|5|5|5|5,1|1|1|1|1|1|1,True,True,True,True,True,0.032951,,even_char; semisimple,defect_a_even_char
EV-069,256,2,8,31,243,124,even,0,31,1,124,7,1|5|5|5|5|5|5,1|1|1|1|1|1|1,True,True,True,True,True,0.025145,,even_char; semisimple,defect_a_even_char
EV-069,256,2,8,31,244,132,even,0,31,1,132,7,1|5|5|5|5|5|5,1|1|1|1|1|1|1,True,True,True,True,True,0.056475,,even_char; semisimple,defect_a_even_char
EV-069,256,2,8,31,245,151,even,0,31,1,151,7,1|5|5|5|5|5|5,1|1|1|1|1|1|1,True,True,True,True,True,0.03047,,even_char; semisimple,defect_a_even_char
EV-069,256,2,8,31,246,162,even,0,31,1,162,7,1|5|5|5|5|5|5,1|1|1|1|1|1|1,True,True,True,True,True,0.016678,,even_char; semisimple,defect_a_even_char
EV-069,256,2,8,31,247,253,even,0,31,1,253,7,1|5|5|5|5|5|5,1|1|1|1|1|1|1,True,True,True,True,True,0.023336,,even_char; semisimple,defect_a_even_char
EV-069,256,2,8,31,248,28,even,0,31,1,28,7,1|5|5|5|5|5|5,1|1|1|1|1|1|1,True,True,True,True,True,0.036393,,even_char; semisimple,defect_a_even_char
EV-069,256,2,8,31,249,36,even,0,31,1,36,7,1|5|5|5|5|5|5,1|1|1|1|1|1|1,True,True,True,True,True,0.027969,,even_char; semisimple,defect_a_even_char
EV-069,256,2,8,31,250,108,even,0,31,1,108,7,1|5|5|5|5|5|5,1|1|1|1|1|1|1,True,True,True,True,True,0.030338,,even_char; semisimple,defect_a_even_char
EV-069,256,2,8,31,251,180,even,0,31,1,180,7,1|5|5|5|5|5|5,1|1|1|1|1|1|1,True,True,True,True,True,0.025073,,even_char; semisimple,defect_a_even_char
EV-069,256,2,8,31,252,199,even,0,31,1,199,7,1|5|5|5|5|5|5,1|1|1|1|1|1|1,True,True,True,True,True,0.021779,,even_char; semisimple,defect_a_even_char
EV-069,256,2,8,31,253,82,even,0,31,1,82,7,1|5|5|5|5|5|5,1|1|1|1|1|1|1,True,True,True,True,True,0.030981,,even_char; semisimple,defect_a_even_char
EV-069,256,2,8,31,254,246,even,0,31,1,246,7,1|5|5|5|5|5|5,1|1|1|1|1|1|1,True,True,True,True,True,0.038642,,even_char; semisimple,defect_a_even_char
EV-070,256,2,8,35,0,1,even,0,35,1,1,15,1|1|1|1|1|3|3|3|3|3|3|3|3|3|3,1|1|1|1|1|1|1|1|1|1|1|1|1|1|1,True,True,True,True,True,0.030855,,even_char; semisimple,defect_a_even_char
EV-070,256,2,8,35,1,3,even,0,35,1,3,3,5|15|15,1|1|1,True,True,True,True,True,0.011267,,even_char; semisimple,defect_a_even_char
EV-070,256,2,8,35,2,5,even,0,35,1,5,3,5|15|15,1|1|1,True,True,True,True,True,0.014282,,even_char; semisimple,defect_a_even_char
EV-070,256,2,8,35,3,15,even,0,35,1,15,3,5|15|15,1|1|1,True,True,True,True,True,0.011629,,even_char; semisimple,defect_a_even_char
EV-070,256,2,8,35,4,17,even,0,35,1,17,3,5|15|15,1|1|1,True,True,True,True,True,0.010953,,even_char; semisimple,defect_a_even_char
EV-070,256,2,8,35,5,51,even,0,35,1,51,15,1|1|1|1|1|3|3|3|3|3|3|3|3|3|3,1|1|1|1|1|1|1|1|1|1|1|1|1|1|1,True,True,True,True,True,0.020186,,even_char; semisimple,defect_a_even_char
EV-070,256,2,8,35,6,85,even,0,35,1,85,3,5|15|15,1|1|1,True,True,True,True,True,0.010498,,even_char; semisimple,defect_a_even_char
EV-070,256,2,8,35,7,255,even,0,35,1,255,3,5|15|15,1|1|1,True,True,True,True,True,0.008387,,even_char; semisimple,defect_a_even_char
EV-070,256,2,8,35,8,26,even,0,35,1,26,3,5|15|15,1|1|1,True,True,True,True,True,0.010163,,even_char; semisimple,defect_a_even_char
EV-070,256,2,8,35,9,46,even,0,35,1,46,3,5|15|15,1|1|1,True,True,True,True,True,0.011942,,even_char; semisimple,defect_a_even_char
EV-070,256,2,8,35,10,114,even,0,35,1,114,15,1|1|1|1|1|3|3|3|3|3|3|3|3|3|3,1|1|1|1|1|1|1|1|1|1|1|1|1|1|1,True,True,True,True,True,0.020407,,even_char; semisimple,defect_a_even_char
EV-070,256,2,8,35,11,150,even,0,35,1,150,3,5|15|15,1|1|1,True,True,True,True,True,0.010644,,even_char; semisimple,defect_a_even_char
EV-070,256,2,8,35,12,161,even,0,35,1,161,3,5|15|15,1|1|1,True,True,True,True,True,0.009629,,even_char; semisimple,defect_a_even_char
EV-070,256,2,8,35,13,248,even,0,35,1,248,3,5|15|15,1|1|1,True,True,True,True,True,0.013702,,even_char; semisimple,defect_a_even_char
EV-070,256,2,8,35,14,19,even,0,35,1,19,3,5|15|15,1|1|1,True,True,True,True,True,0.007571,,even_char; semisimple,defect_a_even_char
EV-070,256,2,8,35,15,53,even,0,35,1,53,15,1|1|1|1|1|3|3|3|3|3|3|3|3|3|3,1|1|1|1|1|1|1|1|1|1|1|1|1|1|1,True,True,True,True,True,0.021382,,even_char; semisimple,defect_a_even_char
EV-070,256,2,8,35,16,95,even,0,35,1,95,3,5|15|15,1|1|1,True,True,True,True,True,0.009898,,even_char; semisimple,defect_a_even_char
EV-070,256,2,8,35,17,225,even,0,35,1,225,3,5|15|15,1|1|1,True,True,True,True,True,0.013503,,even_char; semisimple,defect_a_even_char
EV-070,256,2,8,35,18,56,even,0,35,1,56,3,5|15|15,1|1|1,True,True,True,True,True,0.009942,,even_char; semisimple,defect_a_even_char
EV-070,256,2,8,35,19,72,even,0,35,1,72,3,5|15|15,1|1|1,True,True,True,True,True,0.014285,,even_char; semisimple,defect_a_even_char
EV-070,256,2,8,35,20,216,even,0,35,1,216,15,1|1|1|1|1|3|3|3|3|3|3|3|3|3|3,1|1|1|1|1|1|1|1|1|1|1|1|1|1|1,True,True,True,True,True,0.040947,,even_char; semisimple,defect_a_even_char
EV-070,256,2,8,35,21,115,even,0,35,1,115,3,5|15|15,1|1|1,True,True,True,True,True,0.010608,,even_char; semisimple,defect_a_even_char
EV-070,256,2,8,35,22,149,even,0,35,1,149,3,5|15|15,1|1|1,True,True,True,True,True,0.011262,,even_char; semisimple,defect_a_even_char
EV-070,256,2,8,35,23,164,even,0,35,1,164,3,5|15|15,1|1|1,True,True,True,True,True,0.013188,,even_char; semisimple,defect_a_even_char
EV-070,256,2,8,35,24,247,even,0,35,1,247,3,5|15|15,1|1|1,True,True,True,True,True,0.012482,,even_char; semisimple,defect_a_even_char
EV-070,256,2,8,35,25,2,even,0,35,1,2,15,1|1|1|1|1|3|3|3|3|3|3|3|3|3|3,1|1|1|1|1|1|1|1|1|1|1|1|1|1|1,True,True,True,True,True,0.022717,,even_char; semisimple,defect_a_even_char
EV-070,256,2,8,35,26,6,even,0,35,1,6,3,5|15|15,1|1|1,True,True,True,True,True,0.020429,,even_char; semisimple,defect_a_even_char
EV-070,256,2,8,35,27,10,even,0,35,1,10,3,5|15|15,1|1|1,True,True,True,True,True,0.012002,,even_char; semisimple,defect_a_even_char
EV-070,256,2,8,35,28,30,even,0,35,1,30,3,5|15|15,1|1|1,True,True,True,True,True,0.007112,,even_char; semisimple,defect_a_even_char
EV-070,256,2,8,35,29,34,even,0,35,1,34,3,5|15|15,1|1|1,True,True,True,True,True,0.012471,,even_char; semisimple,defect_a_even_char
EV-070,256,2,8,35,30,102,even,0,35,1,102,15,1|1|1|1|1|3|3|3|3|3|3|3|3|3|3,1|1|1|1|1|1|1|1|1|1|1|1|1|1|1,True,True,True,True,True,0.026175,,even_char; semisimple,defect_a_even_char
EV-070,256,2,8,35,31,170,even,0,35,1,170,3,5|15|15,1|1|1,True,True,True,True,True,0.027125,,even_char; semisimple,defect_a_even_char
EV-070,256,2,8,35,32,229,even,0,35,1,229,3,5|15|15,1|1|1,True,True,True,True,True,0.007404,,even_char; semisimple,defect_a_even_char
EV-070,256,2,8,35,33,52,even,0,35,1,52,3,5|15|15,1|1|1,True,True,True,True,True,0.01297,,even_char; semisimple,defect_a_even_char
EV-070,256,2,8,35,34,92,even,0,35,1,92,3,5|15|15,1|1|1,True,True,True,True,True,0.016321,,even_char; semisimple,defect_a_even_char
EV-070,256,2,8,35,35,228,even,0,35,1,228,15,1|1|1|1|1|3|3|3|3|3|3|3|3|3|3,1|1|1|1|1|1|1|1|1|1|1|1|1|1|1,True,True,True,True,True,0.02477,,even_char; semisimple,defect_a_even_char
EV-070,256,2,8,35,36,55,even,0,35,1,55,3,5|15|15,1|1|1,True,True,True,True,True,0.008095,,even_char; semisimple,defect_a_even_char
EV-070,256,2,8,35,37,89,even,0,35,1,89,3,5|15|15,1|1|1,True,True,True,True,True,0.010013,,even_char; semisimple,defect_a_even_char
EV-070,256,2,8,35,38,235,even,0,35,1,235,3,5|15|15,1|1|1,True,True,True,True,True,0.014311,,even_char; semisimple,defect_a_even_char
EV-070,256,2,8,35,39,38,even,0,35,1,38,3,5|15|15,1|1|1,True,True,True,True,True,0.015883,,even_char; semisimple,defect_a_even_char
EV-070,256,2,8,35,40,106,even,0,35,1,106,15,1|1|1|1|1|3|3|3|3|3|3|3|3|3|3,1|1|1|1|1|1|1|1|1|1|1|1|1|1|1,True,True,True,True,True,0.026148,,even_char; semisimple,defect_a_even_char
EV-070,256,2,8,35,41,190,even,0,35,1,190,3,5|15|15,1|1|1,True,True,True,True,True,0.018356,,even_char; semisimple,defect_a_even_char
EV-070,256,2,8,35,42,217,even,0,35,1,217,3,5|15|15,1|1|1,True,True,True,True,True,0.009435,,even_char; semisimple,defect_a_even_char
EV-070,256,2,8,35,43,112,even,0,35,1,112,3,5|15|15,1|1|1,True,True,True,True,True,0.020624,,even_char; semisimple,defect_a_even_char
EV-070,256,2,8,35,44,144,even,0,35,1,144,3,5|15|15,1|1|1,True,True,True,True,True,0.009603,,even_char; semisimple,defect_a_even_char
EV-070,256,2,8,35,45,171,even,0,35,1,171,15,1|1|1|1|1|3|3|3|3|3|3|3|3|3|3,1|1|1|1|1|1|1|1|1|1|1|1|1|1|1,True,True,True,True,True,0.025176,,even_char; semisimple,defect_a_even_char
EV-070,256,2,8,35,46,230,even,0,35,1,230,3,5|15|15,1|1|1,True,True,True,True,True,0.015071,,even_char; semisimple,defect_a_even_char
EV-070,256,2,8,35,47,49,even,0,35,1,49,3,5|15|15,1|1|1,True,True,True,True,True,0.013539,,even_char; semisimple,defect_a_even_char
EV-070,256,2,8,35,48,83,even,0,35,1,83,3,5|15|15,1|1|1,True,True,True,True,True,0.016866,,even_char; semisimple,defect_a_even_char
EV-070,256,2,8,35,49,245,even,0,35,1,245,3,5|15|15,1|1|1,True,True,True,True,True,0.011647,,even_char; semisimple,defect_a_even_char
EV-070,256,2,8,35,50,4,even,0,35,1,4,15,1|1|1|1|1|3|3|3|3|3|3|3|3|3|3,1|1|1|1|1|1|1|1|1|1|1|1|1|1|1,True,True,True,True,True,0.027795,,even_char; semisimple,defect_a_even_char
EV-070,256,2,8,35,51,12,even,0,35,1,12,3,5|15|15,1|1|1,True,True,True,True,True,0.010856,,even_char; semisimple,defect_a_even_char
EV-070,256,2,8,35,52,20,even,0,35,1,20,3,5|15|15,1|1|1,True,True,True,True,True,0.008932,,even_char; semisimple,defect_a_even_char
EV-070,256,2,8,35,53,60,even,0,35,1,60,3,5|15|15,1|1|1,True,True,True,True,True,0.00833,,even_char; semisimple,defect_a_even_char
EV-070,256,2,8,35,54,68,even,0,35,1,68,3,5|15|15,1|1|1,True,True,True,True,True,0.013918,,even_char; semisimple,defect_a_even_char
EV-070,256,2,8,35,55,204,even,0,35,1,204,15,1|1|1|1|1|3|3|3|3|3|3|3|3|3|3,1|1|1|1|1|1|1|1|1|1|1|1|1|1|1,True,True,True,True,True,0.025764,,even_char; semisimple,defect_a_even_char
EV-070,256,2,8,35,56,79,even,0,35,1,79,3,5|15|15,1|1|1,True,True,True,True,True,0.01886,,even_char; semisimple,defect_a_even_char
EV-070,256,2,8,35,57,209,even,0,35,1,209,3,5|15|15,1|1|1,True,True,True,True,True,0.011837,,even_char; semisimple,defect_a_even_char
EV-070,256,2,8,35,58,104,even,0,35,1,104,3,5|15|15,1|1|1,True,True,True,True,True,0.02387,,even_char; semisimple,defect_a_even_char
EV-070,256,2,8,35,59,184,even,0,35,1,184,3,5|15|15,1|1|1,True,True,True,True,True,0.013709,,even_char; semisimple,defect_a_even_char
EV-070,256,2,8,35,60,211,even,0,35,1,211,15,1|1|1|1|1|3|3|3|3|3|3|3|3|3|3,1|1|1|1|1|1|1|1|1|1|1|1|1|1|1,True,True,True,True,True,0.020859,,even_char; semisimple,defect_a_even_char
EV-070,256,2,8,35,61,110,even,0,35,1,110,3,5|15|15,1|1|1,True,True,True,True,True,0.010574,,even_char; semisimple,defect_a_even_char
EV-070,256,2,8,35,62,178,even,0,35,1,178,3,5|15|15,1|1|1,True,True,True,True,True,0.008366,,even_char; semisimple,defect_a_even_char
EV-070,256,2,8,35,63,205,even,0,35,1,205,3,5|15|15,1|1|1,True,True,True,True,True,0.007654,,even_char; semisimple,defect_a_even_char
EV-070,256,2,8,35,64,76,even,0,35,1,76,3,5|15|15,1|1|1,True,True,True,True,True,0.006947,,even_char; semisimple,defect_a_even_char
EV-070,256,2,8,35,65,212,even,0,35,1,212,15,1|1|1|1|1|3|3|3|3|3|3|3|3|3|3,1|1|1|1|1|1|1|1|1|1|1|1|1|1|1,True,True,True,True,True,0.051254,,even_char; semisimple,defect_a_even_char
EV-070,256,2,8,35,66,103,even,0,35,1,103,3,5|15|15,1|1|1,True,True,True,True,True,0.015203,,even_char; semisimple,defect_a_even_char
EV-070,256,2,8,35,67,169,even,0,35,1,169,3,5|15|15,1|1|1,True,True,True,True,True,0.033493,,even_char; semisimple,defect_a_even_char
EV-070,256,2,8,35,68,224,even,0,35,1,224,3,5|15|15,1|1|1,True,True,True,True,True,0.018323,,even_char; semisimple,defect_a_even_char
EV-070,256,2,8,35,69,59,even,0,35,1,59,3,5|15|15,1|1|1,True,True,True,True,True,0.019641,,even_char; semisimple,defect_a_even_char
EV-070,256,2,8,35,70,77,even,0,35,1,77,15,1|1|1|1|1|3|3|3|3|3|3|3|3|3|3,1|1|1|1|1|1|1|1|1|1|1|1|1|1|1,True,True,True,True,True,0.02415,,even_char; semisimple,defect_a_even_char
EV-070,256,2,8,35,71,215,even,0,35,1,215,3,5|15|15,1|1|1,True,True,True,True,True,0.006724,,even_char; semisimple,defect_a_even_char
EV-070,256,2,8,35,72,98,even,0,35,1,98,3,5|15|15,1|1|1,True,True,True,True,True,0.007549,,even_char; semisimple,defect_a_even_char
EV-070,256,2,8,35,73,166,even,0,35,1,166,3,5|15|15,1|1|1,True,True,True,True,True,0.016711,,even_char; semisimple,defect_a_even_char
EV-070,256,2,8,35,74,241,even,0,35,1,241,3,5|15|15,1|1|1,True,True,True,True,True,0.006944,,even_char; semisimple,defect_a_even_char
EV-070,256,2,8,35,75,8,even,0,35,1,8,15,1|1|1|1|1|3|3|3|3|3|3|3|3|3|3,1|1|1|1|1|1|1|1|1|1|1|1|1|1|1,True,True,True,True,True,0.025237,,even_char; semisimple,defect_a_even_char
EV-070,256,2,8,35,76,24,even,0,35,1,24,3,5|15|15,1|1|1,True,True,True,True,True,0.00937,,even_char; semisimple,defect_a_even_char
EV-070,256,2,8,35,77,40,even,0,35,1,40,3,5|15|15,1|1|1,True,True,True,True,True,0.010343,,even_char; semisimple,defect_a_even_char
EV-070,256,2,8,35,78,120,even,0,35,1,120,3,5|15|15,1|1|1,True,True,True,True,True,0.072603,,even_char; semisimple,defect_a_even_char
EV-070,256,2,8,35,79,136,even,0,35,1,136,3,5|15|15,1|1|1,True,True,True,True,True,0.008294,,even_char; semisimple,defect_a_even_char
EV-070,256,2,8,35,80,131,even,0,35,1,131,15,1|1|1|1|1|3|3|3|3|3|3|3|3|3|3,1|1|1|1|1|1|1|1|1|1|1|1|1|1|1,True,True,True,True,True,0.026908,,even_char; semisimple,defect_a_even_char
EV-070,256,2,8,35,81,158,even,0,35,1,158,3,5|15|15,1|1|1,True,True,True,True,True,0.026491,,even_char; semisimple,defect_a_even_char
EV-070,256,2,8,35,82,185,even,0,35,1,185,3,5|15|15,1|1|1,True,True,True,True,True,0.012606,,even_char; semisimple,defect_a_even_char
EV-070,256,2,8,35,83,208,even,0,35,1,208,3,5|15|15,1|1|1,True,True,True,True,True,0.007858,,even_char; semisimple,defect_a_even_char
EV-070,256,2,8,35,84,107,even,0,35,1,107,3,5|15|15,1|1|1,True,True,True,True,True,0.007909,,even_char; semisimple,defect_a_even_char
EV-070,256,2,8,35,85,189,even,0,35,1,189,15,1|1|1|1|1|3|3|3|3|3|3|3|3|3|3,1|1|1|1|1|1|1|1|1|1|1|1|1|1|1,True,True,True,True,True,0.030606,,even_char; semisimple,defect_a_even_char
EV-070,256,2,8,35,86,220,even,0,35,1,220,3,5|15|15,1|1|1,True,True,True,True,True,0.011402,,even_char; semisimple,defect_a_even_char
EV-070,256,2,8,35,87,127,even,0,35,1,127,3,5|15|15,1|1|1,True,True,True,True,True,0.01111,,even_char; semisimple,defect_a_even_char
EV-070,256,2,8,35,88,129,even,0,35,1,129,3,5|15|15,1|1|1,True,True,True,True,True,0.033772,,even_char; semisimple,defect_a_even_char
EV-070,256,2,8,35,89,152,even,0,35,1,152,3,5|15|15,1|1|1,True,True,True,True,True,0.026976,,even_char; semisimple,defect_a_even_char
EV-070,256,2,8,35,90,179,even,0,35,1,179,15,1|1|1|1|1|3|3|3|3|3|3|3|3|3|3,1|1|1|1|1|1|1|1|1|1|1|1|1|1|1,True,True,True,True,True,0.021161,,even_char; semisimple,defect_a_even_char
EV-070,256,2,8,35,91,206,even,0,35,1,206,3,5|15|15,1|1|1,True,True,True,True,True,0.020894,,even_char; semisimple,defect_a_even_char
EV-070,256,2,8,35,92,73,even,0,35,1,73,3,5|15|15,1|1|1,True,True,True,True,True,0.007832,,even_char; semisimple,defect_a_even_char
EV-070,256,2,8,35,93,219,even,0,35,1,219,3,5|15|15,1|1|1,True,True,True,True,True,0.02054,,even_char; semisimple,defect_a_even_char
EV-070,256,2,8,35,94,118,even,0,35,1,118,3,5|15|15,1|1|1,True,True,True,True,True,0.013866,,even_char; semisimple,defect_a_even_char
EV-070,256,2,8,35,95,154,even,0,35,1,154,15,1|1|1|1|1|3|3|3|3|3|3|3|3|3|3,1|1|1|1|1|1|1|1|1|1|1|1|1|1|1,True,True,True,True,True,0.032356,,even_char; semisimple,defect_a_even_char
EV-070,256,2,8,35,96,181,even,0,35,1,181,3,5|15|15,1|1|1,True,True,True,True,True,0.029106,,even_char; semisimple,defect_a_even_char
EV-070,256,2,8,35,97,196,even,0,35,1,196,3,5|15|15,1|1|1,True,True,True,True,True,0.009265,,even_char; semisimple,defect_a_even_char
EV-070,256,2,8,35,98,87,even,0,35,1,87,3,5|15|15,1|1|1,True,True,True,True,True,0.022396,,even_char; semisimple,defect_a_even_char
EV-070,256,2,8,35,99,249,even,0,35,1,249,3,5|15|15,1|1|1,True,True,True,True,True,0.010662,,even_char; semisimple,defect_a_even_char
EV-070,256,2,8,35,100,16,even,0,35,1,16,15,1|1|1|1|1|3|3|3|3|3|3|3|3|3|3,1|1|1|1|1|1|1|1|1|1|1|1|1|1|1,True,True,True,True,True,0.0279,,even_char; semisimple,defect_a_even_char
EV-070,256,2,8,35,101,48,even,0,35,1,48,3,5|15|15,1|1|1,True,True,True,True,True,0.014861,,even_char; semisimple,defect_a_even_char
EV-070,256,2,8,35,102,80,even,0,35,1,80,3,5|15|15,1|1|1,True,True,True,True,True,0.009599,,even_char; semisimple,defect_a_even_char
EV-070,256,2,8,35,103,240,even,0,35,1,240,3,5|15|15,1|1|1,True,True,True,True,True,0.008427,,even_char; semisimple,defect_a_even_char
EV-070,256,2,8,35,104,11,even,0,35,1,11,3,5|15|15,1|1|1,True,True,True,True,True,0.012524,,even_char; semisimple,defect_a_even_char
EV-070,256,2,8,35,105,29,even,0,35,1,29,15,1|1|1|1|1|3|3|3|3|3|3|3|3|3|3,1|1|1|1|1|1|1|1|1|1|1|1|1|1|1,True,True,True,True,True,0.051072,,even_char; semisimple,defect_a_even_char
EV-070,256,2,8,35,106,39,even,0,35,1,39,3,5|15|15,1|1|1,True,True,True,True,True,0.008799,,even_char; semisimple,defect_a_even_char
EV-070,256,2,8,35,107,105,even,0,35,1,105,3,5|15|15,1|1|1,True,True,True,True,True,0.006666,,even_char; semisimple,defect_a_even_char
EV-070,256,2,8,35,108,187,even,0,35,1,187,3,5|15|15,1|1|1,True,True,True,True,True,0.01872,,even_char; semisimple,defect_a_even_char
EV-070,256,2,8,35,109,214,even,0,35,1,214,3,5|15|15,1|1|1,True,True,True,True,True,0.010549,,even_char; semisimple,defect_a_even_char
EV-070,256,2,8,35,110,97,even,0,35,1,97,15,1|1|1|1|1|3|3|3|3|3|3|3|3|3|3,1|1|1|1|1|1|1|1|1|1|1|1|1|1|1,True,True,True,True,True,0.03123,,even_char; semisimple,defect_a_even_char
EV-070,256,2,8,35,111,163,even,0,35,1,163,3,5|15|15,1|1|1,True,True,True,True,True,0.008166,,even_char; semisimple,defect_a_even_char
EV-070,256,2,8,35,112,254,even,0,35,1,254,3,5|15|15,1|1|1,True,True,True,True,True,0.009795,,even_char; semisimple,defect_a_even_char
EV-070,256,2,8,35,113,25,even,0,35,1,25,3,5|15|15,1|1|1,True,True,True,True,True,0.006993,,even_char; semisimple,defect_a_even_char
EV-070,256,2,8,35,114,43,even,0,35,1,43,3,5|15|15,1|1|1,True,True,True,True,True,0.027816,,even_char; semisimple,defect_a_even_char
EV-070,256,2,8,35,115,125,even,0,35,1,125,15,1|1|1|1|1|3|3|3|3|3|3|3|3|3|3,1|1|1|1|1|1|1|1|1|1|1|1|1|1|1,True,True,True,True,True,0.025581,,even_char; semisimple,defect_a_even_char
EV-070,256,2,8,35,116,135,even,0,35,1,135,3,5|15|15,1|1|1,True,True,True,True,True,0.009818,,even_char; semisimple,defect_a_even_char
EV-070,256,2,8,35,117,146,even,0,35,1,146,3,5|15|15,1|1|1,True,True,True,True,True,0.006943,,even_char; semisimple,defect_a_even_char
EV-070,256,2,8,35,118,173,even,0,35,1,173,3,5|15|15,1|1|1,True,True,True,True,True,0.017024,,even_char; semisimple,defect_a_even_char
EV-070,256,2,8,35,119,236,even,0,35,1,236,3,5|15|15,1|1|1,True,True,True,True,True,0.011927,,even_char; semisimple,defect_a_even_char
EV-070,256,2,8,35,120,47,even,0,35,1,47,15,1|1|1|1|1|3|3|3|3|3|3|3|3|3|3,1|1|1|1|1|1|1|1|1|1|1|1|1|1|1,True,True,True,True,True,0.024275,,even_char; semisimple,defect_a_even_char
EV-070,256,2,8,35,121,113,even,0,35,1,113,3,5|15|15,1|1|1,True,True,True,True,True,0.014064,,even_char; semisimple,defect_a_even_char
EV-070,256,2,8,35,122,147,even,0,35,1,147,3,5|15|15,1|1|1,True,True,True,True,True,0.008063,,even_char; semisimple,defect_a_even_char
EV-070,256,2,8,35,123,174,even,0,35,1,174,3,5|15|15,1|1|1,True,True,True,True,True,0.012785,,even_char; semisimple,defect_a_even_char
EV-070,256,2,8,35,124,233,even,0,35,1,233,3,5|15|15,1|1|1,True,True,True,True,True,0.010973,,even_char; semisimple,defect_a_even_char
EV-070,256,2,8,35,125,32,even,0,35,1,32,15,1|1|1|1|1|3|3|3|3|3|3|3|3|3|3,1|1|1|1|1|1|1|1|1|1|1|1|1|1|1,True,True,True,True,True,0.024383,,even_char; semisimple,defect_a_even_char
EV-070,256,2,8,35,126,96,even,0,35,1,96,3,5|15|15,1|1|1,True,True,True,True,True,0.011149,,even_char; semisimple,defect_a_even_char
EV-070,256,2,8,35,127,160,even,0,35,1,160,3,5|15|15,1|1|1,True,True,True,True,True,0.016399,,even_char; semisimple,defect_a_even_char
EV-070,256,2,8,35,128,251,even,0,35,1,251,3,5|15|15,1|1|1,True,True,True,True,True,0.009752,,even_char; semisimple,defect_a_even_char
EV-070,256,2,8,35,129,22,even,0,35,1,22,3,5|15|15,1|1|1,True,True,True,True,True,0.030314,,even_char; semisimple,defect_a_even_char
EV-070,256,2,8,35,130,58,even,0,35,1,58,15,1|1|1|1|1|3|3|3|3|3|3|3|3|3|3,1|1|1|1|1|1|1|1|1|1|1|1|1|1|1,True,True,True,True,True,0.022865,,even_char; semisimple,defect_a_even_char
EV-070,256,2,8,35,131,78,even,0,35,1,78,3,5|15|15,1|1|1,True,True,True,True,True,0.007728,,even_char; semisimple,defect_a_even_char
EV-070,256,2,8,35,132,210,even,0,35,1,210,3,5|15|15,1|1|1,True,True,True,True,True,0.020478,,even_char; semisimple,defect_a_even_char
EV-070,256,2,8,35,133,109,even,0,35,1,109,3,5|15|15,1|1|1,True,True,True,True,True,0.008221,,even_char; semisimple,defect_a_even_char
EV-070,256,2,8,35,134,183,even,0,35,1,183,3,5|15|15,1|1|1,True,True,True,True,True,0.008599,,even_char; semisimple,defect_a_even_char
EV-070,256,2,8,35,135,194,even,0,35,1,194,15,1|1|1|1|1|3|3|3|3|3|3|3|3|3|3,1|1|1|1|1|1|1|1|1|1|1|1|1|1|1,True,True,True,True,True,0.02707,,even_char; semisimple,defect_a_even_char
EV-070,256,2,8,35,136,93,even,0,35,1,93,3,5|15|15,1|1|1,True,True,True,True,True,0.008831,,even_char; semisimple,defect_a_even_char
EV-070,256,2,8,35,137,231,even,0,35,1,231,3,5|15|15,1|1|1,True,True,True,True,True,0.009718,,even_char; semisimple,defect_a_even_char
EV-070,256,2,8,35,138,50,even,0,35,1,50,3,5|15|15,1|1|1,True,True,True,True,True,0.009889,,even_char; semisimple,defect_a_even_char
EV-070,256,2,8,35,139,86,even,0,35,1,86,3,5|15|15,1|1|1,True,True,True,True,True,0.011074,,even_char; semisimple,defect_a_even_char
EV-070,256,2,8,35,140,250,even,0,35,1,250,15,1|1|1|1|1|3|3|3|3|3|3|3|3|3|3,1|1|1|1|1|1|1|1|1|1|1|1|1|1|1,True,True,True,True,True,0.030082,,even_char; semisimple,defect_a_even_char
EV-070,256,2,8,35,141,21,even,0,35,1,21,3,5|15|15,1|1|1,True,True,True,True,True,0.008343,,even_char; semisimple,defect_a_even_char
EV-070,256,2,8,35,142,63,even,0,35,1,63,3,5|15|15,1|1|1,True,True,True,True,True,0.015157,,even_char; semisimple,defect_a_even_char
EV-070,256,2,8,35,143,65,even,0,35,1,65,3,5|15|15,1|1|1,True,True,True,True,True,0.007795,,even_char; semisimple,defect_a_even_char
EV-070,256,2,8,35,144,195,even,0,35,1,195,3,5|15|15,1|1|1,True,True,True,True,True,0.007394,,even_char; semisimple,defect_a_even_char
EV-070,256,2,8,35,145,94,even,0,35,1,94,15,1|1|1|1|1|3|3|3|3|3|3|3|3|3|3,1|1|1|1|1|1|1|1|1|1|1|1|1|1|1,True,True,True,True,True,0.021314,,even_char; semisimple,defect_a_even_char
EV-070,256,2,8,35,146,226,even,0,35,1,226,3,5|15|15,1|1|1,True,True,True,True,True,0.009858,,even_char; semisimple,defect_a_even_char
EV-070,256,2,8,35,147,61,even,0,35,1,61,3,5|15|15,1|1|1,True,True,True,True,True,0.012376,,even_char; semisimple,defect_a_even_char
EV-070,256,2,8,35,148,71,even,0,35,1,71,3,5|15|15,1|1|1,True,True,True,True,True,0.009316,,even_char; semisimple,defect_a_even_char
EV-070,256,2,8,35,149,201,even,0,35,1,201,3,5|15|15,1|1|1,True,True,True,True,True,0.009563,,even_char; semisimple,defect_a_even_char
EV-070,256,2,8,35,150,64,even,0,35,1,64,15,1|1|1|1|1|3|3|3|3|3|3|3|3|3|3,1|1|1|1|1|1|1|1|1|1|1|1|1|1|1,True,True,True,True,True,0.031714,,even_char; semisimple,defect_a_even_char
EV-070,256,2,8,35,151,192,even,0,35,1,192,3,5|15|15,1|1|1,True,True,True,True,True,0.009616,,even_char; semisimple,defect_a_even_char
EV-070,256,2,8,35,152,91,even,0,35,1,91,3,5|15|15,1|1|1,True,True,True,True,True,0.009636,,even_char; semisimple,defect_a_even_char
EV-070,256,2,8,35,153,237,even,0,35,1,237,3,5|15|15,1|1|1,True,True,True,True,True,0.014977,,even_char; semisimple,defect_a_even_char
EV-070,256,2,8,35,154,44,even,0,35,1,44,3,5|15|15,1|1|1,True,True,True,True,True,0.011631,,even_char; semisimple,defect_a_even_char
EV-070,256,2,8,35,155,116,even,0,35,1,116,15,1|1|1|1|1|3|3|3|3|3|3|3|3|3|3,1|1|1|1|1|1|1|1|1|1|1|1|1|1|1,True,True,True,True,True,0.027732,,even_char; semisimple,defect_a_even_char
EV-070,256,2,8,35,156,156,even,0,35,1,156,3,5|15|15,1|1|1,True,True,True,True,True,0.014103,,even_char; semisimple,defect_a_even_char
EV-070,256,2,8,35,157,191,even,0,35,1,191,3,5|15|15,1|1|1,True,True,True,True,True,0.012787,,even_char; semisimple,defect_a_even_char
EV-070,256,2,8,35,158,218,even,0,35,1,218,3,5|15|15,1|1|1,True,True,True,True,True,0.008036,,even_char; semisimple,defect_a_even_char
EV-070,256,2,8,35,159,117,even,0,35,1,117,3,5|15|15,1|1|1,True,True,True,True,True,0.010766,,even_char; semisimple,defect_a_even_char
EV-070,256,2,8,35,160,159,even,0,35,1,159,15,1|1|1|1|1|3|3|3|3|3|3|3|3|3|3,1|1|1|1|1|1|1|1|1|1|1|1|1|1|1,True,True,True,True,True,0.028229,,even_char; semisimple,defect_a_even_char
EV-070,256,2,8,35,161,186,even,0,35,1,186,3,5|15|15,1|1|1,True,True,True,True,True,0.010172,,even_char; semisimple,defect_a_even_char
EV-070,256,2,8,35,162,213,even,0,35,1,213,3,5|15|15,1|1|1,True,True,True,True,True,0.009811,,even_char; semisimple,defect_a_even_char
EV-070,256,2,8,35,163,100,even,0,35,1,100,3,5|15|15,1|1|1,True,True,True,True,True,0.009574,,even_char; semisimple,defect_a_even_char
EV-070,256,2,8,35,164,172,even,0,35,1,172,3,5|15|15,1|1|1,True,True,True,True,True,0.009725,,even_char; semisimple,defect_a_even_char
EV-070,256,2,8,35,165,239,even,0,35,1,239,15,1|1|1|1|1|3|3|3|3|3|3|3|3|3|3,1|1|1|1|1|1|1|1|1|1|1|1|1|1|1,True,True,True,True,True,0.019614,,even_char; semisimple,defect_a_even_char
EV-070,256,2,8,35,166,42,even,0,35,1,42,3,5|15|15,1|1|1,True,True,True,True,True,0.017544,,even_char; semisimple,defect_a_even_char
EV-070,256,2,8,35,167,126,even,0,35,1,126,3,5|15|15,1|1|1,True,True,True,True,True,0.010879,,even_char; semisimple,defect_a_even_char
EV-070,256,2,8,35,168,130,even,0,35,1,130,3,5|15|15,1|1|1,True,True,True,True,True,0.009463,,even_char; semisimple,defect_a_even_char
EV-070,256,2,8,35,169,157,even,0,35,1,157,3,5|15|15,1|1|1,True,True,True,True,True,0.013554,,even_char; semisimple,defect_a_even_char
EV-070,256,2,8,35,170,188,even,0,35,1,188,15,1|1|1|1|1|3|3|3|3|3|3|3|3|3|3,1|1|1|1|1|1|1|1|1|1|1|1|1|1|1,True,True,True,True,True,0.020945,,even_char; semisimple,defect_a_even_char
EV-070,256,2,8,35,171,223,even,0,35,1,223,3,5|15|15,1|1|1,True,True,True,True,True,0.010196,,even_char; semisimple,defect_a_even_char
EV-070,256,2,8,35,172,122,even,0,35,1,122,3,5|15|15,1|1|1,True,True,True,True,True,0.015426,,even_char; semisimple,defect_a_even_char
EV-070,256,2,8,35,173,142,even,0,35,1,142,3,5|15|15,1|1|1,True,True,True,True,True,0.010603,,even_char; semisimple,defect_a_even_char
EV-070,256,2,8,35,174,137,even,0,35,1,137,3,5|15|15,1|1|1,True,True,True,True,True,0.008634,,even_char; semisimple,defect_a_even_char
EV-070,256,2,8,35,175,128,even,0,35,1,128,15,1|1|1|1|1|3|3|3|3|3|3|3|3|3|3,1|1|1|1|1|1|1|1|1|1|1|1|1|1|1,True,True,True,True,True,0.025684,,even_char; semisimple,defect_a_even_char
EV-070,256,2,8,35,176,155,even,0,35,1,155,3,5|15|15,1|1|1,True,True,True,True,True,0.012316,,even_char; semisimple,defect_a_even_char
EV-070,256,2,8,35,177,182,even,0,35,1,182,3,5|15|15,1|1|1,True,True,True,True,True,0.009691,,even_char; semisimple,defect_a_even_char
EV-070,256,2,8,35,178,193,even,0,35,1,193,3,5|15|15,1|1|1,True,True,True,True,True,0.026756,,even_char; semisimple,defect_a_even_char
EV-070,256,2,8,35,179,88,even,0,35,1,88,3,5|15|15,1|1|1,True,True,True,True,True,0.009171,,even_char; semisimple,defect_a_even_char
EV-070,256,2,8,35,180,232,even,0,35,1,232,15,1|1|1|1|1|3|3|3|3|3|3|3|3|3|3,1|1|1|1|1|1|1|1|1|1|1|1|1|1|1,True,True,True,True,True,0.045838,,even_char; semisimple,defect_a_even_char
EV-070,256,2,8,35,181,35,even,0,35,1,35,3,5|15|15,1|1|1,True,True,True,True,True,0.020253,,even_char; semisimple,defect_a_even_char
EV-070,256,2,8,35,182,101,even,0,35,1,101,3,5|15|15,1|1|1,True,True,True,True,True,0.011551,,even_char; semisimple,defect_a_even_char
EV-070,256,2,8,35,183,175,even,0,35,1,175,3,5|15|15,1|1|1,True,True,True,True,True,0.027583,,even_char; semisimple,defect_a_even_char
EV-070,256,2,8,35,184,234,even,0,35,1,234,3,5|15|15,1|1|1,True,True,True,True,True,0.012378,,even_char; semisimple,defect_a_even_char
EV-070,256,2,8,35,185,37,even,0,35,1,37,15,1|1|1|1|1|3|3|3|3|3|3|3|3|3|3,1|1|1|1|1|1|1|1|1|1|1|1|1|1|1,True,True,True,True,True,0.022568,,even_char; semisimple,defect_a_even_char
EV-070,256,2,8,35,186,111,even,0,35,1,111,3,5|15|15,1|1|1,True,True,True,True,True,0.011125,,even_char; semisimple,defect_a_even_char
EV-070,256,2,8,35,187,177,even,0,35,1,177,3,5|15|15,1|1|1,True,True,True,True,True,0.007021,,even_char; semisimple,defect_a_even_char
EV-070,256,2,8,35,188,200,even,0,35,1,200,3,5|15|15,1|1|1,True,True,True,True,True,0.016224,,even_char; semisimple,defect_a_even_char
EV-070,256,2,8,35,189,67,even,0,35,1,67,3,5|15|15,1|1|1,True,True,True,True,True,0.024292,,even_char; semisimple,defect_a_even_char
EV-070,256,2,8,35,190,197,even,0,35,1,197,15,1|1|1|1|1|3|3|3|3|3|3|3|3|3|3,1|1|1|1|1|1|1|1|1|1|1|1|1|1|1,True,True,True,True,True,0.040124,,even_char; semisimple,defect_a_even_char
EV-070,256,2,8,35,191,84,even,0,35,1,84,3,5|15|15,1|1|1,True,True,True,True,True,0.012867,,even_char; semisimple,defect_a_even_char
EV-070,256,2,8,35,192,252,even,0,35,1,252,3,5|15|15,1|1|1,True,True,True,True,True,0.011817,,even_char; semisimple,defect_a_even_char
EV-070,256,2,8,35,193,31,even,0,35,1,31,3,5|15|15,1|1|1,True,True,True,True,True,0.009331,,even_char; semisimple,defect_a_even_char
EV-070,256,2,8,35,194,33,even,0,35,1,33,3,5|15|15,1|1|1,True,True,True,True,True,0.029209,,even_char; semisimple,defect_a_even_char
EV-070,256,2,8,35,195,99,even,0,35,1,99,15,1|1|1|1|1|3|3|3|3|3|3|3|3|3|3,1|1|1|1|1|1|1|1|1|1|1|1|1|1|1,True,True,True,True,True,0.029133,,even_char; semisimple,defect_a_even_char
EV-070,256,2,8,35,196,165,even,0,35,1,165,3,5|15|15,1|1|1,True,True,True,True,True,0.008927,,even_char; semisimple,defect_a_even_char
EV-070,256,2,8,35,197,244,even,0,35,1,244,3,5|15|15,1|1|1,True,True,True,True,True,0.007088,,even_char; semisimple,defect_a_even_char
EV-070,256,2,8,35,198,7,even,0,35,1,7,3,5|15|15,1|1|1,True,True,True,True,True,0.014002,,even_char; semisimple,defect_a_even_char
EV-070,256,2,8,35,199,9,even,0,35,1,9,3,5|15|15,1|1|1,True,True,True,True,True,0.010184,,even_char; semisimple,defect_a_even_char
EV-070,256,2,8,35,200,27,even,0,35,1,27,15,1|1|1|1|1|3|3|3|3|3|3|3|3|3|3,1|1|1|1|1|1|1|1|1|1|1|1|1|1|1,True,True,True,True,True,0.028787,,even_char; semisimple,defect_a_even_char
EV-070,256,2,8,35,201,45,even,0,35,1,45,3,5|15|15,1|1|1,True,True,True,True,True,0.023156,,even_char; semisimple,defect_a_even_char
EV-070,256,2,8,35,202,119,even,0,35,1,119,3,5|15|15,1|1|1,True,True,True,True,True,0.010882,,even_char; semisimple,defect_a_even_char
EV-070,256,2,8,35,203,153,even,0,35,1,153,3,5|15|15,1|1|1,True,True,True,True,True,0.018697,,even_char; semisimple,defect_a_even_char
EV-070,256,2,8,35,204,176,even,0,35,1,176,3,5|15|15,1|1|1,True,True,True,True,True,0.018326,,even_char; semisimple,defect_a_even_char
EV-070,256,2,8,35,205,203,even,0,35,1,203,15,1|1|1|1|1|3|3|3|3|3|3|3|3|3|3,1|1|1|1|1|1|1|1|1|1|1|1|1|1|1,True,True,True,True,True,0.038986,,even_char; semisimple,defect_a_even_char
EV-070,256,2,8,35,206,70,even,0,35,1,70,3,5|15|15,1|1|1,True,True,True,True,True,0.016681,,even_char; semisimple,defect_a_even_char
EV-070,256,2,8,35,207,202,even,0,35,1,202,3,5|15|15,1|1|1,True,True,True,True,True,0.010686,,even_char; semisimple,defect_a_even_char
EV-070,256,2,8,35,208,69,even,0,35,1,69,3,5|15|15,1|1|1,True,True,True,True,True,0.012593,,even_char; semisimple,defect_a_even_char
EV-070,256,2,8,35,209,207,even,0,35,1,207,3,5|15|15,1|1|1,True,True,True,True,True,0.009956,,even_char; semisimple,defect_a_even_char
EV-070,256,2,8,35,210,74,even,0,35,1,74,15,1|1|1|1|1|3|3|3|3|3|3|3|3|3|3,1|1|1|1|1|1|1|1|1|1|1|1|1|1|1,True,True,True,True,True,0.029804,,even_char; semisimple,defect_a_even_char
EV-070,256,2,8,35,211,222,even,0,35,1,222,3,5|15|15,1|1|1,True,True,True,True,True,0.01022,,even_char; semisimple,defect_a_even_char
EV-070,256,2,8,35,212,121,even,0,35,1,121,3,5|15|15,1|1|1,True,True,True,True,True,0.008407,,even_char; semisimple,defect_a_even_char
EV-070,256,2,8,35,213,139,even,0,35,1,139,3,5|15|15,1|1|1,True,True,True,True,True,0.010423,,even_char; semisimple,defect_a_even_char
EV-070,256,2,8,35,214,134,even,0,35,1,134,3,5|15|15,1|1|1,True,True,True,True,True,0.007935,,even_char; semisimple,defect_a_even_char
EV-070,256,2,8,35,215,145,even,0,35,1,145,15,1|1|1|1|1|3|3|3|3|3|3|3|3|3|3,1|1|1|1|1|1|1|1|1|1|1|1|1|1|1,True,True,True,True,True,0.016745,,even_char; semisimple,defect_a_even_char
EV-070,256,2,8,35,216,168,even,0,35,1,168,3,5|15|15,1|1|1,True,True,True,True,True,0.016056,,even_char; semisimple,defect_a_even_char
EV-070,256,2,8,35,217,227,even,0,35,1,227,3,5|15|15,1|1|1,True,True,True,True,True,0.010666,,even_char; semisimple,defect_a_even_char
EV-070,256,2,8,35,218,62,even,0,35,1,62,3,5|15|15,1|1|1,True,True,True,True,True,0.018053,,even_char; semisimple,defect_a_even_char
EV-070,256,2,8,35,219,66,even,0,35,1,66,3,5|15|15,1|1|1,True,True,True,True,True,0.008283,,even_char; semisimple,defect_a_even_char
EV-070,256,2,8,35,220,198,even,0,35,1,198,15,1|1|1|1|1|3|3|3|3|3|3|3|3|3|3,1|1|1|1|1|1|1|1|1|1|1|1|1|1|1,True,True,True,True,True,0.021329,,even_char; semisimple,defect_a_even_char
EV-070,256,2,8,35,221,81,even,0,35,1,81,3,5|15|15,1|1|1,True,True,True,True,True,0.0235,,even_char; semisimple,defect_a_even_char
EV-070,256,2,8,35,222,243,even,0,35,1,243,3,5|15|15,1|1|1,True,True,True,True,True,0.008112,,even_char; semisimple,defect_a_even_char
EV-070,256,2,8,35,223,14,even,0,35,1,14,3,5|15|15,1|1|1,True,True,True,True,True,0.0129,,even_char; semisimple,defect_a_even_char
EV-070,256,2,8,35,224,18,even,0,35,1,18,3,5|15|15,1|1|1,True,True,True,True,True,0.007114,,even_char; semisimple,defect_a_even_char
EV-070,256,2,8,35,225,54,even,0,35,1,54,15,1|1|1|1|1|3|3|3|3|3|3|3|3|3|3,1|1|1|1|1|1|1|1|1|1|1|1|1|1|1,True,True,True,True,True,0.054491,,even_char; semisimple,defect_a_even_char
EV-070,256,2,8,35,226,90,even,0,35,1,90,3,5|15|15,1|1|1,True,True,True,True,True,0.011817,,even_char; semisimple,defect_a_even_char
EV-070,256,2,8,35,227,238,even,0,35,1,238,3,5|15|15,1|1|1,True,True,True,True,True,0.00974,,even_char; semisimple,defect_a_even_char
EV-070,256,2,8,35,228,41,even,0,35,1,41,3,5|15|15,1|1|1,True,True,True,True,True,0.010516,,even_char; semisimple,defect_a_even_char
EV-070,256,2,8,35,229,123,even,0,35,1,123,3,5|15|15,1|1|1,True,True,True,True,True,0.01023,,even_char; semisimple,defect_a_even_char
EV-070,256,2,8,35,230,141,even,0,35,1,141,15,1|1|1|1|1|3|3|3|3|3|3|3|3|3|3,1|1|1|1|1|1|1|1|1|1|1|1|1|1|1,True,True,True,True,True,0.043678,,even_char; semisimple,defect_a_even_char
EV-070,256,2,8,35,231,140,even,0,35,1,140,3,5|15|15,1|1|1,True,True,True,True,True,0.019421,,even_char; semisimple,defect_a_even_char
EV-070,256,2,8,35,232,143,even,0,35,1,143,3,5|15|15,1|1|1,True,True,True,True,True,0.009888,,even_char; semisimple,defect_a_even_char
EV-070,256,2,8,35,233,138,even,0,35,1,138,3,5|15|15,1|1|1,True,True,True,True,True,0.014034,,even_char; semisimple,defect_a_even_char
EV-070,256,2,8,35,234,133,even,0,35,1,133,3,5|15|15,1|1|1,True,True,True,True,True,0.011414,,even_char; semisimple,defect_a_even_char
EV-070,256,2,8,35,235,148,even,0,35,1,148,15,1|1|1|1|1|3|3|3|3|3|3|3|3|3|3,1|1|1|1|1|1|1|1|1|1|1|1|1|1|1,True,True,True,True,True,0.026998,,even_char; semisimple,defect_a_even_char
EV-070,256,2,8,35,236,167,even,0,35,1,167,3,5|15|15,1|1|1,True,True,True,True,True,0.016045,,even_char; semisimple,defect_a_even_char
EV-070,256,2,8,35,237,242,even,0,35,1,242,3,5|15|15,1|1|1,True,True,True,True,True,0.009667,,even_char; semisimple,defect_a_even_char
EV-070,256,2,8,35,238,13,even,0,35,1,13,3,5|15|15,1|1|1,True,True,True,True,True,0.008853,,even_char; semisimple,defect_a_even_char
EV-070,256,2,8,35,239,23,even,0,35,1,23,3,5|15|15,1|1|1,True,True,True,True,True,0.01001,,even_char; semisimple,defect_a_even_char
EV-070,256,2,8,35,240,57,even,0,35,1,57,15,1|1|1|1|1|3|3|3|3|3|3|3|3|3|3,1|1|1|1|1|1|1|1|1|1|1|1|1|1|1,True,True,True,True,True,0.023115,,even_char; semisimple,defect_a_even_char
EV-070,256,2,8,35,241,75,even,0,35,1,75,3,5|15|15,1|1|1,True,True,True,True,True,0.012883,,even_char; semisimple,defect_a_even_char
EV-070,256,2,8,35,242,221,even,0,35,1,221,3,5|15|15,1|1|1,True,True,True,True,True,0.01066,,even_char; semisimple,defect_a_even_char
EV-070,256,2,8,35,243,124,even,0,35,1,124,3,5|15|15,1|1|1,True,True,True,True,True,0.018735,,even_char; semisimple,defect_a_even_char
EV-070,256,2,8,35,244,132,even,0,35,1,132,3,5|15|15,1|1|1,True,True,True,True,True,0.031682,,even_char; semisimple,defect_a_even_char
EV-070,256,2,8,35,245,151,even,0,35,1,151,15,1|1|1|1|1|3|3|3|3|3|3|3|3|3|3,1|1|1|1|1|1|1|1|1|1|1|1|1|1|1,True,True,True,True,True,0.02233,,even_char; semisimple,defect_a_even_char
EV-070,256,2,8,35,246,162,even,0,35,1,162,3,5|15|15,1|1|1,True,True,True,True,True,0.009571,,even_char; semisimple,defect_a_even_char
EV-070,256,2,8,35,247,253,even,0,35,1,253,3,5|15|15,1|1|1,True,True,True,True,True,0.016196,,even_char; semisimple,defect_a_even_char
EV-070,256,2,8,35,248,28,even,0,35,1,28,3,5|15|15,1|1|1,True,True,True,True,True,0.009186,,even_char; semisimple,defect_a_even_char
EV-070,256,2,8,35,249,36,even,0,35,1,36,3,5|15|15,1|1|1,True,True,True,True,True,0.009941,,even_char; semisimple,defect_a_even_char
EV-070,256,2,8,35,250,108,even,0,35,1,108,15,1|1|1|1|1|3|3|3|3|3|3|3|3|3|3,1|1|1|1|1|1|1|1|1|1|1|1|1|1|1,True,True,True,True,True,0.021661,,even_char; semisimple,defect_a_even_char
EV-070,256,2,8,35,251,180,even,0,35,1,180,3,5|15|15,1|1|1,True,True,True,True,True,0.011342,,even_char; semisimple,defect_a_even_char
EV-070,256,2,8,35,252,199,even,0,35,1,199,3,5|15|15,1|1|1,True,True,True,True,True,0.013726,,even_char; semisimple,defect_a_even_char
EV-070,256,2,8,35,253,82,even,0,35,1,82,3,5|15|15,1|1|1,True,True,True,True,True,0.010576,,even_char; semisimple,defect_a_even_char
EV-070,256,2,8,35,254,246,even,0,35,1,246,3,5|15|15,1|1|1,True,True,True,True,True,0.01367,,even_char; semisimple,defect_a_even_char
OD-001,3,3,1,3,0,1,odd,1,1,3,1,1,1,3,True,True,True,True,True,3.8e-05,,odd_char; repeated_root P=3,
OD-001,3,3,1,3,1,2,odd,1,1,3,2,1,1,3,True,True,True,True,True,2.9e-05,,odd_char; repeated_root P=3,
OD-002,3,3,1,5,0,1,odd,0,5,1,1,2,1|4,1|1,True,True,True,True,True,0.000317,,odd_char; semisimple,
OD-002,3,3,1,5,1,2,odd,0,5,1,2,2,1|4,1|1,True,True,True,True,True,0.000319,,odd_char; semisimple,
OD-003,3,3,1,7,0,1,odd,0,7,1,1,2,1|6,1|1,True,True,True,True,True,0.000324,,odd_char; semisimple,
OD-003,3,3,1,7,1,2,odd,0,7,1,2,2,1|6,1|1,True,True,True,True,True,0.000312,,odd_char; semisimple,
OD-004,3,3,1,9,0,1,odd,2,1,9,1,1,1,9,True,True,True,True,True,5.9e-05,,odd_char; repeated_root P=9; nu_gt_e,defect_b_nu_gt_e
OD-004,3,3,1,9,1,2,odd,2,1,9,2,1,1,9,True,True,True,True,True,5.1e-05,,odd_char; repeated_root P=9; nu_gt_e,defect_b_nu_gt_e
OD-005,3,3,1,15,0,1,odd,1,5,3,1,2,1|4,3|3,True,True,True,True,True,0.000276,,odd_char; repeated_root P=3,
OD-005,3,3,1,15,1,2,odd,1,5,3,2,2,1|4,3|3,True,True,True,True,True,0.000245,,odd_char; repeated_root P=3,
OD-006,3,3,1,17,0,1,odd,0,17,1,1,2,1|16,1|1,True,True,True,True,True,0.002118,,odd_char; semisimple,
OD-006,3,3,1,17,1,2,odd,0,17,1,2,2,1|16,1|1,True,True,True,True,True,0.00206,,odd_char; semisimple,
OD-007,3,3,1,21,0,1,odd,1,7,3,1,2,1|6,3|3,True,True,True,True,True,0.000481,,odd_char; repeated_root P=3,
OD-007,3,3,1,21,1,2,odd,1,7,3,2,2,1|6,3|3,True,True,True,True,True,0.000391,,odd_char; repeated_root P=3,
OD-008,3,3,1,25,0,1,odd,0,25,1,1,3,1|4|20,1|1|1,True,True,True,True,True,0.002574,,odd_char; semisimple,
OD-008,3,3,1,25,1,2,odd,0,25,1,2,3,1|4|20,1|1|1,True,True,True,True,True,0.002537,,odd_char; semisimple,
OD-009,3,3,1,31,0,1,odd,0,31,1,1,2,1|30,1|1,True,True,True,True,True,0.00439,,odd_char; semisimple,
OD-009,3,3,1,31,1,2,odd,0,31,1,2,2,1|30,1|1,True,True,True,True,True,0.004158,,odd_char; semisimple,
OD-010,3,3,1,35,0,1,odd,0,35,1,1,5,1|4|6|12|12,1|1|1|1|1,True,True,True,True,True,0.012064,,odd_char; semisimple,
OD-010,3,3,1,35,1,2,odd,0,35,1,2,5,1|4|6|12|12,1|1|1|1|1,True,True,True,True,True,0.02541,,odd_char; semisimple,
OD-011,5,5,1,3,0,1,odd,0,3,1,1,2,1|2,1|1,True,True,True,True,True,0.00017,,odd_char; semisimple,
OD-011,5,5,1,3,1,2,odd,0,3,1,2,2,1|2,1|1,True,True,True,True,True,0.000275,,odd_char; semisimple,
OD-011,5,5,1,3,2,4,odd,0,3,1,4,2,1|2,1|1,True,True,True,True,True,0.000169,,odd_char; semisimple,
OD-011,5,5,1,3,3,3,odd,0,3,1,3,2,1|2,1|1,True,True,True,True,True,0.000155,,odd_char; semisimple,
OD-012,5,5,1,5,0,1,odd,1,1,5,1,1,1,5,True,True,True,True,True,2.8e-05,,odd_char; repeated_root P=5,
OD-012,5,5,1,5,1,2,odd,1,1,5,2,1,1,5,True,True,True,True,True,2.4e-05,,odd_char; repeated_root P=5,
OD-012,5,5,1,5,2,4,odd,1,1,5,4,1,1,5,True,True,True,True,True,2.4e-05,,odd_char; repeated_root P=5,
OD-012,5,5,1,5,3,3,odd,1,1,5,3,1,1,5,True,True,True,True,True,6.7e-05,,odd_char; repeated_root P=5,
OD-013,5,5,1,7,0,1,odd,0,7,1,1,2,1|6,1|1,True,True,True,True,True,0.000448,,odd_char; semisimple,
OD-013,5,5,1,7,1,2,odd,0,7,1,2,2,1|6,1|1,True,True,True,True,True,0.000451,,odd_char; semisimple,
OD-013,5,5,1,7,2,4,odd,0,7,1,4,2,1|6,1|1,True,True,True,True,True,0.000397,,odd_char; semisimple,
OD-013,5,5,1,7,3,3,odd,0,7,1,3,2,1|6,1|1,True,True,True,True,True,0.000473,,odd_char; semisimple,
OD-014,5,5,1,9,0,1,odd,0,9,1,1,3,1|2|6,1|1|1,True,True,True,True,True,0.000692,,odd_char; semisimple,
OD-014,5,5,1,9,1,2,odd,0,9,1,2,3,1|2|6,1|1|1,True,True,True,True,True,0.000734,,odd_char; semisimple,
OD-014,5,5,1,9,2,4,odd,0,9,1,4,3,1|2|6,1|1|1,True,True,True,True,True,0.000849,,odd_char; semisimple,
OD-014,5,5,1,9,3,3,odd,0,9,1,3,3,1|2|6,1|1|1,True,True,True,True,True,0.000778,,odd_char; semisimple,
OD-015,5,5,1,15,0,1,odd,1,3,5,1,2,1|2,5|5,True,True,True,True,True,0.000211,,odd_char; repeated_root P=5,
OD-015,5,5,1,15,1,2,odd,1,3,5,2,2,1|2,5|5,True,True,True,True,True,0.000264,,odd_char; repeated_root P=5,
OD-015,5,5,1,15,2,4,odd,1,3,5,4,2,1|2,5|5,True,True,True,True,True,0.000231,,odd_char; repeated_root P=5,
OD-015,5,5,1,15,3,3,odd,1,3,5,3,2,1|2,5|5,True,True,True,True,True,0.000209,,odd_char; repeated_root P=5,
OD-016,5,5,1,17,0,1,odd,0,17,1,1,2,1|16,1|1,True,True,True,True,True,0.002829,,odd_char; semisimple,
OD-016,5,5,1,17,1,2,odd,0,17,1,2,2,1|16,1|1,True,True,True,True,True,0.003391,,odd_char; semisimple,
OD-016,5,5,1,17,2,4,odd,0,17,1,4,2,1|16,1|1,True,True,True,True,True,0.002883,,odd_char; semisimple,
OD-016,5,5,1,17,3,3,odd,0,17,1,3,2,1|16,1|1,True,True,True,True,True,0.003193,,odd_char; semisimple,
OD-017,5,5,1,21,0,1,odd,0,21,1,1,5,1|2|6|6|6,1|1|1|1|1,True,True,True,True,True,0.011276,,odd_char; semisimple,
OD-017,5,5,1,21,1,2,odd,0,21,1,2,5,1|2|6|6|6,1|1|1|1|1,True,True,True,True,True,0.009038,,odd_char; semisimple,
OD-017,5,5,1,21,2,4,odd,0,21,1,4,5,1|2|6|6|6,1|1|1|1|1,True,True,True,True,True,0.008087,,odd_char; semisimple,
OD-017,5,5,1,21,3,3,odd,0,21,1,3,5,1|2|6|6|6,1|1|1|1|1,True,True,True,True,True,0.0145,,odd_char; semisimple,
OD-018,5,5,1,25,0,1,odd,2,1,25,1,1,1,25,True,True,True,True,True,0.000269,,odd_char; repeated_root P=25; nu_gt_e,defect_b_nu_gt_e
OD-018,5,5,1,25,1,2,odd,2,1,25,2,1,1,25,True,True,True,True,True,0.000223,,odd_char; repeated_root P=25; nu_gt_e,defect_b_nu_gt_e
OD-018,5,5,1,25,2,4,odd,2,1,25,4,1,1,25,True,True,True,True,True,0.000232,,odd_char; repeated_root P=25; nu_gt_e,defect_b_nu_gt_e
OD-018,5,5,1,25,3,3,odd,2,1,25,3,1,1,25,True,True,True,True,True,0.000182,,odd_char; repeated_root P=25; nu_gt_e,defect_b_nu_gt_e
OD-019,5,5,1,31,0,1,odd,0,31,1,1,11,1|3|3|3|3|3|3|3|3|3|3,1|1|1|1|1|1|1|1|1|1|1,True,True,True,True,True,0.025563,,odd_char; semisimple,
OD-019,5,5,1,31,1,2,odd,0,31,1,2,11,1|3|3|3|3|3|3|3|3|3|3,1|1|1|1|1|1|1|1|1|1|1,True,True,True,True,True,0.031907,,odd_char; semisimple,
OD-019,5,5,1,31,2,4,odd,0,31,1,4,11,1|3|3|3|3|3|3|3|3|3|3,1|1|1|1|1|1|1|1|1|1|1,True,True,True,True,True,0.029121,,odd_char; semisimple,
OD-019,5,5,1,31,3,3,odd,0,31,1,3,11,1|3|3|3|3|3|3|3|3|3|3,1|1|1|1|1|1|1|1|1|1|1,True,True,True,True,True,0.029761,,odd_char; semisimple,
OD-020,5,5,1,35,0,1,odd,1,7,5,1,2,1|6,5|5,True,True,True,True,True,0.000678,,odd_char; repeated_root P=5,
OD-020,5,5,1,35,1,2,odd,1,7,5,2,2,1|6,5|5,True,True,True,True,True,0.0006,,odd_char; repeated_root P=5,
OD-020,5,5,1,35,2,4,odd,1,7,5,4,2,1|6,5|5,True,True,True,True,True,0.000675,,odd_char; repeated_root P=5,
OD-020,5,5,1,35,3,3,odd,1,7,5,3,2,1|6,5|5,True,True,True,True,True,0.000684,,odd_char; repeated_root P=5,
OD-021,9,3,2,3,0,1,odd,1,1,3,1,1,1,3,True,True,True,True,True,3.7e-05,,odd_char; repeated_root P=3,
OD-021,9,3,2,3,1,4,odd,1,1,3,7,1,1,3,True,True,True,True,True,2.8e-05,,odd_char; repeated_root P=3,
OD-021,9,3,2,3,2,6,odd,1,1,3,3,1,1,3,True,True,True,True,True,2.4e-05,,odd_char; repeated_root P=3,
OD-021,9,3,2,3,3,7,odd,1,1,3,4,1,1,3,True,True,True,True,True,2.4e-05,,odd_char; repeated_root P=3,
OD-021,9,3,2,3,4,2,odd,1,1,3,2,1,1,3,True,True,True,True,True,2.5e-05,,odd_char; repeated_root P=3,
OD-021,9,3,2,3,5,8,odd,1,1,3,5,1,1,3,True,True,True,True,True,2.5e-05,,odd_char; repeated_root P=3,
OD-021,9,3,2,3,6,3,odd,1,1,3,6,1,1,3,True,True,True,True,True,2.3e-05,,odd_char; repeated_root P=3,
OD-021,9,3,2,3,7,5,odd,1,1,3,8,1,1,3,True,True,True,True,True,2.4e-05,,odd_char; repeated_root P=3,
OD-022,9,3,2,5,0,1,odd,0,5,1,1,3,1|2|2,1|1|1,True,True,True,True,True,0.000601,,odd_char; semisimple,
OD-022,9,3,2,5,1,4,odd,0,5,1,4,3,1|2|2,1|1|1,True,True,True,True,True,0.000729,,odd_char; semisimple,
OD-022,9,3,2,5,2,6,odd,0,5,1,6,3,1|2|2,1|1|1,True,True,True,True,True,0.001019,,odd_char; semisimple,
OD-022,9,3,2,5,3,7,odd,0,5,1,7,3,1|2|2,1|1|1,True,True,True,True,True,0.0006,,odd_char; semisimple,
OD-022,9,3,2,5,4,2,odd,0,5,1,2,3,1|2|2,1|1|1,True,True,True,True,True,0.000566,,odd_char; semisimple,
OD-022,9,3,2,5,5,8,odd,0,5,1,8,3,1|2|2,1|1|1,True,True,True,True,True,0.001022,,odd_char; semisimple,
OD-022,9,3,2,5,6,3,odd,0,5,1,3,3,1|2|2,1|1|1,True,True,True,True,True,0.000746,,odd_char; semisimple,
OD-022,9,3,2,5,7,5,odd,0,5,1,5,3,1|2|2,1|1|1,True,True,True,True,True,0.000612,,odd_char; semisimple,
OD-023,9,3,2,7,0,1,odd,0,7,1,1,3,1|3|3,1|1|1,True,True,True,True,True,0.001306,,odd_char; semisimple,
OD-023,9,3,2,7,1,4,odd,0,7,1,4,3,1|3|3,1|1|1,True,True,True,True,True,0.001084,,odd_char; semisimple,
OD-023,9,3,2,7,2,6,odd,0,7,1,6,3,1|3|3,1|1|1,True,True,True,True,True,0.001085,,odd_char; semisimple,
OD-023,9,3,2,7,3,7,odd,0,7,1,7,3,1|3|3,1|1|1,True,True,True,True,True,0.001223,,odd_char; semisimple,
OD-023,9,3,2,7,4,2,odd,0,7,1,2,3,1|3|3,1|1|1,True,True,True,True,True,0.00188,,odd_char; semisimple,
OD-023,9,3,2,7,5,8,odd,0,7,1,8,3,1|3|3,1|1|1,True,True,True,True,True,0.001485,,odd_char; semisimple,
OD-023,9,3,2,7,6,3,odd,0,7,1,3,3,1|3|3,1|1|1,True,True,True,True,True,0.000887,,odd_char; semisimple,
OD-023,9,3,2,7,7,5,odd,0,7,1,5,3,1|3|3,1|1|1,True,True,True,True,True,0.002135,,odd_char; semisimple,
OD-024,9,3,2,9,0,1,odd,2,1,9,1,1,1,9,True,True,True,True,True,6.4e-05,,odd_char; repeated_root P=9,
OD-024,9,3,2,9,1,4,odd,2,1,9,4,1,1,9,True,True,True,True,True,5.7e-05,,odd_char; repeated_root P=9,
OD-024,9,3,2,9,2,6,odd,2,1,9,6,1,1,9,True,True,True,True,True,5.4e-05,,odd_char; repeated_root P=9,
OD-024,9,3,2,9,3,7,odd,2,1,9,7,1,1,9,True,True,True,True,True,5.3e-05,,odd_char; repeated_root P=9,
OD-024,9,3,2,9,4,2,odd,2,1,9,2,1,1,9,True,True,True,True,True,5.3e-05,,odd_char; repeated_root P=9,
OD-024,9,3,2,9,5,8,odd,2,1,9,8,1,1,9,True,True,True,True,True,5.3e-05,,odd_char; repeated_root P=9,
OD-024,9,3,2,9,6,3,odd,2,1,9,3,1,1,9,True,True,True,True,True,6.1e-05,,odd_char; repeated_root P=9,
OD-024,9,3,2,9,7,5,odd,2,1,9,5,1,1,9,True,True,True,True,True,8.8e-05,,odd_char; repeated_root P=9,
OD-025,9,3,2,15,0,1,odd,1,5,3,1,3,1|2|2,3|3|3,True,True,True,True,True,0.000689,,odd_char; repeated_root P=3,
OD-025,9,3,2,15,1,4,odd,1,5,3,7,3,1|2|2,3|3|3,True,True,True,True,True,0.000736,,odd_char; repeated_root P=3,
OD-025,9,3,2,15,2,6,odd,1,5,3,3,3,1|2|2,3|3|3,True,True,True,True,True,0.00074,,odd_char; repeated_root P=3,
OD-025,9,3,2,15,3,7,odd,1,5,3,4,3,1|2|2,3|3|3,True,True,True,True,True,0.00051,,odd_char; repeated_root P=3,
OD-025,9,3,2,15,4,2,odd,1,5,3,2,3,1|2|2,3|3|3,True,True,True,True,True,0.000688,,odd_char; repeated_root P=3,
OD-025,9,3,2,15,5,8,odd,1,5,3,5,3,1|2|2,3|3|3,True,True,True,True,True,0.000683,,odd_char; repeated_root P=3,
OD-025,9,3,2,15,6,3,odd,1,5,3,6,3,1|2|2,3|3|3,True,True,True,True,True,0.001102,,odd_char; repeated_root P=3,
OD-025,9,3,2,15,7,5,odd,1,5,3,8,3,1|2|2,3|3|3,True,True,True,True,True,0.000995,,odd_char; repeated_root P=3,
OD-026,9,3,2,17,0,1,odd,0,17,1,1,3,1|8|8,1|1|1,True,True,True,True,True,0.016833,,odd_char; semisimple,
OD-026,9,3,2,17,1,4,odd,0,17,1,4,3,1|8|8,1|1|1,True,True,True,True,True,0.011309,,odd_char; semisimple,
OD-026,9,3,2,17,2,6,odd,0,17,1,6,3,1|8|8,1|1|1,True,True,True,True,True,0.012506,,odd_char; semisimple,
OD-026,9,3,2,17,3,7,odd,0,17,1,7,3,1|8|8,1|1|1,True,True,True,True,True,0.011826,,odd_char; semisimple,
OD-026,9,3,2,17,4,2,odd,0,17,1,2,3,1|8|8,1|1|1,True,True,True,True,True,0.009373,,odd_char; semisimple,
OD-026,9,3,2,17,5,8,odd,0,17,1,8,3,1|8|8,1|1|1,True,True,True,True,True,0.016968,,odd_char; semisimple,
OD-026,9,3,2,17,6,3,odd,0,17,1,3,3,1|8|8,1|1|1,True,True,True,True,True,0.024113,,odd_char; semisimple,
OD-026,9,3,2,17,7,5,odd,0,17,1,5,3,1|8|8,1|1|1,True,True,True,True,True,0.017452,,odd_char; semisimple,
OD-027,9,3,2,21,0,1,odd,1,7,3,1,3,1|3|3,3|3|3,True,True,True,True,True,0.001468,,odd_char; repeated_root P=3,
OD-027,9,3,2,21,1,4,odd,1,7,3,7,3,1|3|3,3|3|3,True,True,True,True,True,0.001083,,odd_char; repeated_root P=3,
OD-027,9,3,2,21,2,6,odd,1,7,3,3,3,1|3|3,3|3|3,True,True,True,True,True,0.001032,,odd_char; repeated_root P=3,
OD-027,9,3,2,21,3,7,odd,1,7,3,4,3,1|3|3,3|3|3,True,True,True,True,True,0.001015,,odd_char; repeated_root P=3,
OD-027,9,3,2,21,4,2,odd,1,7,3,2,3,1|3|3,3|3|3,True,True,True,True,True,0.002187,,odd_char; repeated_root P=3,
OD-027,9,3,2,21,5,8,odd,1,7,3,5,3,1|3|3,3|3|3,True,True,True,True,True,0.002071,,odd_char; repeated_root P=3,
OD-027,9,3,2,21,6,3,odd,1,7,3,6,3,1|3|3,3|3|3,True,True,True,True,True,0.001069,,odd_char; repeated_root P=3,
OD-027,9,3,2,21,7,5,odd,1,7,3,8,3,1|3|3,3|3|3,True,True,True,True,True,0.001759,,odd_char; repeated_root P=3,
OD-028,9,3,2,25,0,1,odd,0,25,1,1,5,1|2|2|10|10,1|1|1|1|1,True,True,True,True,True,0.025534,,odd_char; semisimple,
OD-028,9,3,2,25,1,4,odd,0,25,1,4,5,1|2|2|10|10,1|1|1|1|1,True,True,True,True,True,0.068307,,odd_char; semisimple,
OD-028,9,3,2,25,2,6,odd,0,25,1,6,5,1|2|2|10|10,1|1|1|1|1,True,True,True,True,True,0.024201,,odd_char; semisimple,
OD-028,9,3,2,25,3,7,odd,0,25,1,7,5,1|2|2|10|10,1|1|1|1|1,True,True,True,True,True,0.024267,,odd_char; semisimple,
OD-028,9,3,2,25,4,2,odd,0,25,1,2,5,1|2|2|10|10,1|1|1|1|1,True,True,True,True,True,0.013931,,odd_char; semisimple,
OD-028,9,3,2,25,5,8,odd,0,25,1,8,5,1|2|2|10|10,1|1|1|1|1,True,True,True,True,True,0.033147,,odd_char; semisimple,
OD-028,9,3,2,25,6,3,odd,0,25,1,3,5,1|2|2|10|10,1|1|1|1|1,True,True,True,True,True,0.025495,,odd_char; semisimple,
OD-028,9,3,2,25,7,5,odd,0,25,1,5,5,1|2|2|10|10,1|1|1|1|1,True,True,True,True,True,0.01539,,odd_char; semisimple,
OD-029,9,3,2,31,0,1,odd,0,31,1,1,3,1|15|15,1|1|1,True,True,True,True,True,0.058641,,odd_char; semisimple,
OD-029,9,3,2,31,1,4,odd,0,31,1,4,3,1|15|15,1|1|1,True,True,True,True,True,0.052805,,odd_char; semisimple,
OD-029,9,3,2,31,2,6,odd,0,31,1,6,3,1|15|15,1|1|1,True,True,True,True,True,0.052732,,odd_char; semisimple,
OD-029,9,3,2,31,3,7,odd,0,31,1,7,3,1|15|15,1|1|1,True,True,True,True,True,0.278744,,odd_char; semisimple,
OD-029,9,3,2,31,4,2,odd,0,31,1,2,3,1|15|15,1|1|1,True,True,True,True,True,0.053945,,odd_char; semisimple,
OD-029,9,3,2,31,5,8,odd,0,31,1,8,3,1|15|15,1|1|1,True,True,True,True,True,0.051369,,odd_char; semisimple,
OD-029,9,3,2,31,6,3,odd,0,31,1,3,3,1|15|15,1|1|1,True,True,True,True,True,0.13323,,odd_char; semisimple,
OD-029,9,3,2,31,7,5,odd,0,31,1,5,3,1|15|15,1|1|1,True,True,True,True,True,0.051877,,odd_char; semisimple,
OD-030,9,3,2,35,0,1,odd,0,35,1,1,9,1|2|2|3|3|6|6|6|6,1|1|1|1|1|1|1|1|1,True,True,True,True,True,0.070829,,odd_char; semisimple,
OD-030,9,3,2,35,1,4,odd,0,35,1,4,9,1|2|2|3|3|6|6|6|6,1|1|1|1|1|1|1|1|1,True,True,True,True,True,0.030369,,odd_char; semisimple,
OD-030,9,3,2,35,2,6,odd,0,35,1,6,9,1|2|2|3|3|6|6|6|6,1|1|1|1|1|1|1|1|1,True,True,True,True,True,0.038406,,odd_char; semisimple,
OD-030,9,3,2,35,3,7,odd,0,35,1,7,9,1|2|2|3|3|6|6|6|6,1|1|1|1|1|1|1|1|1,True,True,True,True,True,0.026438,,odd_char; semisimple,
OD-030,9,3,2,35,4,2,odd,0,35,1,2,9,1|2|2|3|3|6|6|6|6,1|1|1|1|1|1|1|1|1,True,True,True,True,True,0.04422,,odd_char; semisimple,
OD-030,9,3,2,35,5,8,odd,0,35,1,8,9,1|2|2|3|3|6|6|6|6,1|1|1|1|1|1|1|1|1,True,True,True,True,True,0.062384,,odd_char; semisimple,
OD-030,9,3,2,35,6,3,odd,0,35,1,3,9,1|2|2|3|3|6|6|6|6,1|1|1|1|1|1|1|1|1,True,True,True,True,True,0.042049,,odd_char; semisimple,
OD-030,9,3,2,35,7,5,odd,0,35,1,5,9,1|2|2|3|3|6|6|6|6,1|1|1|1|1|1|1|1|1,True,True,True,True,True,0.054396,,odd_char; semisimple,
OD-031,25,5,2,3,0,1,odd,0,3,1,1,3,1|1|1,1|1|1,True,True,True,True,True,0.000357,,odd_char; semisimple,
OD-031,25,5,2,3,1,6,odd,0,3,1,6,1,3,1,True,True,True,True,True,0.000298,,odd_char; semisimple,
OD-031,25,5,2,3,2,14,odd,0,3,1,14,1,3,1,True,True,True,True,True,0.000311,,odd_char; semisimple,
OD-031,25,5,2,3,3,5,odd,0,3,1,5,3,1|1|1,1|1|1,True,True,True,True,True,0.000701,,odd_char; semisimple,
OD-031,25,5,2,3,4,8,odd,0,3,1,8,1,3,1,True,True,True,True,True,0.000234,,odd_char; semisimple,
OD-031,25,5,2,3,5,21,odd,0,3,1,21,1,3,1,True,True,True,True,True,0.000221,,odd_char; semisimple,
OD-031,25,5,2,3,6,3,odd,0,3,1,3,3,1|1|1,1|1|1,True,True,True,True,True,0.000445,,odd_char; semisimple,
OD-031,25,5,2,3,7,18,odd,0,3,1,18,1,3,1,True,True,True,True,True,0.000238,,odd_char; semisimple,
OD-031,25,5,2,3,8,7,odd,0,3,1,7,1,3,1,True,True,True,True,True,0.00025,,odd_char; semisimple,
OD-031,25,5,2,3,9,15,odd,0,3,1,15,3,1|1|1,1|1|1,True,True,True,True,True,0.000593,,odd_char; semisimple,
OD-031,25,5,2,3,10,19,odd,0,3,1,19,1,3,1,True,True,True,True,True,0.000213,,odd_char; semisimple,
OD-031,25,5,2,3,11,13,odd,0,3,1,13,1,3,1,True,True,True,True,True,0.000285,,odd_char; semisimple,
OD-031,25,5,2,3,12,4,odd,0,3,1,4,3,1|1|1,1|1|1,True,True,True,True,True,0.000451,,odd_char; semisimple,
OD-031,25,5,2,3,13,24,odd,0,3,1,24,1,3,1,True,True,True,True,True,0.000345,,odd_char; semisimple,
OD-031,25,5,2,3,14,16,odd,0,3,1,16,1,3,1,True,True,True,True,True,0.000291,,odd_char; semisimple,
OD-031,25,5,2,3,15,20,odd,0,3,1,20,3,1|1|1,1|1|1,True,True,True,True,True,0.000352,,odd_char; semisimple,
OD-031,25,5,2,3,16,22,odd,0,3,1,22,1,3,1,True,True,True,True,True,0.000239,,odd_char; semisimple,
OD-031,25,5,2,3,17,9,odd,0,3,1,9,1,3,1,True,True,True,True,True,0.000236,,odd_char; semisimple,
OD-031,25,5,2,3,18,2,odd,0,3,1,2,3,1|1|1,1|1|1,True,True,True,True,True,0.00032,,odd_char; semisimple,
OD-031,25,5,2,3,19,12,odd,0,3,1,12,1,3,1,True,True,True,True,True,0.000228,,odd_char; semisimple,
OD-031,25,5,2,3,20,23,odd,0,3,1,23,1,3,1,True,True,True,True,True,0.000207,,odd_char; semisimple,
OD-031,25,5,2,3,21,10,odd,0,3,1,10,3,1|1|1,1|1|1,True,True,True,True,True,0.000396,,odd_char; semisimple,
OD-031,25,5,2,3,22,11,odd,0,3,1,11,1,3,1,True,True,True,True,True,0.00026,,odd_char; semisimple,
OD-031,25,5,2,3,23,17,odd,0,3,1,17,1,3,1,True,True,True,True,True,0.000223,,odd_char; semisimple,
OD-032,25,5,2,5,0,1,odd,1,1,5,1,1,1,5,True,True,True,True,True,4.5e-05,,odd_char; repeated_root P=5,
OD-032,25,5,2,5,1,6,odd,1,1,5,21,1,1,5,True,True,True,True,True,3.7e-05,,odd_char; repeated_root P=5,
OD-032,25,5,2,5,2,14,odd,1,1,5,19,1,1,5,True,True,True,True,True,3.3e-05,,odd_char; repeated_root P=5,
OD-032,25,5,2,5,3,5,odd,1,1,5,20,1,1,5,True,True,True,True,True,3.2e-05,,odd_char; repeated_root P=5,
OD-032,25,5,2,5,4,8,odd,1,1,5,23,1,1,5,True,True,True,True,True,2.5e-05,,odd_char; repeated_root P=5,
OD-032,25,5,2,5,5,21,odd,1,1,5,6,1,1,5,True,True,True,True,True,3.2e-05,,odd_char; repeated_root P=5,
OD-032,25,5,2,5,6,3,odd,1,1,5,3,1,1,5,True,True,True,True,True,3.1e-05,,odd_char; repeated_root P=5,
OD-032,25,5,2,5,7,18,odd,1,1,5,13,1,1,5,True,True,True,True,True,8.5e-05,,odd_char; repeated_root P=5,
OD-032,25,5,2,5,8,7,odd,1,1,5,22,1,1,5,True,True,True,True,True,3.6e-05,,odd_char; repeated_root P=5,
OD-032,25,5,2,5,9,15,odd,1,1,5,10,1,1,5,True,True,True,True,True,3.2e-05,,odd_char; repeated_root P=5,
OD-032,25,5,2,5,10,19,odd,1,1,5,14,1,1,5,True,True,True,True,True,3.3e-05,,odd_char; repeated_root P=5,
OD-032,25,5,2,5,11,13,odd,1,1,5,18,1,1,5,True,True,True,True,True,3.3e-05,,odd_char; repeated_root P=5,
OD-032,25,5,2,5,12,4,odd,1,1,5,4,1,1,5,True,True,True,True,True,3.4e-05,,odd_char; repeated_root P=5,
OD-032,25,5,2,5,13,24,odd,1,1,5,9,1,1,5,True,True,True,True,True,3.4e-05,,odd_char; repeated_root P=5,
OD-032,25,5,2,5,14,16,odd,1,1,5,11,1,1,5,True,True,True,True,True,7e-05,,odd_char; repeated_root P=5,
OD-032,25,5,2,5,15,20,odd,1,1,5,5,1,1,5,True,True,True,True,True,4.4e-05,,odd_char; repeated_root P=5,
OD-032,25,5,2,5,16,22,odd,1,1,5,7,1,1,5,True,True,True,True,True,3.8e-05,,odd_char; repeated_root P=5,
OD-032,25,5,2,5,17,9,odd,1,1,5,24,1,1,5,True,True,True,True,True,3.7e-05,,odd_char; repeated_root P=5,
OD-032,25,5,2,5,18,2,odd,1,1,5,2,1,1,5,True,True,True,True,True,3.7e-05,,odd_char; repeated_root P=5,
OD-032,25,5,2,5,19,12,odd,1,1,5,17,1,1,5,True,True,True,True,True,3.2e-05,,odd_char; repeated_root P=5,
OD-032,25,5,2,5,20,23,odd,1,1,5,8,1,1,5,True,True,True,True,True,3.3e-05,,odd_char; repeated_root P=5,
OD-032,25,5,2,5,21,10,odd,1,1,5,15,1,1,5,True,True,True,True,True,3.6e-05,,odd_char; repeated_root P=5,
OD-032,25,5,2,5,22,11,odd,1,1,5,16,1,1,5,True,True,True,True,True,3.4e-05,,odd_char; repeated_root P=5,
OD-032,25,5,2,5,23,17,odd,1,1,5,12,1,1,5,True,True,True,True,True,3.6e-05,,odd_char; repeated_root P=5,
OD-033,25,5,2,7,0,1,odd,0,7,1,1,3,1|3|3,1|1|1,True,True,True,True,True,0.0027,,odd_char; semisimple,
OD-033,25,5,2,7,1,6,odd,0,7,1,6,3,1|3|3,1|1|1,True,True,True,True,True,0.001523,,odd_char; semisimple,
OD-033,25,5,2,7,2,14,odd,0,7,1,14,3,1|3|3,1|1|1,True,True,True,True,True,0.001618,,odd_char; semisimple,
OD-033,25,5,2,7,3,5,odd,0,7,1,5,3,1|3|3,1|1|1,True,True,True,True,True,0.001571,,odd_char; semisimple,
OD-033,25,5,2,7,4,8,odd,0,7,1,8,3,1|3|3,1|1|1,True,True,True,True,True,0.001559,,odd_char; semisimple,
OD-033,25,5,2,7,5,21,odd,0,7,1,21,3,1|3|3,1|1|1,True,True,True,True,True,0.002364,,odd_char; semisimple,
OD-033,25,5,2,7,6,3,odd,0,7,1,3,3,1|3|3,1|1|1,True,True,True,True,True,0.001559,,odd_char; semisimple,
OD-033,25,5,2,7,7,18,odd,0,7,1,18,3,1|3|3,1|1|1,True,True,True,True,True,0.001454,,odd_char; semisimple,
OD-033,25,5,2,7,8,7,odd,0,7,1,7,3,1|3|3,1|1|1,True,True,True,True,True,0.001561,,odd_char; semisimple,
OD-033,25,5,2,7,9,15,odd,0,7,1,15,3,1|3|3,1|1|1,True,True,True,True,True,0.002729,,odd_char; semisimple,
OD-033,25,5,2,7,10,19,odd,0,7,1,19,3,1|3|3,1|1|1,True,True,True,True,True,0.001552,,odd_char; semisimple,
OD-033,25,5,2,7,11,13,odd,0,7,1,13,3,1|3|3,1|1|1,True,True,True,True,True,0.001854,,odd_char; semisimple,
OD-033,25,5,2,7,12,4,odd,0,7,1,4,3,1|3|3,1|1|1,True,True,True,True,True,0.001797,,odd_char; semisimple,
OD-033,25,5,2,7,13,24,odd,0,7,1,24,3,1|3|3,1|1|1,True,True,True,True,True,0.00133,,odd_char; semisimple,
OD-033,25,5,2,7,14,16,odd,0,7,1,16,3,1|3|3,1|1|1,True,True,True,True,True,0.002097,,odd_char; semisimple,
OD-033,25,5,2,7,15,20,odd,0,7,1,20,3,1|3|3,1|1|1,True,True,True,True,True,0.001976,,odd_char; semisimple,
OD-033,25,5,2,7,16,22,odd,0,7,1,22,3,1|3|3,1|1|1,True,True,True,True,True,0.002457,,odd_char; semisimple,
OD-033,25,5,2,7,17,9,odd,0,7,1,9,3,1|3|3,1|1|1,True,True,True,True,True,0.001426,,odd_char; semisimple,
OD-033,25,5,2,7,18,2,odd,0,7,1,2,3,1|3|3,1|1|1,True,True,True,True,True,0.001457,,odd_char; semisimple,
OD-033,25,5,2,7,19,12,odd,0,7,1,12,3,1|3|3,1|1|1,True,True,True,True,True,0.002105,,odd_char; semisimple,
OD-033,25,5,2,7,20,23,odd,0,7,1,23,3,1|3|3,1|1|1,True,True,True,True,True,0.00137,,odd_char; semisimple,
OD-033,25,5,2,7,21,10,odd,0,7,1,10,3,1|3|3,1|1|1,True,True,True,True,True,0.00432,,odd_char; semisimple,
OD-033,25,5,2,7,22,11,odd,0,7,1,11,3,1|3|3,1|1|1,True,True,True,True,True,0.001709,,odd_char; semisimple,
OD-033,25,5,2,7,23,17,odd,0,7,1,17,3,1|3|3,1|1|1,True,True,True,True,True,0.001525,,odd_char; semisimple,
OD-034,25,5,2,9,0,1,odd,0,9,1,1,5,1|1|1|3|3,1|1|1|1|1,True,True,True,True,True,0.001461,,odd_char; semisimple,
OD-034,25,5,2,9,1,6,odd,0,9,1,6,1,9,1,True,True,True,True,True,0.000813,,odd_char; semisimple,
OD-034,25,5,2,9,2,14,odd,0,9,1,14,1,9,1,True,True,True,True,True,0.000818,,odd_char; semisimple,
OD-034,25,5,2,9,3,5,odd,0,9,1,5,5,1|1|1|3|3,1|1|1|1|1,True,True,True,True,True,0.001753,,odd_char; semisimple,
OD-034,25,5,2,9,4,8,odd,0,9,1,8,1,9,1,True,True,True,True,True,0.001048,,odd_char; semisimple,
OD-034,25,5,2,9,5,21,odd,0,9,1,21,1,9,1,True,True,True,True,True,0.000968,,odd_char; semisimple,
OD-034,25,5,2,9,6,3,odd,0,9,1,3,5,1|1|1|3|3,1|1|1|1|1,True,True,True,True,True,0.00156,,odd_char; semisimple,
OD-034,25,5,2,9,7,18,odd,0,9,1,18,1,9,1,True,True,True,True,True,0.000832,,odd_char; semisimple,
OD-034,25,5,2,9,8,7,odd,0,9,1,7,1,9,1,True,True,True,True,True,0.000771,,odd_char; semisimple,
OD-034,25,5,2,9,9,15,odd,0,9,1,15,5,1|1|1|3|3,1|1|1|1|1,True,True,True,True,True,0.001718,,odd_char; semisimple,
OD-034,25,5,2,9,10,19,odd,0,9,1,19,1,9,1,True,True,True,True,True,0.000777,,odd_char; semisimple,
OD-034,25,5,2,9,11,13,odd,0,9,1,13,1,9,1,True,True,True,True,True,0.000853,,odd_char; semisimple,
OD-034,25,5,2,9,12,4,odd,0,9,1,4,5,1|1|1|3|3,1|1|1|1|1,True,True,True,True,True,0.003177,,odd_char; semisimple,
OD-034,25,5,2,9,13,24,odd,0,9,1,24,1,9,1,True,True,True,True,True,0.001002,,odd_char; semisimple,
OD-034,25,5,2,9,14,16,odd,0,9,1,16,1,9,1,True,True,True,True,True,0.000834,,odd_char; semisimple,
OD-034,25,5,2,9,15,20,odd,0,9,1,20,5,1|1|1|3|3,1|1|1|1|1,True,True,True,True,True,0.002378,,odd_char; semisimple,
OD-034,25,5,2,9,16,22,odd,0,9,1,22,1,9,1,True,True,True,True,True,0.000897,,odd_char; semisimple,
OD-034,25,5,2,9,17,9,odd,0,9,1,9,1,9,1,True,True,True,True,True,0.000733,,odd_char; semisimple,
OD-034,25,5,2,9,18,2,odd,0,9,1,2,5,1|1|1|3|3,1|1|1|1|1,True,True,True,True,True,0.001561,,odd_char; semisimple,
OD-034,25,5,2,9,19,12,odd,0,9,1,12,1,9,1,True,True,True,True,True,0.000781,,odd_char; semisimple,
OD-034,25,5,2,9,20,23,odd,0,9,1,23,1,9,1,True,True,True,True,True,0.000818,,odd_char; semisimple,
OD-034,25,5,2,9,21,10,odd,0,9,1,10,5,1|1|1|3|3,1|1|1|1|1,True,True,True,True,True,0.001469,,odd_char; semisimple,
OD-034,25,5,2,9,22,11,odd,0,9,1,11,1,9,1,True,True,True,True,True,0.000888,,odd_char; semisimple,
OD-034,25,5,2,9,23,17,odd,0,9,1,17,1,9,1,True,True,True,True,True,0.000842,,odd_char; semisimple,
OD-035,25,5,2,15,0,1,odd,1,3,5,1,3,1|1|1,5|5|5,True,True,True,True,True,0.000386,,odd_char; repeated_root P=5,
OD-035,25,5,2,15,1,6,odd,1,3,5,21,1,3,5,True,True,True,True,True,0.000305,,odd_char; repeated_root P=5,
OD-035,25,5,2,15,2,14,odd,1,3,5,19,1,3,5,True,True,True,True,True,0.000242,,odd_char; repeated_root P=5,
OD-035,25,5,2,15,3,5,odd,1,3,5,20,3,1|1|1,5|5|5,True,True,True,True,True,0.000334,,odd_char; repeated_root P=5,
OD-035,25,5,2,15,4,8,odd,1,3,5,23,1,3,5,True,True,True,True,True,0.000224,,odd_char; repeated_root P=5,
OD-035,25,5,2,15,5,21,odd,1,3,5,6,1,3,5,True,True,True,True,True,0.000297,,odd_char; repeated_root P=5,
OD-035,25,5,2,15,6,3,odd,1,3,5,3,3,1|1|1,5|5|5,True,True,True,True,True,0.000464,,odd_char; repeated_root P=5,
OD-035,25,5,2,15,7,18,odd,1,3,5,13,1,3,5,True,True,True,True,True,0.000235,,odd_char; repeated_root P=5,
OD-035,25,5,2,15,8,7,odd,1,3,5,22,1,3,5,True,True,True,True,True,0.000287,,odd_char; repeated_root P=5,
OD-035,25,5,2,15,9,15,odd,1,3,5,10,3,1|1|1,5|5|5,True,True,True,True,True,0.000497,,odd_char; repeated_root P=5,
OD-035,25,5,2,15,10,19,odd,1,3,5,14,1,3,5,True,True,True,True,True,0.000232,,odd_char; repeated_root P=5,
OD-035,25,5,2,15,11,13,odd,1,3,5,18,1,3,5,True,True,True,True,True,0.000296,,odd_char; repeated_root P=5,
OD-035,25,5,2,15,12,4,odd,1,3,5,4,3,1|1|1,5|5|5,True,True,True,True,True,0.000534,,odd_char; repeated_root P=5,
OD-035,25,5,2,15,13,24,odd,1,3,5,9,1,3,5,True,True,True,True,True,0.000308,,odd_char; repeated_root P=5,
OD-035,25,5,2,15,14,16,odd,1,3,5,11,1,3,5,True,True,True,True,True,0.000322,,odd_char; repeated_root P=5,
OD-035,25,5,2,15,15,20,odd,1,3,5,5,3,1|1|1,5|5|5,True,True,True,True,True,0.000805,,odd_char; repeated_root P=5,
OD-035,25,5,2,15,16,22,odd,1,3,5,7,1,3,5,True,True,True,True,True,0.000275,,odd_char; repeated_root P=5,
OD-035,25,5,2,15,17,9,odd,1,3,5,24,1,3,5,True,True,True,True,True,0.000237,,odd_char; repeated_root P=5,
OD-035,25,5,2,15,18,2,odd,1,3,5,2,3,1|1|1,5|5|5,True,True,True,True,True,0.000406,,odd_char; repeated_root P=5,
OD-035,25,5,2,15,19,12,odd,1,3,5,17,1,3,5,True,True,True,True,True,0.00025,,odd_char; repeated_root P=5,
OD-035,25,5,2,15,20,23,odd,1,3,5,8,1,3,5,True,True,True,True,True,0.000244,,odd_char; repeated_root P=5,
OD-035,25,5,2,15,21,10,odd,1,3,5,15,3,1|1|1,5|5|5,True,True,True,True,True,0.000699,,odd_char; repeated_root P=5,
OD-035,25,5,2,15,22,11,odd,1,3,5,16,1,3,5,True,True,True,True,True,0.000409,,odd_char; repeated_root P=5,
OD-035,25,5,2,15,23,17,odd,1,3,5,12,1,3,5,True,True,True,True,True,0.000297,,odd_char; repeated_root P=5,
OD-036,25,5,2,17,0,1,odd,0,17,1,1,3,1|8|8,1|1|1,True,True,True,True,True,0.021014,,odd_char; semisimple,
OD-036,25,5,2,17,1,6,odd,0,17,1,6,3,1|8|8,1|1|1,True,True,True,True,True,0.068857,,odd_char; semisimple,
OD-036,25,5,2,17,2,14,odd,0,17,1,14,3,1|8|8,1|1|1,True,True,True,True,True,0.073623,,odd_char; semisimple,
OD-036,25,5,2,17,3,5,odd,0,17,1,5,3,1|8|8,1|1|1,True,True,True,True,True,0.02968,,odd_char; semisimple,
OD-036,25,5,2,17,4,8,odd,0,17,1,8,3,1|8|8,1|1|1,True,True,True,True,True,0.015332,,odd_char; semisimple,
OD-036,25,5,2,17,5,21,odd,0,17,1,21,3,1|8|8,1|1|1,True,True,True,True,True,0.016467,,odd_char; semisimple,
OD-036,25,5,2,17,6,3,odd,0,17,1,3,3,1|8|8,1|1|1,True,True,True,True,True,0.025711,,odd_char; semisimple,
OD-036,25,5,2,17,7,18,odd,0,17,1,18,3,1|8|8,1|1|1,True,True,True,True,True,0.016664,,odd_char; semisimple,
OD-036,25,5,2,17,8,7,odd,0,17,1,7,3,1|8|8,1|1|1,True,True,True,True,True,0.014938,,odd_char; semisimple,
OD-036,25,5,2,17,9,15,odd,0,17,1,15,3,1|8|8,1|1|1,True,True,True,True,True,0.014627,,odd_char; semisimple,
OD-036,25,5,2,17,10,19,odd,0,17,1,19,3,1|8|8,1|1|1,True,True,True,True,True,0.015609,,odd_char; semisimple,
OD-036,25,5,2,17,11,13,odd,0,17,1,13,3,1|8|8,1|1|1,True,True,True,True,True,0.060672,,odd_char; semisimple,
OD-036,25,5,2,17,12,4,odd,0,17,1,4,3,1|8|8,1|1|1,True,True,True,True,True,0.016252,,odd_char; semisimple,
OD-036,25,5,2,17,13,24,odd,0,17,1,24,3,1|8|8,1|1|1,True,True,True,True,True,0.015121,,odd_char; semisimple,
OD-036,25,5,2,17,14,16,odd,0,17,1,16,3,1|8|8,1|1|1,True,True,True,True,True,0.024926,,odd_char; semisimple,
OD-036,25,5,2,17,15,20,odd,0,17,1,20,3,1|8|8,1|1|1,True,True,True,True,True,0.024724,,odd_char; semisimple,
OD-036,25,5,2,17,16,22,odd,0,17,1,22,3,1|8|8,1|1|1,True,True,True,True,True,0.024795,,odd_char; semisimple,
OD-036,25,5,2,17,17,9,odd,0,17,1,9,3,1|8|8,1|1|1,True,True,True,True,True,0.023921,,odd_char; semisimple,
OD-036,25,5,2,17,18,2,odd,0,17,1,2,3,1|8|8,1|1|1,True,True,True,True,True,0.021741,,odd_char; semisimple,
OD-036,25,5,2,17,19,12,odd,0,17,1,12,3,1|8|8,1|1|1,True,True,True,True,True,0.040046,,odd_char; semisimple,
OD-036,25,5,2,17,20,23,odd,0,17,1,23,3,1|8|8,1|1|1,True,True,True,True,True,0.029518,,odd_char; semisimple,
OD-036,25,5,2,17,21,10,odd,0,17,1,10,3,1|8|8,1|1|1,True,True,True,True,True,0.019955,,odd_char; semisimple,
OD-036,25,5,2,17,22,11,odd,0,17,1,11,3,1|8|8,1|1|1,True,True,True,True,True,0.041122,,odd_char; semisimple,
OD-036,25,5,2,17,23,17,odd,0,17,1,17,3,1|8|8,1|1|1,True,True,True,True,True,0.016452,,odd_char; semisimple,
OD-037,25,5,2,21,0,1,odd,0,21,1,1,9,1|1|1|3|3|3|3|3|3,1|1|1|1|1|1|1|1|1,True,True,True,True,True,0.025027,,odd_char; semisimple,
OD-037,25,5,2,21,1,6,odd,0,21,1,6,7,3|3|3|3|3|3|3,1|1|1|1|1|1|1,True,True,True,True,True,0.029584,,odd_char; semisimple,
OD-037,25,5,2,21,2,14,odd,0,21,1,14,7,3|3|3|3|3|3|3,1|1|1|1|1|1|1,True,True,True,True,True,0.030153,,odd_char; semisimple,
OD-037,25,5,2,21,3,5,odd,0,21,1,5,9,1|1|1|3|3|3|3|3|3,1|1|1|1|1|1|1|1|1,True,True,True,True,True,0.017289,,odd_char; semisimple,
OD-037,25,5,2,21,4,8,odd,0,21,1,8,7,3|3|3|3|3|3|3,1|1|1|1|1|1|1,True,True,True,True,True,0.04411,,odd_char; semisimple,
OD-037,25,5,2,21,5,21,odd,0,21,1,21,7,3|3|3|3|3|3|3,1|1|1|1|1|1|1,True,True,True,True,True,0.025383,,odd_char; semisimple,
OD-037,25,5,2,21,6,3,odd,0,21,1,3,9,1|1|1|3|3|3|3|3|3,1|1|1|1|1|1|1|1|1,True,True,True,True,True,0.019672,,odd_char; semisimple,
OD-037,25,5,2,21,7,18,odd,0,21,1,18,7,3|3|3|3|3|3|3,1|1|1|1|1|1|1,True,True,True,True,True,0.050805,,odd_char; semisimple,
OD-037,25,5,2,21,8,7,odd,0,21,1,7,7,3|3|3|3|3|3|3,1|1|1|1|1|1|1,True,True,True,True,True,0.039391,,odd_char; semisimple,
OD-037,25,5,2,21,9,15,odd,0,21,1,15,9,1|1|1|3|3|3|3|3|3,1|1|1|1|1|1|1|1|1,True,True,True,True,True,0.022828,,odd_char; semisimple,
OD-037,25,5,2,21,10,19,odd,0,21,1,19,7,3|3|3|3|3|3|3,1|1|1|1|1|1|1,True,True,True,True,True,0.020849,,odd_char; semisimple,
OD-037,25,5,2,21,11,13,odd,0,21,1,13,7,3|3|3|3|3|3|3,1|1|1|1|1|1|1,True,True,True,True,True,0.027888,,odd_char; semisimple,
OD-037,25,5,2,21,12,4,odd,0,21,1,4,9,1|1|1|3|3|3|3|3|3,1|1|1|1|1|1|1|1|1,True,True,True,True,True,0.021616,,odd_char; semisimple,
OD-037,25,5,2,21,13,24,odd,0,21,1,24,7,3|3|3|3|3|3|3,1|1|1|1|1|1|1,True,True,True,True,True,0.023906,,odd_char; semisimple,
OD-037,25,5,2,21,14,16,odd,0,21,1,16,7,3|3|3|3|3|3|3,1|1|1|1|1|1|1,True,True,True,True,True,0.032027,,odd_char; semisimple,
OD-037,25,5,2,21,15,20,odd,0,21,1,20,9,1|1|1|3|3|3|3|3|3,1|1|1|1|1|1|1|1|1,True,True,True,True,True,0.013539,,odd_char; semisimple,
OD-037,25,5,2,21,16,22,odd,0,21,1,22,7,3|3|3|3|3|3|3,1|1|1|1|1|1|1,True,True,True,True,True,0.03104,,odd_char; semisimple,
OD-037,25,5,2,21,17,9,odd,0,21,1,9,7,3|3|3|3|3|3|3,1|1|1|1|1|1|1,True,True,True,True,True,0.036398,,odd_char; semisimple,
OD-037,25,5,2,21,18,2,odd,0,21,1,2,9,1|1|1|3|3|3|3|3|3,1|1|1|1|1|1|1|1|1,True,True,True,True,True,0.016183,,odd_char; semisimple,
OD-037,25,5,2,21,19,12,odd,0,21,1,12,7,3|3|3|3|3|3|3,1|1|1|1|1|1|1,True,True,True,True,True,0.030091,,odd_char; semisimple,
OD-037,25,5,2,21,20,23,odd,0,21,1,23,7,3|3|3|3|3|3|3,1|1|1|1|1|1|1,True,True,True,True,True,0.058293,,odd_char; semisimple,
OD-037,25,5,2,21,21,10,odd,0,21,1,10,9,1|1|1|3|3|3|3|3|3,1|1|1|1|1|1|1|1|1,True,True,True,True,True,0.025592,,odd_char; semisimple,
OD-037,25,5,2,21,22,11,odd,0,21,1,11,7,3|3|3|3|3|3|3,1|1|1|1|1|1|1,True,True,True,True,True,0.036715,,odd_char; semisimple,
OD-037,25,5,2,21,23,17,odd,0,21,1,17,7,3|3|3|3|3|3|3,1|1|1|1|1|1|1,True,True,True,True,True,0.057691,,odd_char; semisimple,
OD-038,25,5,2,25,0,1,odd,2,1,25,1,1,1,25,True,True,True,True,True,0.000174,,odd_char; repeated_root P=25,
OD-038,25,5,2,25,1,6,odd,2,1,25,6,1,1,25,True,True,True,True,True,0.000207,,odd_char; repeated_root P=25,
OD-038,25,5,2,25,2,14,odd,2,1,25,14,1,1,25,True,True,True,True,True,0.000149,,odd_char; repeated_root P=25,
OD-038,25,5,2,25,3,5,odd,2,1,25,5,1,1,25,True,True,True,True,True,0.000201,,odd_char; repeated_root P=25,
OD-038,25,5,2,25,4,8,odd,2,1,25,8,1,1,25,True,True,True,True,True,0.000244,,odd_char; repeated_root P=25,
OD-038,25,5,2,25,5,21,odd,2,1,25,21,1,1,25,True,True,True,True,True,0.000186,,odd_char; repeated_root P=25,
OD-038,25,5,2,25,6,3,odd,2,1,25,3,1,1,25,True,True,True,True,True,0.00015,,odd_char; repeated_root P=25,
OD-038,25,5,2,25,7,18,odd,2,1,25,18,1,1,25,True,True,True,True,True,0.000143,,odd_char; repeated_root P=25,
OD-038,25,5,2,25,8,7,odd,2,1,25,7,1,1,25,True,True,True,True,True,0.000186,,odd_char; repeated_root P=25,
OD-038,25,5,2,25,9,15,odd,2,1,25,15,1,1,25,True,True,True,True,True,0.000176,,odd_char; repeated_root P=25,
OD-038,25,5,2,25,10,19,odd,2,1,25,19,1,1,25,True,True,True,True,True,0.000184,,odd_char; repeated_root P=25,
OD-038,25,5,2,25,11,13,odd,2,1,25,13,1,1,25,True,True,True,True,True,0.000169,,odd_char; repeated_root P=25,
OD-038,25,5,2,25,12,4,odd,2,1,25,4,1,1,25,True,True,True,True,True,0.000217,,odd_char; repeated_root P=25,
OD-038,25,5,2,25,13,24,odd,2,1,25,24,1,1,25,True,True,True,True,True,0.000199,,odd_char; repeated_root P=25,
OD-038,25,5,2,25,14,16,odd,2,1,25,16,1,1,25,True,True,True,True,True,0.000173,,odd_char; repeated_root P=25,
OD-038,25,5,2,25,15,20,odd,2,1,25,20,1,1,25,True,True,True,True,True,0.000193,,odd_char; repeated_root P=25,
OD-038,25,5,2,25,16,22,odd,2,1,25,22,1,1,25,True,True,True,True,True,0.000265,,odd_char; repeated_root P=25,
OD-038,25,5,2,25,17,9,odd,2,1,25,9,1,1,25,True,True,True,True,True,0.00023,,odd_char; repeated_root P=25,
OD-038,25,5,2,25,18,2,odd,2,1,25,2,1,1,25,True,True,True,True,True,0.000243,,odd_char; repeated_root P=25,
OD-038,25,5,2,25,19,12,odd,2,1,25,12,1,1,25,True,True,True,True,True,0.00027,,odd_char; repeated_root P=25,
OD-038,25,5,2,25,20,23,odd,2,1,25,23,1,1,25,True,True,True,True,True,0.000237,,odd_char; repeated_root P=25,
OD-038,25,5,2,25,21,10,odd,2,1,25,10,1,1,25,True,True,True,True,True,0.000238,,odd_char; repeated_root P=25,
OD-038,25,5,2,25,22,11,odd,2,1,25,11,1,1,25,True,True,True,True,True,0.000278,,odd_char; repeated_root P=25,
OD-038,25,5,2,25,23,17,odd,2,1,25,17,1,1,25,True,True,True,True,True,0.000258,,odd_char; repeated_root P=25,
OD-039,25,5,2,31,0,1,odd,0,31,1,1,11,1|3|3|3|3|3|3|3|3|3|3,1|1|1|1|1|1|1|1|1|1|1,True,True,True,True,True,0.131117,,odd_char; semisimple,
OD-039,25,5,2,31,1,6,odd,0,31,1,6,11,1|3|3|3|3|3|3|3|3|3|3,1|1|1|1|1|1|1|1|1|1|1,True,True,True,True,True,0.068013,,odd_char; semisimple,
OD-039,25,5,2,31,2,14,odd,0,31,1,14,11,1|3|3|3|3|3|3|3|3|3|3,1|1|1|1|1|1|1|1|1|1|1,True,True,True,True,True,0.07138,,odd_char; semisimple,
OD-039,25,5,2,31,3,5,odd,0,31,1,5,11,1|3|3|3|3|3|3|3|3|3|3,1|1|1|1|1|1|1|1|1|1|1,True,True,True,True,True,0.071008,,odd_char; semisimple,
OD-039,25,5,2,31,4,8,odd,0,31,1,8,11,1|3|3|3|3|3|3|3|3|3|3,1|1|1|1|1|1|1|1|1|1|1,True,True,True,True,True,0.079282,,odd_char; semisimple,
OD-039,25,5,2,31,5,21,odd,0,31,1,21,11,1|3|3|3|3|3|3|3|3|3|3,1|1|1|1|1|1|1|1|1|1|1,True,True,True,True,True,0.108219,,odd_char; semisimple,
OD-039,25,5,2,31,6,3,odd,0,31,1,3,11,1|3|3|3|3|3|3|3|3|3|3,1|1|1|1|1|1|1|1|1|1|1,True,True,True,True,True,0.148551,,odd_char; semisimple,
OD-039,25,5,2,31,7,18,odd,0,31,1,18,11,1|3|3|3|3|3|3|3|3|3|3,1|1|1|1|1|1|1|1|1|1|1,True,True,True,True,True,0.069333,,odd_char; semisimple,
OD-039,25,5,2,31,8,7,odd,0,31,1,7,11,1|3|3|3|3|3|3|3|3|3|3,1|1|1|1|1|1|1|1|1|1|1,True,True,True,True,True,0.072433,,odd_char; semisimple,
OD-039,25,5,2,31,9,15,odd,0,31,1,15,11,1|3|3|3|3|3|3|3|3|3|3,1|1|1|1|1|1|1|1|1|1|1,True,True,True,True,True,0.068076,,odd_char; semisimple,
OD-039,25,5,2,31,10,19,odd,0,31,1,19,11,1|3|3|3|3|3|3|3|3|3|3,1|1|1|1|1|1|1|1|1|1|1,True,True,True,True,True,0.092429,,odd_char; semisimple,
OD-039,25,5,2,31,11,13,odd,0,31,1,13,11,1|3|3|3|3|3|3|3|3|3|3,1|1|1|1|1|1|1|1|1|1|1,True,True,True,True,True,0.06832,,odd_char; semisimple,
OD-039,25,5,2,31,12,4,odd,0,31,1,4,11,1|3|3|3|3|3|3|3|3|3|3,1|1|1|1|1|1|1|1|1|1|1,True,True,True,True,True,0.113671,,odd_char; semisimple,
OD-039,25,5,2,31,13,24,odd,0,31,1,24,11,1|3|3|3|3|3|3|3|3|3|3,1|1|1|1|1|1|1|1|1|1|1,True,True,True,True,True,0.083212,,odd_char; semisimple,
OD-039,25,5,2,31,14,16,odd,0,31,1,16,11,1|3|3|3|3|3|3|3|3|3|3,1|1|1|1|1|1|1|1|1|1|1,True,True,True,True,True,0.07671,,odd_char; semisimple,
OD-039,25,5,2,31,15,20,odd,0,31,1,20,11,1|3|3|3|3|3|3|3|3|3|3,1|1|1|1|1|1|1|1|1|1|1,True,True,True,True,True,0.147362,,odd_char; semisimple,
OD-039,25,5,2,31,16,22,odd,0,31,1,22,11,1|3|3|3|3|3|3|3|3|3|3,1|1|1|1|1|1|1|1|1|1|1,True,True,True,True,True,0.076301,,odd_char; semisimple,
OD-039,25,5,2,31,17,9,odd,0,31,1,9,11,1|3|3|3|3|3|3|3|3|3|3,1|1|1|1|1|1|1|1|1|1|1,True,True,True,True,True,0.122473,,odd_char; semisimple,
OD-039,25,5,2,31,18,2,odd,0,31,1,2,11,1|3|3|3|3|3|3|3|3|3|3,1|1|1|1|1|1|1|1|1|1|1,True,True,True,True,True,0.069779,,odd_char; semisimple,
OD-039,25,5,2,31,19,12,odd,0,31,1,12,11,1|3|3|3|3|3|3|3|3|3|3,1|1|1|1|1|1|1|1|1|1|1,True,True,True,True,True,0.080818,,odd_char; semisimple,
OD-039,25,5,2,31,20,23,odd,0,31,1,23,11,1|3|3|3|3|3|3|3|3|3|3,1|1|1|1|1|1|1|1|1|1|1,True,True,True,True,True,0.058088,,odd_char; semisimple,
OD-039,25,5,2,31,21,10,odd,0,31,1,10,11,1|3|3|3|3|3|3|3|3|3|3,1|1|1|1|1|1|1|1|1|1|1,True,True,True,True,True,0.113676,,odd_char; semisimple,
OD-039,25,5,2,31,22,11,odd,0,31,1,11,11,1|3|3|3|3|3|3|3|3|3|3,1|1|1|1|1|1|1|1|1|1|1,True,True,True,True,True,0.084775,,odd_char; semisimple,
OD-039,25,5,2,31,23,17,odd,0,31,1,17,11,1|3|3|3|3|3|3|3|3|3|3,1|1|1|1|1|1|1|1|1|1|1,True,True,True,True,True,0.090207,,odd_char; semisimple,
OD-040,25,5,2,35,0,1,odd,1,7,5,1,3,1|3|3,5|5|5,True,True,True,True,True,0.003025,,odd_char; repeated_root P=5,
OD-040,25,5,2,35,1,6,odd,1,7,5,21,3,1|3|3,5|5|5,True,True,True,True,True,0.002442,,odd_char; repeated_root P=5,
OD-040,25,5,2,35,2,14,odd,1,7,5,19,3,1|3|3,5|5|5,True,True,True,True,True,0.001703,,odd_char; repeated_root P=5,
OD-040,25,5,2,35,3,5,odd,1,7,5,20,3,1|3|3,5|5|5,True,True,True,True,True,0.002323,,odd_char; repeated_root P=5,
OD-040,25,5,2,35,4,8,odd,1,7,5,23,3,1|3|3,5|5|5,True,True,True,True,True,0.001487,,odd_char; repeated_root P=5,
OD-040,25,5,2,35,5,21,odd,1,7,5,6,3,1|3|3,5|5|5,True,True,True,True,True,0.001625,,odd_char; repeated_root P=5,
OD-040,25,5,2,35,6,3,odd,1,7,5,3,3,1|3|3,5|5|5,True,True,True,True,True,0.001711,,odd_char; repeated_root P=5,
OD-040,25,5,2,35,7,18,odd,1,7,5,13,3,1|3|3,5|5|5,True,True,True,True,True,0.001767,,odd_char; repeated_root P=5,
OD-040,25,5,2,35,8,7,odd,1,7,5,22,3,1|3|3,5|5|5,True,True,True,True,True,0.002411,,odd_char; repeated_root P=5,
OD-040,25,5,2,35,9,15,odd,1,7,5,10,3,1|3|3,5|5|5,True,True,True,True,True,0.004639,,odd_char; repeated_root P=5,
OD-040,25,5,2,35,10,19,odd,1,7,5,14,3,1|3|3,5|5|5,True,True,True,True,True,0.001727,,odd_char; repeated_root P=5,
OD-040,25,5,2,35,11,13,odd,1,7,5,18,3,1|3|3,5|5|5,True,True,True,True,True,0.001628,,odd_char; repeated_root P=5,
OD-040,25,5,2,35,12,4,odd,1,7,5,4,3,1|3|3,5|5|5,True,True,True,True,True,0.001689,,odd_char; repeated_root P=5,
OD-040,25,5,2,35,13,24,odd,1,7,5,9,3,1|3|3,5|5|5,True,True,True,True,True,0.001656,,odd_char; repeated_root P=5,
OD-040,25,5,2,35,14,16,odd,1,7,5,11,3,1|3|3,5|5|5,True,True,True,True,True,0.001627,,odd_char; repeated_root P=5,
OD-040,25,5,2,35,15,20,odd,1,7,5,5,3,1|3|3,5|5|5,True,True,True,True,True,0.001621,,odd_char; repeated_root P=5,
OD-040,25,5,2,35,16,22,odd,1,7,5,7,3,1|3|3,5|5|5,True,True,True,True,True,0.001599,,odd_char; repeated_root P=5,
OD-040,25,5,2,35,17,9,odd,1,7,5,24,3,1|3|3,5|5|5,True,True,True,True,True,0.001577,,odd_char; repeated_root P=5,
OD-040,25,5,2,35,18,2,odd,1,7,5,2,3,1|3|3,5|5|5,True,True,True,True,True,0.001608,,odd_char; repeated_root P=5,
OD-040,25,5,2,35,19,12,odd,1,7,5,17,3,1|3|3,5|5|5,True,True,True,True,True,0.0014,,odd_char; repeated_root P=5,
OD-040,25,5,2,35,20,23,odd,1,7,5,8,3,1|3|3,5|5|5,True,True,True,True,True,0.001331,,odd_char; repeated_root P=5,
OD-040,25,5,2,35,21,10,odd,1,7,5,15,3,1|3|3,5|5|5,True,True,True,True,True,0.00278,,odd_char; repeated_root P=5,
OD-040,25,5,2,35,22,11,odd,1,7,5,16,3,1|3|3,5|5|5,True,True,True,True,True,0.002165,,odd_char; repeated_root P=5,
OD-040,25,5,2,35,23,17,odd,1,7,5,12,3,1|3|3,5|5|5,True,True,True,True,True,0.002209,,odd_char; repeated_root P=5,
OD-041,27,3,3,3,0,1,odd,1,1,3,1,1,1,3,True,True,True,True,True,3.6e-05,,odd_char; repeated_root P=3,
OD-041,27,3,3,3,1,3,odd,1,1,3,4,1,1,3,True,True,True,True,True,2.9e-05,,odd_char; repeated_root P=3,
OD-041,27,3,3,3,2,9,odd,1,1,3,16,1,1,3,True,True,True,True,True,2.4e-05,,odd_char; repeated_root P=3,
OD-041,27,3,3,3,3,5,odd,1,1,3,3,1,1,3,True,True,True,True,True,2.9e-05,,odd_char; repeated_root P=3,
OD-041,27,3,3,3,4,15,odd,1,1,3,12,1,1,3,True,True,True,True,True,2.3e-05,,odd_char; repeated_root P=3,
OD-041,27,3,3,3,5,23,odd,1,1,3,26,1,1,3,True,True,True,True,True,2.1e-05,,odd_char; repeated_root P=3,
OD-041,27,3,3,3,6,13,odd,1,1,3,9,1,1,3,True,True,True,True,True,2.4e-05,,odd_char; repeated_root P=3,
OD-041,27,3,3,3,7,17,odd,1,1,3,14,1,1,3,True,True,True,True,True,2.5e-05,,odd_char; repeated_root P=3,
OD-041,27,3,3,3,8,20,odd,1,1,3,22,1,1,3,True,True,True,True,True,3.7e-05,,odd_char; repeated_root P=3,
OD-041,27,3,3,3,9,4,odd,1,1,3,5,1,1,3,True,True,True,True,True,2.6e-05,,odd_char; repeated_root P=3,
OD-041,27,3,3,3,10,12,odd,1,1,3,11,1,1,3,True,True,True,True,True,2.4e-05,,odd_char; repeated_root P=3,
OD-041,27,3,3,3,11,14,odd,1,1,3,10,1,1,3,True,True,True,True,True,2.2e-05,,odd_char; repeated_root P=3,
OD-041,27,3,3,3,12,11,odd,1,1,3,15,1,1,3,True,True,True,True,True,2.4e-05,,odd_char; repeated_root P=3,
OD-041,27,3,3,3,13,2,odd,1,1,3,2,1,1,3,True,True,True,True,True,2.5e-05,,odd_char; repeated_root P=3,
OD-041,27,3,3,3,14,6,odd,1,1,3,8,1,1,3,True,True,True,True,True,2.3e-05,,odd_char; repeated_root P=3,
OD-041,27,3,3,3,15,18,odd,1,1,3,23,1,1,3,True,True,True,True,True,2.3e-05,,odd_char; repeated_root P=3,
OD-041,27,3,3,3,16,7,odd,1,1,3,6,1,1,3,True,True,True,True,True,2.3e-05,,odd_char; repeated_root P=3,
OD-041,27,3,3,3,17,21,odd,1,1,3,24,1,1,3,True,True,True,True,True,2.2e-05,,odd_char; repeated_root P=3,
OD-041,27,3,3,3,18,16,odd,1,1,3,13,1,1,3,True,True,True,True,True,2.3e-05,,odd_char; repeated_root P=3,
OD-041,27,3,3,3,19,26,odd,1,1,3,18,1,1,3,True,True,True,True,True,2.2e-05,,odd_char; repeated_root P=3,
OD-041,27,3,3,3,20,22,odd,1,1,3,25,1,1,3,True,True,True,True,True,3.9e-05,,odd_char; repeated_root P=3,
OD-041,27,3,3,3,21,10,odd,1,1,3,17,1,1,3,True,True,True,True,True,2.8e-05,,odd_char; repeated_root P=3,
OD-041,27,3,3,3,22,8,odd,1,1,3,7,1,1,3,True,True,True,True,True,2.2e-05,,odd_char; repeated_root P=3,
OD-041,27,3,3,3,23,24,odd,1,1,3,19,1,1,3,True,True,True,True,True,3.4e-05,,odd_char; repeated_root P=3,
OD-041,27,3,3,3,24,25,odd,1,1,3,20,1,1,3,True,True,True,True,True,2.4e-05,,odd_char; repeated_root P=3,
OD-041,27,3,3,3,25,19,odd,1,1,3,21,1,1,3,True,True,True,True,True,2.3e-05,,odd_char; repeated_root P=3,
OD-042,27,3,3,5,0,1,odd,0,5,1,1,2,1|4,1|1,True,True,True,True,True,0.000641,,odd_char; semisimple,
OD-042,27,3,3,5,1,3,odd,0,5,1,3,2,1|4,1|1,True,True,True,True,True,0.000599,,odd_char; semisimple,
OD-042,27,3,3,5,2,9,odd,0,5,1,9,2,1|4,1|1,True,True,True,True,True,0.000612,,odd_char; semisimple,
OD-042,27,3,3,5,3,5,odd,0,5,1,5,2,1|4,1|1,True,True,True,True,True,0.000679,,odd_char; semisimple,
OD-042,27,3,3,5,4,15,odd,0,5,1,15,2,1|4,1|1,True,True,True,True,True,0.000564,,odd_char; semisimple,
OD-042,27,3,3,5,5,23,odd,0,5,1,23,2,1|4,1|1,True,True,True,True,True,0.000601,,odd_char; semisimple,
OD-042,27,3,3,5,6,13,odd,0,5,1,13,2,1|4,1|1,True,True,True,True,True,0.000554,,odd_char; semisimple,
OD-042,27,3,3,5,7,17,odd,0,5,1,17,2,1|4,1|1,True,True,True,True,True,0.000607,,odd_char; semisimple,
OD-042,27,3,3,5,8,20,odd,0,5,1,20,2,1|4,1|1,True,True,True,True,True,0.000582,,odd_char; semisimple,
OD-042,27,3,3,5,9,4,odd,0,5,1,4,2,1|4,1|1,True,True,True,True,True,0.000596,,odd_char; semisimple,
OD-042,27,3,3,5,10,12,odd,0,5,1,12,2,1|4,1|1,True,True,True,True,True,0.000681,,odd_char; semisimple,
OD-042,27,3,3,5,11,14,odd,0,5,1,14,2,1|4,1|1,True,True,True,True,True,0.000576,,odd_char; semisimple,
OD-042,27,3,3,5,12,11,odd,0,5,1,11,2,1|4,1|1,True,True,True,True,True,0.00061,,odd_char; semisimple,
OD-042,27,3,3,5,13,2,odd,0,5,1,2,2,1|4,1|1,True,True,True,True,True,0.000615,,odd_char; semisimple,
OD-042,27,3,3,5,14,6,odd,0,5,1,6,2,1|4,1|1,True,True,True,True,True,0.000599,,odd_char; semisimple,
OD-042,27,3,3,5,15,18,odd,0,5,1,18,2,1|4,1|1,True,True,True,True,True,0.000637,,odd_char; semisimple,
OD-042,27,3,3,5,16,7,odd,0,5,1,7,2,1|4,1|1,True,True,True,True,True,0.000683,,odd_char; semisimple,
OD-042,27,3,3,5,17,21,odd,0,5,1,21,2,1|4,1|1,True,True,True,True,True,0.000513,,odd_char; semisimple,
OD-042,27,3,3,5,18,16,odd,0,5,1,16,2,1|4,1|1,True,True,True,True,True,0.000661,,odd_char; semisimple,
OD-042,27,3,3,5,19,26,odd,0,5,1,26,2,1|4,1|1,True,True,True,True,True,0.000617,,odd_char; semisimple,
OD-042,27,3,3,5,20,22,odd,0,5,1,22,2,1|4,1|1,True,True,True,True,True,0.00063,,odd_char; semisimple,
OD-042,27,3,3,5,21,10,odd,0,5,1,10,2,1|4,1|1,True,True,True,True,True,0.000652,,odd_char; semisimple,
OD-042,27,3,3,5,22,8,odd,0,5,1,8,2,1|4,1|1,True,True,True,True,True,0.000629,,odd_char; semisimple,
OD-042,27,3,3,5,23,24,odd,0,5,1,24,2,1|4,1|1,True,True,True,True,True,0.000653,,odd_char; semisimple,
OD-042,27,3,3,5,24,25,odd,0,5,1,25,2,1|4,1|1,True,True,True,True,True,0.000655,,odd_char; semisimple,
OD-042,27,3,3,5,25,19,odd,0,5,1,19,2,1|4,1|1,True,True,True,True,True,0.000623,,odd_char; semisimple,
OD-043,27,3,3,7,0,1,odd,0,7,1,1,4,1|2|2|2,1|1|1|1,True,True,True,True,True,0.001789,,odd_char; semisimple,
OD-043,27,3,3,7,1,3,odd,0,7,1,3,4,1|2|2|2,1|1|1|1,True,True,True,True,True,0.002795,,odd_char; semisimple,
OD-043,27,3,3,7,2,9,odd,0,7,1,9,4,1|2|2|2,1|1|1|1,True,True,True,True,True,0.001861,,odd_char; semisimple,
OD-043,27,3,3,7,3,5,odd,0,7,1,5,4,1|2|2|2,1|1|1|1,True,True,True,True,True,0.001769,,odd_char; semisimple,
OD-043,27,3,3,7,4,15,odd,0,7,1,15,4,1|2|2|2,1|1|1|1,True,True,True,True,True,0.001778,,odd_char; semisimple,
OD-043,27,3,3,7,5,23,odd,0,7,1,23,4,1|2|2|2,1|1|1|1,True,True,True,True,True,0.001735,,odd_char; semisimple,
OD-043,27,3,3,7,6,13,odd,0,7,1,13,4,1|2|2|2,1|1|1|1,True,True,True,True,True,0.001781,,odd_char; semisimple,
OD-043,27,3,3,7,7,17,odd,0,7,1,17,4,1|2|2|2,1|1|1|1,True,True,True,True,True,0.001751,,odd_char; semisimple,
OD-043,27,3,3,7,8,20,odd,0,7,1,20,4,1|2|2|2,1|1|1|1,True,True,True,True,True,0.001482,,odd_char; semisimple,
OD-043,27,3,3,7,9,4,odd,0,7,1,4,4,1|2|2|2,1|1|1|1,True,True,True,True,True,0.002779,,odd_char; semisimple,
OD-043,27,3,3,7,10,12,odd,0,7,1,12,4,1|2|2|2,1|1|1|1,True,True,True,True,True,0.002874,,odd_char; semisimple,
OD-043,27,3,3,7,11,14,odd,0,7,1,14,4,1|2|2|2,1|1|1|1,True,True,True,True,True,0.002819,,odd_char; semisimple,
OD-043,27,3,3,7,12,11,odd,0,7,1,11,4,1|2|2|2,1|1|1|1,True,True,True,True,True,0.002268,,odd_char; semisimple,
OD-043,27,3,3,7,13,2,odd,0,7,1,2,4,1|2|2|2,1|1|1|1,True,True,True,True,True,0.001697,,odd_char; semisimple,
OD-043,27,3,3,7,14,6,odd,0,7,1,6,4,1|2|2|2,1|1|1|1,True,True,True,True,True,0.001671,,odd_char; semisimple,
OD-043,27,3,3,7,15,18,odd,0,7,1,18,4,1|2|2|2,1|1|1|1,True,True,True,True,True,0.001876,,odd_char; semisimple,
OD-043,27,3,3,7,16,7,odd,0,7,1,7,4,1|2|2|2,1|1|1|1,True,True,True,True,True,0.00504,,odd_char; semisimple,
OD-043,27,3,3,7,17,21,odd,0,7,1,21,4,1|2|2|2,1|1|1|1,True,True,True,True,True,0.003549,,odd_char; semisimple,
OD-043,27,3,3,7,18,16,odd,0,7,1,16,4,1|2|2|2,1|1|1|1,True,True,True,True,True,0.001777,,odd_char; semisimple,
OD-043,27,3,3,7,19,26,odd,0,7,1,26,4,1|2|2|2,1|1|1|1,True,True,True,True,True,0.002254,,odd_char; semisimple,
OD-043,27,3,3,7,20,22,odd,0,7,1,22,4,1|2|2|2,1|1|1|1,True,True,True,True,True,0.002373,,odd_char; semisimple,
OD-043,27,3,3,7,21,10,odd,0,7,1,10,4,1|2|2|2,1|1|1|1,True,True,True,True,True,0.002004,,odd_char; semisimple,
OD-043,27,3,3,7,22,8,odd,0,7,1,8,4,1|2|2|2,1|1|1|1,True,True,True,True,True,0.002864,,odd_char; semisimple,
OD-043,27,3,3,7,23,24,odd,0,7,1,24,4,1|2|2|2,1|1|1|1,True,True,True,True,True,0.004237,,odd_char; semisimple,
OD-043,27,3,3,7,24,25,odd,0,7,1,25,4,1|2|2|2,1|1|1|1,True,True,True,True,True,0.001868,,odd_char; semisimple,
OD-043,27,3,3,7,25,19,odd,0,7,1,19,4,1|2|2|2,1|1|1|1,True,True,True,True,True,0.005222,,odd_char; semisimple,
OD-044,27,3,3,9,0,1,odd,2,1,9,1,1,1,9,True,True,True,True,True,7.1e-05,,odd_char; repeated_root P=9,
OD-044,27,3,3,9,1,3,odd,2,1,9,5,1,1,9,True,True,True,True,True,6.6e-05,,odd_char; repeated_root P=9,
OD-044,27,3,3,9,2,9,odd,2,1,9,13,1,1,9,True,True,True,True,True,6.9e-05,,odd_char; repeated_root P=9,
OD-044,27,3,3,9,3,5,odd,2,1,9,4,1,1,9,True,True,True,True,True,5.9e-05,,odd_char; repeated_root P=9,
OD-044,27,3,3,9,4,15,odd,2,1,9,11,1,1,9,True,True,True,True,True,5.4e-05,,odd_char; repeated_root P=9,
OD-044,27,3,3,9,5,23,odd,2,1,9,18,1,1,9,True,True,True,True,True,5.2e-05,,odd_char; repeated_root P=9,
OD-044,27,3,3,9,6,13,odd,2,1,9,16,1,1,9,True,True,True,True,True,5e-05,,odd_char; repeated_root P=9,
OD-044,27,3,3,9,7,17,odd,2,1,9,10,1,1,9,True,True,True,True,True,6e-05,,odd_char; repeated_root P=9,
OD-044,27,3,3,9,8,20,odd,2,1,9,25,1,1,9,True,True,True,True,True,6e-05,,odd_char; repeated_root P=9,
OD-044,27,3,3,9,9,4,odd,2,1,9,3,1,1,9,True,True,True,True,True,7.1e-05,,odd_char; repeated_root P=9,
OD-044,27,3,3,9,10,12,odd,2,1,9,15,1,1,9,True,True,True,True,True,5.9e-05,,odd_char; repeated_root P=9,
OD-044,27,3,3,9,11,14,odd,2,1,9,17,1,1,9,True,True,True,True,True,5.7e-05,,odd_char; repeated_root P=9,
OD-044,27,3,3,9,12,11,odd,2,1,9,12,1,1,9,True,True,True,True,True,6.4e-05,,odd_char; repeated_root P=9,
OD-044,27,3,3,9,13,2,odd,2,1,9,2,1,1,9,True,True,True,True,True,5.5e-05,,odd_char; repeated_root P=9,
OD-044,27,3,3,9,14,6,odd,2,1,9,7,1,1,9,True,True,True,True,True,8.4e-05,,odd_char; repeated_root P=9,
OD-044,27,3,3,9,15,18,odd,2,1,9,26,1,1,9,True,True,True,True,True,6.1e-05,,odd_char; repeated_root P=9,
OD-044,27,3,3,9,16,7,odd,2,1,9,8,1,1,9,True,True,True,True,True,7.1e-05,,odd_char; repeated_root P=9,
OD-044,27,3,3,9,17,21,odd,2,1,9,19,1,1,9,True,True,True,True,True,6.2e-05,,odd_char; repeated_root P=9,
OD-044,27,3,3,9,18,16,odd,2,1,9,9,1,1,9,True,True,True,True,True,5.4e-05,,odd_char; repeated_root P=9,
OD-044,27,3,3,9,19,26,odd,2,1,9,23,1,1,9,True,True,True,True,True,5.2e-05,,odd_char; repeated_root P=9,
OD-044,27,3,3,9,20,22,odd,2,1,9,20,1,1,9,True,True,True,True,True,6e-05,,odd_char; repeated_root P=9,
OD-044,27,3,3,9,21,10,odd,2,1,9,14,1,1,9,True,True,True,True,True,5.6e-05,,odd_char; repeated_root P=9,
OD-044,27,3,3,9,22,8,odd,2,1,9,6,1,1,9,True,True,True,True,True,5.4e-05,,odd_char; repeated_root P=9,
OD-044,27,3,3,9,23,24,odd,2,1,9,21,1,1,9,True,True,True,True,True,7.3e-05,,odd_char; repeated_root P=9,
OD-044,27,3,3,9,24,25,odd,2,1,9,22,1,1,9,True,True,True,True,True,0.000116,,odd_char; repeated_root P=9,
OD-044,27,3,3,9,25,19,odd,2,1,9,24,1,1,9,True,True,True,True,True,5.9e-05,,odd_char; repeated_root P=9,
OD-045,27,3,3,15,0,1,odd,1,5,3,1,2,1|4,3|3,True,True,True,True,True,0.000701,,odd_char; repeated_root P=3,
OD-045,27,3,3,15,1,3,odd,1,5,3,4,2,1|4,3|3,True,True,True,True,True,0.000666,,odd_char; repeated_root P=3,
OD-045,27,3,3,15,2,9,odd,1,5,3,16,2,1|4,3|3,True,True,True,True,True,0.000613,,odd_char; repeated_root P=3,
OD-045,27,3,3,15,3,5,odd,1,5,3,3,2,1|4,3|3,True,True,True,True,True,0.000724,,odd_char; repeated_root P=3,
OD-045,27,3,3,15,4,15,odd,1,5,3,12,2,1|4,3|3,True,True,True,True,True,0.00069,,odd_char; repeated_root P=3,
OD-045,27,3,3,15,5,23,odd,1,5,3,26,2,1|4,3|3,True,True,True,True,True,0.00065,,odd_char; repeated_root P=3,
OD-045,27,3,3,15,6,13,odd,1,5,3,9,2,1|4,3|3,True,True,True,True,True,0.00063,,odd_char; repeated_root P=3,
OD-045,27,3,3,15,7,17,odd,1,5,3,14,2,1|4,3|3,True,True,True,True,True,0.000654,,odd_char; repeated_root P=3,
OD-045,27,3,3,15,8,20,odd,1,5,3,22,2,1|4,3|3,True,True,True,True,True,0.000559,,odd_char; repeated_root P=3,
OD-045,27,3,3,15,9,4,odd,1,5,3,5,2,1|4,3|3,True,True,True,True,True,0.000636,,odd_char; repeated_root P=3,
OD-045,27,3,3,15,10,12,odd,1,5,3,11,2,1|4,3|3,True,True,True,True,True,0.000639,,odd_char; repeated_root P=3,
OD-045,27,3,3,15,11,14,odd,1,5,3,10,2,1|4,3|3,True,True,True,True,True,0.000684,,odd_char; repeated_root P=3,
OD-045,27,3,3,15,12,11,odd,1,5,3,15,2,1|4,3|3,True,True,True,True,True,0.000674,,odd_char; repeated_root P=3,
OD-045,27,3,3,15,13,2,odd,1,5,3,2,2,1|4,3|3,True,True,True,True,True,0.000679,,odd_char; repeated_root P=3,
OD-045,27,3,3,15,14,6,odd,1,5,3,8,2,1|4,3|3,True,True,True,True,True,0.000667,,odd_char; repeated_root P=3,
OD-045,27,3,3,15,15,18,odd,1,5,3,23,2,1|4,3|3,True,True,True,True,True,0.000683,,odd_char; repeated_root P=3,
OD-045,27,3,3,15,16,7,odd,1,5,3,6,2,1|4,3|3,True,True,True,True,True,0.000675,,odd_char; repeated_root P=3,
OD-045,27,3,3,15,17,21,odd,1,5,3,24,2,1|4,3|3,True,True,True,True,True,0.000664,,odd_char; repeated_root P=3,
OD-045,27,3,3,15,18,16,odd,1,5,3,13,2,1|4,3|3,True,True,True,True,True,0.000633,,odd_char; repeated_root P=3,
OD-045,27,3,3,15,19,26,odd,1,5,3,18,2,1|4,3|3,True,True,True,True,True,0.000683,,odd_char; repeated_root P=3,
OD-045,27,3,3,15,20,22,odd,1,5,3,25,2,1|4,3|3,True,True,True,True,True,0.000632,,odd_char; repeated_root P=3,
OD-045,27,3,3,15,21,10,odd,1,5,3,17,2,1|4,3|3,True,True,True,True,True,0.000647,,odd_char; repeated_root P=3,
OD-045,27,3,3,15,22,8,odd,1,5,3,7,2,1|4,3|3,True,True,True,True,True,0.00065,,odd_char; repeated_root P=3,
OD-045,27,3,3,15,23,24,odd,1,5,3,19,2,1|4,3|3,True,True,True,True,True,0.000662,,odd_char; repeated_root P=3,
OD-045,27,3,3,15,24,25,odd,1,5,3,20,2,1|4,3|3,True,True,True,True,True,0.000654,,odd_char; repeated_root P=3,
OD-045,27,3,3,15,25,19,odd,1,5,3,21,2,1|4,3|3,True,True,True,True,True,0.000661,,odd_char; repeated_root P=3,
OD-046,27,3,3,17,0,1,odd,0,17,1,1,2,1|16,1|1,True,True,True,True,True,0.005681,,odd_char; semisimple,
OD-046,27,3,3,17,1,3,odd,0,17,1,3,2,1|16,1|1,True,True,True,True,True,0.005939,,odd_char; semisimple,
OD-046,27,3,3,17,2,9,odd,0,17,1,9,2,1|16,1|1,True,True,True,True,True,0.006066,,odd_char; semisimple,
OD-046,27,3,3,17,3,5,odd,0,17,1,5,2,1|16,1|1,True,True,True,True,True,0.0063,,odd_char; semisimple,
OD-046,27,3,3,17,4,15,odd,0,17,1,15,2,1|16,1|1,True,True,True,True,True,0.006083,,odd_char; semisimple,
OD-046,27,3,3,17,5,23,odd,0,17,1,23,2,1|16,1|1,True,True,True,True,True,0.006192,,odd_char; semisimple,
OD-046,27,3,3,17,6,13,odd,0,17,1,13,2,1|16,1|1,True,True,True,True,True,0.006255,,odd_char; semisimple,
OD-046,27,3,3,17,7,17,odd,0,17,1,17,2,1|16,1|1,True,True,True,True,True,0.006088,,odd_char; semisimple,
OD-046,27,3,3,17,8,20,odd,0,17,1,20,2,1|16,1|1,True,True,True,True,True,0.005721,,odd_char; semisimple,
OD-046,27,3,3,17,9,4,odd,0,17,1,4,2,1|16,1|1,True,True,True,True,True,0.005767,,odd_char; semisimple,
OD-046,27,3,3,17,10,12,odd,0,17,1,12,2,1|16,1|1,True,True,True,True,True,0.005736,,odd_char; semisimple,
OD-046,27,3,3,17,11,14,odd,0,17,1,14,2,1|16,1|1,True,True,True,True,True,0.005719,,odd_char; semisimple,
OD-046,27,3,3,17,12,11,odd,0,17,1,11,2,1|16,1|1,True,True,True,True,True,0.005658,,odd_char; semisimple,
OD-046,27,3,3,17,13,2,odd,0,17,1,2,2,1|16,1|1,True,True,True,True,True,0.004666,,odd_char; semisimple,
OD-046,27,3,3,17,14,6,odd,0,17,1,6,2,1|16,1|1,True,True,True,True,True,0.00595,,odd_char; semisimple,
OD-046,27,3,3,17,15,18,odd,0,17,1,18,2,1|16,1|1,True,True,True,True,True,0.005651,,odd_char; semisimple,
OD-046,27,3,3,17,16,7,odd,0,17,1,7,2,1|16,1|1,True,True,True,True,True,0.005202,,odd_char; semisimple,
OD-046,27,3,3,17,17,21,odd,0,17,1,21,2,1|16,1|1,True,True,True,True,True,0.004547,,odd_char; semisimple,
OD-046,27,3,3,17,18,16,odd,0,17,1,16,2,1|16,1|1,True,True,True,True,True,0.004183,,odd_char; semisimple,
OD-046,27,3,3,17,19,26,odd,0,17,1,26,2,1|16,1|1,True,True,True,True,True,0.006108,,odd_char; semisimple,
OD-046,27,3,3,17,20,22,odd,0,17,1,22,2,1|16,1|1,True,True,True,True,True,0.005693,,odd_char; semisimple,
OD-046,27,3,3,17,21,10,odd,0,17,1,10,2,1|16,1|1,True,True,True,True,True,0.005622,,odd_char; semisimple,
OD-046,27,3,3,17,22,8,odd,0,17,1,8,2,1|16,1|1,True,True,True,True,True,0.005071,,odd_char; semisimple,
OD-046,27,3,3,17,23,24,odd,0,17,1,24,2,1|16,1|1,True,True,True,True,True,0.00512,,odd_char; semisimple,
OD-046,27,3,3,17,24,25,odd,0,17,1,25,2,1|16,1|1,True,True,True,True,True,0.006246,,odd_char; semisimple,
OD-046,27,3,3,17,25,19,odd,0,17,1,19,2,1|16,1|1,True,True,True,True,True,0.00592,,odd_char; semisimple,
OD-047,27,3,3,21,0,1,odd,1,7,3,1,4,1|2|2|2,3|3|3|3,True,True,True,True,True,0.002008,,odd_char; repeated_root P=3,
OD-047,27,3,3,21,1,3,odd,1,7,3,4,4,1|2|2|2,3|3|3|3,True,True,True,True,True,0.002927,,odd_char; repeated_root P=3,
OD-047,27,3,3,21,2,9,odd,1,7,3,16,4,1|2|2|2,3|3|3|3,True,True,True,True,True,0.001737,,odd_char; repeated_root P=3,
OD-047,27,3,3,21,3,5,odd,1,7,3,3,4,1|2|2|2,3|3|3|3,True,True,True,True,True,0.002846,,odd_char; repeated_root P=3,
OD-047,27,3,3,21,4,15,odd,1,7,3,12,4,1|2|2|2,3|3|3|3,True,True,True,True,True,0.002781,,odd_char; repeated_root P=3,
OD-047,27,3,3,21,5,23,odd,1,7,3,26,4,1|2|2|2,3|3|3|3,True,True,True,True,True,0.002336,,odd_char; repeated_root P=3,
OD-047,27,3,3,21,6,13,odd,1,7,3,9,4,1|2|2|2,3|3|3|3,True,True,True,True,True,0.001941,,odd_char; repeated_root P=3,
OD-047,27,3,3,21,7,17,odd,1,7,3,14,4,1|2|2|2,3|3|3|3,True,True,True,True,True,0.004707,,odd_char; repeated_root P=3,
OD-047,27,3,3,21,8,20,odd,1,7,3,22,4,1|2|2|2,3|3|3|3,True,True,True,True,True,0.003658,,odd_char; repeated_root P=3,
OD-047,27,3,3,21,9,4,odd,1,7,3,5,4,1|2|2|2,3|3|3|3,True,True,True,True,True,0.003063,,odd_char; repeated_root P=3,
OD-047,27,3,3,21,10,12,odd,1,7,3,11,4,1|2|2|2,3|3|3|3,True,True,True,True,True,0.003658,,odd_char; repeated_root P=3,
OD-047,27,3,3,21,11,14,odd,1,7,3,10,4,1|2|2|2,3|3|3|3,True,True,True,True,True,0.001973,,odd_char; repeated_root P=3,
OD-047,27,3,3,21,12,11,odd,1,7,3,15,4,1|2|2|2,3|3|3|3,True,True,True,True,True,0.001961,,odd_char; repeated_root P=3,
OD-047,27,3,3,21,13,2,odd,1,7,3,2,4,1|2|2|2,3|3|3|3,True,True,True,True,True,0.001949,,odd_char; repeated_root P=3,
OD-047,27,3,3,21,14,6,odd,1,7,3,8,4,1|2|2|2,3|3|3|3,True,True,True,True,True,0.003041,,odd_char; repeated_root P=3,
OD-047,27,3,3,21,15,18,odd,1,7,3,23,4,1|2|2|2,3|3|3|3,True,True,True,True,True,0.001959,,odd_char; repeated_root P=3,
OD-047,27,3,3,21,16,7,odd,1,7,3,6,4,1|2|2|2,3|3|3|3,True,True,True,True,True,0.001761,,odd_char; repeated_root P=3,
OD-047,27,3,3,21,17,21,odd,1,7,3,24,4,1|2|2|2,3|3|3|3,True,True,True,True,True,0.00411,,odd_char; repeated_root P=3,
OD-047,27,3,3,21,18,16,odd,1,7,3,13,4,1|2|2|2,3|3|3|3,True,True,True,True,True,0.001728,,odd_char; repeated_root P=3,
OD-047,27,3,3,21,19,26,odd,1,7,3,18,4,1|2|2|2,3|3|3|3,True,True,True,True,True,0.001529,,odd_char; repeated_root P=3,
OD-047,27,3,3,21,20,22,odd,1,7,3,25,4,1|2|2|2,3|3|3|3,True,True,True,True,True,0.001394,,odd_char; repeated_root P=3,
OD-047,27,3,3,21,21,10,odd,1,7,3,17,4,1|2|2|2,3|3|3|3,True,True,True,True,True,0.001455,,odd_char; repeated_root P=3,
OD-047,27,3,3,21,22,8,odd,1,7,3,7,4,1|2|2|2,3|3|3|3,True,True,True,True,True,0.004528,,odd_char; repeated_root P=3,
OD-047,27,3,3,21,23,24,odd,1,7,3,19,4,1|2|2|2,3|3|3|3,True,True,True,True,True,0.005307,,odd_char; repeated_root P=3,
OD-047,27,3,3,21,24,25,odd,1,7,3,20,4,1|2|2|2,3|3|3|3,True,True,True,True,True,0.002405,,odd_char; repeated_root P=3,
OD-047,27,3,3,21,25,19,odd,1,7,3,21,4,1|2|2|2,3|3|3|3,True,True,True,True,True,0.00377,,odd_char; repeated_root P=3,
OD-048,27,3,3,25,0,1,odd,0,25,1,1,3,1|4|20,1|1|1,True,True,True,True,True,0.005755,,odd_char; semisimple,
OD-048,27,3,3,25,1,3,odd,0,25,1,3,3,1|4|20,1|1|1,True,True,True,True,True,0.005182,,odd_char; semisimple,
OD-048,27,3,3,25,2,9,odd,0,25,1,9,3,1|4|20,1|1|1,True,True,True,True,True,0.0053,,odd_char; semisimple,
OD-048,27,3,3,25,3,5,odd,0,25,1,5,3,1|4|20,1|1|1,True,True,True,True,True,0.004729,,odd_char; semisimple,
OD-048,27,3,3,25,4,15,odd,0,25,1,15,3,1|4|20,1|1|1,True,True,True,True,True,0.005742,,odd_char; semisimple,
OD-048,27,3,3,25,5,23,odd,0,25,1,23,3,1|4|20,1|1|1,True,True,True,True,True,0.005786,,odd_char; semisimple,
OD-048,27,3,3,25,6,13,odd,0,25,1,13,3,1|4|20,1|1|1,True,True,True,True,True,0.004639,,odd_char; semisimple,
OD-048,27,3,3,25,7,17,odd,0,25,1,17,3,1|4|20,1|1|1,True,True,True,True,True,0.004757,,odd_char; semisimple,
OD-048,27,3,3,25,8,20,odd,0,25,1,20,3,1|4|20,1|1|1,True,True,True,True,True,0.004945,,odd_char; semisimple,
OD-048,27,3,3,25,9,4,odd,0,25,1,4,3,1|4|20,1|1|1,True,True,True,True,True,0.004616,,odd_char; semisimple,
OD-048,27,3,3,25,10,12,odd,0,25,1,12,3,1|4|20,1|1|1,True,True,True,True,True,0.004438,,odd_char; semisimple,
OD-048,27,3,3,25,11,14,odd,0,25,1,14,3,1|4|20,1|1|1,True,True,True,True,True,0.004177,,odd_char; semisimple,
OD-048,27,3,3,25,12,11,odd,0,25,1,11,3,1|4|20,1|1|1,True,True,True,True,True,0.005228,,odd_char; semisimple,
OD-048,27,3,3,25,13,2,odd,0,25,1,2,3,1|4|20,1|1|1,True,True,True,True,True,0.00576,,odd_char; semisimple,
OD-048,27,3,3,25,14,6,odd,0,25,1,6,3,1|4|20,1|1|1,True,True,True,True,True,0.005773,,odd_char; semisimple,
OD-048,27,3,3,25,15,18,odd,0,25,1,18,3,1|4|20,1|1|1,True,True,True,True,True,0.005312,,odd_char; semisimple,
OD-048,27,3,3,25,16,7,odd,0,25,1,7,3,1|4|20,1|1|1,True,True,True,True,True,0.005268,,odd_char; semisimple,
OD-048,27,3,3,25,17,21,odd,0,25,1,21,3,1|4|20,1|1|1,True,True,True,True,True,0.005483,,odd_char; semisimple,
OD-048,27,3,3,25,18,16,odd,0,25,1,16,3,1|4|20,1|1|1,True,True,True,True,True,0.005482,,odd_char; semisimple,
OD-048,27,3,3,25,19,26,odd,0,25,1,26,3,1|4|20,1|1|1,True,True,True,True,True,0.005911,,odd_char; semisimple,
OD-048,27,3,3,25,20,22,odd,0,25,1,22,3,1|4|20,1|1|1,True,True,True,True,True,0.005826,,odd_char; semisimple,
OD-048,27,3,3,25,21,10,odd,0,25,1,10,3,1|4|20,1|1|1,True,True,True,True,True,0.00458,,odd_char; semisimple,
OD-048,27,3,3,25,22,8,odd,0,25,1,8,3,1|4|20,1|1|1,True,True,True,True,True,0.00437,,odd_char; semisimple,
OD-048,27,3,3,25,23,24,odd,0,25,1,24,3,1|4|20,1|1|1,True,True,True,True,True,0.003831,,odd_char; semisimple,
OD-048,27,3,3,25,24,25,odd,0,25,1,25,3,1|4|20,1|1|1,True,True,True,True,True,0.004169,,odd_char; semisimple,
OD-048,27,3,3,25,25,19,odd,0,25,1,19,3,1|4|20,1|1|1,True,True,True,True,True,0.004603,,odd_char; semisimple,
OD-049,27,3,3,31,0,1,odd,0,31,1,1,4,1|10|10|10,1|1|1|1,True,True,True,True,True,0.164872,,odd_char; semisimple,
OD-049,27,3,3,31,1,3,odd,0,31,1,3,4,1|10|10|10,1|1|1|1,True,True,True,True,True,0.127625,,odd_char; semisimple,
OD-049,27,3,3,31,2,9,odd,0,31,1,9,4,1|10|10|10,1|1|1|1,True,True,True,True,True,0.112248,,odd_char; semisimple,
OD-049,27,3,3,31,3,5,odd,0,31,1,5,4,1|10|10|10,1|1|1|1,True,True,True,True,True,0.11146,,odd_char; semisimple,
OD-049,27,3,3,31,4,15,odd,0,31,1,15,4,1|10|10|10,1|1|1|1,True,True,True,True,True,0.151671,,odd_char; semisimple,
OD-049,27,3,3,31,5,23,odd,0,31,1,23,4,1|10|10|10,1|1|1|1,True,True,True,True,True,0.26554,,odd_char; semisimple,
OD-049,27,3,3,31,6,13,odd,0,31,1,13,4,1|10|10|10,1|1|1|1,True,True,True,True,True,0.122873,,odd_char; semisimple,
OD-049,27,3,3,31,7,17,odd,0,31,1,17,4,1|10|10|10,1|1|1|1,True,True,True,True,True,0.113172,,odd_char; semisimple,
OD-049,27,3,3,31,8,20,odd,0,31,1,20,4,1|10|10|10,1|1|1|1,True,True,True,True,True,0.165624,,odd_char; semisimple,
OD-049,27,3,3,31,9,4,odd,0,31,1,4,4,1|10|10|10,1|1|1|1,True,True,True,True,True,0.143295,,odd_char; semisimple,
OD-049,27,3,3,31,10,12,odd,0,31,1,12,4,1|10|10|10,1|1|1|1,True,True,True,True,True,0.278461,,odd_char; semisimple,
OD-049,27,3,3,31,11,14,odd,0,31,1,14,4,1|10|10|10,1|1|1|1,True,True,True,True,True,0.120292,,odd_char; semisimple,
OD-049,27,3,3,31,12,11,odd,0,31,1,11,4,1|10|10|10,1|1|1|1,True,True,True,True,True,0.214891,,odd_char; semisimple,
OD-049,27,3,3,31,13,2,odd,0,31,1,2,4,1|10|10|10,1|1|1|1,True,True,True,True,True,0.12128,,odd_char; semisimple,
OD-049,27,3,3,31,14,6,odd,0,31,1,6,4,1|10|10|10,1|1|1|1,True,True,True,True,True,0.339567,,odd_char; semisimple,
OD-049,27,3,3,31,15,18,odd,0,31,1,18,4,1|10|10|10,1|1|1|1,True,True,True,True,True,0.112416,,odd_char; semisimple,
OD-049,27,3,3,31,16,7,odd,0,31,1,7,4,1|10|10|10,1|1|1|1,True,True,True,True,True,0.105764,,odd_char; semisimple,
OD-049,27,3,3,31,17,21,odd,0,31,1,21,4,1|10|10|10,1|1|1|1,True,True,True,True,True,0.153982,,odd_char; semisimple,
OD-049,27,3,3,31,18,16,odd,0,31,1,16,4,1|10|10|10,1|1|1|1,True,True,True,True,True,0.360362,,odd_char; semisimple,
OD-049,27,3,3,31,19,26,odd,0,31,1,26,4,1|10|10|10,1|1|1|1,True,True,True,True,True,0.213997,,odd_char; semisimple,
OD-049,27,3,3,31,20,22,odd,0,31,1,22,4,1|10|10|10,1|1|1|1,True,True,True,True,True,0.114817,,odd_char; semisimple,
OD-049,27,3,3,31,21,10,odd,0,31,1,10,4,1|10|10|10,1|1|1|1,True,True,True,True,True,0.109059,,odd_char; semisimple,
OD-049,27,3,3,31,22,8,odd,0,31,1,8,4,1|10|10|10,1|1|1|1,True,True,True,True,True,0.156765,,odd_char; semisimple,
OD-049,27,3,3,31,23,24,odd,0,31,1,24,4,1|10|10|10,1|1|1|1,True,True,True,True,True,0.193654,,odd_char; semisimple,
OD-049,27,3,3,31,24,25,odd,0,31,1,25,4,1|10|10|10,1|1|1|1,True,True,True,True,True,0.103564,,odd_char; semisimple,
OD-049,27,3,3,31,25,19,odd,0,31,1,19,4,1|10|10|10,1|1|1|1,True,True,True,True,True,0.187142,,odd_char; semisimple,
OD-050,27,3,3,35,0,1,odd,0,35,1,1,11,1|2|2|2|4|4|4|4|4|4|4,1|1|1|1|1|1|1|1|1|1|1,True,True,True,True,True,0.091855,,odd_char; semisimple,
OD-050,27,3,3,35,1,3,odd,0,35,1,3,11,1|2|2|2|4|4|4|4|4|4|4,1|1|1|1|1|1|1|1|1|1|1,True,True,True,True,True,0.055372,,odd_char; semisimple,
OD-050,27,3,3,35,2,9,odd,0,35,1,9,11,1|2|2|2|4|4|4|4|4|4|4,1|1|1|1|1|1|1|1|1|1|1,True,True,True,True,True,0.101424,,odd_char; semisimple,
OD-050,27,3,3,35,3,5,odd,0,35,1,5,11,1|2|2|2|4|4|4|4|4|4|4,1|1|1|1|1|1|1|1|1|1|1,True,True,True,True,True,0.078984,,odd_char; semisimple,
OD-050,27,3,3,35,4,15,odd,0,35,1,15,11,1|2|2|2|4|4|4|4|4|4|4,1|1|1|1|1|1|1|1|1|1|1,True,True,True,True,True,0.100809,,odd_char; semisimple,
OD-050,27,3,3,35,5,23,odd,0,35,1,23,11,1|2|2|2|4|4|4|4|4|4|4,1|1|1|1|1|1|1|1|1|1|1,True,True,True,True,True,0.041118,,odd_char; semisimple,
OD-050,27,3,3,35,6,13,odd,0,35,1,13,11,1|2|2|2|4|4|4|4|4|4|4,1|1|1|1|1|1|1|1|1|1|1,True,True,True,True,True,0.058358,,odd_char; semisimple,
OD-050,27,3,3,35,7,17,odd,0,35,1,17,11,1|2|2|2|4|4|4|4|4|4|4,1|1|1|1|1|1|1|1|1|1|1,True,True,True,True,True,0.055632,,odd_char; semisimple,
OD-050,27,3,3,35,8,20,odd,0,35,1,20,11,1|2|2|2|4|4|4|4|4|4|4,1|1|1|1|1|1|1|1|1|1|1,True,True,True,True,True,0.073589,,odd_char; semisimple,
OD-050,27,3,3,35,9,4,odd,0,35,1,4,11,1|2|2|2|4|4|4|4|4|4|4,1|1|1|1|1|1|1|1|1|1|1,True,True,True,True,True,0.072702,,odd_char; semisimple,
OD-050,27,3,3,35,10,12,odd,0,35,1,12,11,1|2|2|2|4|4|4|4|4|4|4,1|1|1|1|1|1|1|1|1|1|1,True,True,True,True,True,0.063928,,odd_char; semisimple,
OD-050,27,3,3,35,11,14,odd,0,35,1,14,11,1|2|2|2|4|4|4|4|4|4|4,1|1|1|1|1|1|1|1|1|1|1,True,True,True,True,True,0.104432,,odd_char; semisimple,
OD-050,27,3,3,35,12,11,odd,0,35,1,11,11,1|2|2|2|4|4|4|4|4|4|4,1|1|1|1|1|1|1|1|1|1|1,True,True,True,True,True,0.089483,,odd_char; semisimple,
OD-050,27,3,3,35,13,2,odd,0,35,1,2,11,1|2|2|2|4|4|4|4|4|4|4,1|1|1|1|1|1|1|1|1|1|1,True,True,True,True,True,0.059323,,odd_char; semisimple,
OD-050,27,3,3,35,14,6,odd,0,35,1,6,11,1|2|2|2|4|4|4|4|4|4|4,1|1|1|1|1|1|1|1|1|1|1,True,True,True,True,True,0.095621,,odd_char; semisimple,
OD-050,27,3,3,35,15,18,odd,0,35,1,18,11,1|2|2|2|4|4|4|4|4|4|4,1|1|1|1|1|1|1|1|1|1|1,True,True,True,True,True,0.086868,,odd_char; semisimple,
OD-050,27,3,3,35,16,7,odd,0,35,1,7,11,1|2|2|2|4|4|4|4|4|4|4,1|1|1|1|1|1|1|1|1|1|1,True,True,True,True,True,0.0405,,odd_char; semisimple,
OD-050,27,3,3,35,17,21,odd,0,35,1,21,11,1|2|2|2|4|4|4|4|4|4|4,1|1|1|1|1|1|1|1|1|1|1,True,True,True,True,True,0.111827,,odd_char; semisimple,
OD-050,27,3,3,35,18,16,odd,0,35,1,16,11,1|2|2|2|4|4|4|4|4|4|4,1|1|1|1|1|1|1|1|1|1|1,True,True,True,True,True,0.051183,,odd_char; semisimple,
OD-050,27,3,3,35,19,26,odd,0,35,1,26,11,1|2|2|2|4|4|4|4|4|4|4,1|1|1|1|1|1|1|1|1|1|1,True,True,True,True,True,0.074987,,odd_char; semisimple,
OD-050,27,3,3,35,20,22,odd,0,35,1,22,11,1|2|2|2|4|4|4|4|4|4|4,1|1|1|1|1|1|1|1|1|1|1,True,True,True,True,True,0.073815,,odd_char; semisimple,
OD-050,27,3,3,35,21,10,odd,0,35,1,10,11,1|2|2|2|4|4|4|4|4|4|4,1|1|1|1|1|1|1|1|1|1|1,True,True,True,True,True,0.124276,,odd_char; semisimple,
OD-050,27,3,3,35,22,8,odd,0,35,1,8,11,1|2|2|2|4|4|4|4|4|4|4,1|1|1|1|1|1|1|1|1|1|1,True,True,True,True,True,0.051171,,odd_char; semisimple,
OD-050,27,3,3,35,23,24,odd,0,35,1,24,11,1|2|2|2|4|4|4|4|4|4|4,1|1|1|1|1|1|1|1|1|1|1,True,True,True,True,True,0.086742,,odd_char; semisimple,
OD-050,27,3,3,35,24,25,odd,0,35,1,25,11,1|2|2|2|4|4|4|4|4|4|4,1|1|1|1|1|1|1|1|1|1|1,True,True,True,True,True,0.072907,,odd_char; semisimple,
OD-050,27,3,3,35,25,19,odd,0,35,1,19,11,1|2|2|2|4|4|4|4|4|4|4,1|1|1|1|1|1|1|1|1|1|1,True,True,True,True,True,0.06301,,odd_char; semisimple,
OD-051,49,7,2,3,0,1,odd,0,3,1,1,3,1|1|1,1|1|1,True,True,True,True,True,0.000406,,odd_char; semisimple,
OD-051,49,7,2,3,1,9,odd,0,3,1,9,1,3,1,True,True,True,True,True,0.000162,,odd_char; semisimple,
OD-051,49,7,2,3,2,31,odd,0,3,1,31,1,3,1,True,True,True,True,True,0.000155,,odd_char; semisimple,
OD-051,49,7,2,3,3,30,odd,0,3,1,30,3,1|1|1,1|1|1,True,True,True,True,True,0.000229,,odd_char; semisimple,
OD-051,49,7,2,3,4,21,odd,0,3,1,21,1,3,1,True,True,True,True,True,0.00017,,odd_char; semisimple,
OD-051,49,7,2,3,5,46,odd,0,3,1,46,1,3,1,True,True,True,True,True,0.000194,,odd_char; semisimple,
OD-051,49,7,2,3,6,16,odd,0,3,1,16,3,1|1|1,1|1|1,True,True,True,True,True,0.000185,,odd_char; semisimple,
OD-051,49,7,2,3,7,44,odd,0,3,1,44,1,3,1,True,True,True,True,True,0.000155,,odd_char; semisimple,
OD-051,49,7,2,3,8,5,odd,0,3,1,5,1,3,1,True,True,True,True,True,0.000148,,odd_char; semisimple,
OD-051,49,7,2,3,9,38,odd,0,3,1,38,3,1|1|1,1|1|1,True,True,True,True,True,0.000364,,odd_char; semisimple,
OD-051,49,7,2,3,10,43,odd,0,3,1,43,1,3,1,True,True,True,True,True,0.000195,,odd_char; semisimple,
OD-051,49,7,2,3,11,45,odd,0,3,1,45,1,3,1,True,True,True,True,True,0.000155,,odd_char; semisimple,
OD-051,49,7,2,3,12,7,odd,0,3,1,7,3,1|1|1,1|1|1,True,True,True,True,True,0.00023,,odd_char; semisimple,
OD-051,49,7,2,3,13,20,odd,0,3,1,20,1,3,1,True,True,True,True,True,0.000239,,odd_char; semisimple,
OD-051,49,7,2,3,14,24,odd,0,3,1,24,1,3,1,True,True,True,True,True,0.000299,,odd_char; semisimple,
OD-051,49,7,2,3,15,17,odd,0,3,1,17,3,1|1|1,1|1|1,True,True,True,True,True,0.000264,,odd_char; semisimple,
OD-051,49,7,2,3,16,4,odd,0,3,1,4,1,3,1,True,True,True,True,True,0.00027,,odd_char; semisimple,
OD-051,49,7,2,3,17,29,odd,0,3,1,29,1,3,1,True,True,True,True,True,0.000237,,odd_char; semisimple,
OD-051,49,7,2,3,18,19,odd,0,3,1,19,3,1|1|1,1|1|1,True,True,True,True,True,0.000307,,odd_char; semisimple,
OD-051,49,7,2,3,19,15,odd,0,3,1,15,1,3,1,True,True,True,True,True,0.000255,,odd_char; semisimple,
OD-051,49,7,2,3,20,35,odd,0,3,1,35,1,3,1,True,True,True,True,True,0.000238,,odd_char; semisimple,
OD-051,49,7,2,3,21,23,odd,0,3,1,23,3,1|1|1,1|1|1,True,True,True,True,True,0.000274,,odd_char; semisimple,
OD-051,49,7,2,3,22,8,odd,0,3,1,8,1,3,1,True,True,True,True,True,0.000295,,odd_char; semisimple,
OD-051,49,7,2,3,23,22,odd,0,3,1,22,1,3,1,True,True,True,True,True,0.000241,,odd_char; semisimple,
OD-051,49,7,2,3,24,6,odd,0,3,1,6,3,1|1|1,1|1|1,True,True,True,True,True,0.000319,,odd_char; semisimple,
OD-051,49,7,2,3,25,47,odd,0,3,1,47,1,3,1,True,True,True,True,True,0.000292,,odd_char; semisimple,
OD-051,49,7,2,3,26,25,odd,0,3,1,25,1,3,1,True,True,True,True,True,0.000236,,odd_char; semisimple,
OD-051,49,7,2,3,27,26,odd,0,3,1,26,3,1|1|1,1|1|1,True,True,True,True,True,0.000348,,odd_char; semisimple,
OD-051,49,7,2,3,28,28,odd,0,3,1,28,1,3,1,True,True,True,True,True,0.000229,,odd_char; semisimple,
OD-051,49,7,2,3,29,10,odd,0,3,1,10,1,3,1,True,True,True,True,True,0.000286,,odd_char; semisimple,
OD-051,49,7,2,3,30,40,odd,0,3,1,40,3,1|1|1,1|1|1,True,True,True,True,True,0.000261,,odd_char; semisimple,
OD-051,49,7,2,3,31,12,odd,0,3,1,12,1,3,1,True,True,True,True,True,0.00023,,odd_char; semisimple,
OD-051,49,7,2,3,32,2,odd,0,3,1,2,1,3,1,True,True,True,True,True,0.000238,,odd_char; semisimple,
OD-051,49,7,2,3,33,18,odd,0,3,1,18,3,1|1|1,1|1|1,True,True,True,True,True,0.000367,,odd_char; semisimple,
OD-051,49,7,2,3,34,13,odd,0,3,1,13,1,3,1,True,True,True,True,True,0.000234,,odd_char; semisimple,
OD-051,49,7,2,3,35,11,odd,0,3,1,11,1,3,1,True,True,True,True,True,0.000233,,odd_char; semisimple,
OD-051,49,7,2,3,36,42,odd,0,3,1,42,3,1|1|1,1|1|1,True,True,True,True,True,0.000369,,odd_char; semisimple,
OD-051,49,7,2,3,37,36,odd,0,3,1,36,1,3,1,True,True,True,True,True,0.000226,,odd_char; semisimple,
OD-051,49,7,2,3,38,32,odd,0,3,1,32,1,3,1,True,True,True,True,True,0.000281,,odd_char; semisimple,
OD-051,49,7,2,3,39,39,odd,0,3,1,39,3,1|1|1,1|1|1,True,True,True,True,True,0.000504,,odd_char; semisimple,
OD-051,49,7,2,3,40,3,odd,0,3,1,3,1,3,1,True,True,True,True,True,0.000243,,odd_char; semisimple,
OD-051,49,7,2,3,41,27,odd,0,3,1,27,1,3,1,True,True,True,True,True,0.000233,,odd_char; semisimple,
OD-051,49,7,2,3,42,37,odd,0,3,1,37,3,1|1|1,1|1|1,True,True,True,True,True,0.000367,,odd_char; semisimple,
OD-051,49,7,2,3,43,41,odd,0,3,1,41,1,3,1,True,True,True,True,True,0.000235,,odd_char; semisimple,
OD-051,49,7,2,3,44,14,odd,0,3,1,14,1,3,1,True,True,True,True,True,0.00023,,odd_char; semisimple,
OD-051,49,7,2,3,45,33,odd,0,3,1,33,3,1|1|1,1|1|1,True,True,True,True,True,0.000435,,odd_char; semisimple,
OD-051,49,7,2,3,46,48,odd,0,3,1,48,1,3,1,True,True,True,True,True,0.000255,,odd_char; semisimple,
OD-051,49,7,2,3,47,34,odd,0,3,1,34,1,3,1,True,True,True,True,True,0.000234,,odd_char; semisimple,
OD-052,49,7,2,5,0,1,odd,0,5,1,1,3,1|2|2,1|1|1,True,True,True,True,True,0.001474,,odd_char; semisimple,
OD-052,49,7,2,5,1,9,odd,0,5,1,9,3,1|2|2,1|1|1,True,True,True,True,True,0.000635,,odd_char; semisimple,
OD-052,49,7,2,5,2,31,odd,0,5,1,31,3,1|2|2,1|1|1,True,True,True,True,True,0.000972,,odd_char; semisimple,
OD-052,49,7,2,5,3,30,odd,0,5,1,30,3,1|2|2,1|1|1,True,True,True,True,True,0.0009,,odd_char; semisimple,
OD-052,49,7,2,5,4,21,odd,0,5,1,21,3,1|2|2,1|1|1,True,True,True,True,True,0.000866,,odd_char; semisimple,
OD-052,49,7,2,5,5,46,odd,0,5,1,46,3,1|2|2,1|1|1,True,True,True,True,True,0.000898,,odd_char; semisimple,
OD-052,49,7,2,5,6,16,odd,0,5,1,16,3,1|2|2,1|1|1,True,True,True,True,True,0.001576,,odd_char; semisimple,
OD-052,49,7,2,5,7,44,odd,0,5,1,44,3,1|2|2,1|1|1,True,True,True,True,True,0.001108,,odd_char; semisimple,
OD-052,49,7,2,5,8,5,odd,0,5,1,5,3,1|2|2,1|1|1,True,True,True,True,True,0.001617,,odd_char; semisimple,
OD-052,49,7,2,5,9,38,odd,0,5,1,38,3,1|2|2,1|1|1,True,True,True,True,True,0.000874,,odd_char; semisimple,
OD-052,49,7,2,5,10,43,odd,0,5,1,43,3,1|2|2,1|1|1,True,True,True,True,True,0.000863,,odd_char; semisimple,
OD-052,49,7,2,5,11,45,odd,0,5,1,45,3,1|2|2,1|1|1,True,True,True,True,True,0.000849,,odd_char; semisimple,
OD-052,49,7,2,5,12,7,odd,0,5,1,7,3,1|2|2,1|1|1,True,True,True,True,True,0.000948,,odd_char; semisimple,
OD-052,49,7,2,5,13,20,odd,0,5,1,20,3,1|2|2,1|1|1,True,True,True,True,True,0.001399,,odd_char; semisimple,
OD-052,49,7,2,5,14,24,odd,0,5,1,24,3,1|2|2,1|1|1,True,True,True,True,True,0.001481,,odd_char; semisimple,
OD-052,49,7,2,5,15,17,odd,0,5,1,17,3,1|2|2,1|1|1,True,True,True,True,True,0.00118,,odd_char; semisimple,
OD-052,49,7,2,5,16,4,odd,0,5,1,4,3,1|2|2,1|1|1,True,True,True,True,True,0.000612,,odd_char; semisimple,
OD-052,49,7,2,5,17,29,odd,0,5,1,29,3,1|2|2,1|1|1,True,True,True,True,True,0.000635,,odd_char; semisimple,
OD-052,49,7,2,5,18,19,odd,0,5,1,19,3,1|2|2,1|1|1,True,True,True,True,True,0.000958,,odd_char; semisimple,
OD-052,49,7,2,5,19,15,odd,0,5,1,15,3,1|2|2,1|1|1,True,True,True,True,True,0.000785,,odd_char; semisimple,
OD-052,49,7,2,5,20,35,odd,0,5,1,35,3,1|2|2,1|1|1,True,True,True,True,True,0.000919,,odd_char; semisimple,
OD-052,49,7,2,5,21,23,odd,0,5,1,23,3,1|2|2,1|1|1,True,True,True,True,True,0.000642,,odd_char; semisimple,
OD-052,49,7,2,5,22,8,odd,0,5,1,8,3,1|2|2,1|1|1,True,True,True,True,True,0.001008,,odd_char; semisimple,
OD-052,49,7,2,5,23,22,odd,0,5,1,22,3,1|2|2,1|1|1,True,True,True,True,True,0.000761,,odd_char; semisimple,
OD-052,49,7,2,5,24,6,odd,0,5,1,6,3,1|2|2,1|1|1,True,True,True,True,True,0.000956,,odd_char; semisimple,
OD-052,49,7,2,5,25,47,odd,0,5,1,47,3,1|2|2,1|1|1,True,True,True,True,True,0.001207,,odd_char; semisimple,
OD-052,49,7,2,5,26,25,odd,0,5,1,25,3,1|2|2,1|1|1,True,True,True,True,True,0.001431,,odd_char; semisimple,
OD-052,49,7,2,5,27,26,odd,0,5,1,26,3,1|2|2,1|1|1,True,True,True,True,True,0.001755,,odd_char; semisimple,
OD-052,49,7,2,5,28,28,odd,0,5,1,28,3,1|2|2,1|1|1,True,True,True,True,True,0.000786,,odd_char; semisimple,
OD-052,49,7,2,5,29,10,odd,0,5,1,10,3,1|2|2,1|1|1,True,True,True,True,True,0.000818,,odd_char; semisimple,
OD-052,49,7,2,5,30,40,odd,0,5,1,40,3,1|2|2,1|1|1,True,True,True,True,True,0.001121,,odd_char; semisimple,
OD-052,49,7,2,5,31,12,odd,0,5,1,12,3,1|2|2,1|1|1,True,True,True,True,True,0.000625,,odd_char; semisimple,
OD-052,49,7,2,5,32,2,odd,0,5,1,2,3,1|2|2,1|1|1,True,True,True,True,True,0.000661,,odd_char; semisimple,
OD-052,49,7,2,5,33,18,odd,0,5,1,18,3,1|2|2,1|1|1,True,True,True,True,True,0.000721,,odd_char; semisimple,
OD-052,49,7,2,5,34,13,odd,0,5,1,13,3,1|2|2,1|1|1,True,True,True,True,True,0.000776,,odd_char; semisimple,
OD-052,49,7,2,5,35,11,odd,0,5,1,11,3,1|2|2,1|1|1,True,True,True,True,True,0.000716,,odd_char; semisimple,
OD-052,49,7,2,5,36,42,odd,0,5,1,42,3,1|2|2,1|1|1,True,True,True,True,True,0.001543,,odd_char; semisimple,
OD-052,49,7,2,5,37,36,odd,0,5,1,36,3,1|2|2,1|1|1,True,True,True,True,True,0.00079,,odd_char; semisimple,
OD-052,49,7,2,5,38,32,odd,0,5,1,32,3,1|2|2,1|1|1,True,True,True,True,True,0.001218,,odd_char; semisimple,
OD-052,49,7,2,5,39,39,odd,0,5,1,39,3,1|2|2,1|1|1,True,True,True,True,True,0.001528,,odd_char; semisimple,
OD-052,49,7,2,5,40,3,odd,0,5,1,3,3,1|2|2,1|1|1,True,True,True,True,True,0.000761,,odd_char; semisimple,
OD-052,49,7,2,5,41,27,odd,0,5,1,27,3,1|2|2,1|1|1,True,True,True,True,True,0.000783,,odd_char; semisimple,
OD-052,49,7,2,5,42,37,odd,0,5,1,37,3,1|2|2,1|1|1,True,True,True,True,True,0.000644,,odd_char; semisimple,
OD-052,49,7,2,5,43,41,odd,0,5,1,41,3,1|2|2,1|1|1,True,True,True,True,True,0.000819,,odd_char; semisimple,
OD-052,49,7,2,5,44,14,odd,0,5,1,14,3,1|2|2,1|1|1,True,True,True,True,True,0.001244,,odd_char; semisimple,
OD-052,49,7,2,5,45,33,odd,0,5,1,33,3,1|2|2,1|1|1,True,True,True,True,True,0.000745,,odd_char; semisimple,
OD-052,49,7,2,5,46,48,odd,0,5,1,48,3,1|2|2,1|1|1,True,True,True,True,True,0.000666,,odd_char; semisimple,
OD-052,49,7,2,5,47,34,odd,0,5,1,34,3,1|2|2,1|1|1,True,True,True,True,True,0.000686,,odd_char; semisimple,
OD-053,49,7,2,7,0,1,odd,1,1,7,1,1,1,7,True,True,True,True,True,3.5e-05,,odd_char; repeated_root P=7,
OD-053,49,7,2,7,1,9,odd,1,1,7,44,1,1,7,True,True,True,True,True,3.3e-05,,odd_char; repeated_root P=7,
OD-053,49,7,2,7,2,31,odd,1,1,7,24,1,1,7,True,True,True,True,True,3e-05,,odd_char; repeated_root P=7,
OD-053,49,7,2,7,3,30,odd,1,1,7,23,1,1,7,True,True,True,True,True,2.9e-05,,odd_char; repeated_root P=7,
OD-053,49,7,2,7,4,21,odd,1,1,7,28,1,1,7,True,True,True,True,True,3.5e-05,,odd_char; repeated_root P=7,
OD-053,49,7,2,7,5,46,odd,1,1,7,11,1,1,7,True,True,True,True,True,6.4e-05,,odd_char; repeated_root P=7,
OD-053,49,7,2,7,6,16,odd,1,1,7,37,1,1,7,True,True,True,True,True,4.9e-05,,odd_char; repeated_root P=7,
OD-053,49,7,2,7,7,44,odd,1,1,7,9,1,1,7,True,True,True,True,True,4.7e-05,,odd_char; repeated_root P=7,
OD-053,49,7,2,7,8,5,odd,1,1,7,5,1,1,7,True,True,True,True,True,4.5e-05,,odd_char; repeated_root P=7,
OD-053,49,7,2,7,9,38,odd,1,1,7,17,1,1,7,True,True,True,True,True,4.7e-05,,odd_char; repeated_root P=7,
OD-053,49,7,2,7,10,43,odd,1,1,7,8,1,1,7,True,True,True,True,True,3.7e-05,,odd_char; repeated_root P=7,
OD-053,49,7,2,7,11,45,odd,1,1,7,10,1,1,7,True,True,True,True,True,3.2e-05,,odd_char; repeated_root P=7,
OD-053,49,7,2,7,12,7,odd,1,1,7,42,1,1,7,True,True,True,True,True,3.2e-05,,odd_char; repeated_root P=7,
OD-053,49,7,2,7,13,20,odd,1,1,7,41,1,1,7,True,True,True,True,True,3.1e-05,,odd_char; repeated_root P=7,
OD-053,49,7,2,7,14,24,odd,1,1,7,31,1,1,7,True,True,True,True,True,7.3e-05,,odd_char; repeated_root P=7,
OD-053,49,7,2,7,15,17,odd,1,1,7,38,1,1,7,True,True,True,True,True,3.7e-05,,odd_char; repeated_root P=7,
OD-053,49,7,2,7,16,4,odd,1,1,7,4,1,1,7,True,True,True,True,True,3.2e-05,,odd_char; repeated_root P=7,
OD-053,49,7,2,7,17,29,odd,1,1,7,22,1,1,7,True,True,True,True,True,3.1e-05,,odd_char; repeated_root P=7,
OD-053,49,7,2,7,18,19,odd,1,1,7,40,1,1,7,True,True,True,True,True,3.1e-05,,odd_char; repeated_root P=7,
OD-053,49,7,2,7,19,15,odd,1,1,7,36,1,1,7,True,True,True,True,True,3.2e-05,,odd_char; repeated_root P=7,
OD-053,49,7,2,7,20,35,odd,1,1,7,14,1,1,7,True,True,True,True,True,3.5e-05,,odd_char; repeated_root P=7,
OD-053,49,7,2,7,21,23,odd,1,1,7,30,1,1,7,True,True,True,True,True,3e-05,,odd_char; repeated_root P=7,
OD-053,49,7,2,7,22,8,odd,1,1,7,43,1,1,7,True,True,True,True,True,3e-05,,odd_char; repeated_root P=7,
OD-053,49,7,2,7,23,22,odd,1,1,7,29,1,1,7,True,True,True,True,True,3.4e-05,,odd_char; repeated_root P=7,
OD-053,49,7,2,7,24,6,odd,1,1,7,6,1,1,7,True,True,True,True,True,3.1e-05,,odd_char; repeated_root P=7,
OD-053,49,7,2,7,25,47,odd,1,1,7,12,1,1,7,True,True,True,True,True,3.3e-05,,odd_char; repeated_root P=7,
OD-053,49,7,2,7,26,25,odd,1,1,7,32,1,1,7,True,True,True,True,True,3e-05,,odd_char; repeated_root P=7,
OD-053,49,7,2,7,27,26,odd,1,1,7,33,1,1,7,True,True,True,True,True,3.1e-05,,odd_char; repeated_root P=7,
OD-053,49,7,2,7,28,28,odd,1,1,7,21,1,1,7,True,True,True,True,True,3e-05,,odd_char; repeated_root P=7,
OD-053,49,7,2,7,29,10,odd,1,1,7,45,1,1,7,True,True,True,True,True,3.1e-05,,odd_char; repeated_root P=7,
OD-053,49,7,2,7,30,40,odd,1,1,7,19,1,1,7,True,True,True,True,True,2.9e-05,,odd_char; repeated_root P=7,
OD-053,49,7,2,7,31,12,odd,1,1,7,47,1,1,7,True,True,True,True,True,3.3e-05,,odd_char; repeated_root P=7,
OD-053,49,7,2,7,32,2,odd,1,1,7,2,1,1,7,True,True,True,True,True,3.1e-05,,odd_char; repeated_root P=7,
OD-053,49,7,2,7,33,18,odd,1,1,7,39,1,1,7,True,True,True,True,True,3.1e-05,,odd_char; repeated_root P=7,
OD-053,49,7,2,7,34,13,odd,1,1,7,48,1,1,7,True,True,True,True,True,3.1e-05,,odd_char; repeated_root P=7,
OD-053,49,7,2,7,35,11,odd,1,1,7,46,1,1,7,True,True,True,True,True,3.1e-05,,odd_char; repeated_root P=7,
OD-053,49,7,2,7,36,42,odd,1,1,7,7,1,1,7,True,True,True,True,True,3e-05,,odd_char; repeated_root P=7,
OD-053,49,7,2,7,37,36,odd,1,1,7,15,1,1,7,True,True,True,True,True,3.5e-05,,odd_char; repeated_root P=7,
OD-053,49,7,2,7,38,32,odd,1,1,7,25,1,1,7,True,True,True,True,True,3.3e-05,,odd_char; repeated_root P=7,
OD-053,49,7,2,7,39,39,odd,1,1,7,18,1,1,7,True,True,True,True,True,5.3e-05,,odd_char; repeated_root P=7,
OD-053,49,7,2,7,40,3,odd,1,1,7,3,1,1,7,True,True,True,True,True,3.7e-05,,odd_char; repeated_root P=7,
OD-053,49,7,2,7,41,27,odd,1,1,7,34,1,1,7,True,True,True,True,True,3.3e-05,,odd_char; repeated_root P=7,
OD-053,49,7,2,7,42,37,odd,1,1,7,16,1,1,7,True,True,True,True,True,3.3e-05,,odd_char; repeated_root P=7,
OD-053,49,7,2,7,43,41,odd,1,1,7,20,1,1,7,True,True,True,True,True,3.3e-05,,odd_char; repeated_root P=7,
OD-053,49,7,2,7,44,14,odd,1,1,7,35,1,1,7,True,True,True,True,True,3.2e-05,,odd_char; repeated_root P=7,
OD-053,49,7,2,7,45,33,odd,1,1,7,26,1,1,7,True,True,True,True,True,3.2e-05,,odd_char; repeated_root P=7,
OD-053,49,7,2,7,46,48,odd,1,1,7,13,1,1,7,True,True,True,True,True,3.1e-05,,odd_char; repeated_root P=7,
OD-053,49,7,2,7,47,34,odd,1,1,7,27,1,1,7,True,True,True,True,True,3.1e-05,,odd_char; repeated_root P=7,
OD-054,49,7,2,9,0,1,odd,0,9,1,1,5,1|1|1|3|3,1|1|1|1|1,True,True,True,True,True,0.001229,,odd_char; semisimple,
OD-054,49,7,2,9,1,9,odd,0,9,1,9,1,9,1,True,True,True,True,True,0.000553,,odd_char; semisimple,
OD-054,49,7,2,9,2,31,odd,0,9,1,31,1,9,1,True,True,True,True,True,0.000508,,odd_char; semisimple,
OD-054,49,7,2,9,3,30,odd,0,9,1,30,5,1|1|1|3|3,1|1|1|1|1,True,True,True,True,True,0.001085,,odd_char; semisimple,
OD-054,49,7,2,9,4,21,odd,0,9,1,21,1,9,1,True,True,True,True,True,0.000598,,odd_char; semisimple,
OD-054,49,7,2,9,5,46,odd,0,9,1,46,1,9,1,True,True,True,True,True,0.000493,,odd_char; semisimple,
OD-054,49,7,2,9,6,16,odd,0,9,1,16,5,1|1|1|3|3,1|1|1|1|1,True,True,True,True,True,0.001026,,odd_char; semisimple,
OD-054,49,7,2,9,7,44,odd,0,9,1,44,1,9,1,True,True,True,True,True,0.000526,,odd_char; semisimple,
OD-054,49,7,2,9,8,5,odd,0,9,1,5,1,9,1,True,True,True,True,True,0.000498,,odd_char; semisimple,
OD-054,49,7,2,9,9,38,odd,0,9,1,38,5,1|1|1|3|3,1|1|1|1|1,True,True,True,True,True,0.00281,,odd_char; semisimple,
OD-054,49,7,2,9,10,43,odd,0,9,1,43,1,9,1,True,True,True,True,True,0.000523,,odd_char; semisimple,
OD-054,49,7,2,9,11,45,odd,0,9,1,45,1,9,1,True,True,True,True,True,0.000488,,odd_char; semisimple,
OD-054,49,7,2,9,12,7,odd,0,9,1,7,5,1|1|1|3|3,1|1|1|1|1,True,True,True,True,True,0.003501,,odd_char; semisimple,
OD-054,49,7,2,9,13,20,odd,0,9,1,20,1,9,1,True,True,True,True,True,0.000535,,odd_char; semisimple,
OD-054,49,7,2,9,14,24,odd,0,9,1,24,1,9,1,True,True,True,True,True,0.000541,,odd_char; semisimple,
OD-054,49,7,2,9,15,17,odd,0,9,1,17,5,1|1|1|3|3,1|1|1|1|1,True,True,True,True,True,0.001287,,odd_char; semisimple,
OD-054,49,7,2,9,16,4,odd,0,9,1,4,1,9,1,True,True,True,True,True,0.001019,,odd_char; semisimple,
OD-054,49,7,2,9,17,29,odd,0,9,1,29,1,9,1,True,True,True,True,True,0.000853,,odd_char; semisimple,
OD-054,49,7,2,9,18,19,odd,0,9,1,19,5,1|1|1|3|3,1|1|1|1|1,True,True,True,True,True,0.001782,,odd_char; semisimple,
OD-054,49,7,2,9,19,15,odd,0,9,1,15,1,9,1,True,True,True,True,True,0.000852,,odd_char; semisimple,
OD-054,49,7,2,9,20,35,odd,0,9,1,35,1,9,1,True,True,True,True,True,0.000807,,odd_char; semisimple,
OD-054,49,7,2,9,21,23,odd,0,9,1,23,5,1|1|1|3|3,1|1|1|1|1,True,True,True,True,True,0.002103,,odd_char; semisimple,
OD-054,49,7,2,9,22,8,odd,0,9,1,8,1,9,1,True,True,True,True,True,0.000776,,odd_char; semisimple,
OD-054,49,7,2,9,23,22,odd,0,9,1,22,1,9,1,True,True,True,True,True,0.000856,,odd_char; semisimple,
OD-054,49,7,2,9,24,6,odd,0,9,1,6,5,1|1|1|3|3,1|1|1|1|1,True,True,True,True,True,0.002016,,odd_char; semisimple,
OD-054,49,7,2,9,25,47,odd,0,9,1,47,1,9,1,True,True,True,True,True,0.000735,,odd_char; semisimple,
OD-054,49,7,2,9,26,25,odd,0,9,1,25,1,9,1,True,True,True,True,True,0.000495,,odd_char; semisimple,
OD-054,49,7,2,9,27,26,odd,0,9,1,26,5,1|1|1|3|3,1|1|1|1|1,True,True,True,True,True,0.001238,,odd_char; semisimple,
OD-054,49,7,2,9,28,28,odd,0,9,1,28,1,9,1,True,True,True,True,True,0.000489,,odd_char; semisimple,
OD-054,49,7,2,9,29,10,odd,0,9,1,10,1,9,1,True,True,True,True,True,0.00052,,odd_char; semisimple,
OD-054,49,7,2,9,30,40,odd,0,9,1,40,5,1|1|1|3|3,1|1|1|1|1,True,True,True,True,True,0.001086,,odd_char; semisimple,
OD-054,49,7,2,9,31,12,odd,0,9,1,12,1,9,1,True,True,True,True,True,0.000679,,odd_char; semisimple,
OD-054,49,7,2,9,32,2,odd,0,9,1,2,1,9,1,True,True,True,True,True,0.000521,,odd_char; semisimple,
OD-054,49,7,2,9,33,18,odd,0,9,1,18,5,1|1|1|3|3,1|1|1|1|1,True,True,True,True,True,0.001018,,odd_char; semisimple,
OD-054,49,7,2,9,34,13,odd,0,9,1,13,1,9,1,True,True,True,True,True,0.000512,,odd_char; semisimple,
OD-054,49,7,2,9,35,11,odd,0,9,1,11,1,9,1,True,True,True,True,True,0.000478,,odd_char; semisimple,
OD-054,49,7,2,9,36,42,odd,0,9,1,42,5,1|1|1|3|3,1|1|1|1|1,True,True,True,True,True,0.001365,,odd_char; semisimple,
OD-054,49,7,2,9,37,36,odd,0,9,1,36,1,9,1,True,True,True,True,True,0.000555,,odd_char; semisimple,
OD-054,49,7,2,9,38,32,odd,0,9,1,32,1,9,1,True,True,True,True,True,0.000479,,odd_char; semisimple,
OD-054,49,7,2,9,39,39,odd,0,9,1,39,5,1|1|1|3|3,1|1|1|1|1,True,True,True,True,True,0.001127,,odd_char; semisimple,
OD-054,49,7,2,9,40,3,odd,0,9,1,3,1,9,1,True,True,True,True,True,0.000474,,odd_char; semisimple,
OD-054,49,7,2,9,41,27,odd,0,9,1,27,1,9,1,True,True,True,True,True,0.000558,,odd_char; semisimple,
OD-054,49,7,2,9,42,37,odd,0,9,1,37,5,1|1|1|3|3,1|1|1|1|1,True,True,True,True,True,0.001725,,odd_char; semisimple,
OD-054,49,7,2,9,43,41,odd,0,9,1,41,1,9,1,True,True,True,True,True,0.000513,,odd_char; semisimple,
OD-054,49,7,2,9,44,14,odd,0,9,1,14,1,9,1,True,True,True,True,True,0.000487,,odd_char; semisimple,
OD-054,49,7,2,9,45,33,odd,0,9,1,33,5,1|1|1|3|3,1|1|1|1|1,True,True,True,True,True,0.002869,,odd_char; semisimple,
OD-054,49,7,2,9,46,48,odd,0,9,1,48,1,9,1,True,True,True,True,True,0.000516,,odd_char; semisimple,
OD-054,49,7,2,9,47,34,odd,0,9,1,34,1,9,1,True,True,True,True,True,0.00047,,odd_char; semisimple,
OD-055,49,7,2,15,0,1,odd,0,15,1,1,9,1|1|1|2|2|2|2|2|2,1|1|1|1|1|1|1|1|1,True,True,True,True,True,0.007375,,odd_char; semisimple,
OD-055,49,7,2,15,1,9,odd,0,15,1,9,3,3|6|6,1|1|1,True,True,True,True,True,0.006624,,odd_char; semisimple,
OD-055,49,7,2,15,2,31,odd,0,15,1,31,3,3|6|6,1|1|1,True,True,True,True,True,0.025903,,odd_char; semisimple,
OD-055,49,7,2,15,3,30,odd,0,15,1,30,9,1|1|1|2|2|2|2|2|2,1|1|1|1|1|1|1|1|1,True,True,True,True,True,0.006303,,odd_char; semisimple,
OD-055,49,7,2,15,4,21,odd,0,15,1,21,3,3|6|6,1|1|1,True,True,True,True,True,0.008647,,odd_char; semisimple,
OD-055,49,7,2,15,5,46,odd,0,15,1,46,3,3|6|6,1|1|1,True,True,True,True,True,0.015909,,odd_char; semisimple,
OD-055,49,7,2,15,6,16,odd,0,15,1,16,9,1|1|1|2|2|2|2|2|2,1|1|1|1|1|1|1|1|1,True,True,True,True,True,0.016087,,odd_char; semisimple,
OD-055,49,7,2,15,7,44,odd,0,15,1,44,3,3|6|6,1|1|1,True,True,True,True,True,0.005155,,odd_char; semisimple,
OD-055,49,7,2,15,8,5,odd,0,15,1,5,3,3|6|6,1|1|1,True,True,True,True,True,0.004184,,odd_char; semisimple,
OD-055,49,7,2,15,9,38,odd,0,15,1,38,9,1|1|1|2|2|2|2|2|2,1|1|1|1|1|1|1|1|1,True,True,True,True,True,0.00653,,odd_char; semisimple,
OD-055,49,7,2,15,10,43,odd,0,15,1,43,3,3|6|6,1|1|1,True,True,True,True,True,0.007793,,odd_char; semisimple,
OD-055,49,7,2,15,11,45,odd,0,15,1,45,3,3|6|6,1|1|1,True,True,True,True,True,0.007184,,odd_char; semisimple,
OD-055,49,7,2,15,12,7,odd,0,15,1,7,9,1|1|1|2|2|2|2|2|2,1|1|1|1|1|1|1|1|1,True,True,True,True,True,0.010348,,odd_char; semisimple,
OD-055,49,7,2,15,13,20,odd,0,15,1,20,3,3|6|6,1|1|1,True,True,True,True,True,0.007411,,odd_char; semisimple,
OD-055,49,7,2,15,14,24,odd,0,15,1,24,3,3|6|6,1|1|1,True,True,True,True,True,0.008751,,odd_char; semisimple,
OD-055,49,7,2,15,15,17,odd,0,15,1,17,9,1|1|1|2|2|2|2|2|2,1|1|1|1|1|1|1|1|1,True,True,True,True,True,0.009871,,odd_char; semisimple,
OD-055,49,7,2,15,16,4,odd,0,15,1,4,3,3|6|6,1|1|1,True,True,True,True,True,0.004517,,odd_char; semisimple,
OD-055,49,7,2,15,17,29,odd,0,15,1,29,3,3|6|6,1|1|1,True,True,True,True,True,0.004342,,odd_char; semisimple,
OD-055,49,7,2,15,18,19,odd,0,15,1,19,9,1|1|1|2|2|2|2|2|2,1|1|1|1|1|1|1|1|1,True,True,True,True,True,0.00528,,odd_char; semisimple,
OD-055,49,7,2,15,19,15,odd,0,15,1,15,3,3|6|6,1|1|1,True,True,True,True,True,0.018687,,odd_char; semisimple,
OD-055,49,7,2,15,20,35,odd,0,15,1,35,3,3|6|6,1|1|1,True,True,True,True,True,0.016926,,odd_char; semisimple,
OD-055,49,7,2,15,21,23,odd,0,15,1,23,9,1|1|1|2|2|2|2|2|2,1|1|1|1|1|1|1|1|1,True,True,True,True,True,0.007112,,odd_char; semisimple,
OD-055,49,7,2,15,22,8,odd,0,15,1,8,3,3|6|6,1|1|1,True,True,True,True,True,0.006879,,odd_char; semisimple,
OD-055,49,7,2,15,23,22,odd,0,15,1,22,3,3|6|6,1|1|1,True,True,True,True,True,0.004645,,odd_char; semisimple,
OD-055,49,7,2,15,24,6,odd,0,15,1,6,9,1|1|1|2|2|2|2|2|2,1|1|1|1|1|1|1|1|1,True,True,True,True,True,0.005153,,odd_char; semisimple,
OD-055,49,7,2,15,25,47,odd,0,15,1,47,3,3|6|6,1|1|1,True,True,True,True,True,0.00755,,odd_char; semisimple,
OD-055,49,7,2,15,26,25,odd,0,15,1,25,3,3|6|6,1|1|1,True,True,True,True,True,0.004308,,odd_char; semisimple,
OD-055,49,7,2,15,27,26,odd,0,15,1,26,9,1|1|1|2|2|2|2|2|2,1|1|1|1|1|1|1|1|1,True,True,True,True,True,0.007374,,odd_char; semisimple,
OD-055,49,7,2,15,28,28,odd,0,15,1,28,3,3|6|6,1|1|1,True,True,True,True,True,0.010351,,odd_char; semisimple,
OD-055,49,7,2,15,29,10,odd,0,15,1,10,3,3|6|6,1|1|1,True,True,True,True,True,0.005462,,odd_char; semisimple,
OD-055,49,7,2,15,30,40,odd,0,15,1,40,9,1|1|1|2|2|2|2|2|2,1|1|1|1|1|1|1|1|1,True,True,True,True,True,0.006208,,odd_char; semisimple,
OD-055,49,7,2,15,31,12,odd,0,15,1,12,3,3|6|6,1|1|1,True,True,True,True,True,0.015406,,odd_char; semisimple,
OD-055,49,7,2,15,32,2,odd,0,15,1,2,3,3|6|6,1|1|1,True,True,True,True,True,0.004901,,odd_char; semisimple,
OD-055,49,7,2,15,33,18,odd,0,15,1,18,9,1|1|1|2|2|2|2|2|2,1|1|1|1|1|1|1|1|1,True,True,True,True,True,0.007066,,odd_char; semisimple,
OD-055,49,7,2,15,34,13,odd,0,15,1,13,3,3|6|6,1|1|1,True,True,True,True,True,0.005052,,odd_char; semisimple,
OD-055,49,7,2,15,35,11,odd,0,15,1,11,3,3|6|6,1|1|1,True,True,True,True,True,0.011719,,odd_char; semisimple,
OD-055,49,7,2,15,36,42,odd,0,15,1,42,9,1|1|1|2|2|2|2|2|2,1|1|1|1|1|1|1|1|1,True,True,True,True,True,0.008877,,odd_char; semisimple,
OD-055,49,7,2,15,37,36,odd,0,15,1,36,3,3|6|6,1|1|1,True,True,True,True,True,0.004665,,odd_char; semisimple,
OD-055,49,7,2,15,38,32,odd,0,15,1,32,3,3|6|6,1|1|1,True,True,True,True,True,0.01439,,odd_char; semisimple,
OD-055,49,7,2,15,39,39,odd,0,15,1,39,9,1|1|1|2|2|2|2|2|2,1|1|1|1|1|1|1|1|1,True,True,True,True,True,0.013647,,odd_char; semisimple,
OD-055,49,7,2,15,40,3,odd,0,15,1,3,3,3|6|6,1|1|1,True,True,True,True,True,0.015044,,odd_char; semisimple,
OD-055,49,7,2,15,41,27,odd,0,15,1,27,3,3|6|6,1|1|1,True,True,True,True,True,0.019056,,odd_char; semisimple,
OD-055,49,7,2,15,42,37,odd,0,15,1,37,9,1|1|1|2|2|2|2|2|2,1|1|1|1|1|1|1|1|1,True,True,True,True,True,0.005676,,odd_char; semisimple,
OD-055,49,7,2,15,43,41,odd,0,15,1,41,3,3|6|6,1|1|1,True,True,True,True,True,0.015175,,odd_char; semisimple,
OD-055,49,7,2,15,44,14,odd,0,15,1,14,3,3|6|6,1|1|1,True,True,True,True,True,0.006373,,odd_char; semisimple,
OD-055,49,7,2,15,45,33,odd,0,15,1,33,9,1|1|1|2|2|2|2|2|2,1|1|1|1|1|1|1|1|1,True,True,True,True,True,0.009534,,odd_char; semisimple,
OD-055,49,7,2,15,46,48,odd,0,15,1,48,3,3|6|6,1|1|1,True,True,True,True,True,0.019546,,odd_char; semisimple,
OD-055,49,7,2,15,47,34,odd,0,15,1,34,3,3|6|6,1|1|1,True,True,True,True,True,0.005202,,odd_char; semisimple,
OD-056,49,7,2,17,0,1,odd,0,17,1,1,3,1|8|8,1|1|1,True,True,True,True,True,0.020033,,odd_char; semisimple,
OD-056,49,7,2,17,1,9,odd,0,17,1,9,3,1|8|8,1|1|1,True,True,True,True,True,0.018051,,odd_char; semisimple,
OD-056,49,7,2,17,2,31,odd,0,17,1,31,3,1|8|8,1|1|1,True,True,True,True,True,0.047062,,odd_char; semisimple,
OD-056,49,7,2,17,3,30,odd,0,17,1,30,3,1|8|8,1|1|1,True,True,True,True,True,0.04755,,odd_char; semisimple,
OD-056,49,7,2,17,4,21,odd,0,17,1,21,3,1|8|8,1|1|1,True,True,True,True,True,0.019665,,odd_char; semisimple,
OD-056,49,7,2,17,5,46,odd,0,17,1,46,3,1|8|8,1|1|1,True,True,True,True,True,0.020693,,odd_char; semisimple,
OD-056,49,7,2,17,6,16,odd,0,17,1,16,3,1|8|8,1|1|1,True,True,True,True,True,0.02383,,odd_char; semisimple,
OD-056,49,7,2,17,7,44,odd,0,17,1,44,3,1|8|8,1|1|1,True,True,True,True,True,0.037759,,odd_char; semisimple,
OD-056,49,7,2,17,8,5,odd,0,17,1,5,3,1|8|8,1|1|1,True,True,True,True,True,0.019175,,odd_char; semisimple,
OD-056,49,7,2,17,9,38,odd,0,17,1,38,3,1|8|8,1|1|1,True,True,True,True,True,0.019859,,odd_char; semisimple,
OD-056,49,7,2,17,10,43,odd,0,17,1,43,3,1|8|8,1|1|1,True,True,True,True,True,0.045037,,odd_char; semisimple,
OD-056,49,7,2,17,11,45,odd,0,17,1,45,3,1|8|8,1|1|1,True,True,True,True,True,0.044783,,odd_char; semisimple,
OD-056,49,7,2,17,12,7,odd,0,17,1,7,3,1|8|8,1|1|1,True,True,True,True,True,0.041045,,odd_char; semisimple,
OD-056,49,7,2,17,13,20,odd,0,17,1,20,3,1|8|8,1|1|1,True,True,True,True,True,0.016806,,odd_char; semisimple,
OD-056,49,7,2,17,14,24,odd,0,17,1,24,3,1|8|8,1|1|1,True,True,True,True,True,0.018652,,odd_char; semisimple,
OD-056,49,7,2,17,15,17,odd,0,17,1,17,3,1|8|8,1|1|1,True,True,True,True,True,0.044602,,odd_char; semisimple,
OD-056,49,7,2,17,16,4,odd,0,17,1,4,3,1|8|8,1|1|1,True,True,True,True,True,0.05872,,odd_char; semisimple,
OD-056,49,7,2,17,17,29,odd,0,17,1,29,3,1|8|8,1|1|1,True,True,True,True,True,0.058879,,odd_char; semisimple,
OD-056,49,7,2,17,18,19,odd,0,17,1,19,3,1|8|8,1|1|1,True,True,True,True,True,0.051929,,odd_char; semisimple,
OD-056,49,7,2,17,19,15,odd,0,17,1,15,3,1|8|8,1|1|1,True,True,True,True,True,0.030178,,odd_char; semisimple,
OD-056,49,7,2,17,20,35,odd,0,17,1,35,3,1|8|8,1|1|1,True,True,True,True,True,0.019617,,odd_char; semisimple,
OD-056,49,7,2,17,21,23,odd,0,17,1,23,3,1|8|8,1|1|1,True,True,True,True,True,0.018061,,odd_char; semisimple,
OD-056,49,7,2,17,22,8,odd,0,17,1,8,3,1|8|8,1|1|1,True,True,True,True,True,0.072941,,odd_char; semisimple,
OD-056,49,7,2,17,23,22,odd,0,17,1,22,3,1|8|8,1|1|1,True,True,True,True,True,0.022046,,odd_char; semisimple,
OD-056,49,7,2,17,24,6,odd,0,17,1,6,3,1|8|8,1|1|1,True,True,True,True,True,0.018152,,odd_char; semisimple,
OD-056,49,7,2,17,25,47,odd,0,17,1,47,3,1|8|8,1|1|1,True,True,True,True,True,0.075509,,odd_char; semisimple,
OD-056,49,7,2,17,26,25,odd,0,17,1,25,3,1|8|8,1|1|1,True,True,True,True,True,0.02609,,odd_char; semisimple,
OD-056,49,7,2,17,27,26,odd,0,17,1,26,3,1|8|8,1|1|1,True,True,True,True,True,0.047739,,odd_char; semisimple,
OD-056,49,7,2,17,28,28,odd,0,17,1,28,3,1|8|8,1|1|1,True,True,True,True,True,0.018983,,odd_char; semisimple,
OD-056,49,7,2,17,29,10,odd,0,17,1,10,3,1|8|8,1|1|1,True,True,True,True,True,0.068839,,odd_char; semisimple,
OD-056,49,7,2,17,30,40,odd,0,17,1,40,3,1|8|8,1|1|1,True,True,True,True,True,0.039794,,odd_char; semisimple,
OD-056,49,7,2,17,31,12,odd,0,17,1,12,3,1|8|8,1|1|1,True,True,True,True,True,0.025911,,odd_char; semisimple,
OD-056,49,7,2,17,32,2,odd,0,17,1,2,3,1|8|8,1|1|1,True,True,True,True,True,0.016928,,odd_char; semisimple,
OD-056,49,7,2,17,33,18,odd,0,17,1,18,3,1|8|8,1|1|1,True,True,True,True,True,0.037734,,odd_char; semisimple,
OD-056,49,7,2,17,34,13,odd,0,17,1,13,3,1|8|8,1|1|1,True,True,True,True,True,0.031177,,odd_char; semisimple,
OD-056,49,7,2,17,35,11,odd,0,17,1,11,3,1|8|8,1|1|1,True,True,True,True,True,0.018023,,odd_char; semisimple,
OD-056,49,7,2,17,36,42,odd,0,17,1,42,3,1|8|8,1|1|1,True,True,True,True,True,0.037974,,odd_char; semisimple,
OD-056,49,7,2,17,37,36,odd,0,17,1,36,3,1|8|8,1|1|1,True,True,True,True,True,0.015501,,odd_char; semisimple,
OD-056,49,7,2,17,38,32,odd,0,17,1,32,3,1|8|8,1|1|1,True,True,True,True,True,0.02016,,odd_char; semisimple,
OD-056,49,7,2,17,39,39,odd,0,17,1,39,3,1|8|8,1|1|1,True,True,True,True,True,0.01834,,odd_char; semisimple,
OD-056,49,7,2,17,40,3,odd,0,17,1,3,3,1|8|8,1|1|1,True,True,True,True,True,0.016014,,odd_char; semisimple,
OD-056,49,7,2,17,41,27,odd,0,17,1,27,3,1|8|8,1|1|1,True,True,True,True,True,0.030967,,odd_char; semisimple,
OD-056,49,7,2,17,42,37,odd,0,17,1,37,3,1|8|8,1|1|1,True,True,True,True,True,0.017394,,odd_char; semisimple,
OD-056,49,7,2,17,43,41,odd,0,17,1,41,3,1|8|8,1|1|1,True,True,True,True,True,0.024068,,odd_char; semisimple,
OD-056,49,7,2,17,44,14,odd,0,17,1,14,3,1|8|8,1|1|1,True,True,True,True,True,0.024304,,odd_char; semisimple,
OD-056,49,7,2,17,45,33,odd,0,17,1,33,3,1|8|8,1|1|1,True,True,True,True,True,0.018344,,odd_char; semisimple,
OD-056,49,7,2,17,46,48,odd,0,17,1,48,3,1|8|8,1|1|1,True,True,True,True,True,0.019163,,odd_char; semisimple,
OD-056,49,7,2,17,47,34,odd,0,17,1,34,3,1|8|8,1|1|1,True,True,True,True,True,0.025649,,odd_char; semisimple,
OD-057,49,7,2,21,0,1,odd,1,3,7,1,3,1|1|1,7|7|7,True,True,True,True,True,0.000486,,odd_char; repeated_root P=7,
OD-057,49,7,2,21,1,9,odd,1,3,7,44,1,3,7,True,True,True,True,True,0.00019,,odd_char; repeated_root P=7,
OD-057,49,7,2,21,2,31,odd,1,3,7,24,1,3,7,True,True,True,True,True,0.000177,,odd_char; repeated_root P=7,
OD-057,49,7,2,21,3,30,odd,1,3,7,23,3,1|1|1,7|7|7,True,True,True,True,True,0.000336,,odd_char; repeated_root P=7,
OD-057,49,7,2,21,4,21,odd,1,3,7,28,1,3,7,True,True,True,True,True,0.000182,,odd_char; repeated_root P=7,
OD-057,49,7,2,21,5,46,odd,1,3,7,11,1,3,7,True,True,True,True,True,0.00018,,odd_char; repeated_root P=7,
OD-057,49,7,2,21,6,16,odd,1,3,7,37,3,1|1|1,7|7|7,True,True,True,True,True,0.000312,,odd_char; repeated_root P=7,
OD-057,49,7,2,21,7,44,odd,1,3,7,9,1,3,7,True,True,True,True,True,0.000204,,odd_char; repeated_root P=7,
OD-057,49,7,2,21,8,5,odd,1,3,7,5,1,3,7,True,True,True,True,True,0.000183,,odd_char; repeated_root P=7,
OD-057,49,7,2,21,9,38,odd,1,3,7,17,3,1|1|1,7|7|7,True,True,True,True,True,0.000266,,odd_char; repeated_root P=7,
OD-057,49,7,2,21,10,43,odd,1,3,7,8,1,3,7,True,True,True,True,True,0.000177,,odd_char; repeated_root P=7,
OD-057,49,7,2,21,11,45,odd,1,3,7,10,1,3,7,True,True,True,True,True,0.000172,,odd_char; repeated_root P=7,
OD-057,49,7,2,21,12,7,odd,1,3,7,42,3,1|1|1,7|7|7,True,True,True,True,True,0.000357,,odd_char; repeated_root P=7,
OD-057,49,7,2,21,13,20,odd,1,3,7,41,1,3,7,True,True,True,True,True,0.000176,,odd_char; repeated_root P=7,
OD-057,49,7,2,21,14,24,odd,1,3,7,31,1,3,7,True,True,True,True,True,0.00017,,odd_char; repeated_root P=7,
OD-057,49,7,2,21,15,17,odd,1,3,7,38,3,1|1|1,7|7|7,True,True,True,True,True,0.00047,,odd_char; repeated_root P=7,
OD-057,49,7,2,21,16,4,odd,1,3,7,4,1,3,7,True,True,True,True,True,0.000189,,odd_char; repeated_root P=7,
OD-057,49,7,2,21,17,29,odd,1,3,7,22,1,3,7,True,True,True,True,True,0.000183,,odd_char; repeated_root P=7,
OD-057,49,7,2,21,18,19,odd,1,3,7,40,3,1|1|1,7|7|7,True,True,True,True,True,0.000274,,odd_char; repeated_root P=7,
OD-057,49,7,2,21,19,15,odd,1,3,7,36,1,3,7,True,True,True,True,True,0.000175,,odd_char; repeated_root P=7,
OD-057,49,7,2,21,20,35,odd,1,3,7,14,1,3,7,True,True,True,True,True,0.000217,,odd_char; repeated_root P=7,
OD-057,49,7,2,21,21,23,odd,1,3,7,30,3,1|1|1,7|7|7,True,True,True,True,True,0.000317,,odd_char; repeated_root P=7,
OD-057,49,7,2,21,22,8,odd,1,3,7,43,1,3,7,True,True,True,True,True,0.000173,,odd_char; repeated_root P=7,
OD-057,49,7,2,21,23,22,odd,1,3,7,29,1,3,7,True,True,True,True,True,0.000173,,odd_char; repeated_root P=7,
OD-057,49,7,2,21,24,6,odd,1,3,7,6,3,1|1|1,7|7|7,True,True,True,True,True,0.000291,,odd_char; repeated_root P=7,
OD-057,49,7,2,21,25,47,odd,1,3,7,12,1,3,7,True,True,True,True,True,0.000182,,odd_char; repeated_root P=7,
OD-057,49,7,2,21,26,25,odd,1,3,7,32,1,3,7,True,True,True,True,True,0.00017,,odd_char; repeated_root P=7,
OD-057,49,7,2,21,27,26,odd,1,3,7,33,3,1|1|1,7|7|7,True,True,True,True,True,0.000381,,odd_char; repeated_root P=7,
OD-057,49,7,2,21,28,28,odd,1,3,7,21,1,3,7,True,True,True,True,True,0.000202,,odd_char; repeated_root P=7,
OD-057,49,7,2,21,29,10,odd,1,3,7,45,1,3,7,True,True,True,True,True,0.000187,,odd_char; repeated_root P=7,
OD-057,49,7,2,21,30,40,odd,1,3,7,19,3,1|1|1,7|7|7,True,True,True,True,True,0.000269,,odd_char; repeated_root P=7,
OD-057,49,7,2,21,31,12,odd,1,3,7,47,1,3,7,True,True,True,True,True,0.000225,,odd_char; repeated_root P=7,
OD-057,49,7,2,21,32,2,odd,1,3,7,2,1,3,7,True,True,True,True,True,0.000184,,odd_char; repeated_root P=7,
OD-057,49,7,2,21,33,18,odd,1,3,7,39,3,1|1|1,7|7|7,True,True,True,True,True,0.000455,,odd_char; repeated_root P=7,
OD-057,49,7,2,21,34,13,odd,1,3,7,48,1,3,7,True,True,True,True,True,0.00018,,odd_char; repeated_root P=7,
OD-057,49,7,2,21,35,11,odd,1,3,7,46,1,3,7,True,True,True,True,True,0.000179,,odd_char; repeated_root P=7,
OD-057,49,7,2,21,36,42,odd,1,3,7,7,3,1|1|1,7|7|7,True,True,True,True,True,0.000334,,odd_char; repeated_root P=7,
OD-057,49,7,2,21,37,36,odd,1,3,7,15,1,3,7,True,True,True,True,True,0.000183,,odd_char; repeated_root P=7,
OD-057,49,7,2,21,38,32,odd,1,3,7,25,1,3,7,True,True,True,True,True,0.000192,,odd_char; repeated_root P=7,
OD-057,49,7,2,21,39,39,odd,1,3,7,18,3,1|1|1,7|7|7,True,True,True,True,True,0.000332,,odd_char; repeated_root P=7,
OD-057,49,7,2,21,40,3,odd,1,3,7,3,1,3,7,True,True,True,True,True,0.000179,,odd_char; repeated_root P=7,
OD-057,49,7,2,21,41,27,odd,1,3,7,34,1,3,7,True,True,True,True,True,0.000205,,odd_char; repeated_root P=7,
OD-057,49,7,2,21,42,37,odd,1,3,7,16,3,1|1|1,7|7|7,True,True,True,True,True,0.000276,,odd_char; repeated_root P=7,
OD-057,49,7,2,21,43,41,odd,1,3,7,20,1,3,7,True,True,True,True,True,0.000172,,odd_char; repeated_root P=7,
OD-057,49,7,2,21,44,14,odd,1,3,7,35,1,3,7,True,True,True,True,True,0.000175,,odd_char; repeated_root P=7,
OD-057,49,7,2,21,45,33,odd,1,3,7,26,3,1|1|1,7|7|7,True,True,True,True,True,0.000357,,odd_char; repeated_root P=7,
OD-057,49,7,2,21,46,48,odd,1,3,7,13,1,3,7,True,True,True,True,True,0.000177,,odd_char; repeated_root P=7,
OD-057,49,7,2,21,47,34,odd,1,3,7,27,1,3,7,True,True,True,True,True,0.000171,,odd_char; repeated_root P=7,
OD-058,49,7,2,25,0,1,odd,0,25,1,1,13,1|2|2|2|2|2|2|2|2|2|2|2|2,1|1|1|1|1|1|1|1|1|1|1|1|1,True,True,True,True,True,0.04204,,odd_char; semisimple,
OD-058,49,7,2,25,1,9,odd,0,25,1,9,13,1|2|2|2|2|2|2|2|2|2|2|2|2,1|1|1|1|1|1|1|1|1|1|1|1|1,True,True,True,True,True,0.039785,,odd_char; semisimple,
OD-058,49,7,2,25,2,31,odd,0,25,1,31,13,1|2|2|2|2|2|2|2|2|2|2|2|2,1|1|1|1|1|1|1|1|1|1|1|1|1,True,True,True,True,True,0.045186,,odd_char; semisimple,
OD-058,49,7,2,25,3,30,odd,0,25,1,30,13,1|2|2|2|2|2|2|2|2|2|2|2|2,1|1|1|1|1|1|1|1|1|1|1|1|1,True,True,True,True,True,0.031541,,odd_char; semisimple,
OD-058,49,7,2,25,4,21,odd,0,25,1,21,13,1|2|2|2|2|2|2|2|2|2|2|2|2,1|1|1|1|1|1|1|1|1|1|1|1|1,True,True,True,True,True,0.045035,,odd_char; semisimple,
OD-058,49,7,2,25,5,46,odd,0,25,1,46,13,1|2|2|2|2|2|2|2|2|2|2|2|2,1|1|1|1|1|1|1|1|1|1|1|1|1,True,True,True,True,True,0.035356,,odd_char; semisimple,
OD-058,49,7,2,25,6,16,odd,0,25,1,16,13,1|2|2|2|2|2|2|2|2|2|2|2|2,1|1|1|1|1|1|1|1|1|1|1|1|1,True,True,True,True,True,0.032877,,odd_char; semisimple,
OD-058,49,7,2,25,7,44,odd,0,25,1,44,13,1|2|2|2|2|2|2|2|2|2|2|2|2,1|1|1|1|1|1|1|1|1|1|1|1|1,True,True,True,True,True,0.042889,,odd_char; semisimple,
OD-058,49,7,2,25,8,5,odd,0,25,1,5,13,1|2|2|2|2|2|2|2|2|2|2|2|2,1|1|1|1|1|1|1|1|1|1|1|1|1,True,True,True,True,True,0.037933,,odd_char; semisimple,
OD-058,49,7,2,25,9,38,odd,0,25,1,38,13,1|2|2|2|2|2|2|2|2|2|2|2|2,1|1|1|1|1|1|1|1|1|1|1|1|1,True,True,True,True,True,0.046774,,odd_char; semisimple,
OD-058,49,7,2,25,10,43,odd,0,25,1,43,13,1|2|2|2|2|2|2|2|2|2|2|2|2,1|1|1|1|1|1|1|1|1|1|1|1|1,True,True,True,True,True,0.039049,,odd_char; semisimple,
OD-058,49,7,2,25,11,45,odd,0,25,1,45,13,1|2|2|2|2|2|2|2|2|2|2|2|2,1|1|1|1|1|1|1|1|1|1|1|1|1,True,True,True,True,True,0.04112,,odd_char; semisimple,
OD-058,49,7,2,25,12,7,odd,0,25,1,7,13,1|2|2|2|2|2|2|2|2|2|2|2|2,1|1|1|1|1|1|1|1|1|1|1|1|1,True,True,True,True,True,0.04358,,odd_char; semisimple,
OD-058,49,7,2,25,13,20,odd,0,25,1,20,13,1|2|2|2|2|2|2|2|2|2|2|2|2,1|1|1|1|1|1|1|1|1|1|1|1|1,True,True,True,True,True,0.051544,,odd_char; semisimple,
OD-058,49,7,2,25,14,24,odd,0,25,1,24,13,1|2|2|2|2|2|2|2|2|2|2|2|2,1|1|1|1|1|1|1|1|1|1|1|1|1,True,True,True,True,True,0.03711,,odd_char; semisimple,
OD-058,49,7,2,25,15,17,odd,0,25,1,17,13,1|2|2|2|2|2|2|2|2|2|2|2|2,1|1|1|1|1|1|1|1|1|1|1|1|1,True,True,True,True,True,0.037832,,odd_char; semisimple,
OD-058,49,7,2,25,16,4,odd,0,25,1,4,13,1|2|2|2|2|2|2|2|2|2|2|2|2,1|1|1|1|1|1|1|1|1|1|1|1|1,True,True,True,True,True,0.030338,,odd_char; semisimple,
OD-058,49,7,2,25,17,29,odd,0,25,1,29,13,1|2|2|2|2|2|2|2|2|2|2|2|2,1|1|1|1|1|1|1|1|1|1|1|1|1,True,True,True,True,True,0.038034,,odd_char; semisimple,
OD-058,49,7,2,25,18,19,odd,0,25,1,19,13,1|2|2|2|2|2|2|2|2|2|2|2|2,1|1|1|1|1|1|1|1|1|1|1|1|1,True,True,True,True,True,0.052145,,odd_char; semisimple,
OD-058,49,7,2,25,19,15,odd,0,25,1,15,13,1|2|2|2|2|2|2|2|2|2|2|2|2,1|1|1|1|1|1|1|1|1|1|1|1|1,True,True,True,True,True,0.038191,,odd_char; semisimple,
OD-058,49,7,2,25,20,35,odd,0,25,1,35,13,1|2|2|2|2|2|2|2|2|2|2|2|2,1|1|1|1|1|1|1|1|1|1|1|1|1,True,True,True,True,True,0.046397,,odd_char; semisimple,
OD-058,49,7,2,25,21,23,odd,0,25,1,23,13,1|2|2|2|2|2|2|2|2|2|2|2|2,1|1|1|1|1|1|1|1|1|1|1|1|1,True,True,True,True,True,0.050328,,odd_char; semisimple,
OD-058,49,7,2,25,22,8,odd,0,25,1,8,13,1|2|2|2|2|2|2|2|2|2|2|2|2,1|1|1|1|1|1|1|1|1|1|1|1|1,True,True,True,True,True,0.055768,,odd_char; semisimple,
OD-058,49,7,2,25,23,22,odd,0,25,1,22,13,1|2|2|2|2|2|2|2|2|2|2|2|2,1|1|1|1|1|1|1|1|1|1|1|1|1,True,True,True,True,True,0.048168,,odd_char; semisimple,
OD-058,49,7,2,25,24,6,odd,0,25,1,6,13,1|2|2|2|2|2|2|2|2|2|2|2|2,1|1|1|1|1|1|1|1|1|1|1|1|1,True,True,True,True,True,0.030593,,odd_char; semisimple,
OD-058,49,7,2,25,25,47,odd,0,25,1,47,13,1|2|2|2|2|2|2|2|2|2|2|2|2,1|1|1|1|1|1|1|1|1|1|1|1|1,True,True,True,True,True,0.06956,,odd_char; semisimple,
OD-058,49,7,2,25,26,25,odd,0,25,1,25,13,1|2|2|2|2|2|2|2|2|2|2|2|2,1|1|1|1|1|1|1|1|1|1|1|1|1,True,True,True,True,True,0.055417,,odd_char; semisimple,
OD-058,49,7,2,25,27,26,odd,0,25,1,26,13,1|2|2|2|2|2|2|2|2|2|2|2|2,1|1|1|1|1|1|1|1|1|1|1|1|1,True,True,True,True,True,0.041785,,odd_char; semisimple,
OD-058,49,7,2,25,28,28,odd,0,25,1,28,13,1|2|2|2|2|2|2|2|2|2|2|2|2,1|1|1|1|1|1|1|1|1|1|1|1|1,True,True,True,True,True,0.033486,,odd_char; semisimple,
OD-058,49,7,2,25,29,10,odd,0,25,1,10,13,1|2|2|2|2|2|2|2|2|2|2|2|2,1|1|1|1|1|1|1|1|1|1|1|1|1,True,True,True,True,True,0.05133,,odd_char; semisimple,
OD-058,49,7,2,25,30,40,odd,0,25,1,40,13,1|2|2|2|2|2|2|2|2|2|2|2|2,1|1|1|1|1|1|1|1|1|1|1|1|1,True,True,True,True,True,0.073045,,odd_char; semisimple,
OD-058,49,7,2,25,31,12,odd,0,25,1,12,13,1|2|2|2|2|2|2|2|2|2|2|2|2,1|1|1|1|1|1|1|1|1|1|1|1|1,True,True,True,True,True,0.065134,,odd_char; semisimple,
OD-058,49,7,2,25,32,2,odd,0,25,1,2,13,1|2|2|2|2|2|2|2|2|2|2|2|2,1|1|1|1|1|1|1|1|1|1|1|1|1,True,True,True,True,True,0.051353,,odd_char; semisimple,
OD-058,49,7,2,25,33,18,odd,0,25,1,18,13,1|2|2|2|2|2|2|2|2|2|2|2|2,1|1|1|1|1|1|1|1|1|1|1|1|1,True,True,True,True,True,0.04389,,odd_char; semisimple,
OD-058,49,7,2,25,34,13,odd,0,25,1,13,13,1|2|2|2|2|2|2|2|2|2|2|2|2,1|1|1|1|1|1|1|1|1|1|1|1|1,True,True,True,True,True,0.055371,,odd_char; semisimple,
OD-058,49,7,2,25,35,11,odd,0,25,1,11,13,1|2|2|2|2|2|2|2|2|2|2|2|2,1|1|1|1|1|1|1|1|1|1|1|1|1,True,True,True,True,True,0.052003,,odd_char; semisimple,
OD-058,49,7,2,25,36,42,odd,0,25,1,42,13,1|2|2|2|2|2|2|2|2|2|2|2|2,1|1|1|1|1|1|1|1|1|1|1|1|1,True,True,True,True,True,0.052024,,odd_char; semisimple,
OD-058,49,7,2,25,37,36,odd,0,25,1,36,13,1|2|2|2|2|2|2|2|2|2|2|2|2,1|1|1|1|1|1|1|1|1|1|1|1|1,True,True,True,True,True,0.098217,,odd_char; semisimple,
OD-058,49,7,2,25,38,32,odd,0,25,1,32,13,1|2|2|2|2|2|2|2|2|2|2|2|2,1|1|1|1|1|1|1|1|1|1|1|1|1,True,True,True,True,True,0.051981,,odd_char; semisimple,
OD-058,49,7,2,25,39,39,odd,0,25,1,39,13,1|2|2|2|2|2|2|2|2|2|2|2|2,1|1|1|1|1|1|1|1|1|1|1|1|1,True,True,True,True,True,0.048896,,odd_char; semisimple,
OD-058,49,7,2,25,40,3,odd,0,25,1,3,13,1|2|2|2|2|2|2|2|2|2|2|2|2,1|1|1|1|1|1|1|1|1|1|1|1|1,True,True,True,True,True,0.068392,,odd_char; semisimple,
OD-058,49,7,2,25,41,27,odd,0,25,1,27,13,1|2|2|2|2|2|2|2|2|2|2|2|2,1|1|1|1|1|1|1|1|1|1|1|1|1,True,True,True,True,True,0.040636,,odd_char; semisimple,
OD-058,49,7,2,25,42,37,odd,0,25,1,37,13,1|2|2|2|2|2|2|2|2|2|2|2|2,1|1|1|1|1|1|1|1|1|1|1|1|1,True,True,True,True,True,0.043817,,odd_char; semisimple,
OD-058,49,7,2,25,43,41,odd,0,25,1,41,13,1|2|2|2|2|2|2|2|2|2|2|2|2,1|1|1|1|1|1|1|1|1|1|1|1|1,True,True,True,True,True,0.062616,,odd_char; semisimple,
OD-058,49,7,2,25,44,14,odd,0,25,1,14,13,1|2|2|2|2|2|2|2|2|2|2|2|2,1|1|1|1|1|1|1|1|1|1|1|1|1,True,True,True,True,True,0.063533,,odd_char; semisimple,
OD-058,49,7,2,25,45,33,odd,0,25,1,33,13,1|2|2|2|2|2|2|2|2|2|2|2|2,1|1|1|1|1|1|1|1|1|1|1|1|1,True,True,True,True,True,0.054014,,odd_char; semisimple,
OD-058,49,7,2,25,46,48,odd,0,25,1,48,13,1|2|2|2|2|2|2|2|2|2|2|2|2,1|1|1|1|1|1|1|1|1|1|1|1|1,True,True,True,True,True,0.037328,,odd_char; semisimple,
OD-058,49,7,2,25,47,34,odd,0,25,1,34,13,1|2|2|2|2|2|2|2|2|2|2|2|2,1|1|1|1|1|1|1|1|1|1|1|1|1,True,True,True,True,True,0.039365,,odd_char; semisimple,
OD-059,49,7,2,31,0,1,odd,0,31,1,1,3,1|15|15,1|1|1,True,True,True,True,True,0.181933,,odd_char; semisimple,
OD-059,49,7,2,31,1,9,odd,0,31,1,9,3,1|15|15,1|1|1,True,True,True,True,True,0.228667,,odd_char; semisimple,
OD-059,49,7,2,31,2,31,odd,0,31,1,31,3,1|15|15,1|1|1,True,True,True,True,True,0.082937,,odd_char; semisimple,
OD-059,49,7,2,31,3,30,odd,0,31,1,30,3,1|15|15,1|1|1,True,True,True,True,True,0.082188,,odd_char; semisimple,
OD-059,49,7,2,31,4,21,odd,0,31,1,21,3,1|15|15,1|1|1,True,True,True,True,True,0.178832,,odd_char; semisimple,
OD-059,49,7,2,31,5,46,odd,0,31,1,46,3,1|15|15,1|1|1,True,True,True,True,True,0.372971,,odd_char; semisimple,
OD-059,49,7,2,31,6,16,odd,0,31,1,16,3,1|15|15,1|1|1,True,True,True,True,True,0.181753,,odd_char; semisimple,
OD-059,49,7,2,31,7,44,odd,0,31,1,44,3,1|15|15,1|1|1,True,True,True,True,True,0.111944,,odd_char; semisimple,
OD-059,49,7,2,31,8,5,odd,0,31,1,5,3,1|15|15,1|1|1,True,True,True,True,True,0.183064,,odd_char; semisimple,
OD-059,49,7,2,31,9,38,odd,0,31,1,38,3,1|15|15,1|1|1,True,True,True,True,True,0.099797,,odd_char; semisimple,
OD-059,49,7,2,31,10,43,odd,0,31,1,43,3,1|15|15,1|1|1,True,True,True,True,True,0.42574,,odd_char; semisimple,
OD-059,49,7,2,31,11,45,odd,0,31,1,45,3,1|15|15,1|1|1,True,True,True,True,True,0.103883,,odd_char; semisimple,
OD-059,49,7,2,31,12,7,odd,0,31,1,7,3,1|15|15,1|1|1,True,True,True,True,True,0.101595,,odd_char; semisimple,
OD-059,49,7,2,31,13,20,odd,0,31,1,20,3,1|15|15,1|1|1,True,True,True,True,True,0.102032,,odd_char; semisimple,
OD-059,49,7,2,31,14,24,odd,0,31,1,24,3,1|15|15,1|1|1,True,True,True,True,True,0.206369,,odd_char; semisimple,
OD-059,49,7,2,31,15,17,odd,0,31,1,17,3,1|15|15,1|1|1,True,True,True,True,True,0.174265,,odd_char; semisimple,
OD-059,49,7,2,31,16,4,odd,0,31,1,4,3,1|15|15,1|1|1,True,True,True,True,True,0.090249,,odd_char; semisimple,
OD-059,49,7,2,31,17,29,odd,0,31,1,29,3,1|15|15,1|1|1,True,True,True,True,True,0.329334,,odd_char; semisimple,
OD-059,49,7,2,31,18,19,odd,0,31,1,19,3,1|15|15,1|1|1,True,True,True,True,True,0.169198,,odd_char; semisimple,
OD-059,49,7,2,31,19,15,odd,0,31,1,15,3,1|15|15,1|1|1,True,True,True,True,True,0.083793,,odd_char; semisimple,
OD-059,49,7,2,31,20,35,odd,0,31,1,35,3,1|15|15,1|1|1,True,True,True,True,True,0.164689,,odd_char; semisimple,
OD-059,49,7,2,31,21,23,odd,0,31,1,23,3,1|15|15,1|1|1,True,True,True,True,True,0.172643,,odd_char; semisimple,
OD-059,49,7,2,31,22,8,odd,0,31,1,8,3,1|15|15,1|1|1,True,True,True,True,True,0.087075,,odd_char; semisimple,
OD-059,49,7,2,31,23,22,odd,0,31,1,22,3,1|15|15,1|1|1,True,True,True,True,True,0.161778,,odd_char; semisimple,
OD-059,49,7,2,31,24,6,odd,0,31,1,6,3,1|15|15,1|1|1,True,True,True,True,True,0.101181,,odd_char; semisimple,
OD-059,49,7,2,31,25,47,odd,0,31,1,47,3,1|15|15,1|1|1,True,True,True,True,True,0.086871,,odd_char; semisimple,
OD-059,49,7,2,31,26,25,odd,0,31,1,25,3,1|15|15,1|1|1,True,True,True,True,True,0.100639,,odd_char; semisimple,
OD-059,49,7,2,31,27,26,odd,0,31,1,26,3,1|15|15,1|1|1,True,True,True,True,True,0.089845,,odd_char; semisimple,
OD-059,49,7,2,31,28,28,odd,0,31,1,28,3,1|15|15,1|1|1,True,True,True,True,True,0.244463,,odd_char; semisimple,
OD-059,49,7,2,31,29,10,odd,0,31,1,10,3,1|15|15,1|1|1,True,True,True,True,True,0.093296,,odd_char; semisimple,
OD-059,49,7,2,31,30,40,odd,0,31,1,40,3,1|15|15,1|1|1,True,True,True,True,True,0.166239,,odd_char; semisimple,
OD-059,49,7,2,31,31,12,odd,0,31,1,12,3,1|15|15,1|1|1,True,True,True,True,True,0.101866,,odd_char; semisimple,
OD-059,49,7,2,31,32,2,odd,0,31,1,2,3,1|15|15,1|1|1,True,True,True,True,True,0.101154,,odd_char; semisimple,
OD-059,49,7,2,31,33,18,odd,0,31,1,18,3,1|15|15,1|1|1,True,True,True,True,True,0.08357,,odd_char; semisimple,
OD-059,49,7,2,31,34,13,odd,0,31,1,13,3,1|15|15,1|1|1,True,True,True,True,True,0.243986,,odd_char; semisimple,
OD-059,49,7,2,31,35,11,odd,0,31,1,11,3,1|15|15,1|1|1,True,True,True,True,True,0.08315,,odd_char; semisimple,
OD-059,49,7,2,31,36,42,odd,0,31,1,42,3,1|15|15,1|1|1,True,True,True,True,True,0.413953,,odd_char; semisimple,
OD-059,49,7,2,31,37,36,odd,0,31,1,36,3,1|15|15,1|1|1,True,True,True,True,True,0.092067,,odd_char; semisimple,
OD-059,49,7,2,31,38,32,odd,0,31,1,32,3,1|15|15,1|1|1,True,True,True,True,True,0.173876,,odd_char; semisimple,
OD-059,49,7,2,31,39,39,odd,0,31,1,39,3,1|15|15,1|1|1,True,True,True,True,True,0.508116,,odd_char; semisimple,
OD-059,49,7,2,31,40,3,odd,0,31,1,3,3,1|15|15,1|1|1,True,True,True,True,True,0.309441,,odd_char; semisimple,
OD-059,49,7,2,31,41,27,odd,0,31,1,27,3,1|15|15,1|1|1,True,True,True,True,True,0.417713,,odd_char; semisimple,
OD-059,49,7,2,31,42,37,odd,0,31,1,37,3,1|15|15,1|1|1,True,True,True,True,True,0.097964,,odd_char; semisimple,
OD-059,49,7,2,31,43,41,odd,0,31,1,41,3,1|15|15,1|1|1,True,True,True,True,True,0.089693,,odd_char; semisimple,
OD-059,49,7,2,31,44,14,odd,0,31,1,14,3,1|15|15,1|1|1,True,True,True,True,True,0.235162,,odd_char; semisimple,
OD-059,49,7,2,31,45,33,odd,0,31,1,33,3,1|15|15,1|1|1,True,True,True,True,True,0.095002,,odd_char; semisimple,
OD-059,49,7,2,31,46,48,odd,0,31,1,48,3,1|15|15,1|1|1,True,True,True,True,True,0.086801,,odd_char; semisimple,
OD-059,49,7,2,31,47,34,odd,0,31,1,34,3,1|15|15,1|1|1,True,True,True,True,True,0.087997,,odd_char; semisimple,
OD-060,49,7,2,35,0,1,odd,1,5,7,1,3,1|2|2,7|7|7,True,True,True,True,True,0.001745,,odd_char; repeated_root P=7,
OD-060,49,7,2,35,1,9,odd,1,5,7,44,3,1|2|2,7|7|7,True,True,True,True,True,0.001143,,odd_char; repeated_root P=7,
OD-060,49,7,2,35,2,31,odd,1,5,7,24,3,1|2|2,7|7|7,True,True,True,True,True,0.001404,,odd_char; repeated_root P=7,
OD-060,49,7,2,35,3,30,odd,1,5,7,23,3,1|2|2,7|7|7,True,True,True,True,True,0.001015,,odd_char; repeated_root P=7,
OD-060,49,7,2,35,4,21,odd,1,5,7,28,3,1|2|2,7|7|7,True,True,True,True,True,0.000845,,odd_char; repeated_root P=7,
OD-060,49,7,2,35,5,46,odd,1,5,7,11,3,1|2|2,7|7|7,True,True,True,True,True,0.000805,,odd_char; repeated_root P=7,
OD-060,49,7,2,35,6,16,odd,1,5,7,37,3,1|2|2,7|7|7,True,True,True,True,True,0.000938,,odd_char; repeated_root P=7,
OD-060,49,7,2,35,7,44,odd,1,5,7,9,3,1|2|2,7|7|7,True,True,True,True,True,0.001369,,odd_char; repeated_root P=7,
OD-060,49,7,2,35,8,5,odd,1,5,7,5,3,1|2|2,7|7|7,True,True,True,True,True,0.002156,,odd_char; repeated_root P=7,
OD-060,49,7,2,35,9,38,odd,1,5,7,17,3,1|2|2,7|7|7,True,True,True,True,True,0.001962,,odd_char; repeated_root P=7,
OD-060,49,7,2,35,10,43,odd,1,5,7,8,3,1|2|2,7|7|7,True,True,True,True,True,0.00144,,odd_char; repeated_root P=7,
OD-060,49,7,2,35,11,45,odd,1,5,7,10,3,1|2|2,7|7|7,True,True,True,True,True,0.00101,,odd_char; repeated_root P=7,
OD-060,49,7,2,35,12,7,odd,1,5,7,42,3,1|2|2,7|7|7,True,True,True,True,True,0.001679,,odd_char; repeated_root P=7,
OD-060,49,7,2,35,13,20,odd,1,5,7,41,3,1|2|2,7|7|7,True,True,True,True,True,0.000975,,odd_char; repeated_root P=7,
OD-060,49,7,2,35,14,24,odd,1,5,7,31,3,1|2|2,7|7|7,True,True,True,True,True,0.000955,,odd_char; repeated_root P=7,
OD-060,49,7,2,35,15,17,odd,1,5,7,38,3,1|2|2,7|7|7,True,True,True,True,True,0.000841,,odd_char; repeated_root P=7,
OD-060,49,7,2,35,16,4,odd,1,5,7,4,3,1|2|2,7|7|7,True,True,True,True,True,0.000774,,odd_char; repeated_root P=7,
OD-060,49,7,2,35,17,29,odd,1,5,7,22,3,1|2|2,7|7|7,True,True,True,True,True,0.000771,,odd_char; repeated_root P=7,
OD-060,49,7,2,35,18,19,odd,1,5,7,40,3,1|2|2,7|7|7,True,True,True,True,True,0.001278,,odd_char; repeated_root P=7,
OD-060,49,7,2,35,19,15,odd,1,5,7,36,3,1|2|2,7|7|7,True,True,True,True,True,0.000758,,odd_char; repeated_root P=7,
OD-060,49,7,2,35,20,35,odd,1,5,7,14,3,1|2|2,7|7|7,True,True,True,True,True,0.001467,,odd_char; repeated_root P=7,
OD-060,49,7,2,35,21,23,odd,1,5,7,30,3,1|2|2,7|7|7,True,True,True,True,True,0.001372,,odd_char; repeated_root P=7,
OD-060,49,7,2,35,22,8,odd,1,5,7,43,3,1|2|2,7|7|7,True,True,True,True,True,0.001276,,odd_char; repeated_root P=7,
OD-060,49,7,2,35,23,22,odd,1,5,7,29,3,1|2|2,7|7|7,True,True,True,True,True,0.001348,,odd_char; repeated_root P=7,
OD-060,49,7,2,35,24,6,odd,1,5,7,6,3,1|2|2,7|7|7,True,True,True,True,True,0.001593,,odd_char; repeated_root P=7,
OD-060,49,7,2,35,25,47,odd,1,5,7,12,3,1|2|2,7|7|7,True,True,True,True,True,0.001352,,odd_char; repeated_root P=7,
OD-060,49,7,2,35,26,25,odd,1,5,7,32,3,1|2|2,7|7|7,True,True,True,True,True,0.001602,,odd_char; repeated_root P=7,
OD-060,49,7,2,35,27,26,odd,1,5,7,33,3,1|2|2,7|7|7,True,True,True,True,True,0.001542,,odd_char; repeated_root P=7,
OD-060,49,7,2,35,28,28,odd,1,5,7,21,3,1|2|2,7|7|7,True,True,True,True,True,0.001381,,odd_char; repeated_root P=7,
OD-060,49,7,2,35,29,10,odd,1,5,7,45,3,1|2|2,7|7|7,True,True,True,True,True,0.001188,,odd_char; repeated_root P=7,
OD-060,49,7,2,35,30,40,odd,1,5,7,19,3,1|2|2,7|7|7,True,True,True,True,True,0.00117,,odd_char; repeated_root P=7,
OD-060,49,7,2,35,31,12,odd,1,5,7,47,3,1|2|2,7|7|7,True,True,True,True,True,0.00121,,odd_char; repeated_root P=7,
OD-060,49,7,2,35,32,2,odd,1,5,7,2,3,1|2|2,7|7|7,True,True,True,True,True,0.000816,,odd_char; repeated_root P=7,
OD-060,49,7,2,35,33,18,odd,1,5,7,39,3,1|2|2,7|7|7,True,True,True,True,True,0.00115,,odd_char; repeated_root P=7,
OD-060,49,7,2,35,34,13,odd,1,5,7,48,3,1|2|2,7|7|7,True,True,True,True,True,0.000788,,odd_char; repeated_root P=7,
OD-060,49,7,2,35,35,11,odd,1,5,7,46,3,1|2|2,7|7|7,True,True,True,True,True,0.00078,,odd_char; repeated_root P=7,
OD-060,49,7,2,35,36,42,odd,1,5,7,7,3,1|2|2,7|7|7,True,True,True,True,True,0.000832,,odd_char; repeated_root P=7,
OD-060,49,7,2,35,37,36,odd,1,5,7,15,3,1|2|2,7|7|7,True,True,True,True,True,0.000925,,odd_char; repeated_root P=7,
OD-060,49,7,2,35,38,32,odd,1,5,7,25,3,1|2|2,7|7|7,True,True,True,True,True,0.00124,,odd_char; repeated_root P=7,
OD-060,49,7,2,35,39,39,odd,1,5,7,18,3,1|2|2,7|7|7,True,True,True,True,True,0.000926,,odd_char; repeated_root P=7,
OD-060,49,7,2,35,40,3,odd,1,5,7,3,3,1|2|2,7|7|7,True,True,True,True,True,0.000832,,odd_char; repeated_root P=7,
OD-060,49,7,2,35,41,27,odd,1,5,7,34,3,1|2|2,7|7|7,True,True,True,True,True,0.000952,,odd_char; repeated_root P=7,
OD-060,49,7,2,35,42,37,odd,1,5,7,16,3,1|2|2,7|7|7,True,True,True,True,True,0.001234,,odd_char; repeated_root P=7,
OD-060,49,7,2,35,43,41,odd,1,5,7,20,3,1|2|2,7|7|7,True,True,True,True,True,0.001088,,odd_char; repeated_root P=7,
OD-060,49,7,2,35,44,14,odd,1,5,7,35,3,1|2|2,7|7|7,True,True,True,True,True,0.000855,,odd_char; repeated_root P=7,
OD-060,49,7,2,35,45,33,odd,1,5,7,26,3,1|2|2,7|7|7,True,True,True,True,True,0.002215,,odd_char; repeated_root P=7,
OD-060,49,7,2,35,46,48,odd,1,5,7,13,3,1|2|2,7|7|7,True,True,True,True,True,0.001968,,odd_char; repeated_root P=7,
OD-060,49,7,2,35,47,34,odd,1,5,7,27,3,1|2|2,7|7|7,True,True,True,True,True,0.001628,,odd_char; repeated_root P=7,
OD-061,81,3,4,3,0,1,odd,1,1,3,1,1,1,3,True,True,True,True,True,0.000256,,odd_char; repeated_root P=3,
OD-061,81,3,4,3,1,3,odd,1,1,3,48,1,1,3,True,True,True,True,True,4.7e-05,,odd_char; repeated_root P=3,
OD-061,81,3,4,3,2,9,odd,1,1,3,12,1,1,3,True,True,True,True,True,3e-05,,odd_char; repeated_root P=3,
OD-061,81,3,4,3,3,27,odd,1,1,3,3,1,1,3,True,True,True,True,True,3.4e-05,,odd_char; repeated_root P=3,
OD-061,81,3,4,3,4,7,odd,1,1,3,70,1,1,3,True,True,True,True,True,2.7e-05,,odd_char; repeated_root P=3,
OD-061,81,3,4,3,5,21,odd,1,1,3,36,1,1,3,True,True,True,True,True,2.6e-05,,odd_char; repeated_root P=3,
OD-061,81,3,4,3,6,63,odd,1,1,3,9,1,1,3,True,True,True,True,True,6e-05,,odd_char; repeated_root P=3,
OD-061,81,3,4,3,7,32,odd,1,1,3,53,1,1,3,True,True,True,True,True,3.5e-05,,odd_char; repeated_root P=3,
OD-061,81,3,4,3,8,13,odd,1,1,3,34,1,1,3,True,True,True,True,True,2.8e-05,,odd_char; repeated_root P=3,
OD-061,81,3,4,3,9,39,odd,1,1,3,27,1,1,3,True,True,True,True,True,2.6e-05,,odd_char; repeated_root P=3,
OD-061,81,3,4,3,10,43,odd,1,1,3,76,1,1,3,True,True,True,True,True,2.5e-05,,odd_char; repeated_root P=3,
OD-061,81,3,4,3,11,46,odd,1,1,3,19,1,1,3,True,True,True,True,True,2.5e-05,,odd_char; repeated_root P=3,
OD-061,81,3,4,3,12,55,odd,1,1,3,7,1,1,3,True,True,True,True,True,2.4e-05,,odd_char; repeated_root P=3,
OD-061,81,3,4,3,13,8,odd,1,1,3,71,1,1,3,True,True,True,True,True,2.5e-05,,odd_char; repeated_root P=3,
OD-061,81,3,4,3,14,24,odd,1,1,3,57,1,1,3,True,True,True,True,True,2.4e-05,,odd_char; repeated_root P=3,
OD-061,81,3,4,3,15,72,odd,1,1,3,21,1,1,3,True,True,True,True,True,2.6e-05,,odd_char; repeated_root P=3,
OD-061,81,3,4,3,16,59,odd,1,1,3,47,1,1,3,True,True,True,True,True,2.4e-05,,odd_char; repeated_root P=3,
OD-061,81,3,4,3,17,11,odd,1,1,3,14,1,1,3,True,True,True,True,True,2.3e-05,,odd_char; repeated_root P=3,
OD-061,81,3,4,3,18,33,odd,1,1,3,63,1,1,3,True,True,True,True,True,2.3e-05,,odd_char; repeated_root P=3,
OD-061,81,3,4,3,19,25,odd,1,1,3,58,1,1,3,True,True,True,True,True,2.4e-05,,odd_char; repeated_root P=3,
OD-061,81,3,4,3,20,75,odd,1,1,3,42,1,1,3,True,True,True,True,True,2.4e-05,,odd_char; repeated_root P=3,
OD-061,81,3,4,3,21,68,odd,1,1,3,32,1,1,3,True,True,True,True,True,2.4e-05,,odd_char; repeated_root P=3,
OD-061,81,3,4,3,22,38,odd,1,1,3,17,1,1,3,True,True,True,True,True,2.3e-05,,odd_char; repeated_root P=3,
OD-061,81,3,4,3,23,31,odd,1,1,3,52,1,1,3,True,True,True,True,True,2.4e-05,,odd_char; repeated_root P=3,
OD-061,81,3,4,3,24,10,odd,1,1,3,13,1,1,3,True,True,True,True,True,2.4e-05,,odd_char; repeated_root P=3,
OD-061,81,3,4,3,25,30,odd,1,1,3,51,1,1,3,True,True,True,True,True,2.4e-05,,odd_char; repeated_root P=3,
OD-061,81,3,4,3,26,16,odd,1,1,3,73,1,1,3,True,True,True,True,True,2.3e-05,,odd_char; repeated_root P=3,
OD-061,81,3,4,3,27,48,odd,1,1,3,39,1,1,3,True,True,True,True,True,2.3e-05,,odd_char; repeated_root P=3,
OD-061,81,3,4,3,28,70,odd,1,1,3,79,1,1,3,True,True,True,True,True,2.3e-05,,odd_char; repeated_root P=3,
OD-061,81,3,4,3,29,53,odd,1,1,3,62,1,1,3,True,True,True,True,True,2.4e-05,,odd_char; repeated_root P=3,
OD-061,81,3,4,3,30,76,odd,1,1,3,43,1,1,3,True,True,True,True,True,2.3e-05,,odd_char; repeated_root P=3,
OD-061,81,3,4,3,31,71,odd,1,1,3,80,1,1,3,True,True,True,True,True,2.2e-05,,odd_char; repeated_root P=3,
OD-061,81,3,4,3,32,47,odd,1,1,3,20,1,1,3,True,True,True,True,True,2.4e-05,,odd_char; repeated_root P=3,
OD-061,81,3,4,3,33,58,odd,1,1,3,46,1,1,3,True,True,True,True,True,2.4e-05,,odd_char; repeated_root P=3,
OD-061,81,3,4,3,34,17,odd,1,1,3,74,1,1,3,True,True,True,True,True,2.4e-05,,odd_char; repeated_root P=3,
OD-061,81,3,4,3,35,51,odd,1,1,3,60,1,1,3,True,True,True,True,True,2.4e-05,,odd_char; repeated_root P=3,
OD-061,81,3,4,3,36,79,odd,1,1,3,55,1,1,3,True,True,True,True,True,3.4e-05,,odd_char; repeated_root P=3,
OD-061,81,3,4,3,37,80,odd,1,1,3,56,1,1,3,True,True,True,True,True,2.8e-05,,odd_char; repeated_root P=3,
OD-061,81,3,4,3,38,74,odd,1,1,3,23,1,1,3,True,True,True,True,True,2.7e-05,,odd_char; repeated_root P=3,
OD-061,81,3,4,3,39,56,odd,1,1,3,8,1,1,3,True,True,True,True,True,2.6e-05,,odd_char; repeated_root P=3,
OD-061,81,3,4,3,40,2,odd,1,1,3,2,1,1,3,True,True,True,True,True,6.1e-05,,odd_char; repeated_root P=3,
OD-061,81,3,4,3,41,6,odd,1,1,3,69,1,1,3,True,True,True,True,True,3.1e-05,,odd_char; repeated_root P=3,
OD-061,81,3,4,3,42,18,odd,1,1,3,24,1,1,3,True,True,True,True,True,2.8e-05,,odd_char; repeated_root P=3,
OD-061,81,3,4,3,43,54,odd,1,1,3,6,1,1,3,True,True,True,True,True,2.5e-05,,odd_char; repeated_root P=3,
OD-061,81,3,4,3,44,5,odd,1,1,3,50,1,1,3,True,True,True,True,True,2.6e-05,,odd_char; repeated_root P=3,
OD-061,81,3,4,3,45,15,odd,1,1,3,72,1,1,3,True,True,True,True,True,2.6e-05,,odd_char; repeated_root P=3,
OD-061,81,3,4,3,46,45,odd,1,1,3,18,1,1,3,True,True,True,True,True,2.4e-05,,odd_char; repeated_root P=3,
OD-061,81,3,4,3,47,61,odd,1,1,3,67,1,1,3,True,True,True,True,True,2.4e-05,,odd_char; repeated_root P=3,
OD-061,81,3,4,3,48,26,odd,1,1,3,59,1,1,3,True,True,True,True,True,2.7e-05,,odd_char; repeated_root P=3,
OD-061,81,3,4,3,49,78,odd,1,1,3,54,1,1,3,True,True,True,True,True,2.5e-05,,odd_char; repeated_root P=3,
OD-061,81,3,4,3,50,77,odd,1,1,3,44,1,1,3,True,True,True,True,True,3.6e-05,,odd_char; repeated_root P=3,
OD-061,81,3,4,3,51,65,odd,1,1,3,11,1,1,3,True,True,True,True,True,2.7e-05,,odd_char; repeated_root P=3,
OD-061,81,3,4,3,52,29,odd,1,1,3,5,1,1,3,True,True,True,True,True,2.5e-05,,odd_char; repeated_root P=3,
OD-061,81,3,4,3,53,4,odd,1,1,3,49,1,1,3,True,True,True,True,True,2.5e-05,,odd_char; repeated_root P=3,
OD-061,81,3,4,3,54,12,odd,1,1,3,33,1,1,3,True,True,True,True,True,2.4e-05,,odd_char; repeated_root P=3,
OD-061,81,3,4,3,55,36,odd,1,1,3,15,1,1,3,True,True,True,True,True,2.4e-05,,odd_char; repeated_root P=3,
OD-061,81,3,4,3,56,34,odd,1,1,3,64,1,1,3,True,True,True,True,True,2.4e-05,,odd_char; repeated_root P=3,
OD-061,81,3,4,3,57,19,odd,1,1,3,25,1,1,3,True,True,True,True,True,2.6e-05,,odd_char; repeated_root P=3,
OD-061,81,3,4,3,58,57,odd,1,1,3,45,1,1,3,True,True,True,True,True,2.5e-05,,odd_char; repeated_root P=3,
OD-061,81,3,4,3,59,14,odd,1,1,3,35,1,1,3,True,True,True,True,True,2.3e-05,,odd_char; repeated_root P=3,
OD-061,81,3,4,3,60,42,odd,1,1,3,75,1,1,3,True,True,True,True,True,2.3e-05,,odd_char; repeated_root P=3,
OD-061,81,3,4,3,61,52,odd,1,1,3,61,1,1,3,True,True,True,True,True,2.4e-05,,odd_char; repeated_root P=3,
OD-061,81,3,4,3,62,73,odd,1,1,3,22,1,1,3,True,True,True,True,True,2.4e-05,,odd_char; repeated_root P=3,
OD-061,81,3,4,3,63,62,odd,1,1,3,68,1,1,3,True,True,True,True,True,2.4e-05,,odd_char; repeated_root P=3,
OD-061,81,3,4,3,64,20,odd,1,1,3,26,1,1,3,True,True,True,True,True,2.4e-05,,odd_char; repeated_root P=3,
OD-061,81,3,4,3,65,60,odd,1,1,3,66,1,1,3,True,True,True,True,True,2.4e-05,,odd_char; repeated_root P=3,
OD-061,81,3,4,3,66,23,odd,1,1,3,38,1,1,3,True,True,True,True,True,2.3e-05,,odd_char; repeated_root P=3,
OD-061,81,3,4,3,67,69,odd,1,1,3,78,1,1,3,True,True,True,True,True,2.4e-05,,odd_char; repeated_root P=3,
OD-061,81,3,4,3,68,50,odd,1,1,3,41,1,1,3,True,True,True,True,True,2.4e-05,,odd_char; repeated_root P=3,
OD-061,81,3,4,3,69,67,odd,1,1,3,31,1,1,3,True,True,True,True,True,3.2e-05,,odd_char; repeated_root P=3,
OD-061,81,3,4,3,70,44,odd,1,1,3,77,1,1,3,True,True,True,True,True,2.5e-05,,odd_char; repeated_root P=3,
OD-061,81,3,4,3,71,49,odd,1,1,3,40,1,1,3,True,True,True,True,True,2.4e-05,,odd_char; repeated_root P=3,
OD-061,81,3,4,3,72,64,odd,1,1,3,10,1,1,3,True,True,True,True,True,4.5e-05,,odd_char; repeated_root P=3,
OD-061,81,3,4,3,73,35,odd,1,1,3,65,1,1,3,True,True,True,True,True,4.2e-05,,odd_char; repeated_root P=3,
OD-061,81,3,4,3,74,22,odd,1,1,3,37,1,1,3,True,True,True,True,True,2.9e-05,,odd_char; repeated_root P=3,
OD-061,81,3,4,3,75,66,odd,1,1,3,30,1,1,3,True,True,True,True,True,2.8e-05,,odd_char; repeated_root P=3,
OD-061,81,3,4,3,76,41,odd,1,1,3,29,1,1,3,True,True,True,True,True,2.5e-05,,odd_char; repeated_root P=3,
OD-061,81,3,4,3,77,40,odd,1,1,3,28,1,1,3,True,True,True,True,True,2.4e-05,,odd_char; repeated_root P=3,
OD-061,81,3,4,3,78,37,odd,1,1,3,16,1,1,3,True,True,True,True,True,2.7e-05,,odd_char; repeated_root P=3,
OD-061,81,3,4,3,79,28,odd,1,1,3,4,1,1,3,True,True,True,True,True,2.4e-05,,odd_char; repeated_root P=3,
OD-062,81,3,4,5,0,1,odd,0,5,1,1,5,1|1|1|1|1,1|1|1|1|1,True,True,True,True,True,0.00136,,odd_char; semisimple,
OD-062,81,3,4,5,1,3,odd,0,5,1,3,1,5,1,True,True,True,True,True,0.000286,,odd_char; semisimple,
OD-062,81,3,4,5,2,9,odd,0,5,1,9,1,5,1,True,True,True,True,True,0.000295,,odd_char; semisimple,
OD-062,81,3,4,5,3,27,odd,0,5,1,27,1,5,1,True,True,True,True,True,0.00027,,odd_char; semisimple,
OD-062,81,3,4,5,4,7,odd,0,5,1,7,1,5,1,True,True,True,True,True,0.000246,,odd_char; semisimple,
OD-062,81,3,4,5,5,21,odd,0,5,1,21,5,1|1|1|1|1,1|1|1|1|1,True,True,True,True,True,0.000944,,odd_char; semisimple,
OD-062,81,3,4,5,6,63,odd,0,5,1,63,1,5,1,True,True,True,True,True,0.000266,,odd_char; semisimple,
OD-062,81,3,4,5,7,32,odd,0,5,1,32,1,5,1,True,True,True,True,True,0.00029,,odd_char; semisimple,
OD-062,81,3,4,5,8,13,odd,0,5,1,13,1,5,1,True,True,True,True,True,0.00025,,odd_char; semisimple,
OD-062,81,3,4,5,9,39,odd,0,5,1,39,1,5,1,True,True,True,True,True,0.000296,,odd_char; semisimple,
OD-062,81,3,4,5,10,43,odd,0,5,1,43,5,1|1|1|1|1,1|1|1|1|1,True,True,True,True,True,0.000849,,odd_char; semisimple,
OD-062,81,3,4,5,11,46,odd,0,5,1,46,1,5,1,True,True,True,True,True,0.000408,,odd_char; semisimple,
OD-062,81,3,4,5,12,55,odd,0,5,1,55,1,5,1,True,True,True,True,True,0.000257,,odd_char; semisimple,
OD-062,81,3,4,5,13,8,odd,0,5,1,8,1,5,1,True,True,True,True,True,0.000281,,odd_char; semisimple,
OD-062,81,3,4,5,14,24,odd,0,5,1,24,1,5,1,True,True,True,True,True,0.000245,,odd_char; semisimple,
OD-062,81,3,4,5,15,72,odd,0,5,1,72,5,1|1|1|1|1,1|1|1|1|1,True,True,True,True,True,0.001624,,odd_char; semisimple,
OD-062,81,3,4,5,16,59,odd,0,5,1,59,1,5,1,True,True,True,True,True,0.00034,,odd_char; semisimple,
OD-062,81,3,4,5,17,11,odd,0,5,1,11,1,5,1,True,True,True,True,True,0.000356,,odd_char; semisimple,
OD-062,81,3,4,5,18,33,odd,0,5,1,33,1,5,1,True,True,True,True,True,0.000421,,odd_char; semisimple,
OD-062,81,3,4,5,19,25,odd,0,5,1,25,1,5,1,True,True,True,True,True,0.000261,,odd_char; semisimple,
OD-062,81,3,4,5,20,75,odd,0,5,1,75,5,1|1|1|1|1,1|1|1|1|1,True,True,True,True,True,0.000757,,odd_char; semisimple,
OD-062,81,3,4,5,21,68,odd,0,5,1,68,1,5,1,True,True,True,True,True,0.000276,,odd_char; semisimple,
OD-062,81,3,4,5,22,38,odd,0,5,1,38,1,5,1,True,True,True,True,True,0.000335,,odd_char; semisimple,
OD-062,81,3,4,5,23,31,odd,0,5,1,31,1,5,1,True,True,True,True,True,0.000288,,odd_char; semisimple,
OD-062,81,3,4,5,24,10,odd,0,5,1,10,1,5,1,True,True,True,True,True,0.000281,,odd_char; semisimple,
OD-062,81,3,4,5,25,30,odd,0,5,1,30,5,1|1|1|1|1,1|1|1|1|1,True,True,True,True,True,0.000733,,odd_char; semisimple,
OD-062,81,3,4,5,26,16,odd,0,5,1,16,1,5,1,True,True,True,True,True,0.000258,,odd_char; semisimple,
OD-062,81,3,4,5,27,48,odd,0,5,1,48,1,5,1,True,True,True,True,True,0.000295,,odd_char; semisimple,
OD-062,81,3,4,5,28,70,odd,0,5,1,70,1,5,1,True,True,True,True,True,0.000257,,odd_char; semisimple,
OD-062,81,3,4,5,29,53,odd,0,5,1,53,1,5,1,True,True,True,True,True,0.000341,,odd_char; semisimple,
OD-062,81,3,4,5,30,76,odd,0,5,1,76,5,1|1|1|1|1,1|1|1|1|1,True,True,True,True,True,0.000503,,odd_char; semisimple,
OD-062,81,3,4,5,31,71,odd,0,5,1,71,1,5,1,True,True,True,True,True,0.00026,,odd_char; semisimple,
OD-062,81,3,4,5,32,47,odd,0,5,1,47,1,5,1,True,True,True,True,True,0.000252,,odd_char; semisimple,
OD-062,81,3,4,5,33,58,odd,0,5,1,58,1,5,1,True,True,True,True,True,0.000276,,odd_char; semisimple,
OD-062,81,3,4,5,34,17,odd,0,5,1,17,1,5,1,True,True,True,True,True,0.000246,,odd_char; semisimple,
OD-062,81,3,4,5,35,51,odd,0,5,1,51,5,1|1|1|1|1,1|1|1|1|1,True,True,True,True,True,0.000955,,odd_char; semisimple,
OD-062,81,3,4,5,36,79,odd,0,5,1,79,1,5,1,True,True,True,True,True,0.000266,,odd_char; semisimple,
OD-062,81,3,4,5,37,80,odd,0,5,1,80,1,5,1,True,True,True,True,True,0.000254,,odd_char; semisimple,
OD-062,81,3,4,5,38,74,odd,0,5,1,74,1,5,1,True,True,True,True,True,0.000297,,odd_char; semisimple,
OD-062,81,3,4,5,39,56,odd,0,5,1,56,1,5,1,True,True,True,True,True,0.000254,,odd_char; semisimple,
OD-062,81,3,4,5,40,2,odd,0,5,1,2,5,1|1|1|1|1,1|1|1|1|1,True,True,True,True,True,0.000519,,odd_char; semisimple,
OD-062,81,3,4,5,41,6,odd,0,5,1,6,1,5,1,True,True,True,True,True,0.00029,,odd_char; semisimple,
OD-062,81,3,4,5,42,18,odd,0,5,1,18,1,5,1,True,True,True,True,True,0.000251,,odd_char; semisimple,
OD-062,81,3,4,5,43,54,odd,0,5,1,54,1,5,1,True,True,True,True,True,0.000247,,odd_char; semisimple,
OD-062,81,3,4,5,44,5,odd,0,5,1,5,1,5,1,True,True,True,True,True,0.000249,,odd_char; semisimple,
OD-062,81,3,4,5,45,15,odd,0,5,1,15,5,1|1|1|1|1,1|1|1|1|1,True,True,True,True,True,0.000619,,odd_char; semisimple,
OD-062,81,3,4,5,46,45,odd,0,5,1,45,1,5,1,True,True,True,True,True,0.000267,,odd_char; semisimple,
OD-062,81,3,4,5,47,61,odd,0,5,1,61,1,5,1,True,True,True,True,True,0.0003,,odd_char; semisimple,
OD-062,81,3,4,5,48,26,odd,0,5,1,26,1,5,1,True,True,True,True,True,0.000242,,odd_char; semisimple,
OD-062,81,3,4,5,49,78,odd,0,5,1,78,1,5,1,True,True,True,True,True,0.000261,,odd_char; semisimple,
OD-062,81,3,4,5,50,77,odd,0,5,1,77,5,1|1|1|1|1,1|1|1|1|1,True,True,True,True,True,0.00096,,odd_char; semisimple,
OD-062,81,3,4,5,51,65,odd,0,5,1,65,1,5,1,True,True,True,True,True,0.000302,,odd_char; semisimple,
OD-062,81,3,4,5,52,29,odd,0,5,1,29,1,5,1,True,True,True,True,True,0.000257,,odd_char; semisimple,
OD-062,81,3,4,5,53,4,odd,0,5,1,4,1,5,1,True,True,True,True,True,0.000309,,odd_char; semisimple,
OD-062,81,3,4,5,54,12,odd,0,5,1,12,1,5,1,True,True,True,True,True,0.000265,,odd_char; semisimple,
OD-062,81,3,4,5,55,36,odd,0,5,1,36,5,1|1|1|1|1,1|1|1|1|1,True,True,True,True,True,0.00081,,odd_char; semisimple,
OD-062,81,3,4,5,56,34,odd,0,5,1,34,1,5,1,True,True,True,True,True,0.000257,,odd_char; semisimple,
OD-062,81,3,4,5,57,19,odd,0,5,1,19,1,5,1,True,True,True,True,True,0.000253,,odd_char; semisimple,
OD-062,81,3,4,5,58,57,odd,0,5,1,57,1,5,1,True,True,True,True,True,0.000253,,odd_char; semisimple,
OD-062,81,3,4,5,59,14,odd,0,5,1,14,1,5,1,True,True,True,True,True,0.000288,,odd_char; semisimple,
OD-062,81,3,4,5,60,42,odd,0,5,1,42,5,1|1|1|1|1,1|1|1|1|1,True,True,True,True,True,0.001601,,odd_char; semisimple,
OD-062,81,3,4,5,61,52,odd,0,5,1,52,1,5,1,True,True,True,True,True,0.000296,,odd_char; semisimple,
OD-062,81,3,4,5,62,73,odd,0,5,1,73,1,5,1,True,True,True,True,True,0.000261,,odd_char; semisimple,
OD-062,81,3,4,5,63,62,odd,0,5,1,62,1,5,1,True,True,True,True,True,0.00025,,odd_char; semisimple,
OD-062,81,3,4,5,64,20,odd,0,5,1,20,1,5,1,True,True,True,True,True,0.000249,,odd_char; semisimple,
OD-062,81,3,4,5,65,60,odd,0,5,1,60,5,1|1|1|1|1,1|1|1|1|1,True,True,True,True,True,0.000953,,odd_char; semisimple,
OD-062,81,3,4,5,66,23,odd,0,5,1,23,1,5,1,True,True,True,True,True,0.000304,,odd_char; semisimple,
OD-062,81,3,4,5,67,69,odd,0,5,1,69,1,5,1,True,True,True,True,True,0.000255,,odd_char; semisimple,
OD-062,81,3,4,5,68,50,odd,0,5,1,50,1,5,1,True,True,True,True,True,0.000251,,odd_char; semisimple,
OD-062,81,3,4,5,69,67,odd,0,5,1,67,1,5,1,True,True,True,True,True,0.000259,,odd_char; semisimple,
OD-062,81,3,4,5,70,44,odd,0,5,1,44,5,1|1|1|1|1,1|1|1|1|1,True,True,True,True,True,0.000779,,odd_char; semisimple,
OD-062,81,3,4,5,71,49,odd,0,5,1,49,1,5,1,True,True,True,True,True,0.000293,,odd_char; semisimple,
OD-062,81,3,4,5,72,64,odd,0,5,1,64,1,5,1,True,True,True,True,True,0.000264,,odd_char; semisimple,
OD-062,81,3,4,5,73,35,odd,0,5,1,35,1,5,1,True,True,True,True,True,0.000256,,odd_char; semisimple,
OD-062,81,3,4,5,74,22,odd,0,5,1,22,1,5,1,True,True,True,True,True,0.000257,,odd_char; semisimple,
OD-062,81,3,4,5,75,66,odd,0,5,1,66,5,1|1|1|1|1,1|1|1|1|1,True,True,True,True,True,0.001146,,odd_char; semisimple,
OD-062,81,3,4,5,76,41,odd,0,5,1,41,1,5,1,True,True,True,True,True,0.00028,,odd_char; semisimple,
OD-062,81,3,4,5,77,40,odd,0,5,1,40,1,5,1,True,True,True,True,True,0.000246,,odd_char; semisimple,
OD-062,81,3,4,5,78,37,odd,0,5,1,37,1,5,1,True,True,True,True,True,0.000257,,odd_char; semisimple,
OD-062,81,3,4,5,79,28,odd,0,5,1,28,1,5,1,True,True,True,True,True,0.000283,,odd_char; semisimple,
OD-063,81,3,4,7,0,1,odd,0,7,1,1,3,1|3|3,1|1|1,True,True,True,True,True,0.003327,,odd_char; semisimple,
OD-063,81,3,4,7,1,3,odd,0,7,1,3,3,1|3|3,1|1|1,True,True,True,True,True,0.001474,,odd_char; semisimple,
OD-063,81,3,4,7,2,9,odd,0,7,1,9,3,1|3|3,1|1|1,True,True,True,True,True,0.001712,,odd_char; semisimple,
OD-063,81,3,4,7,3,27,odd,0,7,1,27,3,1|3|3,1|1|1,True,True,True,True,True,0.001349,,odd_char; semisimple,
OD-063,81,3,4,7,4,7,odd,0,7,1,7,3,1|3|3,1|1|1,True,True,True,True,True,0.001356,,odd_char; semisimple,
OD-063,81,3,4,7,5,21,odd,0,7,1,21,3,1|3|3,1|1|1,True,True,True,True,True,0.002039,,odd_char; semisimple,
OD-063,81,3,4,7,6,63,odd,0,7,1,63,3,1|3|3,1|1|1,True,True,True,True,True,0.002136,,odd_char; semisimple,
OD-063,81,3,4,7,7,32,odd,0,7,1,32,3,1|3|3,1|1|1,True,True,True,True,True,0.001316,,odd_char; semisimple,
OD-063,81,3,4,7,8,13,odd,0,7,1,13,3,1|3|3,1|1|1,True,True,True,True,True,0.001382,,odd_char; semisimple,
OD-063,81,3,4,7,9,39,odd,0,7,1,39,3,1|3|3,1|1|1,True,True,True,True,True,0.001356,,odd_char; semisimple,
OD-063,81,3,4,7,10,43,odd,0,7,1,43,3,1|3|3,1|1|1,True,True,True,True,True,0.002007,,odd_char; semisimple,
OD-063,81,3,4,7,11,46,odd,0,7,1,46,3,1|3|3,1|1|1,True,True,True,True,True,0.001379,,odd_char; semisimple,
OD-063,81,3,4,7,12,55,odd,0,7,1,55,3,1|3|3,1|1|1,True,True,True,True,True,0.002696,,odd_char; semisimple,
OD-063,81,3,4,7,13,8,odd,0,7,1,8,3,1|3|3,1|1|1,True,True,True,True,True,0.00267,,odd_char; semisimple,
OD-063,81,3,4,7,14,24,odd,0,7,1,24,3,1|3|3,1|1|1,True,True,True,True,True,0.001258,,odd_char; semisimple,
OD-063,81,3,4,7,15,72,odd,0,7,1,72,3,1|3|3,1|1|1,True,True,True,True,True,0.0026,,odd_char; semisimple,
OD-063,81,3,4,7,16,59,odd,0,7,1,59,3,1|3|3,1|1|1,True,True,True,True,True,0.001364,,odd_char; semisimple,
OD-063,81,3,4,7,17,11,odd,0,7,1,11,3,1|3|3,1|1|1,True,True,True,True,True,0.002161,,odd_char; semisimple,
OD-063,81,3,4,7,18,33,odd,0,7,1,33,3,1|3|3,1|1|1,True,True,True,True,True,0.001359,,odd_char; semisimple,
OD-063,81,3,4,7,19,25,odd,0,7,1,25,3,1|3|3,1|1|1,True,True,True,True,True,0.002043,,odd_char; semisimple,
OD-063,81,3,4,7,20,75,odd,0,7,1,75,3,1|3|3,1|1|1,True,True,True,True,True,0.001281,,odd_char; semisimple,
OD-063,81,3,4,7,21,68,odd,0,7,1,68,3,1|3|3,1|1|1,True,True,True,True,True,0.001316,,odd_char; semisimple,
OD-063,81,3,4,7,22,38,odd,0,7,1,38,3,1|3|3,1|1|1,True,True,True,True,True,0.001376,,odd_char; semisimple,
OD-063,81,3,4,7,23,31,odd,0,7,1,31,3,1|3|3,1|1|1,True,True,True,True,True,0.00131,,odd_char; semisimple,
OD-063,81,3,4,7,24,10,odd,0,7,1,10,3,1|3|3,1|1|1,True,True,True,True,True,0.001907,,odd_char; semisimple,
OD-063,81,3,4,7,25,30,odd,0,7,1,30,3,1|3|3,1|1|1,True,True,True,True,True,0.002825,,odd_char; semisimple,
OD-063,81,3,4,7,26,16,odd,0,7,1,16,3,1|3|3,1|1|1,True,True,True,True,True,0.00126,,odd_char; semisimple,
OD-063,81,3,4,7,27,48,odd,0,7,1,48,3,1|3|3,1|1|1,True,True,True,True,True,0.001287,,odd_char; semisimple,
OD-063,81,3,4,7,28,70,odd,0,7,1,70,3,1|3|3,1|1|1,True,True,True,True,True,0.001222,,odd_char; semisimple,
OD-063,81,3,4,7,29,53,odd,0,7,1,53,3,1|3|3,1|1|1,True,True,True,True,True,0.002087,,odd_char; semisimple,
OD-063,81,3,4,7,30,76,odd,0,7,1,76,3,1|3|3,1|1|1,True,True,True,True,True,0.001368,,odd_char; semisimple,
OD-063,81,3,4,7,31,71,odd,0,7,1,71,3,1|3|3,1|1|1,True,True,True,True,True,0.001341,,odd_char; semisimple,
OD-063,81,3,4,7,32,47,odd,0,7,1,47,3,1|3|3,1|1|1,True,True,True,True,True,0.001414,,odd_char; semisimple,
OD-063,81,3,4,7,33,58,odd,0,7,1,58,3,1|3|3,1|1|1,True,True,True,True,True,0.002825,,odd_char; semisimple,
OD-063,81,3,4,7,34,17,odd,0,7,1,17,3,1|3|3,1|1|1,True,True,True,True,True,0.00136,,odd_char; semisimple,
OD-063,81,3,4,7,35,51,odd,0,7,1,51,3,1|3|3,1|1|1,True,True,True,True,True,0.001312,,odd_char; semisimple,
OD-063,81,3,4,7,36,79,odd,0,7,1,79,3,1|3|3,1|1|1,True,True,True,True,True,0.002658,,odd_char; semisimple,
OD-063,81,3,4,7,37,80,odd,0,7,1,80,3,1|3|3,1|1|1,True,True,True,True,True,0.001249,,odd_char; semisimple,
OD-063,81,3,4,7,38,74,odd,0,7,1,74,3,1|3|3,1|1|1,True,True,True,True,True,0.003277,,odd_char; semisimple,
OD-063,81,3,4,7,39,56,odd,0,7,1,56,3,1|3|3,1|1|1,True,True,True,True,True,0.002531,,odd_char; semisimple,
OD-063,81,3,4,7,40,2,odd,0,7,1,2,3,1|3|3,1|1|1,True,True,True,True,True,0.001748,,odd_char; semisimple,
OD-063,81,3,4,7,41,6,odd,0,7,1,6,3,1|3|3,1|1|1,True,True,True,True,True,0.001411,,odd_char; semisimple,
OD-063,81,3,4,7,42,18,odd,0,7,1,18,3,1|3|3,1|1|1,True,True,True,True,True,0.002184,,odd_char; semisimple,
OD-063,81,3,4,7,43,54,odd,0,7,1,54,3,1|3|3,1|1|1,True,True,True,True,True,0.001373,,odd_char; semisimple,
OD-063,81,3,4,7,44,5,odd,0,7,1,5,3,1|3|3,1|1|1,True,True,True,True,True,0.005044,,odd_char; semisimple,
OD-063,81,3,4,7,45,15,odd,0,7,1,15,3,1|3|3,1|1|1,True,True,True,True,True,0.002262,,odd_char; semisimple,
OD-063,81,3,4,7,46,45,odd,0,7,1,45,3,1|3|3,1|1|1,True,True,True,True,True,0.001343,,odd_char; semisimple,
OD-063,81,3,4,7,47,61,odd,0,7,1,61,3,1|3|3,1|1|1,True,True,True,True,True,0.002822,,odd_char; semisimple,
OD-063,81,3,4,7,48,26,odd,0,7,1,26,3,1|3|3,1|1|1,True,True,True,True,True,0.001252,,odd_char; semisimple,
OD-063,81,3,4,7,49,78,odd,0,7,1,78,3,1|3|3,1|1|1,True,True,True,True,True,0.003698,,odd_char; semisimple,
OD-063,81,3,4,7,50,77,odd,0,7,1,77,3,1|3|3,1|1|1,True,True,True,True,True,0.00142,,odd_char; semisimple,
OD-063,81,3,4,7,51,65,odd,0,7,1,65,3,1|3|3,1|1|1,True,True,True,True,True,0.001886,,odd_char; semisimple,
OD-063,81,3,4,7,52,29,odd,0,7,1,29,3,1|3|3,1|1|1,True,True,True,True,True,0.001329,,odd_char; semisimple,
OD-063,81,3,4,7,53,4,odd,0,7,1,4,3,1|3|3,1|1|1,True,True,True,True,True,0.004201,,odd_char; semisimple,
OD-063,81,3,4,7,54,12,odd,0,7,1,12,3,1|3|3,1|1|1,True,True,True,True,True,0.001778,,odd_char; semisimple,
OD-063,81,3,4,7,55,36,odd,0,7,1,36,3,1|3|3,1|1|1,True,True,True,True,True,0.003017,,odd_char; semisimple,
OD-063,81,3,4,7,56,34,odd,0,7,1,34,3,1|3|3,1|1|1,True,True,True,True,True,0.001594,,odd_char; semisimple,
OD-063,81,3,4,7,57,19,odd,0,7,1,19,3,1|3|3,1|1|1,True,True,True,True,True,0.003182,,odd_char; semisimple,
OD-063,81,3,4,7,58,57,odd,0,7,1,57,3,1|3|3,1|1|1,True,True,True,True,True,0.003544,,odd_char; semisimple,
OD-063,81,3,4,7,59,14,odd,0,7,1,14,3,1|3|3,1|1|1,True,True,True,True,True,0.002004,,odd_char; semisimple,
OD-063,81,3,4,7,60,42,odd,0,7,1,42,3,1|3|3,1|1|1,True,True,True,True,True,0.004923,,odd_char; semisimple,
OD-063,81,3,4,7,61,52,odd,0,7,1,52,3,1|3|3,1|1|1,True,True,True,True,True,0.001346,,odd_char; semisimple,
OD-063,81,3,4,7,62,73,odd,0,7,1,73,3,1|3|3,1|1|1,True,True,True,True,True,0.002057,,odd_char; semisimple,
OD-063,81,3,4,7,63,62,odd,0,7,1,62,3,1|3|3,1|1|1,True,True,True,True,True,0.002798,,odd_char; semisimple,
OD-063,81,3,4,7,64,20,odd,0,7,1,20,3,1|3|3,1|1|1,True,True,True,True,True,0.004067,,odd_char; semisimple,
OD-063,81,3,4,7,65,60,odd,0,7,1,60,3,1|3|3,1|1|1,True,True,True,True,True,0.001937,,odd_char; semisimple,
OD-063,81,3,4,7,66,23,odd,0,7,1,23,3,1|3|3,1|1|1,True,True,True,True,True,0.002667,,odd_char; semisimple,
OD-063,81,3,4,7,67,69,odd,0,7,1,69,3,1|3|3,1|1|1,True,True,True,True,True,0.001447,,odd_char; semisimple,
OD-063,81,3,4,7,68,50,odd,0,7,1,50,3,1|3|3,1|1|1,True,True,True,True,True,0.003362,,odd_char; semisimple,
OD-063,81,3,4,7,69,67,odd,0,7,1,67,3,1|3|3,1|1|1,True,True,True,True,True,0.003983,,odd_char; semisimple,
OD-063,81,3,4,7,70,44,odd,0,7,1,44,3,1|3|3,1|1|1,True,True,True,True,True,0.002066,,odd_char; semisimple,
OD-063,81,3,4,7,71,49,odd,0,7,1,49,3,1|3|3,1|1|1,True,True,True,True,True,0.00201,,odd_char; semisimple,
OD-063,81,3,4,7,72,64,odd,0,7,1,64,3,1|3|3,1|1|1,True,True,True,True,True,0.001332,,odd_char; semisimple,
OD-063,81,3,4,7,73,35,odd,0,7,1,35,3,1|3|3,1|1|1,True,True,True,True,True,0.001313,,odd_char; semisimple,
OD-063,81,3,4,7,74,22,odd,0,7,1,22,3,1|3|3,1|1|1,True,True,True,True,True,0.007222,,odd_char; semisimple,
OD-063,81,3,4,7,75,66,odd,0,7,1,66,3,1|3|3,1|1|1,True,True,True,True,True,0.001949,,odd_char; semisimple,
OD-063,81,3,4,7,76,41,odd,0,7,1,41,3,1|3|3,1|1|1,True,True,True,True,True,0.003566,,odd_char; semisimple,
OD-063,81,3,4,7,77,40,odd,0,7,1,40,3,1|3|3,1|1|1,True,True,True,True,True,0.002302,,odd_char; semisimple,
OD-063,81,3,4,7,78,37,odd,0,7,1,37,3,1|3|3,1|1|1,True,True,True,True,True,0.001244,,odd_char; semisimple,
OD-063,81,3,4,7,79,28,odd,0,7,1,28,3,1|3|3,1|1|1,True,True,True,True,True,0.001281,,odd_char; semisimple,
OD-064,81,3,4,9,0,1,odd,2,1,9,1,1,1,9,True,True,True,True,True,4.1e-05,,odd_char; repeated_root P=9,
OD-064,81,3,4,9,1,3,odd,2,1,9,39,1,1,9,True,True,True,True,True,3.6e-05,,odd_char; repeated_root P=9,
OD-064,81,3,4,9,2,9,odd,2,1,9,33,1,1,9,True,True,True,True,True,3.4e-05,,odd_char; repeated_root P=9,
OD-064,81,3,4,9,3,27,odd,2,1,9,48,1,1,9,True,True,True,True,True,3.3e-05,,odd_char; repeated_root P=9,
OD-064,81,3,4,9,4,7,odd,2,1,9,79,1,1,9,True,True,True,True,True,3.2e-05,,odd_char; repeated_root P=9,
OD-064,81,3,4,9,5,21,odd,2,1,9,15,1,1,9,True,True,True,True,True,3.8e-05,,odd_char; repeated_root P=9,
OD-064,81,3,4,9,6,63,odd,2,1,9,12,1,1,9,True,True,True,True,True,3.7e-05,,odd_char; repeated_root P=9,
OD-064,81,3,4,9,7,32,odd,2,1,9,62,1,1,9,True,True,True,True,True,3.3e-05,,odd_char; repeated_root P=9,
OD-064,81,3,4,9,8,13,odd,2,1,9,64,1,1,9,True,True,True,True,True,5.3e-05,,odd_char; repeated_root P=9,
OD-064,81,3,4,9,9,39,odd,2,1,9,3,1,1,9,True,True,True,True,True,4e-05,,odd_char; repeated_root P=9,
OD-064,81,3,4,9,10,43,odd,2,1,9,43,1,1,9,True,True,True,True,True,3.4e-05,,odd_char; repeated_root P=9,
OD-064,81,3,4,9,11,46,odd,2,1,9,25,1,1,9,True,True,True,True,True,3.2e-05,,odd_char; repeated_root P=9,
OD-064,81,3,4,9,12,55,odd,2,1,9,70,1,1,9,True,True,True,True,True,3.3e-05,,odd_char; repeated_root P=9,
OD-064,81,3,4,9,13,8,odd,2,1,9,80,1,1,9,True,True,True,True,True,3.3e-05,,odd_char; repeated_root P=9,
OD-064,81,3,4,9,14,24,odd,2,1,9,45,1,1,9,True,True,True,True,True,3.7e-05,,odd_char; repeated_root P=9,
OD-064,81,3,4,9,15,72,odd,2,1,9,36,1,1,9,True,True,True,True,True,3.4e-05,,odd_char; repeated_root P=9,
OD-064,81,3,4,9,16,59,odd,2,1,9,20,1,1,9,True,True,True,True,True,3.4e-05,,odd_char; repeated_root P=9,
OD-064,81,3,4,9,17,11,odd,2,1,9,35,1,1,9,True,True,True,True,True,3.3e-05,,odd_char; repeated_root P=9,
OD-064,81,3,4,9,18,33,odd,2,1,9,9,1,1,9,True,True,True,True,True,3.6e-05,,odd_char; repeated_root P=9,
OD-064,81,3,4,9,19,25,odd,2,1,9,46,1,1,9,True,True,True,True,True,3.4e-05,,odd_char; repeated_root P=9,
OD-064,81,3,4,9,20,75,odd,2,1,9,75,1,1,9,True,True,True,True,True,3.3e-05,,odd_char; repeated_root P=9,
OD-064,81,3,4,9,21,68,odd,2,1,9,53,1,1,9,True,True,True,True,True,3.4e-05,,odd_char; repeated_root P=9,
OD-064,81,3,4,9,22,38,odd,2,1,9,74,1,1,9,True,True,True,True,True,3.3e-05,,odd_char; repeated_root P=9,
OD-064,81,3,4,9,23,31,odd,2,1,9,61,1,1,9,True,True,True,True,True,3.3e-05,,odd_char; repeated_root P=9,
OD-064,81,3,4,9,24,10,odd,2,1,9,34,1,1,9,True,True,True,True,True,3.2e-05,,odd_char; repeated_root P=9,
OD-064,81,3,4,9,25,30,odd,2,1,9,60,1,1,9,True,True,True,True,True,3.1e-05,,odd_char; repeated_root P=9,
OD-064,81,3,4,9,26,16,odd,2,1,9,22,1,1,9,True,True,True,True,True,3.1e-05,,odd_char; repeated_root P=9,
OD-064,81,3,4,9,27,48,odd,2,1,9,27,1,1,9,True,True,True,True,True,3.3e-05,,odd_char; repeated_root P=9,
OD-064,81,3,4,9,28,70,odd,2,1,9,55,1,1,9,True,True,True,True,True,3.2e-05,,odd_char; repeated_root P=9,
OD-064,81,3,4,9,29,53,odd,2,1,9,68,1,1,9,True,True,True,True,True,3.4e-05,,odd_char; repeated_root P=9,
OD-064,81,3,4,9,30,76,odd,2,1,9,76,1,1,9,True,True,True,True,True,3.8e-05,,odd_char; repeated_root P=9,
OD-064,81,3,4,9,31,71,odd,2,1,9,56,1,1,9,True,True,True,True,True,3.7e-05,,odd_char; repeated_root P=9,
OD-064,81,3,4,9,32,47,odd,2,1,9,26,1,1,9,True,True,True,True,True,3.4e-05,,odd_char; repeated_root P=9,
OD-064,81,3,4,9,33,58,odd,2,1,9,19,1,1,9,True,True,True,True,True,3.1e-05,,odd_char; repeated_root P=9,
OD-064,81,3,4,9,34,17,odd,2,1,9,23,1,1,9,True,True,True,True,True,3.2e-05,,odd_char; repeated_root P=9,
OD-064,81,3,4,9,35,51,odd,2,1,9,66,1,1,9,True,True,True,True,True,5.5e-05,,odd_char; repeated_root P=9,
OD-064,81,3,4,9,36,79,odd,2,1,9,7,1,1,9,True,True,True,True,True,3.7e-05,,odd_char; repeated_root P=9,
OD-064,81,3,4,9,37,80,odd,2,1,9,8,1,1,9,True,True,True,True,True,3.5e-05,,odd_char; repeated_root P=9,
OD-064,81,3,4,9,38,74,odd,2,1,9,38,1,1,9,True,True,True,True,True,3.5e-05,,odd_char; repeated_root P=9,
OD-064,81,3,4,9,39,56,odd,2,1,9,71,1,1,9,True,True,True,True,True,3.3e-05,,odd_char; repeated_root P=9,
OD-064,81,3,4,9,40,2,odd,2,1,9,2,1,1,9,True,True,True,True,True,3.4e-05,,odd_char; repeated_root P=9,
OD-064,81,3,4,9,41,6,odd,2,1,9,78,1,1,9,True,True,True,True,True,3.4e-05,,odd_char; repeated_root P=9,
OD-064,81,3,4,9,42,18,odd,2,1,9,57,1,1,9,True,True,True,True,True,3.2e-05,,odd_char; repeated_root P=9,
OD-064,81,3,4,9,43,54,odd,2,1,9,69,1,1,9,True,True,True,True,True,3.2e-05,,odd_char; repeated_root P=9,
OD-064,81,3,4,9,44,5,odd,2,1,9,41,1,1,9,True,True,True,True,True,3.3e-05,,odd_char; repeated_root P=9,
OD-064,81,3,4,9,45,15,odd,2,1,9,21,1,1,9,True,True,True,True,True,3.2e-05,,odd_char; repeated_root P=9,
OD-064,81,3,4,9,46,45,odd,2,1,9,24,1,1,9,True,True,True,True,True,3.2e-05,,odd_char; repeated_root P=9,
OD-064,81,3,4,9,47,61,odd,2,1,9,31,1,1,9,True,True,True,True,True,3.8e-05,,odd_char; repeated_root P=9,
OD-064,81,3,4,9,48,26,odd,2,1,9,47,1,1,9,True,True,True,True,True,3.2e-05,,odd_char; repeated_root P=9,
OD-064,81,3,4,9,49,78,odd,2,1,9,6,1,1,9,True,True,True,True,True,3.3e-05,,odd_char; repeated_root P=9,
OD-064,81,3,4,9,50,77,odd,2,1,9,77,1,1,9,True,True,True,True,True,3.2e-05,,odd_char; repeated_root P=9,
OD-064,81,3,4,9,51,65,odd,2,1,9,14,1,1,9,True,True,True,True,True,3.3e-05,,odd_char; repeated_root P=9,
OD-064,81,3,4,9,52,29,odd,2,1,9,50,1,1,9,True,True,True,True,True,3.6e-05,,odd_char; repeated_root P=9,
OD-064,81,3,4,9,53,4,odd,2,1,9,40,1,1,9,True,True,True,True,True,3.3e-05,,odd_char; repeated_root P=9,
OD-064,81,3,4,9,54,12,odd,2,1,9,63,1,1,9,True,True,True,True,True,3.8e-05,,odd_char; repeated_root P=9,
OD-064,81,3,4,9,55,36,odd,2,1,9,72,1,1,9,True,True,True,True,True,4.6e-05,,odd_char; repeated_root P=9,
OD-064,81,3,4,9,56,34,odd,2,1,9,10,1,1,9,True,True,True,True,True,4.4e-05,,odd_char; repeated_root P=9,
OD-064,81,3,4,9,57,19,odd,2,1,9,58,1,1,9,True,True,True,True,True,4.1e-05,,odd_char; repeated_root P=9,
OD-064,81,3,4,9,58,57,odd,2,1,9,18,1,1,9,True,True,True,True,True,3.9e-05,,odd_char; repeated_root P=9,
OD-064,81,3,4,9,59,14,odd,2,1,9,65,1,1,9,True,True,True,True,True,3.3e-05,,odd_char; repeated_root P=9,
OD-064,81,3,4,9,60,42,odd,2,1,9,42,1,1,9,True,True,True,True,True,8e-05,,odd_char; repeated_root P=9,
OD-064,81,3,4,9,61,52,odd,2,1,9,67,1,1,9,True,True,True,True,True,4.2e-05,,odd_char; repeated_root P=9,
OD-064,81,3,4,9,62,73,odd,2,1,9,37,1,1,9,True,True,True,True,True,3.6e-05,,odd_char; repeated_root P=9,
OD-064,81,3,4,9,63,62,odd,2,1,9,32,1,1,9,True,True,True,True,True,3.6e-05,,odd_char; repeated_root P=9,
OD-064,81,3,4,9,64,20,odd,2,1,9,59,1,1,9,True,True,True,True,True,3.4e-05,,odd_char; repeated_root P=9,
OD-064,81,3,4,9,65,60,odd,2,1,9,30,1,1,9,True,True,True,True,True,3.5e-05,,odd_char; repeated_root P=9,
OD-064,81,3,4,9,66,23,odd,2,1,9,17,1,1,9,True,True,True,True,True,3.4e-05,,odd_char; repeated_root P=9,
OD-064,81,3,4,9,67,69,odd,2,1,9,54,1,1,9,True,True,True,True,True,3.7e-05,,odd_char; repeated_root P=9,
OD-064,81,3,4,9,68,50,odd,2,1,9,29,1,1,9,True,True,True,True,True,3.5e-05,,odd_char; repeated_root P=9,
OD-064,81,3,4,9,69,67,odd,2,1,9,52,1,1,9,True,True,True,True,True,3.7e-05,,odd_char; repeated_root P=9,
OD-064,81,3,4,9,70,44,odd,2,1,9,44,1,1,9,True,True,True,True,True,3.4e-05,,odd_char; repeated_root P=9,
OD-064,81,3,4,9,71,49,odd,2,1,9,28,1,1,9,True,True,True,True,True,3.3e-05,,odd_char; repeated_root P=9,
OD-064,81,3,4,9,72,64,odd,2,1,9,13,1,1,9,True,True,True,True,True,3.3e-05,,odd_char; repeated_root P=9,
OD-064,81,3,4,9,73,35,odd,2,1,9,11,1,1,9,True,True,True,True,True,3.3e-05,,odd_char; repeated_root P=9,
OD-064,81,3,4,9,74,22,odd,2,1,9,16,1,1,9,True,True,True,True,True,3.3e-05,,odd_char; repeated_root P=9,
OD-064,81,3,4,9,75,66,odd,2,1,9,51,1,1,9,True,True,True,True,True,3.3e-05,,odd_char; repeated_root P=9,
OD-064,81,3,4,9,76,41,odd,2,1,9,5,1,1,9,True,True,True,True,True,3.2e-05,,odd_char; repeated_root P=9,
OD-064,81,3,4,9,77,40,odd,2,1,9,4,1,1,9,True,True,True,True,True,3.3e-05,,odd_char; repeated_root P=9,
OD-064,81,3,4,9,78,37,odd,2,1,9,73,1,1,9,True,True,True,True,True,3.2e-05,,odd_char; repeated_root P=9,
OD-064,81,3,4,9,79,28,odd,2,1,9,49,1,1,9,True,True,True,True,True,3.3e-05,,odd_char; repeated_root P=9,
OD-065,81,3,4,15,0,1,odd,1,5,3,1,5,1|1|1|1|1,3|3|3|3|3,True,True,True,True,True,0.000888,,odd_char; repeated_root P=3,
OD-065,81,3,4,15,1,3,odd,1,5,3,48,1,5,3,True,True,True,True,True,0.00027,,odd_char; repeated_root P=3,
OD-065,81,3,4,15,2,9,odd,1,5,3,12,1,5,3,True,True,True,True,True,0.00028,,odd_char; repeated_root P=3,
OD-065,81,3,4,15,3,27,odd,1,5,3,3,1,5,3,True,True,True,True,True,0.000287,,odd_char; repeated_root P=3,
OD-065,81,3,4,15,4,7,odd,1,5,3,70,1,5,3,True,True,True,True,True,0.000255,,odd_char; repeated_root P=3,
OD-065,81,3,4,15,5,21,odd,1,5,3,36,5,1|1|1|1|1,3|3|3|3|3,True,True,True,True,True,0.000744,,odd_char; repeated_root P=3,
OD-065,81,3,4,15,6,63,odd,1,5,3,9,1,5,3,True,True,True,True,True,0.000261,,odd_char; repeated_root P=3,
OD-065,81,3,4,15,7,32,odd,1,5,3,53,1,5,3,True,True,True,True,True,0.000281,,odd_char; repeated_root P=3,
OD-065,81,3,4,15,8,13,odd,1,5,3,34,1,5,3,True,True,True,True,True,0.00025,,odd_char; repeated_root P=3,
OD-065,81,3,4,15,9,39,odd,1,5,3,27,1,5,3,True,True,True,True,True,0.000248,,odd_char; repeated_root P=3,
OD-065,81,3,4,15,10,43,odd,1,5,3,76,5,1|1|1|1|1,3|3|3|3|3,True,True,True,True,True,0.000511,,odd_char; repeated_root P=3,
OD-065,81,3,4,15,11,46,odd,1,5,3,19,1,5,3,True,True,True,True,True,0.000261,,odd_char; repeated_root P=3,
OD-065,81,3,4,15,12,55,odd,1,5,3,7,1,5,3,True,True,True,True,True,0.000308,,odd_char; repeated_root P=3,
OD-065,81,3,4,15,13,8,odd,1,5,3,71,1,5,3,True,True,True,True,True,0.000271,,odd_char; repeated_root P=3,
OD-065,81,3,4,15,14,24,odd,1,5,3,57,1,5,3,True,True,True,True,True,0.000429,,odd_char; repeated_root P=3,
OD-065,81,3,4,15,15,72,odd,1,5,3,21,5,1|1|1|1|1,3|3|3|3|3,True,True,True,True,True,0.001614,,odd_char; repeated_root P=3,
OD-065,81,3,4,15,16,59,odd,1,5,3,47,1,5,3,True,True,True,True,True,0.000466,,odd_char; repeated_root P=3,
OD-065,81,3,4,15,17,11,odd,1,5,3,14,1,5,3,True,True,True,True,True,0.000442,,odd_char; repeated_root P=3,
OD-065,81,3,4,15,18,33,odd,1,5,3,63,1,5,3,True,True,True,True,True,0.000481,,odd_char; repeated_root P=3,
OD-065,81,3,4,15,19,25,odd,1,5,3,58,1,5,3,True,True,True,True,True,0.000501,,odd_char; repeated_root P=3,
OD-065,81,3,4,15,20,75,odd,1,5,3,42,5,1|1|1|1|1,3|3|3|3|3,True,True,True,True,True,0.00221,,odd_char; repeated_root P=3,
OD-065,81,3,4,15,21,68,odd,1,5,3,32,1,5,3,True,True,True,True,True,0.000281,,odd_char; repeated_root P=3,
OD-065,81,3,4,15,22,38,odd,1,5,3,17,1,5,3,True,True,True,True,True,0.00026,,odd_char; repeated_root P=3,
OD-065,81,3,4,15,23,31,odd,1,5,3,52,1,5,3,True,True,True,True,True,0.000265,,odd_char; repeated_root P=3,
OD-065,81,3,4,15,24,10,odd,1,5,3,13,1,5,3,True,True,True,True,True,0.000293,,odd_char; repeated_root P=3,
OD-065,81,3,4,15,25,30,odd,1,5,3,51,5,1|1|1|1|1,3|3|3|3|3,True,True,True,True,True,0.001066,,odd_char; repeated_root P=3,
OD-065,81,3,4,15,26,16,odd,1,5,3,73,1,5,3,True,True,True,True,True,0.000269,,odd_char; repeated_root P=3,
OD-065,81,3,4,15,27,48,odd,1,5,3,39,1,5,3,True,True,True,True,True,0.00025,,odd_char; repeated_root P=3,
OD-065,81,3,4,15,28,70,odd,1,5,3,79,1,5,3,True,True,True,True,True,0.000302,,odd_char; repeated_root P=3,
OD-065,81,3,4,15,29,53,odd,1,5,3,62,1,5,3,True,True,True,True,True,0.000258,,odd_char; repeated_root P=3,
OD-065,81,3,4,15,30,76,odd,1,5,3,43,5,1|1|1|1|1,3|3|3|3|3,True,True,True,True,True,0.000739,,odd_char; repeated_root P=3,
OD-065,81,3,4,15,31,71,odd,1,5,3,80,1,5,3,True,True,True,True,True,0.000257,,odd_char; repeated_root P=3,
OD-065,81,3,4,15,32,47,odd,1,5,3,20,1,5,3,True,True,True,True,True,0.000257,,odd_char; repeated_root P=3,
OD-065,81,3,4,15,33,58,odd,1,5,3,46,1,5,3,True,True,True,True,True,0.000261,,odd_char; repeated_root P=3,
OD-065,81,3,4,15,34,17,odd,1,5,3,74,1,5,3,True,True,True,True,True,0.000295,,odd_char; repeated_root P=3,
OD-065,81,3,4,15,35,51,odd,1,5,3,60,5,1|1|1|1|1,3|3|3|3|3,True,True,True,True,True,0.001034,,odd_char; repeated_root P=3,
OD-065,81,3,4,15,36,79,odd,1,5,3,55,1,5,3,True,True,True,True,True,0.000267,,odd_char; repeated_root P=3,
OD-065,81,3,4,15,37,80,odd,1,5,3,56,1,5,3,True,True,True,True,True,0.00026,,odd_char; repeated_root P=3,
OD-065,81,3,4,15,38,74,odd,1,5,3,23,1,5,3,True,True,True,True,True,0.000291,,odd_char; repeated_root P=3,
OD-065,81,3,4,15,39,56,odd,1,5,3,8,1,5,3,True,True,True,True,True,0.000262,,odd_char; repeated_root P=3,
OD-065,81,3,4,15,40,2,odd,1,5,3,2,5,1|1|1|1|1,3|3|3|3|3,True,True,True,True,True,0.00053,,odd_char; repeated_root P=3,
OD-065,81,3,4,15,41,6,odd,1,5,3,69,1,5,3,True,True,True,True,True,0.000298,,odd_char; repeated_root P=3,
OD-065,81,3,4,15,42,18,odd,1,5,3,24,1,5,3,True,True,True,True,True,0.000253,,odd_char; repeated_root P=3,
OD-065,81,3,4,15,43,54,odd,1,5,3,6,1,5,3,True,True,True,True,True,0.000258,,odd_char; repeated_root P=3,
OD-065,81,3,4,15,44,5,odd,1,5,3,50,1,5,3,True,True,True,True,True,0.000321,,odd_char; repeated_root P=3,
OD-065,81,3,4,15,45,15,odd,1,5,3,72,5,1|1|1|1|1,3|3|3|3|3,True,True,True,True,True,0.001327,,odd_char; repeated_root P=3,
OD-065,81,3,4,15,46,45,odd,1,5,3,18,1,5,3,True,True,True,True,True,0.000257,,odd_char; repeated_root P=3,
OD-065,81,3,4,15,47,61,odd,1,5,3,67,1,5,3,True,True,True,True,True,0.00026,,odd_char; repeated_root P=3,
OD-065,81,3,4,15,48,26,odd,1,5,3,59,1,5,3,True,True,True,True,True,0.000285,,odd_char; repeated_root P=3,
OD-065,81,3,4,15,49,78,odd,1,5,3,54,1,5,3,True,True,True,True,True,0.00027,,odd_char; repeated_root P=3,
OD-065,81,3,4,15,50,77,odd,1,5,3,44,5,1|1|1|1|1,3|3|3|3|3,True,True,True,True,True,0.000753,,odd_char; repeated_root P=3,
OD-065,81,3,4,15,51,65,odd,1,5,3,11,1,5,3,True,True,True,True,True,0.000268,,odd_char; repeated_root P=3,
OD-065,81,3,4,15,52,29,odd,1,5,3,5,1,5,3,True,True,True,True,True,0.000255,,odd_char; repeated_root P=3,
OD-065,81,3,4,15,53,4,odd,1,5,3,49,1,5,3,True,True,True,True,True,0.000297,,odd_char; repeated_root P=3,
OD-065,81,3,4,15,54,12,odd,1,5,3,33,1,5,3,True,True,True,True,True,0.000269,,odd_char; repeated_root P=3,
OD-065,81,3,4,15,55,36,odd,1,5,3,15,5,1|1|1|1|1,3|3|3|3|3,True,True,True,True,True,0.000696,,odd_char; repeated_root P=3,
OD-065,81,3,4,15,56,34,odd,1,5,3,64,1,5,3,True,True,True,True,True,0.00028,,odd_char; repeated_root P=3,
OD-065,81,3,4,15,57,19,odd,1,5,3,25,1,5,3,True,True,True,True,True,0.000301,,odd_char; repeated_root P=3,
OD-065,81,3,4,15,58,57,odd,1,5,3,45,1,5,3,True,True,True,True,True,0.000308,,odd_char; repeated_root P=3,
OD-065,81,3,4,15,59,14,odd,1,5,3,35,1,5,3,True,True,True,True,True,0.0003,,odd_char; repeated_root P=3,
OD-065,81,3,4,15,60,42,odd,1,5,3,75,5,1|1|1|1|1,3|3|3|3|3,True,True,True,True,True,0.000831,,odd_char; repeated_root P=3,
OD-065,81,3,4,15,61,52,odd,1,5,3,61,1,5,3,True,True,True,True,True,0.000269,,odd_char; repeated_root P=3,
OD-065,81,3,4,15,62,73,odd,1,5,3,22,1,5,3,True,True,True,True,True,0.00026,,odd_char; repeated_root P=3,
OD-065,81,3,4,15,63,62,odd,1,5,3,68,1,5,3,True,True,True,True,True,0.000252,,odd_char; repeated_root P=3,
OD-065,81,3,4,15,64,20,odd,1,5,3,26,1,5,3,True,True,True,True,True,0.000296,,odd_char; repeated_root P=3,
OD-065,81,3,4,15,65,60,odd,1,5,3,66,5,1|1|1|1|1,3|3|3|3|3,True,True,True,True,True,0.00125,,odd_char; repeated_root P=3,
OD-065,81,3,4,15,66,23,odd,1,5,3,38,1,5,3,True,True,True,True,True,0.000264,,odd_char; repeated_root P=3,
OD-065,81,3,4,15,67,69,odd,1,5,3,78,1,5,3,True,True,True,True,True,0.000255,,odd_char; repeated_root P=3,
OD-065,81,3,4,15,68,50,odd,1,5,3,41,1,5,3,True,True,True,True,True,0.000291,,odd_char; repeated_root P=3,
OD-065,81,3,4,15,69,67,odd,1,5,3,31,1,5,3,True,True,True,True,True,0.000265,,odd_char; repeated_root P=3,
OD-065,81,3,4,15,70,44,odd,1,5,3,77,5,1|1|1|1|1,3|3|3|3|3,True,True,True,True,True,0.000895,,odd_char; repeated_root P=3,
OD-065,81,3,4,15,71,49,odd,1,5,3,40,1,5,3,True,True,True,True,True,0.000276,,odd_char; repeated_root P=3,
OD-065,81,3,4,15,72,64,odd,1,5,3,10,1,5,3,True,True,True,True,True,0.000252,,odd_char; repeated_root P=3,
OD-065,81,3,4,15,73,35,odd,1,5,3,65,1,5,3,True,True,True,True,True,0.000326,,odd_char; repeated_root P=3,
OD-065,81,3,4,15,74,22,odd,1,5,3,37,1,5,3,True,True,True,True,True,0.000374,,odd_char; repeated_root P=3,
OD-065,81,3,4,15,75,66,odd,1,5,3,30,5,1|1|1|1|1,3|3|3|3|3,True,True,True,True,True,0.000764,,odd_char; repeated_root P=3,
OD-065,81,3,4,15,76,41,odd,1,5,3,29,1,5,3,True,True,True,True,True,0.000253,,odd_char; repeated_root P=3,
OD-065,81,3,4,15,77,40,odd,1,5,3,28,1,5,3,True,True,True,True,True,0.000259,,odd_char; repeated_root P=3,
OD-065,81,3,4,15,78,37,odd,1,5,3,16,1,5,3,True,True,True,True,True,0.00031,,odd_char; repeated_root P=3,
OD-065,81,3,4,15,79,28,odd,1,5,3,4,1,5,3,True,True,True,True,True,0.000264,,odd_char; repeated_root P=3,
OD-066,81,3,4,17,0,1,odd,0,17,1,1,5,1|4|4|4|4,1|1|1|1|1,True,True,True,True,True,0.019582,,odd_char; semisimple,
OD-066,81,3,4,17,1,3,odd,0,17,1,3,5,1|4|4|4|4,1|1|1|1|1,True,True,True,True,True,0.029468,,odd_char; semisimple,
OD-066,81,3,4,17,2,9,odd,0,17,1,9,5,1|4|4|4|4,1|1|1|1|1,True,True,True,True,True,0.023339,,odd_char; semisimple,
OD-066,81,3,4,17,3,27,odd,0,17,1,27,5,1|4|4|4|4,1|1|1|1|1,True,True,True,True,True,0.016946,,odd_char; semisimple,
OD-066,81,3,4,17,4,7,odd,0,17,1,7,5,1|4|4|4|4,1|1|1|1|1,True,True,True,True,True,0.021722,,odd_char; semisimple,
OD-066,81,3,4,17,5,21,odd,0,17,1,21,5,1|4|4|4|4,1|1|1|1|1,True,True,True,True,True,0.018357,,odd_char; semisimple,
OD-066,81,3,4,17,6,63,odd,0,17,1,63,5,1|4|4|4|4,1|1|1|1|1,True,True,True,True,True,0.028106,,odd_char; semisimple,
OD-066,81,3,4,17,7,32,odd,0,17,1,32,5,1|4|4|4|4,1|1|1|1|1,True,True,True,True,True,0.034145,,odd_char; semisimple,
OD-066,81,3,4,17,8,13,odd,0,17,1,13,5,1|4|4|4|4,1|1|1|1|1,True,True,True,True,True,0.033413,,odd_char; semisimple,
OD-066,81,3,4,17,9,39,odd,0,17,1,39,5,1|4|4|4|4,1|1|1|1|1,True,True,True,True,True,0.03267,,odd_char; semisimple,
OD-066,81,3,4,17,10,43,odd,0,17,1,43,5,1|4|4|4|4,1|1|1|1|1,True,True,True,True,True,0.017533,,odd_char; semisimple,
OD-066,81,3,4,17,11,46,odd,0,17,1,46,5,1|4|4|4|4,1|1|1|1|1,True,True,True,True,True,0.025413,,odd_char; semisimple,
OD-066,81,3,4,17,12,55,odd,0,17,1,55,5,1|4|4|4|4,1|1|1|1|1,True,True,True,True,True,0.0244,,odd_char; semisimple,
OD-066,81,3,4,17,13,8,odd,0,17,1,8,5,1|4|4|4|4,1|1|1|1|1,True,True,True,True,True,0.014246,,odd_char; semisimple,
OD-066,81,3,4,17,14,24,odd,0,17,1,24,5,1|4|4|4|4,1|1|1|1|1,True,True,True,True,True,0.030986,,odd_char; semisimple,
OD-066,81,3,4,17,15,72,odd,0,17,1,72,5,1|4|4|4|4,1|1|1|1|1,True,True,True,True,True,0.022395,,odd_char; semisimple,
OD-066,81,3,4,17,16,59,odd,0,17,1,59,5,1|4|4|4|4,1|1|1|1|1,True,True,True,True,True,0.015953,,odd_char; semisimple,
OD-066,81,3,4,17,17,11,odd,0,17,1,11,5,1|4|4|4|4,1|1|1|1|1,True,True,True,True,True,0.017857,,odd_char; semisimple,
OD-066,81,3,4,17,18,33,odd,0,17,1,33,5,1|4|4|4|4,1|1|1|1|1,True,True,True,True,True,0.024661,,odd_char; semisimple,
OD-066,81,3,4,17,19,25,odd,0,17,1,25,5,1|4|4|4|4,1|1|1|1|1,True,True,True,True,True,0.036429,,odd_char; semisimple,
OD-066,81,3,4,17,20,75,odd,0,17,1,75,5,1|4|4|4|4,1|1|1|1|1,True,True,True,True,True,0.023974,,odd_char; semisimple,
OD-066,81,3,4,17,21,68,odd,0,17,1,68,5,1|4|4|4|4,1|1|1|1|1,True,True,True,True,True,0.071231,,odd_char; semisimple,
OD-066,81,3,4,17,22,38,odd,0,17,1,38,5,1|4|4|4|4,1|1|1|1|1,True,True,True,True,True,0.020549,,odd_char; semisimple,
OD-066,81,3,4,17,23,31,odd,0,17,1,31,5,1|4|4|4|4,1|1|1|1|1,True,True,True,True,True,0.035106,,odd_char; semisimple,
OD-066,81,3,4,17,24,10,odd,0,17,1,10,5,1|4|4|4|4,1|1|1|1|1,True,True,True,True,True,0.038573,,odd_char; semisimple,
OD-066,81,3,4,17,25,30,odd,0,17,1,30,5,1|4|4|4|4,1|1|1|1|1,True,True,True,True,True,0.035684,,odd_char; semisimple,
OD-066,81,3,4,17,26,16,odd,0,17,1,16,5,1|4|4|4|4,1|1|1|1|1,True,True,True,True,True,0.021258,,odd_char; semisimple,
OD-066,81,3,4,17,27,48,odd,0,17,1,48,5,1|4|4|4|4,1|1|1|1|1,True,True,True,True,True,0.03455,,odd_char; semisimple,
OD-066,81,3,4,17,28,70,odd,0,17,1,70,5,1|4|4|4|4,1|1|1|1|1,True,True,True,True,True,0.037789,,odd_char; semisimple,
OD-066,81,3,4,17,29,53,odd,0,17,1,53,5,1|4|4|4|4,1|1|1|1|1,True,True,True,True,True,0.021891,,odd_char; semisimple,
OD-066,81,3,4,17,30,76,odd,0,17,1,76,5,1|4|4|4|4,1|1|1|1|1,True,True,True,True,True,0.02865,,odd_char; semisimple,
OD-066,81,3,4,17,31,71,odd,0,17,1,71,5,1|4|4|4|4,1|1|1|1|1,True,True,True,True,True,0.061041,,odd_char; semisimple,
OD-066,81,3,4,17,32,47,odd,0,17,1,47,5,1|4|4|4|4,1|1|1|1|1,True,True,True,True,True,0.028324,,odd_char; semisimple,
OD-066,81,3,4,17,33,58,odd,0,17,1,58,5,1|4|4|4|4,1|1|1|1|1,True,True,True,True,True,0.027701,,odd_char; semisimple,
OD-066,81,3,4,17,34,17,odd,0,17,1,17,5,1|4|4|4|4,1|1|1|1|1,True,True,True,True,True,0.048882,,odd_char; semisimple,
OD-066,81,3,4,17,35,51,odd,0,17,1,51,5,1|4|4|4|4,1|1|1|1|1,True,True,True,True,True,0.048003,,odd_char; semisimple,
OD-066,81,3,4,17,36,79,odd,0,17,1,79,5,1|4|4|4|4,1|1|1|1|1,True,True,True,True,True,0.033815,,odd_char; semisimple,
OD-066,81,3,4,17,37,80,odd,0,17,1,80,5,1|4|4|4|4,1|1|1|1|1,True,True,True,True,True,0.026928,,odd_char; semisimple,
OD-066,81,3,4,17,38,74,odd,0,17,1,74,5,1|4|4|4|4,1|1|1|1|1,True,True,True,True,True,0.026939,,odd_char; semisimple,
OD-066,81,3,4,17,39,56,odd,0,17,1,56,5,1|4|4|4|4,1|1|1|1|1,True,True,True,True,True,0.041194,,odd_char; semisimple,
OD-066,81,3,4,17,40,2,odd,0,17,1,2,5,1|4|4|4|4,1|1|1|1|1,True,True,True,True,True,0.018888,,odd_char; semisimple,
OD-066,81,3,4,17,41,6,odd,0,17,1,6,5,1|4|4|4|4,1|1|1|1|1,True,True,True,True,True,0.041083,,odd_char; semisimple,
OD-066,81,3,4,17,42,18,odd,0,17,1,18,5,1|4|4|4|4,1|1|1|1|1,True,True,True,True,True,0.026329,,odd_char; semisimple,
OD-066,81,3,4,17,43,54,odd,0,17,1,54,5,1|4|4|4|4,1|1|1|1|1,True,True,True,True,True,0.033886,,odd_char; semisimple,
OD-066,81,3,4,17,44,5,odd,0,17,1,5,5,1|4|4|4|4,1|1|1|1|1,True,True,True,True,True,0.026669,,odd_char; semisimple,
OD-066,81,3,4,17,45,15,odd,0,17,1,15,5,1|4|4|4|4,1|1|1|1|1,True,True,True,True,True,0.022074,,odd_char; semisimple,
OD-066,81,3,4,17,46,45,odd,0,17,1,45,5,1|4|4|4|4,1|1|1|1|1,True,True,True,True,True,0.022031,,odd_char; semisimple,
OD-066,81,3,4,17,47,61,odd,0,17,1,61,5,1|4|4|4|4,1|1|1|1|1,True,True,True,True,True,0.041605,,odd_char; semisimple,
OD-066,81,3,4,17,48,26,odd,0,17,1,26,5,1|4|4|4|4,1|1|1|1|1,True,True,True,True,True,0.023167,,odd_char; semisimple,
OD-066,81,3,4,17,49,78,odd,0,17,1,78,5,1|4|4|4|4,1|1|1|1|1,True,True,True,True,True,0.02911,,odd_char; semisimple,
OD-066,81,3,4,17,50,77,odd,0,17,1,77,5,1|4|4|4|4,1|1|1|1|1,True,True,True,True,True,0.024242,,odd_char; semisimple,
OD-066,81,3,4,17,51,65,odd,0,17,1,65,5,1|4|4|4|4,1|1|1|1|1,True,True,True,True,True,0.0272,,odd_char; semisimple,
OD-066,81,3,4,17,52,29,odd,0,17,1,29,5,1|4|4|4|4,1|1|1|1|1,True,True,True,True,True,0.031657,,odd_char; semisimple,
OD-066,81,3,4,17,53,4,odd,0,17,1,4,5,1|4|4|4|4,1|1|1|1|1,True,True,True,True,True,0.025439,,odd_char; semisimple,
OD-066,81,3,4,17,54,12,odd,0,17,1,12,5,1|4|4|4|4,1|1|1|1|1,True,True,True,True,True,0.029547,,odd_char; semisimple,
OD-066,81,3,4,17,55,36,odd,0,17,1,36,5,1|4|4|4|4,1|1|1|1|1,True,True,True,True,True,0.031192,,odd_char; semisimple,
OD-066,81,3,4,17,56,34,odd,0,17,1,34,5,1|4|4|4|4,1|1|1|1|1,True,True,True,True,True,0.021145,,odd_char; semisimple,
OD-066,81,3,4,17,57,19,odd,0,17,1,19,5,1|4|4|4|4,1|1|1|1|1,True,True,True,True,True,0.042901,,odd_char; semisimple,
OD-066,81,3,4,17,58,57,odd,0,17,1,57,5,1|4|4|4|4,1|1|1|1|1,True,True,True,True,True,0.030326,,odd_char; semisimple,
OD-066,81,3,4,17,59,14,odd,0,17,1,14,5,1|4|4|4|4,1|1|1|1|1,True,True,True,True,True,0.038546,,odd_char; semisimple,
OD-066,81,3,4,17,60,42,odd,0,17,1,42,5,1|4|4|4|4,1|1|1|1|1,True,True,True,True,True,0.029277,,odd_char; semisimple,
OD-066,81,3,4,17,61,52,odd,0,17,1,52,5,1|4|4|4|4,1|1|1|1|1,True,True,True,True,True,0.023209,,odd_char; semisimple,
OD-066,81,3,4,17,62,73,odd,0,17,1,73,5,1|4|4|4|4,1|1|1|1|1,True,True,True,True,True,0.058515,,odd_char; semisimple,
OD-066,81,3,4,17,63,62,odd,0,17,1,62,5,1|4|4|4|4,1|1|1|1|1,True,True,True,True,True,0.023855,,odd_char; semisimple,
OD-066,81,3,4,17,64,20,odd,0,17,1,20,5,1|4|4|4|4,1|1|1|1|1,True,True,True,True,True,0.03455,,odd_char; semisimple,
OD-066,81,3,4,17,65,60,odd,0,17,1,60,5,1|4|4|4|4,1|1|1|1|1,True,True,True,True,True,0.027636,,odd_char; semisimple,
OD-066,81,3,4,17,66,23,odd,0,17,1,23,5,1|4|4|4|4,1|1|1|1|1,True,True,True,True,True,0.045925,,odd_char; semisimple,
OD-066,81,3,4,17,67,69,odd,0,17,1,69,5,1|4|4|4|4,1|1|1|1|1,True,True,True,True,True,0.015245,,odd_char; semisimple,
OD-066,81,3,4,17,68,50,odd,0,17,1,50,5,1|4|4|4|4,1|1|1|1|1,True,True,True,True,True,0.015847,,odd_char; semisimple,
OD-066,81,3,4,17,69,67,odd,0,17,1,67,5,1|4|4|4|4,1|1|1|1|1,True,True,True,True,True,0.02864,,odd_char; semisimple,
OD-066,81,3,4,17,70,44,odd,0,17,1,44,5,1|4|4|4|4,1|1|1|1|1,True,True,True,True,True,0.021781,,odd_char; semisimple,
OD-066,81,3,4,17,71,49,odd,0,17,1,49,5,1|4|4|4|4,1|1|1|1|1,True,True,True,True,True,0.025119,,odd_char; semisimple,
OD-066,81,3,4,17,72,64,odd,0,17,1,64,5,1|4|4|4|4,1|1|1|1|1,True,True,True,True,True,0.036541,,odd_char; semisimple,
OD-066,81,3,4,17,73,35,odd,0,17,1,35,5,1|4|4|4|4,1|1|1|1|1,True,True,True,True,True,0.024968,,odd_char; semisimple,
OD-066,81,3,4,17,74,22,odd,0,17,1,22,5,1|4|4|4|4,1|1|1|1|1,True,True,True,True,True,0.02596,,odd_char; semisimple,
OD-066,81,3,4,17,75,66,odd,0,17,1,66,5,1|4|4|4|4,1|1|1|1|1,True,True,True,True,True,0.020691,,odd_char; semisimple,
OD-066,81,3,4,17,76,41,odd,0,17,1,41,5,1|4|4|4|4,1|1|1|1|1,True,True,True,True,True,0.014459,,odd_char; semisimple,
OD-066,81,3,4,17,77,40,odd,0,17,1,40,5,1|4|4|4|4,1|1|1|1|1,True,True,True,True,True,0.028558,,odd_char; semisimple,
OD-066,81,3,4,17,78,37,odd,0,17,1,37,5,1|4|4|4|4,1|1|1|1|1,True,True,True,True,True,0.046129,,odd_char; semisimple,
OD-066,81,3,4,17,79,28,odd,0,17,1,28,5,1|4|4|4|4,1|1|1|1|1,True,True,True,True,True,0.031063,,odd_char; semisimple,
OD-067,81,3,4,21,0,1,odd,1,7,3,1,3,1|3|3,3|3|3,True,True,True,True,True,0.004834,,odd_char; repeated_root P=3,
OD-067,81,3,4,21,1,3,odd,1,7,3,48,3,1|3|3,3|3|3,True,True,True,True,True,0.001763,,odd_char; repeated_root P=3,
OD-067,81,3,4,21,2,9,odd,1,7,3,12,3,1|3|3,3|3|3,True,True,True,True,True,0.001462,,odd_char; repeated_root P=3,
OD-067,81,3,4,21,3,27,odd,1,7,3,3,3,1|3|3,3|3|3,True,True,True,True,True,0.001349,,odd_char; repeated_root P=3,
OD-067,81,3,4,21,4,7,odd,1,7,3,70,3,1|3|3,3|3|3,True,True,True,True,True,0.001339,,odd_char; repeated_root P=3,
OD-067,81,3,4,21,5,21,odd,1,7,3,36,3,1|3|3,3|3|3,True,True,True,True,True,0.003591,,odd_char; repeated_root P=3,
OD-067,81,3,4,21,6,63,odd,1,7,3,9,3,1|3|3,3|3|3,True,True,True,True,True,0.001911,,odd_char; repeated_root P=3,
OD-067,81,3,4,21,7,32,odd,1,7,3,53,3,1|3|3,3|3|3,True,True,True,True,True,0.002277,,odd_char; repeated_root P=3,
OD-067,81,3,4,21,8,13,odd,1,7,3,34,3,1|3|3,3|3|3,True,True,True,True,True,0.001472,,odd_char; repeated_root P=3,
OD-067,81,3,4,21,9,39,odd,1,7,3,27,3,1|3|3,3|3|3,True,True,True,True,True,0.001726,,odd_char; repeated_root P=3,
OD-067,81,3,4,21,10,43,odd,1,7,3,76,3,1|3|3,3|3|3,True,True,True,True,True,0.001692,,odd_char; repeated_root P=3,
OD-067,81,3,4,21,11,46,odd,1,7,3,19,3,1|3|3,3|3|3,True,True,True,True,True,0.003289,,odd_char; repeated_root P=3,
OD-067,81,3,4,21,12,55,odd,1,7,3,7,3,1|3|3,3|3|3,True,True,True,True,True,0.001385,,odd_char; repeated_root P=3,
OD-067,81,3,4,21,13,8,odd,1,7,3,71,3,1|3|3,3|3|3,True,True,True,True,True,0.001357,,odd_char; repeated_root P=3,
OD-067,81,3,4,21,14,24,odd,1,7,3,57,3,1|3|3,3|3|3,True,True,True,True,True,0.003387,,odd_char; repeated_root P=3,
OD-067,81,3,4,21,15,72,odd,1,7,3,21,3,1|3|3,3|3|3,True,True,True,True,True,0.002936,,odd_char; repeated_root P=3,
OD-067,81,3,4,21,16,59,odd,1,7,3,47,3,1|3|3,3|3|3,True,True,True,True,True,0.002073,,odd_char; repeated_root P=3,
OD-067,81,3,4,21,17,11,odd,1,7,3,14,3,1|3|3,3|3|3,True,True,True,True,True,0.002277,,odd_char; repeated_root P=3,
OD-067,81,3,4,21,18,33,odd,1,7,3,63,3,1|3|3,3|3|3,True,True,True,True,True,0.002191,,odd_char; repeated_root P=3,
OD-067,81,3,4,21,19,25,odd,1,7,3,58,3,1|3|3,3|3|3,True,True,True,True,True,0.003475,,odd_char; repeated_root P=3,
OD-067,81,3,4,21,20,75,odd,1,7,3,42,3,1|3|3,3|3|3,True,True,True,True,True,0.005875,,odd_char; repeated_root P=3,
OD-067,81,3,4,21,21,68,odd,1,7,3,32,3,1|3|3,3|3|3,True,True,True,True,True,0.001454,,odd_char; repeated_root P=3,
OD-067,81,3,4,21,22,38,odd,1,7,3,17,3,1|3|3,3|3|3,True,True,True,True,True,0.001267,,odd_char; repeated_root P=3,
OD-067,81,3,4,21,23,31,odd,1,7,3,52,3,1|3|3,3|3|3,True,True,True,True,True,0.001474,,odd_char; repeated_root P=3,
OD-067,81,3,4,21,24,10,odd,1,7,3,13,3,1|3|3,3|3|3,True,True,True,True,True,0.002145,,odd_char; repeated_root P=3,
OD-067,81,3,4,21,25,30,odd,1,7,3,51,3,1|3|3,3|3|3,True,True,True,True,True,0.001846,,odd_char; repeated_root P=3,
OD-067,81,3,4,21,26,16,odd,1,7,3,73,3,1|3|3,3|3|3,True,True,True,True,True,0.002474,,odd_char; repeated_root P=3,
OD-067,81,3,4,21,27,48,odd,1,7,3,39,3,1|3|3,3|3|3,True,True,True,True,True,0.001461,,odd_char; repeated_root P=3,
OD-067,81,3,4,21,28,70,odd,1,7,3,79,3,1|3|3,3|3|3,True,True,True,True,True,0.003252,,odd_char; repeated_root P=3,
OD-067,81,3,4,21,29,53,odd,1,7,3,62,3,1|3|3,3|3|3,True,True,True,True,True,0.003482,,odd_char; repeated_root P=3,
OD-067,81,3,4,21,30,76,odd,1,7,3,43,3,1|3|3,3|3|3,True,True,True,True,True,0.002245,,odd_char; repeated_root P=3,
OD-067,81,3,4,21,31,71,odd,1,7,3,80,3,1|3|3,3|3|3,True,True,True,True,True,0.001378,,odd_char; repeated_root P=3,
OD-067,81,3,4,21,32,47,odd,1,7,3,20,3,1|3|3,3|3|3,True,True,True,True,True,0.004283,,odd_char; repeated_root P=3,
OD-067,81,3,4,21,33,58,odd,1,7,3,46,3,1|3|3,3|3|3,True,True,True,True,True,0.001614,,odd_char; repeated_root P=3,
OD-067,81,3,4,21,34,17,odd,1,7,3,74,3,1|3|3,3|3|3,True,True,True,True,True,0.004701,,odd_char; repeated_root P=3,
OD-067,81,3,4,21,35,51,odd,1,7,3,60,3,1|3|3,3|3|3,True,True,True,True,True,0.002469,,odd_char; repeated_root P=3,
OD-067,81,3,4,21,36,79,odd,1,7,3,55,3,1|3|3,3|3|3,True,True,True,True,True,0.003534,,odd_char; repeated_root P=3,
OD-067,81,3,4,21,37,80,odd,1,7,3,56,3,1|3|3,3|3|3,True,True,True,True,True,0.002357,,odd_char; repeated_root P=3,
OD-067,81,3,4,21,38,74,odd,1,7,3,23,3,1|3|3,3|3|3,True,True,True,True,True,0.003848,,odd_char; repeated_root P=3,
OD-067,81,3,4,21,39,56,odd,1,7,3,8,3,1|3|3,3|3|3,True,True,True,True,True,0.002972,,odd_char; repeated_root P=3,
OD-067,81,3,4,21,40,2,odd,1,7,3,2,3,1|3|3,3|3|3,True,True,True,True,True,0.001395,,odd_char; repeated_root P=3,
OD-067,81,3,4,21,41,6,odd,1,7,3,69,3,1|3|3,3|3|3,True,True,True,True,True,0.002028,,odd_char; repeated_root P=3,
OD-067,81,3,4,21,42,18,odd,1,7,3,24,3,1|3|3,3|3|3,True,True,True,True,True,0.002225,,odd_char; repeated_root P=3,
OD-067,81,3,4,21,43,54,odd,1,7,3,6,3,1|3|3,3|3|3,True,True,True,True,True,0.001566,,odd_char; repeated_root P=3,
OD-067,81,3,4,21,44,5,odd,1,7,3,50,3,1|3|3,3|3|3,True,True,True,True,True,0.003682,,odd_char; repeated_root P=3,
OD-067,81,3,4,21,45,15,odd,1,7,3,72,3,1|3|3,3|3|3,True,True,True,True,True,0.003433,,odd_char; repeated_root P=3,
OD-067,81,3,4,21,46,45,odd,1,7,3,18,3,1|3|3,3|3|3,True,True,True,True,True,0.002799,,odd_char; repeated_root P=3,
OD-067,81,3,4,21,47,61,odd,1,7,3,67,3,1|3|3,3|3|3,True,True,True,True,True,0.004326,,odd_char; repeated_root P=3,
OD-067,81,3,4,21,48,26,odd,1,7,3,59,3,1|3|3,3|3|3,True,True,True,True,True,0.001365,,odd_char; repeated_root P=3,
OD-067,81,3,4,21,49,78,odd,1,7,3,54,3,1|3|3,3|3|3,True,True,True,True,True,0.001388,,odd_char; repeated_root P=3,
OD-067,81,3,4,21,50,77,odd,1,7,3,44,3,1|3|3,3|3|3,True,True,True,True,True,0.002524,,odd_char; repeated_root P=3,
OD-067,81,3,4,21,51,65,odd,1,7,3,11,3,1|3|3,3|3|3,True,True,True,True,True,0.002933,,odd_char; repeated_root P=3,
OD-067,81,3,4,21,52,29,odd,1,7,3,5,3,1|3|3,3|3|3,True,True,True,True,True,0.004557,,odd_char; repeated_root P=3,
OD-067,81,3,4,21,53,4,odd,1,7,3,49,3,1|3|3,3|3|3,True,True,True,True,True,0.002549,,odd_char; repeated_root P=3,
OD-067,81,3,4,21,54,12,odd,1,7,3,33,3,1|3|3,3|3|3,True,True,True,True,True,0.001647,,odd_char; repeated_root P=3,
OD-067,81,3,4,21,55,36,odd,1,7,3,15,3,1|3|3,3|3|3,True,True,True,True,True,0.002584,,odd_char; repeated_root P=3,
OD-067,81,3,4,21,56,34,odd,1,7,3,64,3,1|3|3,3|3|3,True,True,True,True,True,0.001833,,odd_char; repeated_root P=3,
OD-067,81,3,4,21,57,19,odd,1,7,3,25,3,1|3|3,3|3|3,True,True,True,True,True,0.003035,,odd_char; repeated_root P=3,
OD-067,81,3,4,21,58,57,odd,1,7,3,45,3,1|3|3,3|3|3,True,True,True,True,True,0.001979,,odd_char; repeated_root P=3,
OD-067,81,3,4,21,59,14,odd,1,7,3,35,3,1|3|3,3|3|3,True,True,True,True,True,0.00197,,odd_char; repeated_root P=3,
OD-067,81,3,4,21,60,42,odd,1,7,3,75,3,1|3|3,3|3|3,True,True,True,True,True,0.002103,,odd_char; repeated_root P=3,
OD-067,81,3,4,21,61,52,odd,1,7,3,61,3,1|3|3,3|3|3,True,True,True,True,True,0.003079,,odd_char; repeated_root P=3,
OD-067,81,3,4,21,62,73,odd,1,7,3,22,3,1|3|3,3|3|3,True,True,True,True,True,0.005643,,odd_char; repeated_root P=3,
OD-067,81,3,4,21,63,62,odd,1,7,3,68,3,1|3|3,3|3|3,True,True,True,True,True,0.001666,,odd_char; repeated_root P=3,
OD-067,81,3,4,21,64,20,odd,1,7,3,26,3,1|3|3,3|3|3,True,True,True,True,True,0.001642,,odd_char; repeated_root P=3,
OD-067,81,3,4,21,65,60,odd,1,7,3,66,3,1|3|3,3|3|3,True,True,True,True,True,0.002023,,odd_char; repeated_root P=3,
OD-067,81,3,4,21,66,23,odd,1,7,3,38,3,1|3|3,3|3|3,True,True,True,True,True,0.001384,,odd_char; repeated_root P=3,
OD-067,81,3,4,21,67,69,odd,1,7,3,78,3,1|3|3,3|3|3,True,True,True,True,True,0.004048,,odd_char; repeated_root P=3,
OD-067,81,3,4,21,68,50,odd,1,7,3,41,3,1|3|3,3|3|3,True,True,True,True,True,0.003463,,odd_char; repeated_root P=3,
OD-067,81,3,4,21,69,67,odd,1,7,3,31,3,1|3|3,3|3|3,True,True,True,True,True,0.001529,,odd_char; repeated_root P=3,
OD-067,81,3,4,21,70,44,odd,1,7,3,77,3,1|3|3,3|3|3,True,True,True,True,True,0.001613,,odd_char; repeated_root P=3,
OD-067,81,3,4,21,71,49,odd,1,7,3,40,3,1|3|3,3|3|3,True,True,True,True,True,0.002096,,odd_char; repeated_root P=3,
OD-067,81,3,4,21,72,64,odd,1,7,3,10,3,1|3|3,3|3|3,True,True,True,True,True,0.002046,,odd_char; repeated_root P=3,
OD-067,81,3,4,21,73,35,odd,1,7,3,65,3,1|3|3,3|3|3,True,True,True,True,True,0.002044,,odd_char; repeated_root P=3,
OD-067,81,3,4,21,74,22,odd,1,7,3,37,3,1|3|3,3|3|3,True,True,True,True,True,0.001335,,odd_char; repeated_root P=3,
OD-067,81,3,4,21,75,66,odd,1,7,3,30,3,1|3|3,3|3|3,True,True,True,True,True,0.00279,,odd_char; repeated_root P=3,
OD-067,81,3,4,21,76,41,odd,1,7,3,29,3,1|3|3,3|3|3,True,True,True,True,True,0.001375,,odd_char; repeated_root P=3,
OD-067,81,3,4,21,77,40,odd,1,7,3,28,3,1|3|3,3|3|3,True,True,True,True,True,0.001421,,odd_char; repeated_root P=3,
OD-067,81,3,4,21,78,37,odd,1,7,3,16,3,1|3|3,3|3|3,True,True,True,True,True,0.00168,,odd_char; repeated_root P=3,
OD-067,81,3,4,21,79,28,odd,1,7,3,4,3,1|3|3,3|3|3,True,True,True,True,True,0.006031,,odd_char; repeated_root P=3,
OD-068,81,3,4,25,0,1,odd,0,25,1,1,9,1|1|1|1|1|5|5|5|5,1|1|1|1|1|1|1|1|1,True,True,True,True,True,0.076643,,odd_char; semisimple,
OD-068,81,3,4,25,1,3,odd,0,25,1,3,1,25,1,True,True,True,True,True,0.002731,,odd_char; semisimple,
OD-068,81,3,4,25,2,9,odd,0,25,1,9,1,25,1,True,True,True,True,True,0.002617,,odd_char; semisimple,
OD-068,81,3,4,25,3,27,odd,0,25,1,27,1,25,1,True,True,True,True,True,0.002558,,odd_char; semisimple,
OD-068,81,3,4,25,4,7,odd,0,25,1,7,1,25,1,True,True,True,True,True,0.002358,,odd_char; semisimple,
OD-068,81,3,4,25,5,21,odd,0,25,1,21,9,1|1|1|1|1|5|5|5|5,1|1|1|1|1|1|1|1|1,True,True,True,True,True,0.068401,,odd_char; semisimple,
OD-068,81,3,4,25,6,63,odd,0,25,1,63,1,25,1,True,True,True,True,True,0.002343,,odd_char; semisimple,
OD-068,81,3,4,25,7,32,odd,0,25,1,32,1,25,1,True,True,True,True,True,0.002497,,odd_char; semisimple,
OD-068,81,3,4,25,8,13,odd,0,25,1,13,1,25,1,True,True,True,True,True,0.003308,,odd_char; semisimple,
OD-068,81,3,4,25,9,39,odd,0,25,1,39,1,25,1,True,True,True,True,True,0.002448,,odd_char; semisimple,
OD-068,81,3,4,25,10,43,odd,0,25,1,43,9,1|1|1|1|1|5|5|5|5,1|1|1|1|1|1|1|1|1,True,True,True,True,True,0.034321,,odd_char; semisimple,
OD-068,81,3,4,25,11,46,odd,0,25,1,46,1,25,1,True,True,True,True,True,0.002421,,odd_char; semisimple,
OD-068,81,3,4,25,12,55,odd,0,25,1,55,1,25,1,True,True,True,True,True,0.0031,,odd_char; semisimple,
OD-068,81,3,4,25,13,8,odd,0,25,1,8,1,25,1,True,True,True,True,True,0.002625,,odd_char; semisimple,
OD-068,81,3,4,25,14,24,odd,0,25,1,24,1,25,1,True,True,True,True,True,0.002341,,odd_char; semisimple,
OD-068,81,3,4,25,15,72,odd,0,25,1,72,9,1|1|1|1|1|5|5|5|5,1|1|1|1|1|1|1|1|1,True,True,True,True,True,0.039776,,odd_char; semisimple,
OD-068,81,3,4,25,16,59,odd,0,25,1,59,1,25,1,True,True,True,True,True,0.002253,,odd_char; semisimple,
OD-068,81,3,4,25,17,11,odd,0,25,1,11,1,25,1,True,True,True,True,True,0.002137,,odd_char; semisimple,
OD-068,81,3,4,25,18,33,odd,0,25,1,33,1,25,1,True,True,True,True,True,0.002359,,odd_char; semisimple,
OD-068,81,3,4,25,19,25,odd,0,25,1,25,1,25,1,True,True,True,True,True,0.002115,,odd_char; semisimple,
OD-068,81,3,4,25,20,75,odd,0,25,1,75,9,1|1|1|1|1|5|5|5|5,1|1|1|1|1|1|1|1|1,True,True,True,True,True,0.052941,,odd_char; semisimple,
OD-068,81,3,4,25,21,68,odd,0,25,1,68,1,25,1,True,True,True,True,True,0.003372,,odd_char; semisimple,
OD-068,81,3,4,25,22,38,odd,0,25,1,38,1,25,1,True,True,True,True,True,0.002465,,odd_char; semisimple,
OD-068,81,3,4,25,23,31,odd,0,25,1,31,1,25,1,True,True,True,True,True,0.002479,,odd_char; semisimple,
OD-068,81,3,4,25,24,10,odd,0,25,1,10,1,25,1,True,True,True,True,True,0.00257,,odd_char; semisimple,
OD-068,81,3,4,25,25,30,odd,0,25,1,30,9,1|1|1|1|1|5|5|5|5,1|1|1|1|1|1|1|1|1,True,True,True,True,True,0.032836,,odd_char; semisimple,
OD-068,81,3,4,25,26,16,odd,0,25,1,16,1,25,1,True,True,True,True,True,0.003319,,odd_char; semisimple,
OD-068,81,3,4,25,27,48,odd,0,25,1,48,1,25,1,True,True,True,True,True,0.003054,,odd_char; semisimple,
OD-068,81,3,4,25,28,70,odd,0,25,1,70,1,25,1,True,True,True,True,True,0.002689,,odd_char; semisimple,
OD-068,81,3,4,25,29,53,odd,0,25,1,53,1,25,1,True,True,True,True,True,0.003123,,odd_char; semisimple,
OD-068,81,3,4,25,30,76,odd,0,25,1,76,9,1|1|1|1|1|5|5|5|5,1|1|1|1|1|1|1|1|1,True,True,True,True,True,0.039197,,odd_char; semisimple,
OD-068,81,3,4,25,31,71,odd,0,25,1,71,1,25,1,True,True,True,True,True,0.003625,,odd_char; semisimple,
OD-068,81,3,4,25,32,47,odd,0,25,1,47,1,25,1,True,True,True,True,True,0.003662,,odd_char; semisimple,
OD-068,81,3,4,25,33,58,odd,0,25,1,58,1,25,1,True,True,True,True,True,0.003663,,odd_char; semisimple,
OD-068,81,3,4,25,34,17,odd,0,25,1,17,1,25,1,True,True,True,True,True,0.00318,,odd_char; semisimple,
OD-068,81,3,4,25,35,51,odd,0,25,1,51,9,1|1|1|1|1|5|5|5|5,1|1|1|1|1|1|1|1|1,True,True,True,True,True,0.066375,,odd_char; semisimple,
OD-068,81,3,4,25,36,79,odd,0,25,1,79,1,25,1,True,True,True,True,True,0.002358,,odd_char; semisimple,
OD-068,81,3,4,25,37,80,odd,0,25,1,80,1,25,1,True,True,True,True,True,0.002281,,odd_char; semisimple,
OD-068,81,3,4,25,38,74,odd,0,25,1,74,1,25,1,True,True,True,True,True,0.002191,,odd_char; semisimple,
OD-068,81,3,4,25,39,56,odd,0,25,1,56,1,25,1,True,True,True,True,True,0.002285,,odd_char; semisimple,
OD-068,81,3,4,25,40,2,odd,0,25,1,2,9,1|1|1|1|1|5|5|5|5,1|1|1|1|1|1|1|1|1,True,True,True,True,True,0.062765,,odd_char; semisimple,
OD-068,81,3,4,25,41,6,odd,0,25,1,6,1,25,1,True,True,True,True,True,0.002291,,odd_char; semisimple,
OD-068,81,3,4,25,42,18,odd,0,25,1,18,1,25,1,True,True,True,True,True,0.002522,,odd_char; semisimple,
OD-068,81,3,4,25,43,54,odd,0,25,1,54,1,25,1,True,True,True,True,True,0.003433,,odd_char; semisimple,
OD-068,81,3,4,25,44,5,odd,0,25,1,5,1,25,1,True,True,True,True,True,0.00334,,odd_char; semisimple,
OD-068,81,3,4,25,45,15,odd,0,25,1,15,9,1|1|1|1|1|5|5|5|5,1|1|1|1|1|1|1|1|1,True,True,True,True,True,0.025212,,odd_char; semisimple,
OD-068,81,3,4,25,46,45,odd,0,25,1,45,1,25,1,True,True,True,True,True,0.002837,,odd_char; semisimple,
OD-068,81,3,4,25,47,61,odd,0,25,1,61,1,25,1,True,True,True,True,True,0.002488,,odd_char; semisimple,
OD-068,81,3,4,25,48,26,odd,0,25,1,26,1,25,1,True,True,True,True,True,0.002243,,odd_char; semisimple,
OD-068,81,3,4,25,49,78,odd,0,25,1,78,1,25,1,True,True,True,True,True,0.002264,,odd_char; semisimple,
OD-068,81,3,4,25,50,77,odd,0,25,1,77,9,1|1|1|1|1|5|5|5|5,1|1|1|1|1|1|1|1|1,True,True,True,True,True,0.035974,,odd_char; semisimple,
OD-068,81,3,4,25,51,65,odd,0,25,1,65,1,25,1,True,True,True,True,True,0.002706,,odd_char; semisimple,
OD-068,81,3,4,25,52,29,odd,0,25,1,29,1,25,1,True,True,True,True,True,0.00227,,odd_char; semisimple,
OD-068,81,3,4,25,53,4,odd,0,25,1,4,1,25,1,True,True,True,True,True,0.002323,,odd_char; semisimple,
OD-068,81,3,4,25,54,12,odd,0,25,1,12,1,25,1,True,True,True,True,True,0.002333,,odd_char; semisimple,
OD-068,81,3,4,25,55,36,odd,0,25,1,36,9,1|1|1|1|1|5|5|5|5,1|1|1|1|1|1|1|1|1,True,True,True,True,True,0.049859,,odd_char; semisimple,
OD-068,81,3,4,25,56,34,odd,0,25,1,34,1,25,1,True,True,True,True,True,0.003758,,odd_char; semisimple,
OD-068,81,3,4,25,57,19,odd,0,25,1,19,1,25,1,True,True,True,True,True,0.003515,,odd_char; semisimple,
OD-068,81,3,4,25,58,57,odd,0,25,1,57,1,25,1,True,True,True,True,True,0.00222,,odd_char; semisimple,
OD-068,81,3,4,25,59,14,odd,0,25,1,14,1,25,1,True,True,True,True,True,0.002278,,odd_char; semisimple,
OD-068,81,3,4,25,60,42,odd,0,25,1,42,9,1|1|1|1|1|5|5|5|5,1|1|1|1|1|1|1|1|1,True,True,True,True,True,0.084688,,odd_char; semisimple,
OD-068,81,3,4,25,61,52,odd,0,25,1,52,1,25,1,True,True,True,True,True,0.002732,,odd_char; semisimple,
OD-068,81,3,4,25,62,73,odd,0,25,1,73,1,25,1,True,True,True,True,True,0.002193,,odd_char; semisimple,
OD-068,81,3,4,25,63,62,odd,0,25,1,62,1,25,1,True,True,True,True,True,0.002615,,odd_char; semisimple,
OD-068,81,3,4,25,64,20,odd,0,25,1,20,1,25,1,True,True,True,True,True,0.00357,,odd_char; semisimple,
OD-068,81,3,4,25,65,60,odd,0,25,1,60,9,1|1|1|1|1|5|5|5|5,1|1|1|1|1|1|1|1|1,True,True,True,True,True,0.067222,,odd_char; semisimple,
OD-068,81,3,4,25,66,23,odd,0,25,1,23,1,25,1,True,True,True,True,True,0.00312,,odd_char; semisimple,
OD-068,81,3,4,25,67,69,odd,0,25,1,69,1,25,1,True,True,True,True,True,0.003436,,odd_char; semisimple,
OD-068,81,3,4,25,68,50,odd,0,25,1,50,1,25,1,True,True,True,True,True,0.002836,,odd_char; semisimple,
OD-068,81,3,4,25,69,67,odd,0,25,1,67,1,25,1,True,True,True,True,True,0.002706,,odd_char; semisimple,
OD-068,81,3,4,25,70,44,odd,0,25,1,44,9,1|1|1|1|1|5|5|5|5,1|1|1|1|1|1|1|1|1,True,True,True,True,True,0.066712,,odd_char; semisimple,
OD-068,81,3,4,25,71,49,odd,0,25,1,49,1,25,1,True,True,True,True,True,0.002868,,odd_char; semisimple,
OD-068,81,3,4,25,72,64,odd,0,25,1,64,1,25,1,True,True,True,True,True,0.002418,,odd_char; semisimple,
OD-068,81,3,4,25,73,35,odd,0,25,1,35,1,25,1,True,True,True,True,True,0.002276,,odd_char; semisimple,
OD-068,81,3,4,25,74,22,odd,0,25,1,22,1,25,1,True,True,True,True,True,0.002306,,odd_char; semisimple,
OD-068,81,3,4,25,75,66,odd,0,25,1,66,9,1|1|1|1|1|5|5|5|5,1|1|1|1|1|1|1|1|1,True,True,True,True,True,0.047598,,odd_char; semisimple,
OD-068,81,3,4,25,76,41,odd,0,25,1,41,1,25,1,True,True,True,True,True,0.002506,,odd_char; semisimple,
OD-068,81,3,4,25,77,40,odd,0,25,1,40,1,25,1,True,True,True,True,True,0.002338,,odd_char; semisimple,
OD-068,81,3,4,25,78,37,odd,0,25,1,37,1,25,1,True,True,True,True,True,0.002614,,odd_char; semisimple,
OD-068,81,3,4,25,79,28,odd,0,25,1,28,1,25,1,True,True,True,True,True,0.002711,,odd_char; semisimple,
OD-069,81,3,4,31,0,1,odd,0,31,1,1,3,1|15|15,1|1|1,True,True,True,True,True,0.215882,,odd_char; semisimple,
OD-069,81,3,4,31,1,3,odd,0,31,1,3,3,1|15|15,1|1|1,True,True,True,True,True,0.31451,,odd_char; semisimple,
OD-069,81,3,4,31,2,9,odd,0,31,1,9,3,1|15|15,1|1|1,True,True,True,True,True,0.112189,,odd_char; semisimple,
OD-069,81,3,4,31,3,27,odd,0,31,1,27,3,1|15|15,1|1|1,True,True,True,True,True,0.191676,,odd_char; semisimple,
OD-069,81,3,4,31,4,7,odd,0,31,1,7,3,1|15|15,1|1|1,True,True,True,True,True,0.770666,,odd_char; semisimple,
OD-069,81,3,4,31,5,21,odd,0,31,1,21,3,1|15|15,1|1|1,True,True,True,True,True,0.203516,,odd_char; semisimple,
OD-069,81,3,4,31,6,63,odd,0,31,1,63,3,1|15|15,1|1|1,True,True,True,True,True,0.1005,,odd_char; semisimple,
OD-069,81,3,4,31,7,32,odd,0,31,1,32,3,1|15|15,1|1|1,True,True,True,True,True,0.286994,,odd_char; semisimple,
OD-069,81,3,4,31,8,13,odd,0,31,1,13,3,1|15|15,1|1|1,True,True,True,True,True,0.117615,,odd_char; semisimple,
OD-069,81,3,4,31,9,39,odd,0,31,1,39,3,1|15|15,1|1|1,True,True,True,True,True,0.477843,,odd_char; semisimple,
OD-069,81,3,4,31,10,43,odd,0,31,1,43,3,1|15|15,1|1|1,True,True,True,True,True,0.218319,,odd_char; semisimple,
OD-069,81,3,4,31,11,46,odd,0,31,1,46,3,1|15|15,1|1|1,True,True,True,True,True,0.119558,,odd_char; semisimple,
OD-069,81,3,4,31,12,55,odd,0,31,1,55,3,1|15|15,1|1|1,True,True,True,True,True,0.114726,,odd_char; semisimple,
OD-069,81,3,4,31,13,8,odd,0,31,1,8,3,1|15|15,1|1|1,True,True,True,True,True,0.482419,,odd_char; semisimple,
OD-069,81,3,4,31,14,24,odd,0,31,1,24,3,1|15|15,1|1|1,True,True,True,True,True,0.210576,,odd_char; semisimple,
OD-069,81,3,4,31,15,72,odd,0,31,1,72,3,1|15|15,1|1|1,True,True,True,True,True,0.316064,,odd_char; semisimple,
OD-069,81,3,4,31,16,59,odd,0,31,1,59,3,1|15|15,1|1|1,True,True,True,True,True,0.107558,,odd_char; semisimple,
OD-069,81,3,4,31,17,11,odd,0,31,1,11,3,1|15|15,1|1|1,True,True,True,True,True,0.227222,,odd_char; semisimple,
OD-069,81,3,4,31,18,33,odd,0,31,1,33,3,1|15|15,1|1|1,True,True,True,True,True,0.206429,,odd_char; semisimple,
OD-069,81,3,4,31,19,25,odd,0,31,1,25,3,1|15|15,1|1|1,True,True,True,True,True,0.102719,,odd_char; semisimple,
OD-069,81,3,4,31,20,75,odd,0,31,1,75,3,1|15|15,1|1|1,True,True,True,True,True,0.428753,,odd_char; semisimple,
OD-069,81,3,4,31,21,68,odd,0,31,1,68,3,1|15|15,1|1|1,True,True,True,True,True,0.49234,,odd_char; semisimple,
OD-069,81,3,4,31,22,38,odd,0,31,1,38,3,1|15|15,1|1|1,True,True,True,True,True,0.599677,,odd_char; semisimple,
OD-069,81,3,4,31,23,31,odd,0,31,1,31,3,1|15|15,1|1|1,True,True,True,True,True,0.501566,,odd_char; semisimple,
OD-069,81,3,4,31,24,10,odd,0,31,1,10,3,1|15|15,1|1|1,True,True,True,True,True,0.298127,,odd_char; semisimple,
OD-069,81,3,4,31,25,30,odd,0,31,1,30,3,1|15|15,1|1|1,True,True,True,True,True,0.30062,,odd_char; semisimple,
OD-069,81,3,4,31,26,16,odd,0,31,1,16,3,1|15|15,1|1|1,True,True,True,True,True,0.306323,,odd_char; semisimple,
OD-069,81,3,4,31,27,48,odd,0,31,1,48,3,1|15|15,1|1|1,True,True,True,True,True,0.109463,,odd_char; semisimple,
OD-069,81,3,4,31,28,70,odd,0,31,1,70,3,1|15|15,1|1|1,True,True,True,True,True,0.104474,,odd_char; semisimple,
OD-069,81,3,4,31,29,53,odd,0,31,1,53,3,1|15|15,1|1|1,True,True,True,True,True,0.202165,,odd_char; semisimple,
OD-069,81,3,4,31,30,76,odd,0,31,1,76,3,1|15|15,1|1|1,True,True,True,True,True,0.403171,,odd_char; semisimple,
OD-069,81,3,4,31,31,71,odd,0,31,1,71,3,1|15|15,1|1|1,True,True,True,True,True,0.111734,,odd_char; semisimple,
OD-069,81,3,4,31,32,47,odd,0,31,1,47,3,1|15|15,1|1|1,True,True,True,True,True,0.293324,,odd_char; semisimple,
OD-069,81,3,4,31,33,58,odd,0,31,1,58,3,1|15|15,1|1|1,True,True,True,True,True,0.108893,,odd_char; semisimple,
OD-069,81,3,4,31,34,17,odd,0,31,1,17,3,1|15|15,1|1|1,True,True,True,True,True,0.280023,,odd_char; semisimple,
OD-069,81,3,4,31,35,51,odd,0,31,1,51,3,1|15|15,1|1|1,True,True,True,True,True,0.18061,,odd_char; semisimple,
OD-069,81,3,4,31,36,79,odd,0,31,1,79,3,1|15|15,1|1|1,True,True,True,True,True,0.208262,,odd_char; semisimple,
OD-069,81,3,4,31,37,80,odd,0,31,1,80,3,1|15|15,1|1|1,True,True,True,True,True,0.45066,,odd_char; semisimple,
OD-069,81,3,4,31,38,74,odd,0,31,1,74,3,1|15|15,1|1|1,True,True,True,True,True,0.100343,,odd_char; semisimple,
OD-069,81,3,4,31,39,56,odd,0,31,1,56,3,1|15|15,1|1|1,True,True,True,True,True,0.184441,,odd_char; semisimple,
OD-069,81,3,4,31,40,2,odd,0,31,1,2,3,1|15|15,1|1|1,True,True,True,True,True,0.108272,,odd_char; semisimple,
OD-069,81,3,4,31,41,6,odd,0,31,1,6,3,1|15|15,1|1|1,True,True,True,True,True,0.196536,,odd_char; semisimple,
OD-069,81,3,4,31,42,18,odd,0,31,1,18,3,1|15|15,1|1|1,True,True,True,True,True,0.106286,,odd_char; semisimple,
OD-069,81,3,4,31,43,54,odd,0,31,1,54,3,1|15|15,1|1|1,True,True,True,True,True,0.115319,,odd_char; semisimple,
OD-069,81,3,4,31,44,5,odd,0,31,1,5,3,1|15|15,1|1|1,True,True,True,True,True,0.104885,,odd_char; semisimple,
OD-069,81,3,4,31,45,15,odd,0,31,1,15,3,1|15|15,1|1|1,True,True,True,True,True,0.112795,,odd_char; semisimple,
OD-069,81,3,4,31,46,45,odd,0,31,1,45,3,1|15|15,1|1|1,True,True,True,True,True,0.096606,,odd_char; semisimple,
OD-069,81,3,4,31,47,61,odd,0,31,1,61,3,1|15|15,1|1|1,True,True,True,True,True,0.093011,,odd_char; semisimple,
OD-069,81,3,4,31,48,26,odd,0,31,1,26,3,1|15|15,1|1|1,True,True,True,True,True,0.267578,,odd_char; semisimple,
OD-069,81,3,4,31,49,78,odd,0,31,1,78,3,1|15|15,1|1|1,True,True,True,True,True,0.184385,,odd_char; semisimple,
OD-069,81,3,4,31,50,77,odd,0,31,1,77,3,1|15|15,1|1|1,True,True,True,True,True,0.115789,,odd_char; semisimple,
OD-069,81,3,4,31,51,65,odd,0,31,1,65,3,1|15|15,1|1|1,True,True,True,True,True,0.266104,,odd_char; semisimple,
OD-069,81,3,4,31,52,29,odd,0,31,1,29,3,1|15|15,1|1|1,True,True,True,True,True,0.096294,,odd_char; semisimple,
OD-069,81,3,4,31,53,4,odd,0,31,1,4,3,1|15|15,1|1|1,True,True,True,True,True,0.089598,,odd_char; semisimple,
OD-069,81,3,4,31,54,12,odd,0,31,1,12,3,1|15|15,1|1|1,True,True,True,True,True,0.093079,,odd_char; semisimple,
OD-069,81,3,4,31,55,36,odd,0,31,1,36,3,1|15|15,1|1|1,True,True,True,True,True,0.30956,,odd_char; semisimple,
OD-069,81,3,4,31,56,34,odd,0,31,1,34,3,1|15|15,1|1|1,True,True,True,True,True,0.094186,,odd_char; semisimple,
OD-069,81,3,4,31,57,19,odd,0,31,1,19,3,1|15|15,1|1|1,True,True,True,True,True,0.095432,,odd_char; semisimple,
OD-069,81,3,4,31,58,57,odd,0,31,1,57,3,1|15|15,1|1|1,True,True,True,True,True,0.1106,,odd_char; semisimple,
OD-069,81,3,4,31,59,14,odd,0,31,1,14,3,1|15|15,1|1|1,True,True,True,True,True,0.207273,,odd_char; semisimple,
OD-069,81,3,4,31,60,42,odd,0,31,1,42,3,1|15|15,1|1|1,True,True,True,True,True,0.19147,,odd_char; semisimple,
OD-069,81,3,4,31,61,52,odd,0,31,1,52,3,1|15|15,1|1|1,True,True,True,True,True,0.096038,,odd_char; semisimple,
OD-069,81,3,4,31,62,73,odd,0,31,1,73,3,1|15|15,1|1|1,True,True,True,True,True,0.261504,,odd_char; semisimple,
OD-069,81,3,4,31,63,62,odd,0,31,1,62,3,1|15|15,1|1|1,True,True,True,True,True,0.099254,,odd_char; semisimple,
OD-069,81,3,4,31,64,20,odd,0,31,1,20,3,1|15|15,1|1|1,True,True,True,True,True,0.311698,,odd_char; semisimple,
OD-069,81,3,4,31,65,60,odd,0,31,1,60,3,1|15|15,1|1|1,True,True,True,True,True,0.097595,,odd_char; semisimple,
OD-069,81,3,4,31,66,23,odd,0,31,1,23,3,1|15|15,1|1|1,True,True,True,True,True,0.181662,,odd_char; semisimple,
OD-069,81,3,4,31,67,69,odd,0,31,1,69,3,1|15|15,1|1|1,True,True,True,True,True,0.264402,,odd_char; semisimple,
OD-069,81,3,4,31,68,50,odd,0,31,1,50,3,1|15|15,1|1|1,True,True,True,True,True,0.259316,,odd_char; semisimple,
OD-069,81,3,4,31,69,67,odd,0,31,1,67,3,1|15|15,1|1|1,True,True,True,True,True,0.091347,,odd_char; semisimple,
OD-069,81,3,4,31,70,44,odd,0,31,1,44,3,1|15|15,1|1|1,True,True,True,True,True,0.417653,,odd_char; semisimple,
OD-069,81,3,4,31,71,49,odd,0,31,1,49,3,1|15|15,1|1|1,True,True,True,True,True,0.171034,,odd_char; semisimple,
OD-069,81,3,4,31,72,64,odd,0,31,1,64,3,1|15|15,1|1|1,True,True,True,True,True,0.16877,,odd_char; semisimple,
OD-069,81,3,4,31,73,35,odd,0,31,1,35,3,1|15|15,1|1|1,True,True,True,True,True,0.090514,,odd_char; semisimple,
OD-069,81,3,4,31,74,22,odd,0,31,1,22,3,1|15|15,1|1|1,True,True,True,True,True,0.173464,,odd_char; semisimple,
OD-069,81,3,4,31,75,66,odd,0,31,1,66,3,1|15|15,1|1|1,True,True,True,True,True,0.090727,,odd_char; semisimple,
OD-069,81,3,4,31,76,41,odd,0,31,1,41,3,1|15|15,1|1|1,True,True,True,True,True,0.25132,,odd_char; semisimple,
OD-069,81,3,4,31,77,40,odd,0,31,1,40,3,1|15|15,1|1|1,True,True,True,True,True,0.094945,,odd_char; semisimple,
OD-069,81,3,4,31,78,37,odd,0,31,1,37,3,1|15|15,1|1|1,True,True,True,True,True,0.256072,,odd_char; semisimple,
OD-069,81,3,4,31,79,28,odd,0,31,1,28,3,1|15|15,1|1|1,True,True,True,True,True,0.257819,,odd_char; semisimple,
OD-070,81,3,4,35,0,1,odd,0,35,1,1,15,1|1|1|1|1|3|3|3|3|3|3|3|3|3|3,1|1|1|1|1|1|1|1|1|1|1|1|1|1|1,True,True,True,True,True,0.084606,,odd_char; semisimple,
OD-070,81,3,4,35,1,3,odd,0,35,1,3,3,5|15|15,1|1|1,True,True,True,True,True,0.069899,,odd_char; semisimple,
OD-070,81,3,4,35,2,9,odd,0,35,1,9,3,5|15|15,1|1|1,True,True,True,True,True,0.13359,,odd_char; semisimple,
OD-070,81,3,4,35,3,27,odd,0,35,1,27,3,5|15|15,1|1|1,True,True,True,True,True,0.072997,,odd_char; semisimple,
OD-070,81,3,4,35,4,7,odd,0,35,1,7,3,5|15|15,1|1|1,True,True,True,True,True,0.136917,,odd_char; semisimple,
OD-070,81,3,4,35,5,21,odd,0,35,1,21,15,1|1|1|1|1|3|3|3|3|3|3|3|3|3|3,1|1|1|1|1|1|1|1|1|1|1|1|1|1|1,True,True,True,True,True,0.074638,,odd_char; semisimple,
OD-070,81,3,4,35,6,63,odd,0,35,1,63,3,5|15|15,1|1|1,True,True,True,True,True,0.136457,,odd_char; semisimple,
OD-070,81,3,4,35,7,32,odd,0,35,1,32,3,5|15|15,1|1|1,True,True,True,True,True,0.070606,,odd_char; semisimple,
OD-070,81,3,4,35,8,13,odd,0,35,1,13,3,5|15|15,1|1|1,True,True,True,True,True,0.082248,,odd_char; semisimple,
OD-070,81,3,4,35,9,39,odd,0,35,1,39,3,5|15|15,1|1|1,True,True,True,True,True,0.078542,,odd_char; semisimple,
OD-070,81,3,4,35,10,43,odd,0,35,1,43,15,1|1|1|1|1|3|3|3|3|3|3|3|3|3|3,1|1|1|1|1|1|1|1|1|1|1|1|1|1|1,True,True,True,True,True,0.107839,,odd_char; semisimple,
OD-070,81,3,4,35,11,46,odd,0,35,1,46,3,5|15|15,1|1|1,True,True,True,True,True,0.075563,,odd_char; semisimple,
OD-070,81,3,4,35,12,55,odd,0,35,1,55,3,5|15|15,1|1|1,True,True,True,True,True,0.158953,,odd_char; semisimple,
OD-070,81,3,4,35,13,8,odd,0,35,1,8,3,5|15|15,1|1|1,True,True,True,True,True,0.090164,,odd_char; semisimple,
OD-070,81,3,4,35,14,24,odd,0,35,1,24,3,5|15|15,1|1|1,True,True,True,True,True,0.092633,,odd_char; semisimple,
OD-070,81,3,4,35,15,72,odd,0,35,1,72,15,1|1|1|1|1|3|3|3|3|3|3|3|3|3|3,1|1|1|1|1|1|1|1|1|1|1|1|1|1|1,True,True,True,True,True,0.096194,,odd_char; semisimple,
OD-070,81,3,4,35,16,59,odd,0,35,1,59,3,5|15|15,1|1|1,True,True,True,True,True,0.139539,,odd_char; semisimple,
OD-070,81,3,4,35,17,11,odd,0,35,1,11,3,5|15|15,1|1|1,True,True,True,True,True,0.071425,,odd_char; semisimple,
OD-070,81,3,4,35,18,33,odd,0,35,1,33,3,5|15|15,1|1|1,True,True,True,True,True,0.203581,,odd_char; semisimple,
OD-070,81,3,4,35,19,25,odd,0,35,1,25,3,5|15|15,1|1|1,True,True,True,True,True,0.072092,,odd_char; semisimple,
OD-070,81,3,4,35,20,75,odd,0,35,1,75,15,1|1|1|1|1|3|3|3|3|3|3|3|3|3|3,1|1|1|1|1|1|1|1|1|1|1|1|1|1|1,True,True,True,True,True,0.124482,,odd_char; semisimple,
OD-070,81,3,4,35,21,68,odd,0,35,1,68,3,5|15|15,1|1|1,True,True,True,True,True,0.081464,,odd_char; semisimple,
OD-070,81,3,4,35,22,38,odd,0,35,1,38,3,5|15|15,1|1|1,True,True,True,True,True,0.076112,,odd_char; semisimple,
OD-070,81,3,4,35,23,31,odd,0,35,1,31,3,5|15|15,1|1|1,True,True,True,True,True,0.082564,,odd_char; semisimple,
OD-070,81,3,4,35,24,10,odd,0,35,1,10,3,5|15|15,1|1|1,True,True,True,True,True,0.16319,,odd_char; semisimple,
OD-070,81,3,4,35,25,30,odd,0,35,1,30,15,1|1|1|1|1|3|3|3|3|3|3|3|3|3|3,1|1|1|1|1|1|1|1|1|1|1|1|1|1|1,True,True,True,True,True,0.108176,,odd_char; semisimple,
OD-070,81,3,4,35,26,16,odd,0,35,1,16,3,5|15|15,1|1|1,True,True,True,True,True,0.073678,,odd_char; semisimple,
OD-070,81,3,4,35,27,48,odd,0,35,1,48,3,5|15|15,1|1|1,True,True,True,True,True,0.073661,,odd_char; semisimple,
OD-070,81,3,4,35,28,70,odd,0,35,1,70,3,5|15|15,1|1|1,True,True,True,True,True,0.073896,,odd_char; semisimple,
OD-070,81,3,4,35,29,53,odd,0,35,1,53,3,5|15|15,1|1|1,True,True,True,True,True,0.073847,,odd_char; semisimple,
OD-070,81,3,4,35,30,76,odd,0,35,1,76,15,1|1|1|1|1|3|3|3|3|3|3|3|3|3|3,1|1|1|1|1|1|1|1|1|1|1|1|1|1|1,True,True,True,True,True,0.097044,,odd_char; semisimple,
OD-070,81,3,4,35,31,71,odd,0,35,1,71,3,5|15|15,1|1|1,True,True,True,True,True,0.14697,,odd_char; semisimple,
OD-070,81,3,4,35,32,47,odd,0,35,1,47,3,5|15|15,1|1|1,True,True,True,True,True,0.076458,,odd_char; semisimple,
OD-070,81,3,4,35,33,58,odd,0,35,1,58,3,5|15|15,1|1|1,True,True,True,True,True,0.084353,,odd_char; semisimple,
OD-070,81,3,4,35,34,17,odd,0,35,1,17,3,5|15|15,1|1|1,True,True,True,True,True,0.090402,,odd_char; semisimple,
OD-070,81,3,4,35,35,51,odd,0,35,1,51,15,1|1|1|1|1|3|3|3|3|3|3|3|3|3|3,1|1|1|1|1|1|1|1|1|1|1|1|1|1|1,True,True,True,True,True,0.098725,,odd_char; semisimple,
OD-070,81,3,4,35,36,79,odd,0,35,1,79,3,5|15|15,1|1|1,True,True,True,True,True,0.094133,,odd_char; semisimple,
OD-070,81,3,4,35,37,80,odd,0,35,1,80,3,5|15|15,1|1|1,True,True,True,True,True,0.163246,,odd_char; semisimple,
OD-070,81,3,4,35,38,74,odd,0,35,1,74,3,5|15|15,1|1|1,True,True,True,True,True,0.07367,,odd_char; semisimple,
OD-070,81,3,4,35,39,56,odd,0,35,1,56,3,5|15|15,1|1|1,True,True,True,True,True,0.073007,,odd_char; semisimple,
OD-070,81,3,4,35,40,2,odd,0,35,1,2,15,1|1|1|1|1|3|3|3|3|3|3|3|3|3|3,1|1|1|1|1|1|1|1|1|1|1|1|1|1|1,True,True,True,True,True,0.096663,,odd_char; semisimple,
OD-070,81,3,4,35,41,6,odd,0,35,1,6,3,5|15|15,1|1|1,True,True,True,True,True,0.138986,,odd_char; semisimple,
OD-070,81,3,4,35,42,18,odd,0,35,1,18,3,5|15|15,1|1|1,True,True,True,True,True,0.136045,,odd_char; semisimple,
OD-070,81,3,4,35,43,54,odd,0,35,1,54,3,5|15|15,1|1|1,True,True,True,True,True,0.19793,,odd_char; semisimple,
OD-070,81,3,4,35,44,5,odd,0,35,1,5,3,5|15|15,1|1|1,True,True,True,True,True,0.135411,,odd_char; semisimple,
OD-070,81,3,4,35,45,15,odd,0,35,1,15,15,1|1|1|1|1|3|3|3|3|3|3|3|3|3|3,1|1|1|1|1|1|1|1|1|1|1|1|1|1|1,True,True,True,True,True,0.062569,,odd_char; semisimple,
OD-070,81,3,4,35,46,45,odd,0,35,1,45,3,5|15|15,1|1|1,True,True,True,True,True,0.072258,,odd_char; semisimple,
OD-070,81,3,4,35,47,61,odd,0,35,1,61,3,5|15|15,1|1|1,True,True,True,True,True,0.0736,,odd_char; semisimple,
OD-070,81,3,4,35,48,26,odd,0,35,1,26,3,5|15|15,1|1|1,True,True,True,True,True,0.072369,,odd_char; semisimple,
OD-070,81,3,4,35,49,78,odd,0,35,1,78,3,5|15|15,1|1|1,True,True,True,True,True,0.203533,,odd_char; semisimple,
OD-070,81,3,4,35,50,77,odd,0,35,1,77,15,1|1|1|1|1|3|3|3|3|3|3|3|3|3|3,1|1|1|1|1|1|1|1|1|1|1|1|1|1|1,True,True,True,True,True,0.108334,,odd_char; semisimple,
OD-070,81,3,4,35,51,65,odd,0,35,1,65,3,5|15|15,1|1|1,True,True,True,True,True,0.133526,,odd_char; semisimple,
OD-070,81,3,4,35,52,29,odd,0,35,1,29,3,5|15|15,1|1|1,True,True,True,True,True,0.455017,,odd_char; semisimple,
OD-070,81,3,4,35,53,4,odd,0,35,1,4,3,5|15|15,1|1|1,True,True,True,True,True,0.258999,,odd_char; semisimple,
OD-070,81,3,4,35,54,12,odd,0,35,1,12,3,5|15|15,1|1|1,True,True,True,True,True,0.07117,,odd_char; semisimple,
OD-070,81,3,4,35,55,36,odd,0,35,1,36,15,1|1|1|1|1|3|3|3|3|3|3|3|3|3|3,1|1|1|1|1|1|1|1|1|1|1|1|1|1|1,True,True,True,True,True,0.086155,,odd_char; semisimple,
OD-070,81,3,4,35,56,34,odd,0,35,1,34,3,5|15|15,1|1|1,True,True,True,True,True,0.07128,,odd_char; semisimple,
OD-070,81,3,4,35,57,19,odd,0,35,1,19,3,5|15|15,1|1|1,True,True,True,True,True,0.071895,,odd_char; semisimple,
OD-070,81,3,4,35,58,57,odd,0,35,1,57,3,5|15|15,1|1|1,True,True,True,True,True,0.070116,,odd_char; semisimple,
OD-070,81,3,4,35,59,14,odd,0,35,1,14,3,5|15|15,1|1|1,True,True,True,True,True,0.071091,,odd_char; semisimple,
OD-070,81,3,4,35,60,42,odd,0,35,1,42,15,1|1|1|1|1|3|3|3|3|3|3|3|3|3|3,1|1|1|1|1|1|1|1|1|1|1|1|1|1|1,True,True,True,True,True,0.144563,,odd_char; semisimple,
OD-070,81,3,4,35,61,52,odd,0,35,1,52,3,5|15|15,1|1|1,True,True,True,True,True,0.137407,,odd_char; semisimple,
OD-070,81,3,4,35,62,73,odd,0,35,1,73,3,5|15|15,1|1|1,True,True,True,True,True,0.199329,,odd_char; semisimple,
OD-070,81,3,4,35,63,62,odd,0,35,1,62,3,5|15|15,1|1|1,True,True,True,True,True,0.153846,,odd_char; semisimple,
OD-070,81,3,4,35,64,20,odd,0,35,1,20,3,5|15|15,1|1|1,True,True,True,True,True,0.085073,,odd_char; semisimple,
OD-070,81,3,4,35,65,60,odd,0,35,1,60,15,1|1|1|1|1|3|3|3|3|3|3|3|3|3|3,1|1|1|1|1|1|1|1|1|1|1|1|1|1|1,True,True,True,True,True,0.110988,,odd_char; semisimple,
OD-070,81,3,4,35,66,23,odd,0,35,1,23,3,5|15|15,1|1|1,True,True,True,True,True,0.069811,,odd_char; semisimple,
OD-070,81,3,4,35,67,69,odd,0,35,1,69,3,5|15|15,1|1|1,True,True,True,True,True,0.071841,,odd_char; semisimple,
OD-070,81,3,4,35,68,50,odd,0,35,1,50,3,5|15|15,1|1|1,True,True,True,True,True,0.072651,,odd_char; semisimple,
OD-070,81,3,4,35,69,67,odd,0,35,1,67,3,5|15|15,1|1|1,True,True,True,True,True,0.136008,,odd_char; semisimple,
OD-070,81,3,4,35,70,44,odd,0,35,1,44,15,1|1|1|1|1|3|3|3|3|3|3|3|3|3|3,1|1|1|1|1|1|1|1|1|1|1|1|1|1|1,True,True,True,True,True,0.123368,,odd_char; semisimple,
OD-070,81,3,4,35,71,49,odd,0,35,1,49,3,5|15|15,1|1|1,True,True,True,True,True,0.072554,,odd_char; semisimple,
OD-070,81,3,4,35,72,64,odd,0,35,1,64,3,5|15|15,1|1|1,True,True,True,True,True,0.216415,,odd_char; semisimple,
OD-070,81,3,4,35,73,35,odd,0,35,1,35,3,5|15|15,1|1|1,True,True,True,True,True,0.208047,,odd_char; semisimple,
OD-070,81,3,4,35,74,22,odd,0,35,1,22,3,5|15|15,1|1|1,True,True,True,True,True,0.073837,,odd_char; semisimple,
OD-070,81,3,4,35,75,66,odd,0,35,1,66,15,1|1|1|1|1|3|3|3|3|3|3|3|3|3|3,1|1|1|1|1|1|1|1|1|1|1|1|1|1|1,True,True,True,True,True,0.075318,,odd_char; semisimple,
OD-070,81,3,4,35,76,41,odd,0,35,1,41,3,5|15|15,1|1|1,True,True,True,True,True,0.155368,,odd_char; semisimple,
OD-070,81,3,4,35,77,40,odd,0,35,1,40,3,5|15|15,1|1|1,True,True,True,True,True,0.074721,,odd_char; semisimple,
OD-070,81,3,4,35,78,37,odd,0,35,1,37,3,5|15|15,1|1|1,True,True,True,True,True,0.072624,,odd_char; semisimple,
OD-070,81,3,4,35,79,28,odd,0,35,1,28,3,5|15|15,1|1|1,True,True,True,True,True,0.082447,,odd_char; semisimple,
