grid_id,q,p,e,n,nu,n_prime,P,char,lambda_exponent,lambda,structural_category,defects,provenance
EV-001,2,2,1,3,0,3,1,even,0,,even_char; semisimple,defect_a_even_char,BLUEPRINT A.7.1 even q-grid x n-grid
EV-002,2,2,1,5,0,5,1,even,0,,even_char; semisimple,defect_a_even_char,BLUEPRINT A.7.1 even q-grid x n-grid
EV-003,2,2,1,7,0,7,1,even,0,,even_char; semisimple,defect_a_even_char,BLUEPRINT A.7.1 even q-grid x n-grid
EV-004,2,2,1,9,0,9,1,even,0,,even_char; semisimple,defect_a_even_char,BLUEPRINT A.7.1 even q-grid x n-grid
EV-005,2,2,1,15,0,15,1,even,0,,even_char; semisimple,defect_a_even_char,BLUEPRINT A.7.1 even q-grid x n-grid
EV-006,2,2,1,17,0,17,1,even,0,,even_char; semisimple,defect_a_even_char,BLUEPRINT A.7.1 even q-grid x n-grid
EV-007,2,2,1,21,0,21,1,even,0,,even_char; semisimple,defect_a_even_char,BLUEPRINT A.7.1 even q-grid x n-grid
EV-008,2,2,1,25,0,25,1,even,0,,even_char; semisimple,defect_a_even_char,BLUEPRINT A.7.1 even q-grid x n-grid
EV-009,2,2,1,31,0,31,1,even,0,,even_char; semisimple,defect_a_even_char,BLUEPRINT A.7.1 even q-grid x n-grid
EV-010,2,2,1,35,0,35,1,even,0,,even_char; semisimple,defect_a_even_char,BLUEPRINT A.7.1 even q-grid x n-grid
EV-011,4,2,2,3,0,3,1,even,0,,even_char; semisimple,defect_a_even_char,BLUEPRINT A.7.1 even q-grid x n-grid
EV-011,4,2,2,3,0,3,1,even,1,,even_char; semisimple,defect_a_even_char,BLUEPRINT A.7.1 even q-grid x n-grid
EV-011,4,2,2,3,0,3,1,even,2,,even_char; semisimple,defect_a_even_char,BLUEPRINT A.7.1 even q-grid x n-grid
EV-012,4,2,2,5,0,5,1,even,0,,even_char; semisimple,defect_a_even_char,BLUEPRINT A.7.1 even q-grid x n-grid
EV-012,4,2,2,5,0,5,1,even,1,,even_char; semisimple,defect_a_even_char,BLUEPRINT A.7.1 even q-grid x n-grid
EV-012,4,2,2,5,0,5,1,even,2,,even_char; semisimple,defect_a_even_char,BLUEPRINT A.7.1 even q-grid x n-grid
EV-013,4,2,2,7,0,7,1,even,0,,even_char; semisimple,defect_a_even_char,BLUEPRINT A.7.1 even q-grid x n-grid
EV-013,4,2,2,7,0,7,1,even,1,,even_char; semisimple,defect_a_even_char,BLUEPRINT A.7.1 even q-grid x n-grid
EV-013,4,2,2,7,0,7,1,even,2,,even_char; semisimple,defect_a_even_char,BLUEPRINT A.7.1 even q-grid x n-grid
EV-014,4,2,2,9,0,9,1,even,0,,even_char; semisimple,defect_a_even_char,BLUEPRINT A.7.1 even q-grid x n-grid
EV-014,4,2,2,9,0,9,1,even,1,,even_char; semisimple,defect_a_even_char,BLUEPRINT A.7.1 even q-grid x n-grid
EV-014,4,2,2,9,0,9,1,even,2,,even_char; semisimple,defect_a_even_char,BLUEPRINT A.7.1 even q-grid x n-grid
EV-015,4,2,2,15,0,15,1,even,0,,even_char; semisimple,defect_a_even_char,BLUEPRINT A.7.1 even q-grid x n-grid
EV-015,4,2,2,15,0,15,1,even,1,,even_char; semisimple,defect_a_even_char,BLUEPRINT A.7.1 even q-grid x n-grid
EV-015,4,2,2,15,0,15,1,even,2,,even_char; semisimple,defect_a_even_char,BLUEPRINT A.7.1 even q-grid x n-grid
EV-016,4,2,2,17,0,17,1,even,0,,even_char; semisimple,defect_a_even_char,BLUEPRINT A.7.1 even q-grid x n-grid
EV-016,4,2,2,17,0,17,1,even,1,,even_char; semisimple,defect_a_even_char,BLUEPRINT A.7.1 even q-grid x n-grid
EV-016,4,2,2,17,0,17,1,even,2,,even_char; semisimple,defect_a_even_char,BLUEPRINT A.7.1 even q-grid x n-grid
EV-017,4,2,2,21,0,21,1,even,0,,even_char; semisimple,defect_a_even_char,BLUEPRINT A.7.1 even q-grid x n-grid
EV-017,4,2,2,21,0,21,1,even,1,,even_char; semisimple,defect_a_even_char,BLUEPRINT A.7.1 even q-grid x n-grid
EV-017,4,2,2,21,0,21,1,even,2,,even_char; semisimple,defect_a_even_char,BLUEPRINT A.7.1 even q-grid x n-grid
EV-018,4,2,2,25,0,25,1,even,0,,even_char; semisimple,defect_a_even_char,BLUEPRINT A.7.1 even q-grid x n-grid
EV-018,4,2,2,25,0,25,1,even,1,,even_char; semisimple,defect_a_even_char,BLUEPRINT A.7.1 even q-grid x n-grid
EV-018,4,2,2,25,0,25,1,even,2,,even_char; semisimple,defect_a_even_char,BLUEPRINT A.7.1 even q-grid x n-grid
EV-019,4,2,2,31,0,31,1,even,0,,even_char; semisimple,defect_a_even_char,BLUEPRINT A.7.1 even q-grid x n-grid
EV-019,4,2,2,31,0,31,1,even,1,,even_char; semisimple,defect_a_even_char,BLUEPRINT A.7.1 even q-grid x n-grid
EV-019,4,2,2,31,0,31,1,even,2,,even_char; semisimple,defect_a_even_char,BLUEPRINT A.7.1 even q-grid x n-grid
EV-020,4,2,2,35,0,35,1,even,0,,even_char; semisimple,defect_a_even_char,BLUEPRINT A.7.1 even q-grid x n-grid
EV-020,4,2,2,35,0,35,1,even,1,,even_char; semisimple,defect_a_even_char,BLUEPRINT A.7.1 even q-grid x n-grid
EV-020,4,2,2,35,0,35,1,even,2,,even_char; semisimple,defect_a_even_char,BLUEPRINT A.7.1 even q-grid x n-grid
EV-021,8,2,3,3,0,3,1,even,0,,even_char; semisimple,defect_a_even_char,BLUEPRINT A.7.1 even q-grid x n-grid
EV-021,8,2,3,3,0,3,1,even,1,,even_char; semisimple,defect_a_even_char,BLUEPRINT A.7.1 even q-grid x n-grid
EV-021,8,2,3,3,0,3,1,even,2,,even_char; semisimple,defect_a_even_char,BLUEPRINT A.7.1 even q-grid x n-grid
EV-021,8,2,3,3,0,3,1,even,3,,even_char; semisimple,defect_a_even_char,BLUEPRINT A.7.1 even q-grid x n-grid
EV-021,8,2,3,3,0,3,1,even,4,,even_char; semisimple,defect_a_even_char,BLUEPRINT A.7.1 even q-grid x n-grid
EV-021,8,2,3,3,0,3,1,even,5,,even_char; semisimple,defect_a_even_char,BLUEPRINT A.7.1 even q-grid x n-grid
EV-021,8,2,3,3,0,3,1,even,6,,even_char; semisimple,defect_a_even_char,BLUEPRINT A.7.1 even q-grid x n-grid
EV-022,8,2,3,5,0,5,1,even,0,,even_char; semisimple,defect_a_even_char,BLUEPRINT A.7.1 even q-grid x n-grid
EV-022,8,2,3,5,0,5,1,even,1,,even_char; semisimple,defect_a_even_char,BLUEPRINT A.7.1 even q-grid x n-grid
EV-022,8,2,3,5,0,5,1,even,2,,even_char; semisimple,defect_a_even_char,BLUEPRINT A.7.1 even q-grid x n-grid
EV-022,8,2,3,5,0,5,1,even,3,,even_char; semisimple,defect_a_even_char,BLUEPRINT A.7.1 even q-grid x n-grid
EV-022,8,2,3,5,0,5,1,even,4,,even_char; semisimple,defect_a_even_char,BLUEPRINT A.7.1 even q-grid x n-grid
EV-022,8,2,3,5,0,5,1,even,5,,even_char; semisimple,defect_a_even_char,BLUEPRINT A.7.1 even q-grid x n-grid
EV-022,8,2,3,5,0,5,1,even,6,,even_char; semisimple,defect_a_even_char,BLUEPRINT A.7.1 even q-grid x n-grid
EV-023,8,2,3,7,0,7,1,even,0,,even_char; semisimple,defect_a_even_char,BLUEPRINT A.7.1 even q-grid x n-grid
EV-023,8,2,3,7,0,7,1,even,1,,even_char; semisimple,defect_a_even_char,BLUEPRINT A.7.1 even q-grid x n-grid
EV-023,8,2,3,7,0,7,1,even,2,,even_char; semisimple,defect_a_even_char,BLUEPRINT A.7.1 even q-grid x n-grid
EV-023,8,2,3,7,0,7,1,even,3,,even_char; semisimple,defect_a_even_char,BLUEPRINT A.7.1 even q-grid x n-grid
EV-023,8,2,3,7,0,7,1,even,4,,even_char; semisimple,defect_a_even_char,BLUEPRINT A.7.1 even q-grid x n-grid
EV-023,8,2,3,7,0,7,1,even,5,,even_char; semisimple,defect_a_even_char,BLUEPRINT A.7.1 even q-grid x n-grid
EV-023,8,2,3,7,0,7,1,even,6,,even_char; semisimple,defect_a_even_char,BLUEPRINT A.7.1 even q-grid x n-grid
EV-024,8,2,3,9,0,9,1,even,0,,even_char; semisimple,defect_a_even_char,BLUEPRINT A.7.1 even q-grid x n-grid
EV-024,8,2,3,9,0,9,1,even,1,,even_char; semisimple,defect_a_even_char,BLUEPRINT A.7.1 even q-grid x n-grid
EV-024,8,2,3,9,0,9,1,even,2,,even_char; semisimple,defect_a_even_char,BLUEPRINT A.7.1 even q-grid x n-grid
EV-024,8,2,3,9,0,9,1,even,3,,even_char; semisimple,defect_a_even_char,BLUEPRINT A.7.1 even q-grid x n-grid
EV-024,8,2,3,9,0,9,1,even,4,,even_char; semisimple,defect_a_even_char,BLUEPRINT A.7.1 even q-grid x n-grid
EV-024,8,2,3,9,0,9,1,even,5,,even_char; semisimple,defect_a_even_char,BLUEPRINT A.7.1 even q-grid x n-grid
EV-024,8,2,3,9,0,9,1,even,6,,even_char; semisimple,defect_a_even_char,BLUEPRINT A.7.1 even q-grid x n-grid
EV-025,8,2,3,15,0,15,1,even,0,,even_char; semisimple,defect_a_even_char,BLUEPRINT A.7.1 even q-grid x n-grid
EV-025,8,2,3,15,0,15,1,even,1,,even_char; semisimple,defect_a_even_char,BLUEPRINT A.7.1 even q-grid x n-grid
EV-025,8,2,3,15,0,15,1,even,2,,even_char; semisimple,defect_a_even_char,BLUEPRINT A.7.1 even q-grid x n-grid
EV-025,8,2,3,15,0,15,1,even,3,,even_char; semisimple,defect_a_even_char,BLUEPRINT A.7.1 even q-grid x n-grid
EV-025,8,2,3,15,0,15,1,even,4,,even_char; semisimple,defect_a_even_char,BLUEPRINT A.7.1 even q-grid x n-grid
EV-025,8,2,3,15,0,15,1,even,5,,even_char; semisimple,defect_a_even_char,BLUEPRINT A.7.1 even q-grid x n-grid
EV-025,8,2,3,15,0,15,1,even,6,,even_char; semisimple,defect_a_even_char,BLUEPRINT A.7.1 even q-grid x n-grid
EV-026,8,2,3,17,0,17,1,even,0,,even_char; semisimple,defect_a_even_char,BLUEPRINT A.7.1 even q-grid x n-grid
EV-026,8,2,3,17,0,17,1,even,1,,even_char; semisimple,defect_a_even_char,BLUEPRINT A.7.1 even q-grid x n-grid
EV-026,8,2,3,17,0,17,1,even,2,,even_char; semisimple,defect_a_even_char,BLUEPRINT A.7.1 even q-grid x n-grid
EV-026,8,2,3,17,0,17,1,even,3,,even_char; semisimple,defect_a_even_char,BLUEPRINT A.7.1 even q-grid x n-grid
EV-026,8,2,3,17,0,17,1,even,4,,even_char; semisimple,defect_a_even_char,BLUEPRINT A.7.1 even q-grid x n-grid
EV-026,8,2,3,17,0,17,1,even,5,,even_char; semisimple,defect_a_even_char,BLUEPRINT A.7.1 even q-grid x n-grid
EV-026,8,2,3,17,0,17,1,even,6,,even_char; semisimple,defect_a_even_char,BLUEPRINT A.7.1 even q-grid x n-grid
EV-027,8,2,3,21,0,21,1,even,0,,even_char; semisimple,defect_a_even_char,BLUEPRINT A.7.1 even q-grid x n-grid
EV-027,8,2,3,21,0,21,1,even,1,,even_char; semisimple,defect_a_even_char,BLUEPRINT A.7.1 even q-grid x n-grid
EV-027,8,2,3,21,0,21,1,even,2,,even_char; semisimple,defect_a_even_char,BLUEPRINT A.7.1 even q-grid x n-grid
EV-027,8,2,3,21,0,21,1,even,3,,even_char; semisimple,defect_a_even_char,BLUEPRINT A.7.1 even q-grid x n-grid
EV-027,8,2,3,21,0,21,1,even,4,,even_char; semisimple,defect_a_even_char,BLUEPRINT A.7.1 even q-grid x n-grid
EV-027,8,2,3,21,0,21,1,even,5,,even_char; semisimple,defect_a_even_char,BLUEPRINT A.7.1 even q-grid x n-grid
EV-027,8,2,3,21,0,21,1,even,6,,even_char; semisimple,defect_a_even_char,BLUEPRINT A.7.1 even q-grid x n-grid
EV-028,8,2,3,25,0,25,1,even,0,,even_char; semisimple,defect_a_even_char,BLUEPRINT A.7.1 even q-grid x n-grid
EV-028,8,2,3,25,0,25,1,even,1,,even_char; semisimple,defect_a_even_char,BLUEPRINT A.7.1 even q-grid x n-grid
EV-028,8,2,3,25,0,25,1,even,2,,even_char; semisimple,defect_a_even_char,BLUEPRINT A.7.1 even q-grid x n-grid
EV-028,8,2,3,25,0,25,1,even,3,,even_char; semisimple,defect_a_even_char,BLUEPRINT A.7.1 even q-grid x n-grid
EV-028,8,2,3,25,0,25,1,even,4,,even_char; semisimple,defect_a_even_char,BLUEPRINT A.7.1 even q-grid x n-grid
EV-028,8,2,3,25,0,25,1,even,5,,even_char; semisimple,defect_a_even_char,BLUEPRINT A.7.1 even q-grid x n-grid
EV-028,8,2,3,25,0,25,1,even,6,,even_char; semisimple,defect_a_even_char,BLUEPRINT A.7.1 even q-grid x n-grid
EV-029,8,2,3,31,0,31,1,even,0,,even_char; semisimple,defect_a_even_char,BLUEPRINT A.7.1 even q-grid x n-grid
EV-029,8,2,3,31,0,31,1,even,1,,even_char; semisimple,defect_a_even_char,BLUEPRINT A.7.1 even q-grid x n-grid
EV-029,8,2,3,31,0,31,1,even,2,,even_char; semisimple,defect_a_even_char,BLUEPRINT A.7.1 even q-grid x n-grid
EV-029,8,2,3,31,0,31,1,even,3,,even_char; semisimple,defect_a_even_char,BLUEPRINT A.7.1 even q-grid x n-grid
EV-029,8,2,3,31,0,31,1,even,4,,even_char; semisimple,defect_a_even_char,BLUEPRINT A.7.1 even q-grid x n-grid
EV-029,8,2,3,31,0,31,1,even,5,,even_char; semisimple,defect_a_even_char,BLUEPRINT A.7.1 even q-grid x n-grid
EV-029,8,2,3,31,0,31,1,even,6,,even_char; semisimple,defect_a_even_char,BLUEPRINT A.7.1 even q-grid x n-grid
EV-030,8,2,3,35,0,35,1,even,0,,even_char; semisimple,defect_a_even_char,BLUEPRINT A.7.1 even q-grid x n-grid
EV-030,8,2,3,35,0,35,1,even,1,,even_char; semisimple,defect_a_even_char,BLUEPRINT A.7.1 even q-grid x n-grid
EV-030,8,2,3,35,0,35,1,even,2,,even_char; semisimple,defect_a_even_char,BLUEPRINT A.7.1 even q-grid x n-grid
EV-030,8,2,3,35,0,35,1,even,3,,even_char; semisimple,defect_a_even_char,BLUEPRINT A.7.1 even q-grid x n-grid
EV-030,8,2,3,35,0,35,1,even,4,,even_char; semisimple,defect_a_even_char,BLUEPRINT A.7.1 even q-grid x n-grid
EV-030,8,2,3,35,0,35,1,even,5,,even_char; semisimple,defect_a_even_char,BLUEPRINT A.7.1 even q-grid x n-grid
EV-030,8,2,3,35,0,35,1,even,6,,even_char; semisimple,defect_a_even_char,BLUEPRINT A.7.1 even q-grid x n-grid
EV-031,16,2,4,3,0,3,1,even,0,,even_char; semisimple,defect_a_even_char,BLUEPRINT A.7.1 even q-grid x n-grid
EV-031,16,2,4,3,0,3,1,even,1,,even_char; semisimple,defect_a_even_char,BLUEPRINT A.7.1 even q-grid x n-grid
EV-031,16,2,4,3,0,3,1,even,2,,even_char; semisimple,defect_a_even_char,BLUEPRINT A.7.1 even q-grid x n-grid
EV-031,16,2,4,3,0,3,1,even,3,,even_char; semisimple,defect_a_even_char,BLUEPRINT A.7.1 even q-grid x n-grid
EV-031,16,2,4,3,0,3,1,even,4,,even_char; semisimple,defect_a_even_char,BLUEPRINT A.7.1 even q-grid x n-grid
EV-031,16,2,4,3,0,3,1,even,5,,even_char; semisimple,defect_a_even_char,BLUEPRINT A.7.1 even q-grid x n-grid
EV-031,16,2,4,3,0,3,1,even,6,,even_char; semisimple,defect_a_even_char,BLUEPRINT A.7.1 even q-grid x n-grid
EV-031,16,2,4,3,0,3,1,even,7,,even_char; semisimple,defect_a_even_char,BLUEPRINT A.7.1 even q-grid x n-grid
EV-031,16,2,4,3,0,3,1,even,8,,even_char; semisimple,defect_a_even_char,BLUEPRINT A.7.1 even q-grid x n-grid
EV-031,16,2,4,3,0,3,1,even,9,,even_char; semisimple,defect_a_even_char,BLUEPRINT A.7.1 even q-grid x n-grid
EV-031,16,2,4,3,0,3,1,even,10,,even_char; semisimple,defect_a_even_char,BLUEPRINT A.7.1 even q-grid x n-grid
EV-031,16,2,4,3,0,3,1,even,11,,even_char; semisimple,defect_a_even_char,BLUEPRINT A.7.1 even q-grid x n-grid
EV-031,16,2,4,3,0,3,1,even,12,,even_char; semisimple,defect_a_even_char,BLUEPRINT A.7.1 even q-grid x n-grid
EV-031,16,2,4,3,0,3,1,even,13,,even_char; semisimple,defect_a_even_char,BLUEPRINT A.7.1 even q-grid x n-grid
EV-031,16,2,4,3,0,3,1,even,14,,even_char; semisimple,defect_a_even_char,BLUEPRINT A.7.1 even q-grid x n-grid
EV-032,16,2,4,5,0,5,1,even,0,,even_char; semisimple,defect_a_even_char,BLUEPRINT A.7.1 even q-grid x n-grid
EV-032,16,2,4,5,0,5,1,even,1,,even_char; semisimple,defect_a_even_char,BLUEPRINT A.7.1 even q-grid x n-grid
EV-032,16,2,4,5,0,5,1,even,2,,even_char; semisimple,defect_a_even_char,BLUEPRINT A.7.1 even q-grid x n-grid
EV-032,16,2,4,5,0,5,1,even,3,,even_char; semisimple,defect_a_even_char,BLUEPRINT A.7.1 even q-grid x n-grid
EV-032,16,2,4,5,0,5,1,even,4,,even_char; semisimple,defect_a_even_char,BLUEPRINT A.7.1 even q-grid x n-grid
EV-032,16,2,4,5,0,5,1,even,5,,even_char; semisimple,defect_a_even_char,BLUEPRINT A.7.1 even q-grid x n-grid
EV-032,16,2,4,5,0,5,1,even,6,,even_char; semisimple,defect_a_even_char,BLUEPRINT A.7.1 even q-grid x n-grid
EV-032,16,2,4,5,0,5,1,even,7,,even_char; semisimple,defect_a_even_char,BLUEPRINT A.7.1 even q-grid x n-grid
EV-032,16,2,4,5,0,5,1,even,8,,even_char; semisimple,defect_a_even_char,BLUEPRINT A.7.1 even q-grid x n-grid
EV-032,16,2,4,5,0,5,1,even,9,,even_char; semisimple,defect_a_even_char,BLUEPRINT A.7.1 even q-grid x n-grid
EV-032,16,2,4,5,0,5,1,even,10,,even_char; semisimple,defect_a_even_char,BLUEPRINT A.7.1 even q-grid x n-grid
EV-032,16,2,4,5,0,5,1,even,11,,even_char; semisimple,defect_a_even_char,BLUEPRINT A.7.1 even q-grid x n-grid
EV-032,16,2,4,5,0,5,1,even,12,,even_char; semisimple,defect_a_even_char,BLUEPRINT A.7.1 even q-grid x n-grid
EV-032,16,2,4,5,0,5,1,even,13,,even_char; semisimple,defect_a_even_char,BLUEPRINT A.7.1 even q-grid x n-grid
EV-032,16,2,4,5,0,5,1,even,14,,even_char; semisimple,defect_a_even_char,BLUEPRINT A.7.1 even q-grid x n-grid
EV-033,16,2,4,7,0,7,1,even,0,,even_char; semisimple,defect_a_even_char,BLUEPRINT A.7.1 even q-grid x n-grid
EV-033,16,2,4,7,0,7,1,even,1,,even_char; semisimple,defect_a_even_char,BLUEPRINT A.7.1 even q-grid x n-grid
EV-033,16,2,4,7,0,7,1,even,2,,even_char; semisimple,defect_a_even_char,BLUEPRINT A.7.1 even q-grid x n-grid
EV-033,16,2,4,7,0,7,1,even,3,,even_char; semisimple,defect_a_even_char,BLUEPRINT A.7.1 even q-grid x n-grid
EV-033,16,2,4,7,0,7,1,even,4,,even_char; semisimple,defect_a_even_char,BLUEPRINT A.7.1 even q-grid x n-grid
EV-033,16,2,4,7,0,7,1,even,5,,even_char; semisimple,defect_a_even_char,BLUEPRINT A.7.1 even q-grid x n-grid
EV-033,16,2,4,7,0,7,1,even,6,,even_char; semisimple,defect_a_even_char,BLUEPRINT A.7.1 even q-grid x n-grid
EV-033,16,2,4,7,0,7,1,even,7,,even_char; semisimple,defect_a_even_char,BLUEPRINT A.7.1 even q-grid x n-grid
EV-033,16,2,4,7,0,7,1,even,8,,even_char; semisimple,defect_a_even_char,BLUEPRINT A.7.1 even q-grid x n-grid
EV-033,16,2,4,7,0,7,1,even,9,,even_char; semisimple,defect_a_even_char,BLUEPRINT A.7.1 even q-grid x n-grid
EV-033,16,2,4,7,0,7,1,even,10,,even_char; semisimple,defect_a_even_char,BLUEPRINT A.7.1 even q-grid x n-grid
EV-033,16,2,4,7,0,7,1,even,11,,even_char; semisimple,defect_a_even_char,BLUEPRINT A.7.1 even q-grid x n-grid
EV-033,16,2,4,7,0,7,1,even,12,,even_char; semisimple,defect_a_even_char,BLUEPRINT A.7.1 even q-grid x n-grid
EV-033,16,2,4,7,0,7,1,even,13,,even_char; semisimple,defect_a_even_char,BLUEPRINT A.7.1 even q-grid x n-grid
EV-033,16,2,4,7,0,7,1,even,14,,even_char; semisimple,defect_a_even_char,BLUEPRINT A.7.1 even q-grid x n-grid
EV-034,16,2,4,9,0,9,1,even,0,,even_char; semisimple,defect_a_even_char,BLUEPRINT A.7.1 even q-grid x n-grid
EV-034,16,2,4,9,0,9,1,even,1,,even_char; semisimple,defect_a_even_char,BLUEPRINT A.7.1 even q-grid x n-grid
EV-034,16,2,4,9,0,9,1,even,2,,even_char; semisimple,defect_a_even_char,BLUEPRINT A.7.1 even q-grid x n-grid
EV-034,16,2,4,9,0,9,1,even,3,,even_char; semisimple,defect_a_even_char,BLUEPRINT A.7.1 even q-grid x n-grid
EV-034,16,2,4,9,0,9,1,even,4,,even_char; semisimple,defect_a_even_char,BLUEPRINT A.7.1 even q-grid x n-grid
EV-034,16,2,4,9,0,9,1,even,5,,even_char; semisimple,defect_a_even_char,BLUEPRINT A.7.1 even q-grid x n-grid
EV-034,16,2,4,9,0,9,1,even,6,,even_char; semisimple,defect_a_even_char,BLUEPRINT A.7.1 even q-grid x n-grid
EV-034,16,2,4,9,0,9,1,even,7,,even_char; semisimple,defect_a_even_char,BLUEPRINT A.7.1 even q-grid x n-grid
EV-034,16,2,4,9,0,9,1,even,8,,even_char; semisimple,defect_a_even_char,BLUEPRINT A.7.1 even q-grid x n-grid
EV-034,16,2,4,9,0,9,1,even,9,,even_char; semisimple,defect_a_even_char,BLUEPRINT A.7.1 even q-grid x n-grid
EV-034,16,2,4,9,0,9,1,even,10,,even_char; semisimple,defect_a_even_char,BLUEPRINT A.7.1 even q-grid x n-grid
EV-034,16,2,4,9,0,9,1,even,11,,even_char; semisimple,defect_a_even_char,BLUEPRINT A.7.1 even q-grid x n-grid
EV-034,16,2,4,9,0,9,1,even,12,,even_char; semisimple,defect_a_even_char,BLUEPRINT A.7.1 even q-grid x n-grid
EV-034,16,2,4,9,0,9,1,even,13,,even_char; semisimple,defect_a_even_char,BLUEPRINT A.7.1 even q-grid x n-grid
EV-034,16,2,4,9,0,9,1,even,14,,even_char; semisimple,defect_a_even_char,BLUEPRINT A.7.1 even q-grid x n-grid
EV-035,16,2,4,15,0,15,1,even,0,,even_char; semisimple,defect_a_even_char,BLUEPRINT A.7.1 even q-grid x n-grid
EV-035,16,2,4,15,0,15,1,even,1,,even_char; semisimple,defect_a_even_char,BLUEPRINT A.7.1 even q-grid x n-grid
EV-035,16,2,4,15,0,15,1,even,2,,even_char; semisimple,defect_a_even_char,BLUEPRINT A.7.1 even q-grid x n-grid
EV-035,16,2,4,15,0,15,1,even,3,,even_char; semisimple,defect_a_even_char,BLUEPRINT A.7.1 even q-grid x n-grid
EV-035,16,2,4,15,0,15,1,even,4,,even_char; semisimple,defect_a_even_char,BLUEPRINT A.7.1 even q-grid x n-grid
EV-035,16,2,4,15,0,15,1,even,5,,even_char; semisimple,defect_a_even_char,BLUEPRINT A.7.1 even q-grid x n-grid
EV-035,16,2,4,15,0,15,1,even,6,,even_char; semisimple,defect_a_even_char,BLUEPRINT A.7.1 even q-grid x n-grid
EV-035,16,2,4,15,0,15,1,even,7,,even_char; semisimple,defect_a_even_char,BLUEPRINT A.7.1 even q-grid x n-grid
EV-035,16,2,4,15,0,15,1,even,8,,even_char; semisimple,defect_a_even_char,BLUEPRINT A.7.1 even q-grid x n-grid
EV-035,16,2,4,15,0,15,1,even,9,,even_char; semisimple,defect_a_even_char,BLUEPRINT A.7.1 even q-grid x n-grid
EV-035,16,2,4,15,0,15,1,even,10,,even_char; semisimple,defect_a_even_char,BLUEPRINT A.7.1 even q-grid x n-grid
EV-035,16,2,4,15,0,15,1,even,11,,even_char; semisimple,defect_a_even_char,BLUEPRINT A.7.1 even q-grid x n-grid
EV-035,16,2,4,15,0,15,1,even,12,,even_char; semisimple,defect_a_even_char,BLUEPRINT A.7.1 even q-grid x n-grid
EV-035,16,2,4,15,0,15,1,even,13,,even_char; semisimple,defect_a_even_char,BLUEPRINT A.7.1 even q-grid x n-grid
EV-035,16,2,4,15,0,15,1,even,14,,even_char; semisimple,defect_a_even_char,BLUEPRINT A.7.1 even q-grid x n-grid
EV-036,16,2,4,17,0,17,1,even,0,,even_char; semisimple,defect_a_even_char,BLUEPRINT A.7.1 even q-grid x n-grid
EV-036,16,2,4,17,0,17,1,even,1,,even_char; semisimple,defect_a_even_char,BLUEPRINT A.7.1 even q-grid x n-grid
EV-036,16,2,4,17,0,17,1,even,2,,even_char; semisimple,defect_a_even_char,BLUEPRINT A.7.1 even q-grid x n-grid
EV-036,16,2,4,17,0,17,1,even,3,,even_char; semisimple,defect_a_even_char,BLUEPRINT A.7.1 even q-grid x n-grid
EV-036,16,2,4,17,0,17,1,even,4,,even_char; semisimple,defect_a_even_char,BLUEPRINT A.7.1 even q-grid x n-grid
EV-036,16,2,4,17,0,17,1,even,5,,even_char; semisimple,defect_a_even_char,BLUEPRINT A.7.1 even q-grid x n-grid
EV-036,16,2,4,17,0,17,1,even,6,,even_char; semisimple,defect_a_even_char,BLUEPRINT A.7.1 even q-grid x n-grid
EV-036,16,2,4,17,0,17,1,even,7,,even_char; semisimple,defect_a_even_char,BLUEPRINT A.7.1 even q-grid x n-grid
EV-036,16,2,4,17,0,17,1,even,8,,even_char; semisimple,defect_a_even_char,BLUEPRINT A.7.1 even q-grid x n-grid
EV-036,16,2,4,17,0,17,1,even,9,,even_char; semisimple,defect_a_even_char,BLUEPRINT A.7.1 even q-grid x n-grid
EV-036,16,2,4,17,0,17,1,even,10,,even_char; semisimple,defect_a_even_char,BLUEPRINT A.7.1 even q-grid x n-grid
EV-036,16,2,4,17,0,17,1,even,11,,even_char; semisimple,defect_a_even_char,BLUEPRINT A.7.1 even q-grid x n-grid
EV-036,16,2,4,17,0,17,1,even,12,,even_char; semisimple,defect_a_even_char,BLUEPRINT A.7.1 even q-grid x n-grid
EV-036,16,2,4,17,0,17,1,even,13,,even_char; semisimple,defect_a_even_char,BLUEPRINT A.7.1 even q-grid x n-grid
EV-036,16,2,4,17,0,17,1,even,14,,even_char; semisimple,defect_a_even_char,BLUEPRINT A.7.1 even q-grid x n-grid
EV-037,16,2,4,21,0,21,1,even,0,,even_char; semisimple,defect_a_even_char,BLUEPRINT A.7.1 even q-grid x n-grid
EV-037,16,2,4,21,0,21,1,even,1,,even_char; semisimple,defect_a_even_char,BLUEPRINT A.7.1 even q-grid x n-grid
EV-037,16,2,4,21,0,21,1,even,2,,even_char; semisimple,defect_a_even_char,BLUEPRINT A.7.1 even q-grid x n-grid
EV-037,16,2,4,21,0,21,1,even,3,,even_char; semisimple,defect_a_even_char,BLUEPRINT A.7.1 even q-grid x n-grid
EV-037,16,2,4,21,0,21,1,even,4,,even_char; semisimple,defect_a_even_char,BLUEPRINT A.7.1 even q-grid x n-grid
EV-037,16,2,4,21,0,21,1,even,5,,even_char; semisimple,defect_a_even_char,BLUEPRINT A.7.1 even q-grid x n-grid
EV-037,16,2,4,21,0,21,1,even,6,,even_char; semisimple,defect_a_even_char,BLUEPRINT A.7.1 even q-grid x n-grid
EV-037,16,2,4,21,0,21,1,even,7,,even_char; semisimple,defect_a_even_char,BLUEPRINT A.7.1 even q-grid x n-grid
EV-037,16,2,4,21,0,21,1,even,8,,even_char; semisimple,defect_a_even_char,BLUEPRINT A.7.1 even q-grid x n-grid
EV-037,16,2,4,21,0,21,1,even,9,,even_char; semisimple,defect_a_even_char,BLUEPRINT A.7.1 even q-grid x n-grid
EV-037,16,2,4,21,0,21,1,even,10,,even_char; semisimple,defect_a_even_char,BLUEPRINT A.7.1 even q-grid x n-grid
EV-037,16,2,4,21,0,21,1,even,11,,even_char; semisimple,defect_a_even_char,BLUEPRINT A.7.1 even q-grid x n-grid
EV-037,16,2,4,21,0,21,1,even,12,,even_char; semisimple,defect_a_even_char,BLUEPRINT A.7.1 even q-grid x n-grid
EV-037,16,2,4,21,0,21,1,even,13,,even_char; semisimple,defect_a_even_char,BLUEPRINT A.7.1 even q-grid x n-grid
EV-037,16,2,4,21,0,21,1,even,14,,even_char; semisimple,defect_a_even_char,BLUEPRINT A.7.1 even q-grid x n-grid
EV-038,16,2,4,25,0,25,1,even,0,,even_char; semisimple,defect_a_even_char,BLUEPRINT A.7.1 even q-grid x n-grid
EV-038,16,2,4,25,0,25,1,even,1,,even_char; semisimple,defect_a_even_char,BLUEPRINT A.7.1 even q-grid x n-grid
EV-038,16,2,4,25,0,25,1,even,2,,even_char; semisimple,defect_a_even_char,BLUEPRINT A.7.1 even q-grid x n-grid
EV-038,16,2,4,25,0,25,1,even,3,,even_char; semisimple,defect_a_even_char,BLUEPRINT A.7.1 even q-grid x n-grid
EV-038,16,2,4,25,0,25,1,even,4,,even_char; semisimple,defect_a_even_char,BLUEPRINT A.7.1 even q-grid x n-grid
EV-038,16,2,4,25,0,25,1,even,5,,even_char; semisimple,defect_a_even_char,BLUEPRINT A.7.1 even q-grid x n-grid
EV-038,16,2,4,25,0,25,1,even,6,,even_char; semisimple,defect_a_even_char,BLUEPRINT A.7.1 even q-grid x n-grid
EV-038,16,2,4,25,0,25,1,even,7,,even_char; semisimple,defect_a_even_char,BLUEPRINT A.7.1 even q-grid x n-grid
EV-038,16,2,4,25,0,25,1,even,8,,even_char; semisimple,defect_a_even_char,BLUEPRINT A.7.1 even q-grid x n-grid
EV-038,16,2,4,25,0,25,1,even,9,,even_char; semisimple,defect_a_even_char,BLUEPRINT A.7.1 even q-grid x n-grid
EV-038,16,2,4,25,0,25,1,even,10,,even_char; semisimple,defect_a_even_char,BLUEPRINT A.7.1 even q-grid x n-grid
EV-038,16,2,4,25,0,25,1,even,11,,even_char; semisimple,defect_a_even_char,BLUEPRINT A.7.1 even q-grid x n-grid
EV-038,16,2,4,25,0,25,1,even,12,,even_char; semisimple,defect_a_even_char,BLUEPRINT A.7.1 even q-grid x n-grid
EV-038,16,2,4,25,0,25,1,even,13,,even_char; semisimple,defect_a_even_char,BLUEPRINT A.7.1 even q-grid x n-grid
EV-038,16,2,4,25,0,25,1,even,14,,even_char; semisimple,defect_a_even_char,BLUEPRINT A.7.1 even q-grid x n-grid
EV-039,16,2,4,31,0,31,1,even,0,,even_char; semisimple,defect_a_even_char,BLUEPRINT A.7.1 even q-grid x n-grid
EV-039,16,2,4,31,0,31,1,even,1,,even_char; semisimple,defect_a_even_char,BLUEPRINT A.7.1 even q-grid x n-grid
EV-039,16,2,4,31,0,31,1,even,2,,even_char; semisimple,defect_a_even_char,BLUEPRINT A.7.1 even q-grid x n-grid
EV-039,16,2,4,31,0,31,1,even,3,,even_char; semisimple,defect_a_even_char,BLUEPRINT A.7.1 even q-grid x n-grid
EV-039,16,2,4,31,0,31,1,even,4,,even_char; semisimple,defect_a_even_char,BLUEPRINT A.7.1 even q-grid x n-grid
EV-039,16,2,4,31,0,31,1,even,5,,even_char; semisimple,defect_a_even_char,BLUEPRINT A.7.1 even q-grid x n-grid
EV-039,16,2,4,31,0,31,1,even,6,,even_char; semisimple,defect_a_even_char,BLUEPRINT A.7.1 even q-grid x n-grid
EV-039,16,2,4,31,0,31,1,even,7,,even_char; semisimple,defect_a_even_char,BLUEPRINT A.7.1 even q-grid x n-grid
EV-039,16,2,4,31,0,31,1,even,8,,even_char; semisimple,defect_a_even_char,BLUEPRINT A.7.1 even q-grid x n-grid
EV-039,16,2,4,31,0,31,1,even,9,,even_char; semisimple,defect_a_even_char,BLUEPRINT A.7.1 even q-grid x n-grid
EV-039,16,2,4,31,0,31,1,even,10,,even_char; semisimple,defect_a_even_char,BLUEPRINT A.7.1 even q-grid x n-grid
EV-039,16,2,4,31,0,31,1,even,11,,even_char; semisimple,defect_a_even_char,BLUEPRINT A.7.1 even q-grid x n-grid
EV-039,16,2,4,31,0,31,1,even,12,,even_char; semisimple,defect_a_even_char,BLUEPRINT A.7.1 even q-grid x n-grid
EV-039,16,2,4,31,0,31,1,even,13,,even_char; semisimple,defect_a_even_char,BLUEPRINT A.7.1 even q-grid x n-grid
EV-039,16,2,4,31,0,31,1,even,14,,even_char; semisimple,defect_a_even_char,BLUEPRINT A.7.1 even q-grid x n-grid
EV-040,16,2,4,35,0,35,1,even,0,,even_char; semisimple,defect_a_even_char,BLUEPRINT A.7.1 even q-grid x n-grid
EV-040,16,2,4,35,0,35,1,even,1,,even_char; semisimple,defect_a_even_char,BLUEPRINT A.7.1 even q-grid x n-grid
EV-040,16,2,4,35,0,35,1,even,2,,even_char; semisimple,defect_a_even_char,BLUEPRINT A.7.1 even q-grid x n-grid
EV-040,16,2,4,35,0,35,1,even,3,,even_char; semisimple,defect_a_even_char,BLUEPRINT A.7.1 even q-grid x n-grid
EV-040,16,2,4,35,0,35,1,even,4,,even_char; semisimple,defect_a_even_char,BLUEPRINT A.7.1 even q-grid x n-grid
EV-040,16,2,4,35,0,35,1,even,5,,even_char; semisimple,defect_a_even_char,BLUEPRINT A.7.1 even q-grid x n-grid
EV-040,16,2,4,35,0,35,1,even,6,,even_char; semisimple,defect_a_even_char,BLUEPRINT A.7.1 even q-grid x n-grid
EV-040,16,2,4,35,0,35,1,even,7,,even_char; semisimple,defect_a_even_char,BLUEPRINT A.7.1 even q-grid x n-grid
EV-040,16,2,4,35,0,35,1,even,8,,even_char; semisimple,defect_a_even_char,BLUEPRINT A.7.1 even q-grid x n-grid
EV-040,16,2,4,35,0,35,1,even,9,,even_char; semisimple,defect_a_even_char,BLUEPRINT A.7.1 even q-grid x n-grid
EV-040,16,2,4,35,0,35,1,even,10,,even_char; semisimple,defect_a_even_char,BLUEPRINT A.7.1 even q-grid x n-grid
EV-040,16,2,4,35,0,35,1,even,11,,even_char; semisimple,defect_a_even_char,BLUEPRINT A.7.1 even q-grid x n-grid
EV-040,16,2,4,35,0,35,1,even,12,,even_char; semisimple,defect_a_even_char,BLUEPRINT A.7.1 even q-grid x n-grid
EV-040,16,2,4,35,0,35,1,even,13,,even_char; semisimple,defect_a_even_char,BLUEPRINT A.7.1 even q-grid x n-grid
EV-040,16,2,4,35,0,35,1,even,14,,even_char; semisimple,defect_a_even_char,BLUEPRINT A.7.1 even q-grid x n-grid
EV-041,32,2,5,3,0,3,1,even,0,,even_char; semisimple,defect_a_even_char,BLUEPRINT A.7.1 even q-grid x n-grid
EV-041,32,2,5,3,0,3,1,even,1,,even_char; semisimple,defect_a_even_char,BLUEPRINT A.7.1 even q-grid x n-grid
EV-041,32,2,5,3,0,3,1,even,2,,even_char; semisimple,defect_a_even_char,BLUEPRINT A.7.1 even q-grid x n-grid
EV-041,32,2,5,3,0,3,1,even,3,,even_char; semisimple,defect_a_even_char,BLUEPRINT A.7.1 even q-grid x n-grid
EV-041,32,2,5,3,0,3,1,even,4,,even_char; semisimple,defect_a_even_char,BLUEPRINT A.7.1 even q-grid x n-grid
EV-041,32,2,5,3,0,3,1,even,5,,even_char; semisimple,defect_a_even_char,BLUEPRINT A.7.1 even q-grid x n-grid
EV-041,32,2,5,3,0,3,1,even,6,,even_char; semisimple,defect_a_even_char,BLUEPRINT A.7.1 even q-grid x n-grid
EV-041,32,2,5,3,0,3,1,even,7,,even_char; semisimple,defect_a_even_char,BLUEPRINT A.7.1 even q-grid x n-grid
EV-041,32,2,5,3,0,3,1,even,8,,even_char; semisimple,defect_a_even_char,BLUEPRINT A.7.1 even q-grid x n-grid
EV-041,32,2,5,3,0,3,1,even,9,,even_char; semisimple,defect_a_even_char,BLUEPRINT A.7.1 even q-grid x n-grid
EV-041,32,2,5,3,0,3,1,even,10,,even_char; semisimple,defect_a_even_char,BLUEPRINT A.7.1 even q-grid x n-grid
EV-041,32,2,5,3,0,3,1,even,11,,even_char; semisimple,defect_a_even_char,BLUEPRINT A.7.1 even q-grid x n-grid
EV-041,32,2,5,3,0,3,1,even,12,,even_char; semisimple,defect_a_even_char,BLUEPRINT A.7.1 even q-grid x n-grid
EV-041,32,2,5,3,0,3,1,even,13,,even_char; semisimple,defect_a_even_char,BLUEPRINT A.7.1 even q-grid x n-grid
EV-041,32,2,5,3,0,3,1,even,14,,even_char; semisimple,defect_a_even_char,BLUEPRINT A.7.1 even q-grid x n-grid
EV-041,32,2,5,3,0,3,1,even,15,,even_char; semisimple,defect_a_even_char,BLUEPRINT A.7.1 even q-grid x n-grid
EV-041,32,2,5,3,0,3,1,even,16,,even_char; semisimple,defect_a_even_char,BLUEPRINT A.7.1 even q-grid x n-grid
EV-041,32,2,5,3,0,3,1,even,17,,even_char; semisimple,defect_a_even_char,BLUEPRINT A.7.1 even q-grid x n-grid
EV-041,32,2,5,3,0,3,1,even,18,,even_char; semisimple,defect_a_even_char,BLUEPRINT A.7.1 even q-grid x n-grid
EV-041,32,2,5,3,0,3,1,even,19,,even_char; semisimple,defect_a_even_char,BLUEPRINT A.7.1 even q-grid x n-grid
EV-041,32,2,5,3,0,3,1,even,20,,even_char; semisimple,defect_a_even_char,BLUEPRINT A.7.1 even q-grid x n-grid
EV-041,32,2,5,3,0,3,1,even,21,,even_char; semisimple,defect_a_even_char,BLUEPRINT A.7.1 even q-grid x n-grid
EV-041,32,2,5,3,0,3,1,even,22,,even_char; semisimple,defect_a_even_char,BLUEPRINT A.7.1 even q-grid x n-grid
EV-041,32,2,5,3,0,3,1,even,23,,even_char; semisimple,defect_a_even_char,BLUEPRINT A.7.1 even q-grid x n-grid
EV-041,32,2,5,3,0,3,1,even,24,,even_char; semisimple,defect_a_even_char,BLUEPRINT A.7.1 even q-grid x n-grid
EV-041,32,2,5,3,0,3,1,even,25,,even_char; semisimple,defect_a_even_char,BLUEPRINT A.7.1 even q-grid x n-grid
EV-041,32,2,5,3,0,3,1,even,26,,even_char; semisimple,defect_a_even_char,BLUEPRINT A.7.1 even q-grid x n-grid
EV-041,32,2,5,3,0,3,1,even,27,,even_char; semisimple,defect_a_even_char,BLUEPRINT A.7.1 even q-grid x n-grid
EV-041,32,2,5,3,0,3,1,even,28,,even_char; semisimple,defect_a_even_char,BLUEPRINT A.7.1 even q-grid x n-grid
EV-041,32,2,5,3,0,3,1,even,29,,even_char; semisimple,defect_a_even_char,BLUEPRINT A.7.1 even q-grid x n-grid
EV-041,32,2,5,3,0,3,1,even,30,,even_char; semisimple,defect_a_even_char,BLUEPRINT A.7.1 even q-grid x n-grid
EV-042,32,2,5,5,0,5,1,even,0,,even_char; semisimple,defect_a_even_char,BLUEPRINT A.7.1 even q-grid x n-grid
EV-042,32,2,5,5,0,5,1,even,1,,even_char; semisimple,defect_a_even_char,BLUEPRINT A.7.1 even q-grid x n-grid
EV-042,32,2,5,5,0,5,1,even,2,,even_char; semisimple,defect_a_even_char,BLUEPRINT A.7.1 even q-grid x n-grid
EV-042,32,2,5,5,0,5,1,even,3,,even_char; semisimple,defect_a_even_char,BLUEPRINT A.7.1 even q-grid x n-grid
EV-042,32,2,5,5,0,5,1,even,4,,even_char; semisimple,defect_a_even_char,BLUEPRINT A.7.1 even q-grid x n-grid
EV-042,32,2,5,5,0,5,1,even,5,,even_char; semisimple,defect_a_even_char,BLUEPRINT A.7.1 even q-grid x n-grid
EV-042,32,2,5,5,0,5,1,even,6,,even_char; semisimple,defect_a_even_char,BLUEPRINT A.7.1 even q-grid x n-grid
EV-042,32,2,5,5,0,5,1,even,7,,even_char; semisimple,defect_a_even_char,BLUEPRINT A.7.1 even q-grid x n-grid
EV-042,32,2,5,5,0,5,1,even,8,,even_char; semisimple,defect_a_even_char,BLUEPRINT A.7.1 even q-grid x n-grid
EV-042,32,2,5,5,0,5,1,even,9,,even_char; semisimple,defect_a_even_char,BLUEPRINT A.7.1 even q-grid x n-grid
EV-042,32,2,5,5,0,5,1,even,10,,even_char; semisimple,defect_a_even_char,BLUEPRINT A.7.1 even q-grid x n-grid
EV-042,32,2,5,5,0,5,1,even,11,,even_char; semisimple,defect_a_even_char,BLUEPRINT A.7.1 even q-grid x n-grid
EV-042,32,2,5,5,0,5,1,even,12,,even_char; semisimple,defect_a_even_char,BLUEPRINT A.7.1 even q-grid x n-grid
EV-042,32,2,5,5,0,5,1,even,13,,even_char; semisimple,defect_a_even_char,BLUEPRINT A.7.1 even q-grid x n-grid
EV-042,32,2,5,5,0,5,1,even,14,,even_char; semisimple,defect_a_even_char,BLUEPRINT A.7.1 even q-grid x n-grid
EV-042,32,2,5,5,0,5,1,even,15,,even_char; semisimple,defect_a_even_char,BLUEPRINT A.7.1 even q-grid x n-grid
EV-042,32,2,5,5,0,5,1,even,16,,even_char; semisimple,defect_a_even_char,BLUEPRINT A.7.1 even q-grid x n-grid
EV-042,32,2,5,5,0,5,1,even,17,,even_char; semisimple,defect_a_even_char,BLUEPRINT A.7.1 even q-grid x n-grid
EV-042,32,2,5,5,0,5,1,even,18,,even_char; semisimple,defect_a_even_char,BLUEPRINT A.7.1 even q-grid x n-grid
EV-042,32,2,5,5,0,5,1,even,19,,even_char; semisimple,defect_a_even_char,BLUEPRINT A.7.1 even q-grid x n-grid
EV-042,32,2,5,5,0,5,1,even,20,,even_char; semisimple,defect_a_even_char,BLUEPRINT A.7.1 even q-grid x n-grid
EV-042,32,2,5,5,0,5,1,even,21,,even_char; semisimple,defect_a_even_char,BLUEPRINT A.7.1 even q-grid x n-grid
EV-042,32,2,5,5,0,5,1,even,22,,even_char; semisimple,defect_a_even_char,BLUEPRINT A.7.1 even q-grid x n-grid
EV-042,32,2,5,5,0,5,1,even,23,,even_char; semisimple,defect_a_even_char,BLUEPRINT A.7.1 even q-grid x n-grid
EV-042,32,2,5,5,0,5,1,even,24,,even_char; semisimple,defect_a_even_char,BLUEPRINT A.7.1 even q-grid x n-grid
EV-042,32,2,5,5,0,5,1,even,25,,even_char; semisimple,defect_a_even_char,BLUEPRINT A.7.1 even q-grid x n-grid
EV-042,32,2,5,5,0,5,1,even,26,,even_char; semisimple,defect_a_even_char,BLUEPRINT A.7.1 even q-grid x n-grid
EV-042,32,2,5,5,0,5,1,even,27,,even_char; semisimple,defect_a_even_char,BLUEPRINT A.7.1 even q-grid x n-grid
EV-042,32,2,5,5,0,5,1,even,28,,even_char; semisimple,defect_a_even_char,BLUEPRINT A.7.1 even q-grid x n-grid
EV-042,32,2,5,5,0,5,1,even,29,,even_char; semisimple,defect_a_even_char,BLUEPRINT A.7.1 even q-grid x n-grid
EV-042,32,2,5,5,0,5,1,even,30,,even_char; semisimple,defect_a_even_char,BLUEPRINT A.7.1 even q-grid x n-grid
EV-043,32,2,5,7,0,7,1,even,0,,even_char; semisimple,defect_a_even_char,BLUEPRINT A.7.1 even q-grid x n-grid
EV-043,32,2,5,7,0,7,1,even,1,,even_char; semisimple,defect_a_even_char,BLUEPRINT A.7.1 even q-grid x n-grid
EV-043,32,2,5,7,0,7,1,even,2,,even_char; semisimple,defect_a_even_char,BLUEPRINT A.7.1 even q-grid x n-grid
EV-043,32,2,5,7,0,7,1,even,3,,even_char; semisimple,defect_a_even_char,BLUEPRINT A.7.1 even q-grid x n-grid
EV-043,32,2,5,7,0,7,1,even,4,,even_char; semisimple,defect_a_even_char,BLUEPRINT A.7.1 even q-grid x n-grid
EV-043,32,2,5,7,0,7,1,even,5,,even_char; semisimple,defect_a_even_char,BLUEPRINT A.7.1 even q-grid x n-grid
EV-043,32,2,5,7,0,7,1,even,6,,even_char; semisimple,defect_a_even_char,BLUEPRINT A.7.1 even q-grid x n-grid
EV-043,32,2,5,7,0,7,1,even,7,,even_char; semisimple,defect_a_even_char,BLUEPRINT A.7.1 even q-grid x n-grid
EV-043,32,2,5,7,0,7,1,even,8,,even_char; semisimple,defect_a_even_char,BLUEPRINT A.7.1 even q-grid x n-grid
EV-043,32,2,5,7,0,7,1,even,9,,even_char; semisimple,defect_a_even_char,BLUEPRINT A.7.1 even q-grid x n-grid
EV-043,32,2,5,7,0,7,1,even,10,,even_char; semisimple,defect_a_even_char,BLUEPRINT A.7.1 even q-grid x n-grid
EV-043,32,2,5,7,0,7,1,even,11,,even_char; semisimple,defect_a_even_char,BLUEPRINT A.7.1 even q-grid x n-grid
EV-043,32,2,5,7,0,7,1,even,12,,even_char; semisimple,defect_a_even_char,BLUEPRINT A.7.1 even q-grid x n-grid
EV-043,32,2,5,7,0,7,1,even,13,,even_char; semisimple,defect_a_even_char,BLUEPRINT A.7.1 even q-grid x n-grid
EV-043,32,2,5,7,0,7,1,even,14,,even_char; semisimple,defect_a_even_char,BLUEPRINT A.7.1 even q-grid x n-grid
EV-043,32,2,5,7,0,7,1,even,15,,even_char; semisimple,defect_a_even_char,BLUEPRINT A.7.1 even q-grid x n-grid
EV-043,32,2,5,7,0,7,1,even,16,,even_char; semisimple,defect_a_even_char,BLUEPRINT A.7.1 even q-grid x n-grid
EV-043,32,2,5,7,0,7,1,even,17,,even_char; semisimple,defect_a_even_char,BLUEPRINT A.7.1 even q-grid x n-grid
EV-043,32,2,5,7,0,7,1,even,18,,even_char; semisimple,defect_a_even_char,BLUEPRINT A.7.1 even q-grid x n-grid
EV-043,32,2,5,7,0,7,1,even,19,,even_char; semisimple,defect_a_even_char,BLUEPRINT A.7.1 even q-grid x n-grid
EV-043,32,2,5,7,0,7,1,even,20,,even_char; semisimple,defect_a_even_char,BLUEPRINT A.7.1 even q-grid x n-grid
EV-043,32,2,5,7,0,7,1,even,21,,even_char; semisimple,defect_a_even_char,BLUEPRINT A.7.1 even q-grid x n-grid
EV-043,32,2,5,7,0,7,1,even,22,,even_char; semisimple,defect_a_even_char,BLUEPRINT A.7.1 even q-grid x n-grid
EV-043,32,2,5,7,0,7,1,even,23,,even_char; semisimple,defect_a_even_char,BLUEPRINT A.7.1 even q-grid x n-grid
EV-043,32,2,5,7,0,7,1,even,24,,even_char; semisimple,defect_a_even_char,BLUEPRINT A.7.1 even q-grid x n-grid
EV-043,32,2,5,7,0,7,1,even,25,,even_char; semisimple,defect_a_even_char,BLUEPRINT A.7.1 even q-grid x n-grid
EV-043,32,2,5,7,0,7,1,even,26,,even_char; semisimple,defect_a_even_char,BLUEPRINT A.7.1 even q-grid x n-grid
EV-043,32,2,5,7,0,7,1,even,27,,even_char; semisimple,defect_a_even_char,BLUEPRINT A.7.1 even q-grid x n-grid
EV-043,32,2,5,7,0,7,1,even,28,,even_char; semisimple,defect_a_even_char,BLUEPRINT A.7.1 even q-grid x n-grid
EV-043,32,2,5,7,0,7,1,even,29,,even_char; semisimple,defect_a_even_char,BLUEPRINT A.7.1 even q-grid x n-grid
EV-043,32,2,5,7,0,7,1,even,30,,even_char; semisimple,defect_a_even_char,BLUEPRINT A.7.1 even q-grid x n-grid
EV-044,32,2,5,9,0,9,1,even,0,,even_char; semisimple,defect_a_even_char,BLUEPRINT A.7.1 even q-grid x n-grid
EV-044,32,2,5,9,0,9,1,even,1,,even_char; semisimple,defect_a_even_char,BLUEPRINT A.7.1 even q-grid x n-grid
EV-044,32,2,5,9,0,9,1,even,2,,even_char; semisimple,defect_a_even_char,BLUEPRINT A.7.1 even q-grid x n-grid
EV-044,32,2,5,9,0,9,1,even,3,,even_char; semisimple,defect_a_even_char,BLUEPRINT A.7.1 even q-grid x n-grid
EV-044,32,2,5,9,0,9,1,even,4,,even_char; semisimple,defect_a_even_char,BLUEPRINT A.7.1 even q-grid x n-grid
EV-044,32,2,5,9,0,9,1,even,5,,even_char; semisimple,defect_a_even_char,BLUEPRINT A.7.1 even q-grid x n-grid
EV-044,32,2,5,9,0,9,1,even,6,,even_char; semisimple,defect_a_even_char,BLUEPRINT A.7.1 even q-grid x n-grid
EV-044,32,2,5,9,0,9,1,even,7,,even_char; semisimple,defect_a_even_char,BLUEPRINT A.7.1 even q-grid x n-grid
EV-044,32,2,5,9,0,9,1,even,8,,even_char; semisimple,defect_a_even_char,BLUEPRINT A.7.1 even q-grid x n-grid
EV-044,32,2,5,9,0,9,1,even,9,,even_char; semisimple,defect_a_even_char,BLUEPRINT A.7.1 even q-grid x n-grid
EV-044,32,2,5,9,0,9,1,even,10,,even_char; semisimple,defect_a_even_char,BLUEPRINT A.7.1 even q-grid x n-grid
EV-044,32,2,5,9,0,9,1,even,11,,even_char; semisimple,defect_a_even_char,BLUEPRINT A.7.1 even q-grid x n-grid
EV-044,32,2,5,9,0,9,1,even,12,,even_char; semisimple,defect_a_even_char,BLUEPRINT A.7.1 even q-grid x n-grid
EV-044,32,2,5,9,0,9,1,even,13,,even_char; semisimple,defect_a_even_char,BLUEPRINT A.7.1 even q-grid x n-grid
EV-044,32,2,5,9,0,9,1,even,14,,even_char; semisimple,defect_a_even_char,BLUEPRINT A.7.1 even q-grid x n-grid
EV-044,32,2,5,9,0,9,1,even,15,,even_char; semisimple,defect_a_even_char,BLUEPRINT A.7.1 even q-grid x n-grid
EV-044,32,2,5,9,0,9,1,even,16,,even_char; semisimple,defect_a_even_char,BLUEPRINT A.7.1 even q-grid x n-grid
EV-044,32,2,5,9,0,9,1,even,17,,even_char; semisimple,defect_a_even_char,BLUEPRINT A.7.1 even q-grid x n-grid
EV-044,32,2,5,9,0,9,1,even,18,,even_char; semisimple,defect_a_even_char,BLUEPRINT A.7.1 even q-grid x n-grid
EV-044,32,2,5,9,0,9,1,even,19,,even_char; semisimple,defect_a_even_char,BLUEPRINT A.7.1 even q-grid x n-grid
EV-044,32,2,5,9,0,9,1,even,20,,even_char; semisimple,defect_a_even_char,BLUEPRINT A.7.1 even q-grid x n-grid
EV-044,32,2,5,9,0,9,1,even,21,,even_char; semisimple,defect_a_even_char,BLUEPRINT A.7.1 even q-grid x n-grid
EV-044,32,2,5,9,0,9,1,even,22,,even_char; semisimple,defect_a_even_char,BLUEPRINT A.7.1 even q-grid x n-grid
EV-044,32,2,5,9,0,9,1,even,23,,even_char; semisimple,defect_a_even_char,BLUEPRINT A.7.1 even q-grid x n-grid
EV-044,32,2,5,9,0,9,1,even,24,,even_char; semisimple,defect_a_even_char,BLUEPRINT A.7.1 even q-grid x n-grid
EV-044,32,2,5,9,0,9,1,even,25,,even_char; semisimple,defect_a_even_char,BLUEPRINT A.7.1 even q-grid x n-grid
EV-044,32,2,5,9,0,9,1,even,26,,even_char; semisimple,defect_a_even_char,BLUEPRINT A.7.1 even q-grid x n-grid
EV-044,32,2,5,9,0,9,1,even,27,,even_char; semisimple,defect_a_even_char,BLUEPRINT A.7.1 even q-grid x n-grid
EV-044,32,2,5,9,0,9,1,even,28,,even_char; semisimple,defect_a_even_char,BLUEPRINT A.7.1 even q-grid x n-grid
EV-044,32,2,5,9,0,9,1,even,29,,even_char; semisimple,defect_a_even_char,BLUEPRINT A.7.1 even q-grid x n-grid
EV-044,32,2,5,9,0,9,1,even,30,,even_char; semisimple,defect_a_even_char,BLUEPRINT A.7.1 even q-grid x n-grid
EV-045,32,2,5,15,0,15,1,even,0,,even_char; semisimple,defect_a_even_char,BLUEPRINT A.7.1 even q-grid x n-grid
EV-045,32,2,5,15,0,15,1,even,1,,even_char; semisimple,defect_a_even_char,BLUEPRINT A.7.1 even q-grid x n-grid
EV-045,32,2,5,15,0,15,1,even,2,,even_char; semisimple,defect_a_even_char,BLUEPRINT A.7.1 even q-grid x n-grid
EV-045,32,2,5,15,0,15,1,even,3,,even_char; semisimple,defect_a_even_char,BLUEPRINT A.7.1 even q-grid x n-grid
EV-045,32,2,5,15,0,15,1,even,4,,even_char; semisimple,defect_a_even_char,BLUEPRINT A.7.1 even q-grid x n-grid
EV-045,32,2,5,15,0,15,1,even,5,,even_char; semisimple,defect_a_even_char,BLUEPRINT A.7.1 even q-grid x n-grid
EV-045,32,2,5,15,0,15,1,even,6,,even_char; semisimple,defect_a_even_char,BLUEPRINT A.7.1 even q-grid x n-grid
EV-045,32,2,5,15,0,15,1,even,7,,even_char; semisimple,defect_a_even_char,BLUEPRINT A.7.1 even q-grid x n-grid
EV-045,32,2,5,15,0,15,1,even,8,,even_char; semisimple,defect_a_even_char,BLUEPRINT A.7.1 even q-grid x n-grid
EV-045,32,2,5,15,0,15,1,even,9,,even_char; semisimple,defect_a_even_char,BLUEPRINT A.7.1 even q-grid x n-grid
EV-045,32,2,5,15,0,15,1,even,10,,even_char; semisimple,defect_a_even_char,BLUEPRINT A.7.1 even q-grid x n-grid
EV-045,32,2,5,15,0,15,1,even,11,,even_char; semisimple,defect_a_even_char,BLUEPRINT A.7.1 even q-grid x n-grid
EV-045,32,2,5,15,0,15,1,even,12,,even_char; semisimple,defect_a_even_char,BLUEPRINT A.7.1 even q-grid x n-grid
EV-045,32,2,5,15,0,15,1,even,13,,even_char; semisimple,defect_a_even_char,BLUEPRINT A.7.1 even q-grid x n-grid
EV-045,32,2,5,15,0,15,1,even,14,,even_char; semisimple,defect_a_even_char,BLUEPRINT A.7.1 even q-grid x n-grid
EV-045,32,2,5,15,0,15,1,even,15,,even_char; semisimple,defect_a_even_char,BLUEPRINT A.7.1 even q-grid x n-grid
EV-045,32,2,5,15,0,15,1,even,16,,even_char; semisimple,defect_a_even_char,BLUEPRINT A.7.1 even q-grid x n-grid
EV-045,32,2,5,15,0,15,1,even,17,,even_char; semisimple,defect_a_even_char,BLUEPRINT A.7.1 even q-grid x n-grid
EV-045,32,2,5,15,0,15,1,even,18,,even_char; semisimple,defect_a_even_char,BLUEPRINT A.7.1 even q-grid x n-grid
EV-045,32,2,5,15,0,15,1,even,19,,even_char; semisimple,defect_a_even_char,BLUEPRINT A.7.1 even q-grid x n-grid
EV-045,32,2,5,15,0,15,1,even,20,,even_char; semisimple,defect_a_even_char,BLUEPRINT A.7.1 even q-grid x n-grid
EV-045,32,2,5,15,0,15,1,even,21,,even_char; semisimple,defect_a_even_char,BLUEPRINT A.7.1 even q-grid x n-grid
EV-045,32,2,5,15,0,15,1,even,22,,even_char; semisimple,defect_a_even_char,BLUEPRINT A.7.1 even q-grid x n-grid
EV-045,32,2,5,15,0,15,1,even,23,,even_char; semisimple,defect_a_even_char,BLUEPRINT A.7.1 even q-grid x n-grid
EV-045,32,2,5,15,0,15,1,even,24,,even_char; semisimple,defect_a_even_char,BLUEPRINT A.7.1 even q-grid x n-grid
EV-045,32,2,5,15,0,15,1,even,25,,even_char; semisimple,defect_a_even_char,BLUEPRINT A.7.1 even q-grid x n-grid
EV-045,32,2,5,15,0,15,1,even,26,,even_char; semisimple,defect_a_even_char,BLUEPRINT A.7.1 even q-grid x n-grid
EV-045,32,2,5,15,0,15,1,even,27,,even_char; semisimple,defect_a_even_char,BLUEPRINT A.7.1 even q-grid x n-grid
EV-045,32,2,5,15,0,15,1,even,28,,even_char; semisimple,defect_a_even_char,BLUEPRINT A.7.1 even q-grid x n-grid
EV-045,32,2,5,15,0,15,1,even,29,,even_char; semisimple,defect_a_even_char,BLUEPRINT A.7.1 even q-grid x n-grid
EV-045,32,2,5,15,0,15,1,even,30,,even_char; semisimple,defect_a_even_char,BLUEPRINT A.7.1 even q-grid x n-grid
EV-046,32,2,5,17,0,17,1,even,0,,even_char; semisimple,defect_a_even_char,BLUEPRINT A.7.1 even q-grid x n-grid
EV-046,32,2,5,17,0,17,1,even,1,,even_char; semisimple,defect_a_even_char,BLUEPRINT A.7.1 even q-grid x n-grid
EV-046,32,2,5,17,0,17,1,even,2,,even_char; semisimple,defect_a_even_char,BLUEPRINT A.7.1 even q-grid x n-grid
EV-046,32,2,5,17,0,17,1,even,3,,even_char; semisimple,defect_a_even_char,BLUEPRINT A.7.1 even q-grid x n-grid
EV-046,32,2,5,17,0,17,1,even,4,,even_char; semisimple,defect_a_even_char,BLUEPRINT A.7.1 even q-grid x n-grid
EV-046,32,2,5,17,0,17,1,even,5,,even_char; semisimple,defect_a_even_char,BLUEPRINT A.7.1 even q-grid x n-grid
EV-046,32,2,5,17,0,17,1,even,6,,even_char; semisimple,defect_a_even_char,BLUEPRINT A.7.1 even q-grid x n-grid
EV-046,32,2,5,17,0,17,1,even,7,,even_char; semisimple,defect_a_even_char,BLUEPRINT A.7.1 even q-grid x n-grid
EV-046,32,2,5,17,0,17,1,even,8,,even_char; semisimple,defect_a_even_char,BLUEPRINT A.7.1 even q-grid x n-grid
EV-046,32,2,5,17,0,17,1,even,9,,even_char; semisimple,defect_a_even_char,BLUEPRINT A.7.1 even q-grid x n-grid
EV-046,32,2,5,17,0,17,1,even,10,,even_char; semisimple,defect_a_even_char,BLUEPRINT A.7.1 even q-grid x n-grid
EV-046,32,2,5,17,0,17,1,even,11,,even_char; semisimple,defect_a_even_char,BLUEPRINT A.7.1 even q-grid x n-grid
EV-046,32,2,5,17,0,17,1,even,12,,even_char; semisimple,defect_a_even_char,BLUEPRINT A.7.1 even q-grid x n-grid
EV-046,32,2,5,17,0,17,1,even,13,,even_char; semisimple,defect_a_even_char,BLUEPRINT A.7.1 even q-grid x n-grid
EV-046,32,2,5,17,0,17,1,even,14,,even_char; semisimple,defect_a_even_char,BLUEPRINT A.7.1 even q-grid x n-grid
EV-046,32,2,5,17,0,17,1,even,15,,even_char; semisimple,defect_a_even_char,BLUEPRINT A.7.1 even q-grid x n-grid
EV-046,32,2,5,17,0,17,1,even,16,,even_char; semisimple,defect_a_even_char,BLUEPRINT A.7.1 even q-grid x n-grid
EV-046,32,2,5,17,0,17,1,even,17,,even_char; semisimple,defect_a_even_char,BLUEPRINT A.7.1 even q-grid x n-grid
EV-046,32,2,5,17,0,17,1,even,18,,even_char; semisimple,defect_a_even_char,BLUEPRINT A.7.1 even q-grid x n-grid
EV-046,32,2,5,17,0,17,1,even,19,,even_char; semisimple,defect_a_even_char,BLUEPRINT A.7.1 even q-grid x n-grid
EV-046,32,2,5,17,0,17,1,even,20,,even_char; semisimple,defect_a_even_char,BLUEPRINT A.7.1 even q-grid x n-grid
EV-046,32,2,5,17,0,17,1,even,21,,even_char; semisimple,defect_a_even_char,BLUEPRINT A.7.1 even q-grid x n-grid
EV-046,32,2,5,17,0,17,1,even,22,,even_char; semisimple,defect_a_even_char,BLUEPRINT A.7.1 even q-grid x n-grid
EV-046,32,2,5,17,0,17,1,even,23,,even_char; semisimple,defect_a_even_char,BLUEPRINT A.7.1 even q-grid x n-grid
EV-046,32,2,5,17,0,17,1,even,24,,even_char; semisimple,defect_a_even_char,BLUEPRINT A.7.1 even q-grid x n-grid
EV-046,32,2,5,17,0,17,1,even,25,,even_char; semisimple,defect_a_even_char,BLUEPRINT A.7.1 even q-grid x n-grid
EV-046,32,2,5,17,0,17,1,even,26,,even_char; semisimple,defect_a_even_char,BLUEPRINT A.7.1 even q-grid x n-grid
EV-046,32,2,5,17,0,17,1,even,27,,even_char; semisimple,defect_a_even_char,BLUEPRINT A.7.1 even q-grid x n-grid
EV-046,32,2,5,17,0,17,1,even,28,,even_char; semisimple,defect_a_even_char,BLUEPRINT A.7.1 even q-grid x n-grid
EV-046,32,2,5,17,0,17,1,even,29,,even_char; semisimple,defect_a_even_char,BLUEPRINT A.7.1 even q-grid x n-grid
EV-046,32,2,5,17,0,17,1,even,30,,even_char; semisimple,defect_a_even_char,BLUEPRINT A.7.1 even q-grid x n-grid
EV-047,32,2,5,21,0,21,1,even,0,,even_char; semisimple,defect_a_even_char,BLUEPRINT A.7.1 even q-grid x n-grid
EV-047,32,2,5,21,0,21,1,even,1,,even_char; semisimple,defect_a_even_char,BLUEPRINT A.7.1 even q-grid x n-grid
EV-047,32,2,5,21,0,21,1,even,2,,even_char; semisimple,defect_a_even_char,BLUEPRINT A.7.1 even q-grid x n-grid
EV-047,32,2,5,21,0,21,1,even,3,,even_char; semisimple,defect_a_even_char,BLUEPRINT A.7.1 even q-grid x n-grid
EV-047,32,2,5,21,0,21,1,even,4,,even_char; semisimple,defect_a_even_char,BLUEPRINT A.7.1 even q-grid x n-grid
EV-047,32,2,5,21,0,21,1,even,5,,even_char; semisimple,defect_a_even_char,BLUEPRINT A.7.1 even q-grid x n-grid
EV-047,32,2,5,21,0,21,1,even,6,,even_char; semisimple,defect_a_even_char,BLUEPRINT A.7.1 even q-grid x n-grid
EV-047,32,2,5,21,0,21,1,even,7,,even_char; semisimple,defect_a_even_char,BLUEPRINT A.7.1 even q-grid x n-grid
EV-047,32,2,5,21,0,21,1,even,8,,even_char; semisimple,defect_a_even_char,BLUEPRINT A.7.1 even q-grid x n-grid
EV-047,32,2,5,21,0,21,1,even,9,,even_char; semisimple,defect_a_even_char,BLUEPRINT A.7.1 even q-grid x n-grid
EV-047,32,2,5,21,0,21,1,even,10,,even_char; semisimple,defect_a_even_char,BLUEPRINT A.7.1 even q-grid x n-grid
EV-047,32,2,5,21,0,21,1,even,11,,even_char; semisimple,defect_a_even_char,BLUEPRINT A.7.1 even q-grid x n-grid
EV-047,32,2,5,21,0,21,1,even,12,,even_char; semisimple,defect_a_even_char,BLUEPRINT A.7.1 even q-grid x n-grid
EV-047,32,2,5,21,0,21,1,even,13,,even_char; semisimple,defect_a_even_char,BLUEPRINT A.7.1 even q-grid x n-grid
EV-047,32,2,5,21,0,21,1,even,14,,even_char; semisimple,defect_a_even_char,BLUEPRINT A.7.1 even q-grid x n-grid
EV-047,32,2,5,21,0,21,1,even,15,,even_char; semisimple,defect_a_even_char,BLUEPRINT A.7.1 even q-grid x n-grid
EV-047,32,2,5,21,0,21,1,even,16,,even_char; semisimple,defect_a_even_char,BLUEPRINT A.7.1 even q-grid x n-grid
EV-047,32,2,5,21,0,21,1,even,17,,even_char; semisimple,defect_a_even_char,BLUEPRINT A.7.1 even q-grid x n-grid
EV-047,32,2,5,21,0,21,1,even,18,,even_char; semisimple,defect_a_even_char,BLUEPRINT A.7.1 even q-grid x n-grid
EV-047,32,2,5,21,0,21,1,even,19,,even_char; semisimple,defect_a_even_char,BLUEPRINT A.7.1 even q-grid x n-grid
EV-047,32,2,5,21,0,21,1,even,20,,even_char; semisimple,defect_a_even_char,BLUEPRINT A.7.1 even q-grid x n-grid
EV-047,32,2,5,21,0,21,1,even,21,,even_char; semisimple,defect_a_even_char,BLUEPRINT A.7.1 even q-grid x n-grid
EV-047,32,2,5,21,0,21,1,even,22,,even_char; semisimple,defect_a_even_char,BLUEPRINT A.7.1 even q-grid x n-grid
EV-047,32,2,5,21,0,21,1,even,23,,even_char; semisimple,defect_a_even_char,BLUEPRINT A.7.1 even q-grid x n-grid
EV-047,32,2,5,21,0,21,1,even,24,,even_char; semisimple,defect_a_even_char,BLUEPRINT A.7.1 even q-grid x n-grid
EV-047,32,2,5,21,0,21,1,even,25,,even_char; semisimple,defect_a_even_char,BLUEPRINT A.7.1 even q-grid x n-grid
EV-047,32,2,5,21,0,21,1,even,26,,even_char; semisimple,defect_a_even_char,BLUEPRINT A.7.1 even q-grid x n-grid
EV-047,32,2,5,21,0,21,1,even,27,,even_char; semisimple,defect_a_even_char,BLUEPRINT A.7.1 even q-grid x n-grid
EV-047,32,2,5,21,0,21,1,even,28,,even_char; semisimple,defect_a_even_char,BLUEPRINT A.7.1 even q-grid x n-grid
EV-047,32,2,5,21,0,21,1,even,29,,even_char; semisimple,defect_a_even_char,BLUEPRINT A.7.1 even q-grid x n-grid
EV-047,32,2,5,21,0,21,1,even,30,,even_char; semisimple,defect_a_even_char,BLUEPRINT A.7.1 even q-grid x n-grid
EV-048,32,2,5,25,0,25,1,even,0,,even_char; semisimple,defect_a_even_char,BLUEPRINT A.7.1 even q-grid x n-grid
EV-048,32,2,5,25,0,25,1,even,1,,even_char; semisimple,defect_a_even_char,BLUEPRINT A.7.1 even q-grid x n-grid
EV-048,32,2,5,25,0,25,1,even,2,,even_char; semisimple,defect_a_even_char,BLUEPRINT A.7.1 even q-grid x n-grid
EV-048,32,2,5,25,0,25,1,even,3,,even_char; semisimple,defect_a_even_char,BLUEPRINT A.7.1 even q-grid x n-grid
EV-048,32,2,5,25,0,25,1,even,4,,even_char; semisimple,defect_a_even_char,BLUEPRINT A.7.1 even q-grid x n-grid
EV-048,32,2,5,25,0,25,1,even,5,,even_char; semisimple,defect_a_even_char,BLUEPRINT A.7.1 even q-grid x n-grid
EV-048,32,2,5,25,0,25,1,even,6,,even_char; semisimple,defect_a_even_char,BLUEPRINT A.7.1 even q-grid x n-grid
EV-048,32,2,5,25,0,25,1,even,7,,even_char; semisimple,defect_a_even_char,BLUEPRINT A.7.1 even q-grid x n-grid
EV-048,32,2,5,25,0,25,1,even,8,,even_char; semisimple,defect_a_even_char,BLUEPRINT A.7.1 even q-grid x n-grid
EV-048,32,2,5,25,0,25,1,even,9,,even_char; semisimple,defect_a_even_char,BLUEPRINT A.7.1 even q-grid x n-grid
EV-048,32,2,5,25,0,25,1,even,10,,even_char; semisimple,defect_a_even_char,BLUEPRINT A.7.1 even q-grid x n-grid
EV-048,32,2,5,25,0,25,1,even,11,,even_char; semisimple,defect_a_even_char,BLUEPRINT A.7.1 even q-grid x n-grid
EV-048,32,2,5,25,0,25,1,even,12,,even_char; semisimple,defect_a_even_char,BLUEPRINT A.7.1 even q-grid x n-grid
EV-048,32,2,5,25,0,25,1,even,13,,even_char; semisimple,defect_a_even_char,BLUEPRINT A.7.1 even q-grid x n-grid
EV-048,32,2,5,25,0,25,1,even,14,,even_char; semisimple,defect_a_even_char,BLUEPRINT A.7.1 even q-grid x n-grid
EV-048,32,2,5,25,0,25,1,even,15,,even_char; semisimple,defect_a_even_char,BLUEPRINT A.7.1 even q-grid x n-grid
EV-048,32,2,5,25,0,25,1,even,16,,even_char; semisimple,defect_a_even_char,BLUEPRINT A.7.1 even q-grid x n-grid
EV-048,32,2,5,25,0,25,1,even,17,,even_char; semisimple,defect_a_even_char,BLUEPRINT A.7.1 even q-grid x n-grid
EV-048,32,2,5,25,0,25,1,even,18,,even_char; semisimple,defect_a_even_char,BLUEPRINT A.7.1 even q-grid x n-grid
EV-048,32,2,5,25,0,25,1,even,19,,even_char; semisimple,defect_a_even_char,BLUEPRINT A.7.1 even q-grid x n-grid
EV-048,32,2,5,25,0,25,1,even,20,,even_char; semisimple,defect_a_even_char,BLUEPRINT A.7.1 even q-grid x n-grid
EV-048,32,2,5,25,0,25,1,even,21,,even_char; semisimple,defect_a_even_char,BLUEPRINT A.7.1 even q-grid x n-grid
EV-048,32,2,5,25,0,25,1,even,22,,even_char; semisimple,defect_a_even_char,BLUEPRINT A.7.1 even q-grid x n-grid
EV-048,32,2,5,25,0,25,1,even,23,,even_char; semisimple,defect_a_even_char,BLUEPRINT A.7.1 even q-grid x n-grid
EV-048,32,2,5,25,0,25,1,even,24,,even_char; semisimple,defect_a_even_char,BLUEPRINT A.7.1 even q-grid x n-grid
EV-048,32,2,5,25,0,25,1,even,25,,even_char; semisimple,defect_a_even_char,BLUEPRINT A.7.1 even q-grid x n-grid
EV-048,32,2,5,25,0,25,1,even,26,,even_char; semisimple,defect_a_even_char,BLUEPRINT A.7.1 even q-grid x n-grid
EV-048,32,2,5,25,0,25,1,even,27,,even_char; semisimple,defect_a_even_char,BLUEPRINT A.7.1 even q-grid x n-grid
EV-048,32,2,5,25,0,25,1,even,28,,even_char; semisimple,defect_a_even_char,BLUEPRINT A.7.1 even q-grid x n-grid
EV-048,32,2,5,25,0,25,1,even,29,,even_char; semisimple,defect_a_even_char,BLUEPRINT A.7.1 even q-grid x n-grid
EV-048,32,2,5,25,0,25,1,even,30,,even_char; semisimple,defect_a_even_char,BLUEPRINT A.7.1 even q-grid x n-grid
EV-049,32,2,5,31,0,31,1,even,0,,even_char; semisimple,defect_a_even_char,BLUEPRINT A.7.1 even q-grid x n-grid
EV-049,32,2,5,31,0,31,1,even,1,,even_char; semisimple,defect_a_even_char,BLUEPRINT A.7.1 even q-grid x n-grid
EV-049,32,2,5,31,0,31,1,even,2,,even_char; semisimple,defect_a_even_char,BLUEPRINT A.7.1 even q-grid x n-grid
EV-049,32,2,5,31,0,31,1,even,3,,even_char; semisimple,defect_a_even_char,BLUEPRINT A.7.1 even q-grid x n-grid
EV-049,32,2,5,31,0,31,1,even,4,,even_char; semisimple,defect_a_even_char,BLUEPRINT A.7.1 even q-grid x n-grid
EV-049,32,2,5,31,0,31,1,even,5,,even_char; semisimple,defect_a_even_char,BLUEPRINT A.7.1 even q-grid x n-grid
EV-049,32,2,5,31,0,31,1,even,6,,even_char; semisimple,defect_a_even_char,BLUEPRINT A.7.1 even q-grid x n-grid
EV-049,32,2,5,31,0,31,1,even,7,,even_char; semisimple,defect_a_even_char,BLUEPRINT A.7.1 even q-grid x n-grid
EV-049,32,2,5,31,0,31,1,even,8,,even_char; semisimple,defect_a_even_char,BLUEPRINT A.7.1 even q-grid x n-grid
EV-049,32,2,5,31,0,31,1,even,9,,even_char; semisimple,defect_a_even_char,BLUEPRINT A.7.1 even q-grid x n-grid
EV-049,32,2,5,31,0,31,1,even,10,,even_char; semisimple,defect_a_even_char,BLUEPRINT A.7.1 even q-grid x n-grid
EV-049,32,2,5,31,0,31,1,even,11,,even_char; semisimple,defect_a_even_char,BLUEPRINT A.7.1 even q-grid x n-grid
EV-049,32,2,5,31,0,31,1,even,12,,even_char; semisimple,defect_a_even_char,BLUEPRINT A.7.1 even q-grid x n-grid
EV-049,32,2,5,31,0,31,1,even,13,,even_char; semisimple,defect_a_even_char,BLUEPRINT A.7.1 even q-grid x n-grid
EV-049,32,2,5,31,0,31,1,even,14,,even_char; semisimple,defect_a_even_char,BLUEPRINT A.7.1 even q-grid x n-grid
EV-049,32,2,5,31,0,31,1,even,15,,even_char; semisimple,defect_a_even_char,BLUEPRINT A.7.1 even q-grid x n-grid
EV-049,32,2,5,31,0,31,1,even,16,,even_char; semisimple,defect_a_even_char,BLUEPRINT A.7.1 even q-grid x n-grid
EV-049,32,2,5,31,0,31,1,even,17,,even_char; semisimple,defect_a_even_char,BLUEPRINT A.7.1 even q-grid x n-grid
EV-049,32,2,5,31,0,31,1,even,18,,even_char; semisimple,defect_a_even_char,BLUEPRINT A.7.1 even q-grid x n-grid
EV-049,32,2,5,31,0,31,1,even,19,,even_char; semisimple,defect_a_even_char,BLUEPRINT A.7.1 even q-grid x n-grid
EV-049,32,2,5,31,0,31,1,even,20,,even_char; semisimple,defect_a_even_char,BLUEPRINT A.7.1 even q-grid x n-grid
EV-049,32,2,5,31,0,31,1,even,21,,even_char; semisimple,defect_a_even_char,BLUEPRINT A.7.1 even q-grid x n-grid
EV-049,32,2,5,31,0,31,1,even,22,,even_char; semisimple,defect_a_even_char,BLUEPRINT A.7.1 even q-grid x n-grid
EV-049,32,2,5,31,0,31,1,even,23,,even_char; semisimple,defect_a_even_char,BLUEPRINT A.7.1 even q-grid x n-grid
EV-049,32,2,5,31,0,31,1,even,24,,even_char; semisimple,defect_a_even_char,BLUEPRINT A.7.1 even q-grid x n-grid
EV-049,32,2,5,31,0,31,1,even,25,,even_char; semisimple,defect_a_even_char,BLUEPRINT A.7.1 even q-grid x n-grid
EV-049,32,2,5,31,0,31,1,even,26,,even_char; semisimple,defect_a_even_char,BLUEPRINT A.7.1 even q-grid x n-grid
EV-049,32,2,5,31,0,31,1,even,27,,even_char; semisimple,defect_a_even_char,BLUEPRINT A.7.1 even q-grid x n-grid
EV-049,32,2,5,31,0,31,1,even,28,,even_char; semisimple,defect_a_even_char,BLUEPRINT A.7.1 even q-grid x n-grid
EV-049,32,2,5,31,0,31,1,even,29,,even_char; semisimple,defect_a_even_char,BLUEPRINT A.7.1 even q-grid x n-grid
EV-049,32,2,5,31,0,31,1,even,30,,even_char; semisimple,defect_a_even_char,BLUEPRINT A.7.1 even q-grid x n-grid
EV-050,32,2,5,35,0,35,1,even,0,,even_char; semisimple,defect_a_even_char,BLUEPRINT A.7.1 even q-grid x n-grid
EV-050,32,2,5,35,0,35,1,even,1,,even_char; semisimple,defect_a_even_char,BLUEPRINT A.7.1 even q-grid x n-grid
EV-050,32,2,5,35,0,35,1,even,2,,even_char; semisimple,defect_a_even_char,BLUEPRINT A.7.1 even q-grid x n-grid
EV-050,32,2,5,35,0,35,1,even,3,,even_char; semisimple,defect_a_even_char,BLUEPRINT A.7.1 even q-grid x n-grid
EV-050,32,2,5,35,0,35,1,even,4,,even_char; semisimple,defect_a_even_char,BLUEPRINT A.7.1 even q-grid x n-grid
EV-050,32,2,5,35,0,35,1,even,5,,even_char; semisimple,defect_a_even_char,BLUEPRINT A.7.1 even q-grid x n-grid
EV-050,32,2,5,35,0,35,1,even,6,,even_char; semisimple,defect_a_even_char,BLUEPRINT A.7.1 even q-grid x n-grid
EV-050,32,2,5,35,0,35,1,even,7,,even_char; semisimple,defect_a_even_char,BLUEPRINT A.7.1 even q-grid x n-grid
EV-050,32,2,5,35,0,35,1,even,8,,even_char; semisimple,defect_a_even_char,BLUEPRINT A.7.1 even q-grid x n-grid
EV-050,32,2,5,35,0,35,1,even,9,,even_char; semisimple,defect_a_even_char,BLUEPRINT A.7.1 even q-grid x n-grid
EV-050,32,2,5,35,0,35,1,even,10,,even_char; semisimple,defect_a_even_char,BLUEPRINT A.7.1 even q-grid x n-grid
EV-050,32,2,5,35,0,35,1,even,11,,even_char; semisimple,defect_a_even_char,BLUEPRINT A.7.1 even q-grid x n-grid
EV-050,32,2,5,35,0,35,1,even,12,,even_char; semisimple,defect_a_even_char,BLUEPRINT A.7.1 even q-grid x n-grid
EV-050,32,2,5,35,0,35,1,even,13,,even_char; semisimple,defect_a_even_char,BLUEPRINT A.7.1 even q-grid x n-grid
EV-050,32,2,5,35,0,35,1,even,14,,even_char; semisimple,defect_a_even_char,BLUEPRINT A.7.1 even q-grid x n-grid
EV-050,32,2,5,35,0,35,1,even,15,,even_char; semisimple,defect_a_even_char,BLUEPRINT A.7.1 even q-grid x n-grid
EV-050,32,2,5,35,0,35,1,even,16,,even_char; semisimple,defect_a_even_char,BLUEPRINT A.7.1 even q-grid x n-grid
EV-050,32,2,5,35,0,35,1,even,17,,even_char; semisimple,defect_a_even_char,BLUEPRINT A.7.1 even q-grid x n-grid
EV-050,32,2,5,35,0,35,1,even,18,,even_char; semisimple,defect_a_even_char,BLUEPRINT A.7.1 even q-grid x n-grid
EV-050,32,2,5,35,0,35,1,even,19,,even_char; semisimple,defect_a_even_char,BLUEPRINT A.7.1 even q-grid x n-grid
EV-050,32,2,5,35,0,35,1,even,20,,even_char; semisimple,defect_a_even_char,BLUEPRINT A.7.1 even q-grid x n-grid
EV-050,32,2,5,35,0,35,1,even,21,,even_char; semisimple,defect_a_even_char,BLUEPRINT A.7.1 even q-grid x n-grid
EV-050,32,2,5,35,0,35,1,even,22,,even_char; semisimple,defect_a_even_char,BLUEPRINT A.7.1 even q-grid x n-grid
EV-050,32,2,5,35,0,35,1,even,23,,even_char; semisimple,defect_a_even_char,BLUEPRINT A.7.1 even q-grid x n-grid
EV-050,32,2,5,35,0,35,1,even,24,,even_char; semisimple,defect_a_even_char,BLUEPRINT A.7.1 even q-grid x n-grid
EV-050,32,2,5,35,0,35,1,even,25,,even_char; semisimple,defect_a_even_char,BLUEPRINT A.7.1 even q-grid x n-grid
EV-050,32,2,5,35,0,35,1,even,26,,even_char; semisimple,defect_a_even_char,BLUEPRINT A.7.1 even q-grid x n-grid
EV-050,32,2,5,35,0,35,1,even,27,,even_char; semisimple,defect_a_even_char,BLUEPRINT A.7.1 even q-grid x n-grid
EV-050,32,2,5,35,0,35,1,even,28,,even_char; semisimple,defect_a_even_char,BLUEPRINT A.7.1 even q-grid x n-grid
EV-050,32,2,5,35,0,35,1,even,29,,even_char; semisimple,defect_a_even_char,BLUEPRINT A.7.1 even q-grid x n-grid
EV-050,32,2,5,35,0,35,1,even,30,,even_char; semisimple,defect_a_even_char,BLUEPRINT A.7.1 even q-grid x n-grid
EV-051,64,2,6,3,0,3,1,even,0,,even_char; semisimple,defect_a_even_char,BLUEPRINT A.7.1 even q-grid x n-grid
EV-051,64,2,6,3,0,3,1,even,1,,even_char; semisimple,defect_a_even_char,BLUEPRINT A.7.1 even q-grid x n-grid
EV-051,64,2,6,3,0,3,1,even,2,,even_char; semisimple,defect_a_even_char,BLUEPRINT A.7.1 even q-grid x n-grid
EV-051,64,2,6,3,0,3,1,even,3,,even_char; semisimple,defect_a_even_char,BLUEPRINT A.7.1 even q-grid x n-grid
EV-051,64,2,6,3,0,3,1,even,4,,even_char; semisimple,defect_a_even_char,BLUEPRINT A.7.1 even q-grid x n-grid
EV-051,64,2,6,3,0,3,1,even,5,,even_char; semisimple,defect_a_even_char,BLUEPRINT A.7.1 even q-grid x n-grid
EV-051,64,2,6,3,0,3,1,even,6,,even_char; semisimple,defect_a_even_char,BLUEPRINT A.7.1 even q-grid x n-grid
EV-051,64,2,6,3,0,3,1,even,7,,even_char; semisimple,defect_a_even_char,BLUEPRINT A.7.1 even q-grid x n-grid
EV-051,64,2,6,3,0,3,1,even,8,,even_char; semisimple,defect_a_even_char,BLUEPRINT A.7.1 even q-grid x n-grid
EV-051,64,2,6,3,0,3,1,even,9,,even_char; semisimple,defect_a_even_char,BLUEPRINT A.7.1 even q-grid x n-grid
EV-051,64,2,6,3,0,3,1,even,10,,even_char; semisimple,defect_a_even_char,BLUEPRINT A.7.1 even q-grid x n-grid
EV-051,64,2,6,3,0,3,1,even,11,,even_char; semisimple,defect_a_even_char,BLUEPRINT A.7.1 even q-grid x n-grid
EV-051,64,2,6,3,0,3,1,even,12,,even_char; semisimple,defect_a_even_char,BLUEPRINT A.7.1 even q-grid x n-grid
EV-051,64,2,6,3,0,3,1,even,13,,even_char; semisimple,defect_a_even_char,BLUEPRINT A.7.1 even q-grid x n-grid
EV-051,64,2,6,3,0,3,1,even,14,,even_char; semisimple,defect_a_even_char,BLUEPRINT A.7.1 even q-grid x n-grid
EV-051,64,2,6,3,0,3,1,even,15,,even_char; semisimple,defect_a_even_char,BLUEPRINT A.7.1 even q-grid x n-grid
EV-051,64,2,6,3,0,3,1,even,16,,even_char; semisimple,defect_a_even_char,BLUEPRINT A.7.1 even q-grid x n-grid
EV-051,64,2,6,3,0,3,1,even,17,,even_char; semisimple,defect_a_even_char,BLUEPRINT A.7.1 even q-grid x n-grid
EV-051,64,2,6,3,0,3,1,even,18,,even_char; semisimple,defect_a_even_char,BLUEPRINT A.7.1 even q-grid x n-grid
EV-051,64,2,6,3,0,3,1,even,19,,even_char; semisimple,defect_a_even_char,BLUEPRINT A.7.1 even q-grid x n-grid
EV-051,64,2,6,3,0,3,1,even,20,,even_char; semisimple,defect_a_even_char,BLUEPRINT A.7.1 even q-grid x n-grid
EV-051,64,2,6,3,0,3,1,even,21,,even_char; semisimple,defect_a_even_char,BLUEPRINT A.7.1 even q-grid x n-grid
EV-051,64,2,6,3,0,3,1,even,22,,even_char; semisimple,defect_a_even_char,BLUEPRINT A.7.1 even q-grid x n-grid
EV-051,64,2,6,3,0,3,1,even,23,,even_char; semisimple,defect_a_even_char,BLUEPRINT A.7.1 even q-grid x n-grid
EV-051,64,2,6,3,0,3,1,even,24,,even_char; semisimple,defect_a_even_char,BLUEPRINT A.7.1 even q-grid x n-grid
EV-051,64,2,6,3,0,3,1,even,25,,even_char; semisimple,defect_a_even_char,BLUEPRINT A.7.1 even q-grid x n-grid
EV-051,64,2,6,3,0,3,1,even,26,,even_char; semisimple,defect_a_even_char,BLUEPRINT A.7.1 even q-grid x n-grid
EV-051,64,2,6,3,0,3,1,even,27,,even_char; semisimple,defect_a_even_char,BLUEPRINT A.7.1 even q-grid x n-grid
EV-051,64,2,6,3,0,3,1,even,28,,even_char; semisimple,defect_a_even_char,BLUEPRINT A.7.1 even q-grid x n-grid
EV-051,64,2,6,3,0,3,1,even,29,,even_char; semisimple,defect_a_even_char,BLUEPRINT A.7.1 even q-grid x n-grid
EV-051,64,2,6,3,0,3,1,even,30,,even_char; semisimple,defect_a_even_char,BLUEPRINT A.7.1 even q-grid x n-grid
EV-051,64,2,6,3,0,3,1,even,31,,even_char; semisimple,defect_a_even_char,BLUEPRINT A.7.1 even q-grid x n-grid
EV-051,64,2,6,3,0,3,1,even,32,,even_char; semisimple,defect_a_even_char,BLUEPRINT A.7.1 even q-grid x n-grid
EV-051,64,2,6,3,0,3,1,even,33,,even_char; semisimple,defect_a_even_char,BLUEPRINT A.7.1 even q-grid x n-grid
EV-051,64,2,6,3,0,3,1,even,34,,even_char; semisimple,defect_a_even_char,BLUEPRINT A.7.1 even q-grid x n-grid
EV-051,64,2,6,3,0,3,1,even,35,,even_char; semisimple,defect_a_even_char,BLUEPRINT A.7.1 even q-grid x n-grid
EV-051,64,2,6,3,0,3,1,even,36,,even_char; semisimple,defect_a_even_char,BLUEPRINT A.7.1 even q-grid x n-grid
EV-051,64,2,6,3,0,3,1,even,37,,even_char; semisimple,defect_a_even_char,BLUEPRINT A.7.1 even q-grid x n-grid
EV-051,64,2,6,3,0,3,1,even,38,,even_char; semisimple,defect_a_even_char,BLUEPRINT A.7.1 even q-grid x n-grid
EV-051,64,2,6,3,0,3,1,even,39,,even_char; semisimple,defect_a_even_char,BLUEPRINT A.7.1 even q-grid x n-grid
EV-051,64,2,6,3,0,3,1,even,40,,even_char; semisimple,defect_a_even_char,BLUEPRINT A.7.1 even q-grid x n-grid
EV-051,64,2,6,3,0,3,1,even,41,,even_char; semisimple,defect_a_even_char,BLUEPRINT A.7.1 even q-grid x n-grid
EV-051,64,2,6,3,0,3,1,even,42,,even_char; semisimple,defect_a_even_char,BLUEPRINT A.7.1 even q-grid x n-grid
EV-051,64,2,6,3,0,3,1,even,43,,even_char; semisimple,defect_a_even_char,BLUEPRINT A.7.1 even q-grid x n-grid
EV-051,64,2,6,3,0,3,1,even,44,,even_char; semisimple,defect_a_even_char,BLUEPRINT A.7.1 even q-grid x n-grid
EV-051,64,2,6,3,0,3,1,even,45,,even_char; semisimple,defect_a_even_char,BLUEPRINT A.7.1 even q-grid x n-grid
EV-051,64,2,6,3,0,3,1,even,46,,even_char; semisimple,defect_a_even_char,BLUEPRINT A.7.1 even q-grid x n-grid
EV-051,64,2,6,3,0,3,1,even,47,,even_char; semisimple,defect_a_even_char,BLUEPRINT A.7.1 even q-grid x n-grid
EV-051,64,2,6,3,0,3,1,even,48,,even_char; semisimple,defect_a_even_char,BLUEPRINT A.7.1 even q-grid x n-grid
EV-051,64,2,6,3,0,3,1,even,49,,even_char; semisimple,defect_a_even_char,BLUEPRINT A.7.1 even q-grid x n-grid
EV-051,64,2,6,3,0,3,1,even,50,,even_char; semisimple,defect_a_even_char,BLUEPRINT A.7.1 even q-grid x n-grid
EV-051,64,2,6,3,0,3,1,even,51,,even_char; semisimple,defect_a_even_char,BLUEPRINT A.7.1 even q-grid x n-grid
EV-051,64,2,6,3,0,3,1,even,52,,even_char; semisimple,defect_a_even_char,BLUEPRINT A.7.1 even q-grid x n-grid
EV-051,64,2,6,3,0,3,1,even,53,,even_char; semisimple,defect_a_even_char,BLUEPRINT A.7.1 even q-grid x n-grid
EV-051,64,2,6,3,0,3,1,even,54,,even_char; semisimple,defect_a_even_char,BLUEPRINT A.7.1 even q-grid x n-grid
EV-051,64,2,6,3,0,3,1,even,55,,even_char; semisimple,defect_a_even_char,BLUEPRINT A.7.1 even q-grid x n-grid
EV-051,64,2,6,3,0,3,1,even,56,,even_char; semisimple,defect_a_even_char,BLUEPRINT A.7.1 even q-grid x n-grid
EV-051,64,2,6,3,0,3,1,even,57,,even_char; semisimple,defect_a_even_char,BLUEPRINT A.7.1 even q-grid x n-grid
EV-051,64,2,6,3,0,3,1,even,58,,even_char; semisimple,defect_a_even_char,BLUEPRINT A.7.1 even q-grid x n-grid
EV-051,64,2,6,3,0,3,1,even,59,,even_char; semisimple,defect_a_even_char,BLUEPRINT A.7.1 even q-grid x n-grid
EV-051,64,2,6,3,0,3,1,even,60,,even_char; semisimple,defect_a_even_char,BLUEPRINT A.7.1 even q-grid x n-grid
EV-051,64,2,6,3,0,3,1,even,61,,even_char; semisimple,defect_a_even_char,BLUEPRINT A.7.1 even q-grid x n-grid
EV-051,64,2,6,3,0,3,1,even,62,,even_char; semisimple,defect_a_even_char,BLUEPRINT A.7.1 even q-grid x n-grid
EV-052,64,2,6,5,0,5,1,even,0,,even_char; semisimple,defect_a_even_char,BLUEPRINT A.7.1 even q-grid x n-grid
EV-052,64,2,6,5,0,5,1,even,1,,even_char; semisimple,defect_a_even_char,BLUEPRINT A.7.1 even q-grid x n-grid
EV-052,64,2,6,5,0,5,1,even,2,,even_char; semisimple,defect_a_even_char,BLUEPRINT A.7.1 even q-grid x n-grid
EV-052,64,2,6,5,0,5,1,even,3,,even_char; semisimple,defect_a_even_char,BLUEPRINT A.7.1 even q-grid x n-grid
EV-052,64,2,6,5,0,5,1,even,4,,even_char; semisimple,defect_a_even_char,BLUEPRINT A.7.1 even q-grid x n-grid
EV-052,64,2,6,5,0,5,1,even,5,,even_char; semisimple,defect_a_even_char,BLUEPRINT A.7.1 even q-grid x n-grid
EV-052,64,2,6,5,0,5,1,even,6,,even_char; semisimple,defect_a_even_char,BLUEPRINT A.7.1 even q-grid x n-grid
EV-052,64,2,6,5,0,5,1,even,7,,even_char; semisimple,defect_a_even_char,BLUEPRINT A.7.1 even q-grid x n-grid
EV-052,64,2,6,5,0,5,1,even,8,,even_char; semisimple,defect_a_even_char,BLUEPRINT A.7.1 even q-grid x n-grid
EV-052,64,2,6,5,0,5,1,even,9,,even_char; semisimple,defect_a_even_char,BLUEPRINT A.7.1 even q-grid x n-grid
EV-052,64,2,6,5,0,5,1,even,10,,even_char; semisimple,defect_a_even_char,BLUEPRINT A.7.1 even q-grid x n-grid
EV-052,64,2,6,5,0,5,1,even,11,,even_char; semisimple,defect_a_even_char,BLUEPRINT A.7.1 even q-grid x n-grid
EV-052,64,2,6,5,0,5,1,even,12,,even_char; semisimple,defect_a_even_char,BLUEPRINT A.7.1 even q-grid x n-grid
EV-052,64,2,6,5,0,5,1,even,13,,even_char; semisimple,defect_a_even_char,BLUEPRINT A.7.1 even q-grid x n-grid
EV-052,64,2,6,5,0,5,1,even,14,,even_char; semisimple,defect_a_even_char,BLUEPRINT A.7.1 even q-grid x n-grid
EV-052,64,2,6,5,0,5,1,even,15,,even_char; semisimple,defect_a_even_char,BLUEPRINT A.7.1 even q-grid x n-grid
EV-052,64,2,6,5,0,5,1,even,16,,even_char; semisimple,defect_a_even_char,BLUEPRINT A.7.1 even q-grid x n-grid
EV-052,64,2,6,5,0,5,1,even,17,,even_char; semisimple,defect_a_even_char,BLUEPRINT A.7.1 even q-grid x n-grid
EV-052,64,2,6,5,0,5,1,even,18,,even_char; semisimple,defect_a_even_char,BLUEPRINT A.7.1 even q-grid x n-grid
EV-052,64,2,6,5,0,5,1,even,19,,even_char; semisimple,defect_a_even_char,BLUEPRINT A.7.1 even q-grid x n-grid
EV-052,64,2,6,5,0,5,1,even,20,,even_char; semisimple,defect_a_even_char,BLUEPRINT A.7.1 even q-grid x n-grid
EV-052,64,2,6,5,0,5,1,even,21,,even_char; semisimple,defect_a_even_char,BLUEPRINT A.7.1 even q-grid x n-grid
EV-052,64,2,6,5,0,5,1,even,22,,even_char; semisimple,defect_a_even_char,BLUEPRINT A.7.1 even q-grid x n-grid
EV-052,64,2,6,5,0,5,1,even,23,,even_char; semisimple,defect_a_even_char,BLUEPRINT A.7.1 even q-grid x n-grid
EV-052,64,2,6,5,0,5,1,even,24,,even_char; semisimple,defect_a_even_char,BLUEPRINT A.7.1 even q-grid x n-grid
EV-052,64,2,6,5,0,5,1,even,25,,even_char; semisimple,defect_a_even_char,BLUEPRINT A.7.1 even q-grid x n-grid
EV-052,64,2,6,5,0,5,1,even,26,,even_char; semisimple,defect_a_even_char,BLUEPRINT A.7.1 even q-grid x n-grid
EV-052,64,2,6,5,0,5,1,even,27,,even_char; semisimple,defect_a_even_char,BLUEPRINT A.7.1 even q-grid x n-grid
EV-052,64,2,6,5,0,5,1,even,28,,even_char; semisimple,defect_a_even_char,BLUEPRINT A.7.1 even q-grid x n-grid
EV-052,64,2,6,5,0,5,1,even,29,,even_char; semisimple,defect_a_even_char,BLUEPRINT A.7.1 even q-grid x n-grid
EV-052,64,2,6,5,0,5,1,even,30,,even_char; semisimple,defect_a_even_char,BLUEPRINT A.7.1 even q-grid x n-grid
EV-052,64,2,6,5,0,5,1,even,31,,even_char; semisimple,defect_a_even_char,BLUEPRINT A.7.1 even q-grid x n-grid
EV-052,64,2,6,5,0,5,1,even,32,,even_char; semisimple,defect_a_even_char,BLUEPRINT A.7.1 even q-grid x n-grid
EV-052,64,2,6,5,0,5,1,even,33,,even_char; semisimple,defect_a_even_char,BLUEPRINT A.7.1 even q-grid x n-grid
EV-052,64,2,6,5,0,5,1,even,34,,even_char; semisimple,defect_a_even_char,BLUEPRINT A.7.1 even q-grid x n-grid
EV-052,64,2,6,5,0,5,1,even,35,,even_char; semisimple,defect_a_even_char,BLUEPRINT A.7.1 even q-grid x n-grid
EV-052,64,2,6,5,0,5,1,even,36,,even_char; semisimple,defect_a_even_char,BLUEPRINT A.7.1 even q-grid x n-grid
EV-052,64,2,6,5,0,5,1,even,37,,even_char; semisimple,defect_a_even_char,BLUEPRINT A.7.1 even q-grid x n-grid
EV-052,64,2,6,5,0,5,1,even,38,,even_char; semisimple,defect_a_even_char,BLUEPRINT A.7.1 even q-grid x n-grid
EV-052,64,2,6,5,0,5,1,even,39,,even_char; semisimple,defect_a_even_char,BLUEPRINT A.7.1 even q-grid x n-grid
EV-052,64,2,6,5,0,5,1,even,40,,even_char; semisimple,defect_a_even_char,BLUEPRINT A.7.1 even q-grid x n-grid
EV-052,64,2,6,5,0,5,1,even,41,,even_char; semisimple,defect_a_even_char,BLUEPRINT A.7.1 even q-grid x n-grid
EV-052,64,2,6,5,0,5,1,even,42,,even_char; semisimple,defect_a_even_char,BLUEPRINT A.7.1 even q-grid x n-grid
EV-052,64,2,6,5,0,5,1,even,43,,even_char; semisimple,defect_a_even_char,BLUEPRINT A.7.1 even q-grid x n-grid
EV-052,64,2,6,5,0,5,1,even,44,,even_char; semisimple,defect_a_even_char,BLUEPRINT A.7.1 even q-grid x n-grid
EV-052,64,2,6,5,0,5,1,even,45,,even_char; semisimple,defect_a_even_char,BLUEPRINT A.7.1 even q-grid x n-grid
EV-052,64,2,6,5,0,5,1,even,46,,even_char; semisimple,defect_a_even_char,BLUEPRINT A.7.1 even q-grid x n-grid
EV-052,64,2,6,5,0,5,1,even,47,,even_char; semisimple,defect_a_even_char,BLUEPRINT A.7.1 even q-grid x n-grid
EV-052,64,2,6,5,0,5,1,even,48,,even_char; semisimple,defect_a_even_char,BLUEPRINT A.7.1 even q-grid x n-grid
EV-052,64,2,6,5,0,5,1,even,49,,even_char; semisimple,defect_a_even_char,BLUEPRINT A.7.1 even q-grid x n-grid
EV-052,64,2,6,5,0,5,1,even,50,,even_char; semisimple,defect_a_even_char,BLUEPRINT A.7.1 even q-grid x n-grid
EV-052,64,2,6,5,0,5,1,even,51,,even_char; semisimple,defect_a_even_char,BLUEPRINT A.7.1 even q-grid x n-grid
EV-052,64,2,6,5,0,5,1,even,52,,even_char; semisimple,defect_a_even_char,BLUEPRINT A.7.1 even q-grid x n-grid
EV-052,64,2,6,5,0,5,1,even,53,,even_char; semisimple,defect_a_even_char,BLUEPRINT A.7.1 even q-grid x n-grid
EV-052,64,2,6,5,0,5,1,even,54,,even_char; semisimple,defect_a_even_char,BLUEPRINT A.7.1 even q-grid x n-grid
EV-052,64,2,6,5,0,5,1,even,55,,even_char; semisimple,defect_a_even_char,BLUEPRINT A.7.1 even q-grid x n-grid
EV-052,64,2,6,5,0,5,1,even,56,,even_char; semisimple,defect_a_even_char,BLUEPRINT A.7.1 even q-grid x n-grid
EV-052,64,2,6,5,0,5,1,even,57,,even_char; semisimple,defect_a_even_char,BLUEPRINT A.7.1 even q-grid x n-grid
EV-052,64,2,6,5,0,5,1,even,58,,even_char; semisimple,defect_a_even_char,BLUEPRINT A.7.1 even q-grid x n-grid
EV-052,64,2,6,5,0,5,1,even,59,,even_char; semisimple,defect_a_even_char,BLUEPRINT A.7.1 even q-grid x n-grid
EV-052,64,2,6,5,0,5,1,even,60,,even_char; semisimple,defect_a_even_char,BLUEPRINT A.7.1 even q-grid x n-grid
EV-052,64,2,6,5,0,5,1,even,61,,even_char; semisimple,defect_a_even_char,BLUEPRINT A.7.1 even q-grid x n-grid
EV-052,64,2,6,5,0,5,1,even,62,,even_char; semisimple,defect_a_even_char,BLUEPRINT A.7.1 even q-grid x n-grid
EV-053,64,2,6,7,0,7,1,even,0,,even_char; semisimple,defect_a_even_char,BLUEPRINT A.7.1 even q-grid x n-grid
EV-053,64,2,6,7,0,7,1,even,1,,even_char; semisimple,defect_a_even_char,BLUEPRINT A.7.1 even q-grid x n-grid
EV-053,64,2,6,7,0,7,1,even,2,,even_char; semisimple,defect_a_even_char,BLUEPRINT A.7.1 even q-grid x n-grid
EV-053,64,2,6,7,0,7,1,even,3,,even_char; semisimple,defect_a_even_char,BLUEPRINT A.7.1 even q-grid x n-grid
EV-053,64,2,6,7,0,7,1,even,4,,even_char; semisimple,defect_a_even_char,BLUEPRINT A.7.1 even q-grid x n-grid
EV-053,64,2,6,7,0,7,1,even,5,,even_char; semisimple,defect_a_even_char,BLUEPRINT A.7.1 even q-grid x n-grid
EV-053,64,2,6,7,0,7,1,even,6,,even_char; semisimple,defect_a_even_char,BLUEPRINT A.7.1 even q-grid x n-grid
EV-053,64,2,6,7,0,7,1,even,7,,even_char; semisimple,defect_a_even_char,BLUEPRINT A.7.1 even q-grid x n-grid
EV-053,64,2,6,7,0,7,1,even,8,,even_char; semisimple,defect_a_even_char,BLUEPRINT A.7.1 even q-grid x n-grid
EV-053,64,2,6,7,0,7,1,even,9,,even_char; semisimple,defect_a_even_char,BLUEPRINT A.7.1 even q-grid x n-grid
EV-053,64,2,6,7,0,7,1,even,10,,even_char; semisimple,defect_a_even_char,BLUEPRINT A.7.1 even q-grid x n-grid
EV-053,64,2,6,7,0,7,1,even,11,,even_char; semisimple,defect_a_even_char,BLUEPRINT A.7.1 even q-grid x n-grid
EV-053,64,2,6,7,0,7,1,even,12,,even_char; semisimple,defect_a_even_char,BLUEPRINT A.7.1 even q-grid x n-grid
EV-053,64,2,6,7,0,7,1,even,13,,even_char; semisimple,defect_a_even_char,BLUEPRINT A.7.1 even q-grid x n-grid
EV-053,64,2,6,7,0,7,1,even,14,,even_char; semisimple,defect_a_even_char,BLUEPRINT A.7.1 even q-grid x n-grid
EV-053,64,2,6,7,0,7,1,even,15,,even_char; semisimple,defect_a_even_char,BLUEPRINT A.7.1 even q-grid x n-grid
EV-053,64,2,6,7,0,7,1,even,16,,even_char; semisimple,defect_a_even_char,BLUEPRINT A.7.1 even q-grid x n-grid
EV-053,64,2,6,7,0,7,1,even,17,,even_char; semisimple,defect_a_even_char,BLUEPRINT A.7.1 even q-grid x n-grid
EV-053,64,2,6,7,0,7,1,even,18,,even_char; semisimple,defect_a_even_char,BLUEPRINT A.7.1 even q-grid x n-grid
EV-053,64,2,6,7,0,7,1,even,19,,even_char; semisimple,defect_a_even_char,BLUEPRINT A.7.1 even q-grid x n-grid
EV-053,64,2,6,7,0,7,1,even,20,,even_char; semisimple,defect_a_even_char,BLUEPRINT A.7.1 even q-grid x n-grid
EV-053,64,2,6,7,0,7,1,even,21,,even_char; semisimple,defect_a_even_char,BLUEPRINT A.7.1 even q-grid x n-grid
EV-053,64,2,6,7,0,7,1,even,22,,even_char; semisimple,defect_a_even_char,BLUEPRINT A.7.1 even q-grid x n-grid
EV-053,64,2,6,7,0,7,1,even,23,,even_char; semisimple,defect_a_even_char,BLUEPRINT A.7.1 even q-grid x n-grid
EV-053,64,2,6,7,0,7,1,even,24,,even_char; semisimple,defect_a_even_char,BLUEPRINT A.7.1 even q-grid x n-grid
EV-053,64,2,6,7,0,7,1,even,25,,even_char; semisimple,defect_a_even_char,BLUEPRINT A.7.1 even q-grid x n-grid
EV-053,64,2,6,7,0,7,1,even,26,,even_char; semisimple,defect_a_even_char,BLUEPRINT A.7.1 even q-grid x n-grid
EV-053,64,2,6,7,0,7,1,even,27,,even_char; semisimple,defect_a_even_char,BLUEPRINT A.7.1 even q-grid x n-grid
EV-053,64,2,6,7,0,7,1,even,28,,even_char; semisimple,defect_a_even_char,BLUEPRINT A.7.1 even q-grid x n-grid
EV-053,64,2,6,7,0,7,1,even,29,,even_char; semisimple,defect_a_even_char,BLUEPRINT A.7.1 even q-grid x n-grid
EV-053,64,2,6,7,0,7,1,even,30,,even_char; semisimple,defect_a_even_char,BLUEPRINT A.7.1 even q-grid x n-grid
EV-053,64,2,6,7,0,7,1,even,31,,even_char; semisimple,defect_a_even_char,BLUEPRINT A.7.1 even q-grid x n-grid
EV-053,64,2,6,7,0,7,1,even,32,,even_char; semisimple,defect_a_even_char,BLUEPRINT A.7.1 even q-grid x n-grid
EV-053,64,2,6,7,0,7,1,even,33,,even_char; semisimple,defect_a_even_char,BLUEPRINT A.7.1 even q-grid x n-grid
EV-053,64,2,6,7,0,7,1,even,34,,even_char; semisimple,defect_a_even_char,BLUEPRINT A.7.1 even q-grid x n-grid
EV-053,64,2,6,7,0,7,1,even,35,,even_char; semisimple,defect_a_even_char,BLUEPRINT A.7.1 even q-grid x n-grid
EV-053,64,2,6,7,0,7,1,even,36,,even_char; semisimple,defect_a_even_char,BLUEPRINT A.7.1 even q-grid x n-grid
EV-053,64,2,6,7,0,7,1,even,37,,even_char; semisimple,defect_a_even_char,BLUEPRINT A.7.1 even q-grid x n-grid
EV-053,64,2,6,7,0,7,1,even,38,,even_char; semisimple,defect_a_even_char,BLUEPRINT A.7.1 even q-grid x n-grid
EV-053,64,2,6,7,0,7,1,even,39,,even_char; semisimple,defect_a_even_char,BLUEPRINT A.7.1 even q-grid x n-grid
EV-053,64,2,6,7,0,7,1,even,40,,even_char; semisimple,defect_a_even_char,BLUEPRINT A.7.1 even q-grid x n-grid
EV-053,64,2,6,7,0,7,1,even,41,,even_char; semisimple,defect_a_even_char,BLUEPRINT A.7.1 even q-grid x n-grid
EV-053,64,2,6,7,0,7,1,even,42,,even_char; semisimple,defect_a_even_char,BLUEPRINT A.7.1 even q-grid x n-grid
EV-053,64,2,6,7,0,7,1,even,43,,even_char; semisimple,defect_a_even_char,BLUEPRINT A.7.1 even q-grid x n-grid
EV-053,64,2,6,7,0,7,1,even,44,,even_char; semisimple,defect_a_even_char,BLUEPRINT A.7.1 even q-grid x n-grid
EV-053,64,2,6,7,0,7,1,even,45,,even_char; semisimple,defect_a_even_char,BLUEPRINT A.7.1 even q-grid x n-grid
EV-053,64,2,6,7,0,7,1,even,46,,even_char; semisimple,defect_a_even_char,BLUEPRINT A.7.1 even q-grid x n-grid
EV-053,64,2,6,7,0,7,1,even,47,,even_char; semisimple,defect_a_even_char,BLUEPRINT A.7.1 even q-grid x n-grid
EV-053,64,2,6,7,0,7,1,even,48,,even_char; semisimple,defect_a_even_char,BLUEPRINT A.7.1 even q-grid x n-grid
EV-053,64,2,6,7,0,7,1,even,49,,even_char; semisimple,defect_a_even_char,BLUEPRINT A.7.1 even q-grid x n-grid
EV-053,64,2,6,7,0,7,1,even,50,,even_char; semisimple,defect_a_even_char,BLUEPRINT A.7.1 even q-grid x n-grid
EV-053,64,2,6,7,0,7,1,even,51,,even_char; semisimple,defect_a_even_char,BLUEPRINT A.7.1 even q-grid x n-grid
EV-053,64,2,6,7,0,7,1,even,52,,even_char; semisimple,defect_a_even_char,BLUEPRINT A.7.1 even q-grid x n-grid
EV-053,64,2,6,7,0,7,1,even,53,,even_char; semisimple,defect_a_even_char,BLUEPRINT A.7.1 even q-grid x n-grid
EV-053,64,2,6,7,0,7,1,even,54,,even_char; semisimple,defect_a_even_char,BLUEPRINT A.7.1 even q-grid x n-grid
EV-053,64,2,6,7,0,7,1,even,55,,even_char; semisimple,defect_a_even_char,BLUEPRINT A.7.1 even q-grid x n-grid
EV-053,64,2,6,7,0,7,1,even,56,,even_char; semisimple,defect_a_even_char,BLUEPRINT A.7.1 even q-grid x n-grid
EV-053,64,2,6,7,0,7,1,even,57,,even_char; semisimple,defect_a_even_char,BLUEPRINT A.7.1 even q-grid x n-grid
EV-053,64,2,6,7,0,7,1,even,58,,even_char; semisimple,defect_a_even_char,BLUEPRINT A.7.1 even q-grid x n-grid
EV-053,64,2,6,7,0,7,1,even,59,,even_char; semisimple,defect_a_even_char,BLUEPRINT A.7.1 even q-grid x n-grid
EV-053,64,2,6,7,0,7,1,even,60,,even_char; semisimple,defect_a_even_char,BLUEPRINT A.7.1 even q-grid x n-grid
EV-053,64,2,6,7,0,7,1,even,61,,even_char; semisimple,defect_a_even_char,BLUEPRINT A.7.1 even q-grid x n-grid
EV-053,64,2,6,7,0,7,1,even,62,,even_char; semisimple,defect_a_even_char,BLUEPRINT A.7.1 even q-grid x n-grid
EV-054,64,2,6,9,0,9,1,even,0,,even_char; semisimple,defect_a_even_char,BLUEPRINT A.7.1 even q-grid x n-grid
EV-054,64,2,6,9,0,9,1,even,1,,even_char; semisimple,defect_a_even_char,BLUEPRINT A.7.1 even q-grid x n-grid
EV-054,64,2,6,9,0,9,1,even,2,,even_char; semisimple,defect_a_even_char,BLUEPRINT A.7.1 even q-grid x n-grid
EV-054,64,2,6,9,0,9,1,even,3,,even_char; semisimple,defect_a_even_char,BLUEPRINT A.7.1 even q-grid x n-grid
EV-054,64,2,6,9,0,9,1,even,4,,even_char; semisimple,defect_a_even_char,BLUEPRINT A.7.1 even q-grid x n-grid
EV-054,64,2,6,9,0,9,1,even,5,,even_char; semisimple,defect_a_even_char,BLUEPRINT A.7.1 even q-grid x n-grid
EV-054,64,2,6,9,0,9,1,even,6,,even_char; semisimple,defect_a_even_char,BLUEPRINT A.7.1 even q-grid x n-grid
EV-054,64,2,6,9,0,9,1,even,7,,even_char; semisimple,defect_a_even_char,BLUEPRINT A.7.1 even q-grid x n-grid
EV-054,64,2,6,9,0,9,1,even,8,,even_char; semisimple,defect_a_even_char,BLUEPRINT A.7.1 even q-grid x n-grid
EV-054,64,2,6,9,0,9,1,even,9,,even_char; semisimple,defect_a_even_char,BLUEPRINT A.7.1 even q-grid x n-grid
EV-054,64,2,6,9,0,9,1,even,10,,even_char; semisimple,defect_a_even_char,BLUEPRINT A.7.1 even q-grid x n-grid
EV-054,64,2,6,9,0,9,1,even,11,,even_char; semisimple,defect_a_even_char,BLUEPRINT A.7.1 even q-grid x n-grid
EV-054,64,2,6,9,0,9,1,even,12,,even_char; semisimple,defect_a_even_char,BLUEPRINT A.7.1 even q-grid x n-grid
EV-054,64,2,6,9,0,9,1,even,13,,even_char; semisimple,defect_a_even_char,BLUEPRINT A.7.1 even q-grid x n-grid
EV-054,64,2,6,9,0,9,1,even,14,,even_char; semisimple,defect_a_even_char,BLUEPRINT A.7.1 even q-grid x n-grid
EV-054,64,2,6,9,0,9,1,even,15,,even_char; semisimple,defect_a_even_char,BLUEPRINT A.7.1 even q-grid x n-grid
EV-054,64,2,6,9,0,9,1,even,16,,even_char; semisimple,defect_a_even_char,BLUEPRINT A.7.1 even q-grid x n-grid
EV-054,64,2,6,9,0,9,1,even,17,,even_char; semisimple,defect_a_even_char,BLUEPRINT A.7.1 even q-grid x n-grid
EV-054,64,2,6,9,0,9,1,even,18,,even_char; semisimple,defect_a_even_char,BLUEPRINT A.7.1 even q-grid x n-grid
EV-054,64,2,6,9,0,9,1,even,19,,even_char; semisimple,defect_a_even_char,BLUEPRINT A.7.1 even q-grid x n-grid
EV-054,64,2,6,9,0,9,1,even,20,,even_char; semisimple,defect_a_even_char,BLUEPRINT A.7.1 even q-grid x n-grid
EV-054,64,2,6,9,0,9,1,even,21,,even_char; semisimple,defect_a_even_char,BLUEPRINT A.7.1 even q-grid x n-grid
EV-054,64,2,6,9,0,9,1,even,22,,even_char; semisimple,defect_a_even_char,BLUEPRINT A.7.1 even q-grid x n-grid
EV-054,64,2,6,9,0,9,1,even,23,,even_char; semisimple,defect_a_even_char,BLUEPRINT A.7.1 even q-grid x n-grid
EV-054,64,2,6,9,0,9,1,even,24,,even_char; semisimple,defect_a_even_char,BLUEPRINT A.7.1 even q-grid x n-grid
EV-054,64,2,6,9,0,9,1,even,25,,even_char; semisimple,defect_a_even_char,BLUEPRINT A.7.1 even q-grid x n-grid
EV-054,64,2,6,9,0,9,1,even,26,,even_char; semisimple,defect_a_even_char,BLUEPRINT A.7.1 even q-grid x n-grid
EV-054,64,2,6,9,0,9,1,even,27,,even_char; semisimple,defect_a_even_char,BLUEPRINT A.7.1 even q-grid x n-grid
EV-054,64,2,6,9,0,9,1,even,28,,even_char; semisimple,defect_a_even_char,BLUEPRINT A.7.1 even q-grid x n-grid
EV-054,64,2,6,9,0,9,1,even,29,,even_char; semisimple,defect_a_even_char,BLUEPRINT A.7.1 even q-grid x n-grid
EV-054,64,2,6,9,0,9,1,even,30,,even_char; semisimple,defect_a_even_char,BLUEPRINT A.7.1 even q-grid x n-grid
EV-054,64,2,6,9,0,9,1,even,31,,even_char; semisimple,defect_a_even_char,BLUEPRINT A.7.1 even q-grid x n-grid
EV-054,64,2,6,9,0,9,1,even,32,,even_char; semisimple,defect_a_even_char,BLUEPRINT A.7.1 even q-grid x n-grid
EV-054,64,2,6,9,0,9,1,even,33,,even_char; semisimple,defect_a_even_char,BLUEPRINT A.7.1 even q-grid x n-grid
EV-054,64,2,6,9,0,9,1,even,34,,even_char; semisimple,defect_a_even_char,BLUEPRINT A.7.1 even q-grid x n-grid
EV-054,64,2,6,9,0,9,1,even,35,,even_char; semisimple,defect_a_even_char,BLUEPRINT A.7.1 even q-grid x n-grid
EV-054,64,2,6,9,0,9,1,even,36,,even_char; semisimple,defect_a_even_char,BLUEPRINT A.7.1 even q-grid x n-grid
EV-054,64,2,6,9,0,9,1,even,37,,even_char; semisimple,defect_a_even_char,BLUEPRINT A.7.1 even q-grid x n-grid
EV-054,64,2,6,9,0,9,1,even,38,,even_char; semisimple,defect_a_even_char,BLUEPRINT A.7.1 even q-grid x n-grid
EV-054,64,2,6,9,0,9,1,even,39,,even_char; semisimple,defect_a_even_char,BLUEPRINT A.7.1 even q-grid x n-grid
EV-054,64,2,6,9,0,9,1,even,40,,even_char; semisimple,defect_a_even_char,BLUEPRINT A.7.1 even q-grid x n-grid
EV-054,64,2,6,9,0,9,1,even,41,,even_char; semisimple,defect_a_even_char,BLUEPRINT A.7.1 even q-grid x n-grid
EV-054,64,2,6,9,0,9,1,even,42,,even_char; semisimple,defect_a_even_char,BLUEPRINT A.7.1 even q-grid x n-grid
EV-054,64,2,6,9,0,9,1,even,43,,even_char; semisimple,defect_a_even_char,BLUEPRINT A.7.1 even q-grid x n-grid
EV-054,64,2,6,9,0,9,1,even,44,,even_char; semisimple,defect_a_even_char,BLUEPRINT A.7.1 even q-grid x n-grid
EV-054,64,2,6,9,0,9,1,even,45,,even_char; semisimple,defect_a_even_char,BLUEPRINT A.7.1 even q-grid x n-grid
EV-054,64,2,6,9,0,9,1,even,46,,even_char; semisimple,defect_a_even_char,BLUEPRINT A.7.1 even q-grid x n-grid
EV-054,64,2,6,9,0,9,1,even,47,,even_char; semisimple,defect_a_even_char,BLUEPRINT A.7.1 even q-grid x n-grid
EV-054,64,2,6,9,0,9,1,even,48,,even_char; semisimple,defect_a_even_char,BLUEPRINT A.7.1 even q-grid x n-grid
EV-054,64,2,6,9,0,9,1,even,49,,even_char; semisimple,defect_a_even_char,BLUEPRINT A.7.1 even q-grid x n-grid
EV-054,64,2,6,9,0,9,1,even,50,,even_char; semisimple,defect_a_even_char,BLUEPRINT A.7.1 even q-grid x n-grid
EV-054,64,2,6,9,0,9,1,even,51,,even_char; semisimple,defect_a_even_char,BLUEPRINT A.7.1 even q-grid x n-grid
EV-054,64,2,6,9,0,9,1,even,52,,even_char; semisimple,defect_a_even_char,BLUEPRINT A.7.1 even q-grid x n-grid
EV-054,64,2,6,9,0,9,1,even,53,,even_char; semisimple,defect_a_even_char,BLUEPRINT A.7.1 even q-grid x n-grid
EV-054,64,2,6,9,0,9,1,even,54,,even_char; semisimple,defect_a_even_char,BLUEPRINT A.7.1 even q-grid x n-grid
EV-054,64,2,6,9,0,9,1,even,55,,even_char; semisimple,defect_a_even_char,BLUEPRINT A.7.1 even q-grid x n-grid
EV-054,64,2,6,9,0,9,1,even,56,,even_char; semisimple,defect_a_even_char,BLUEPRINT A.7.1 even q-grid x n-grid
EV-054,64,2,6,9,0,9,1,even,57,,even_char; semisimple,defect_a_even_char,BLUEPRINT A.7.1 even q-grid x n-grid
EV-054,64,2,6,9,0,9,1,even,58,,even_char; semisimple,defect_a_even_char,BLUEPRINT A.7.1 even q-grid x n-grid
EV-054,64,2,6,9,0,9,1,even,59,,even_char; semisimple,defect_a_even_char,BLUEPRINT A.7.1 even q-grid x n-grid
EV-054,64,2,6,9,0,9,1,even,60,,even_char; semisimple,defect_a_even_char,BLUEPRINT A.7.1 even q-grid x n-grid
EV-054,64,2,6,9,0,9,1,even,61,,even_char; semisimple,defect_a_even_char,BLUEPRINT A.7.1 even q-grid x n-grid
EV-054,64,2,6,9,0,9,1,even,62,,even_char; semisimple,defect_a_even_char,BLUEPRINT A.7.1 even q-grid x n-grid
EV-055,64,2,6,15,0,15,1,even,0,,even_char; semisimple,defect_a_even_char,BLUEPRINT A.7.1 even q-grid x n-grid
EV-055,64,2,6,15,0,15,1,even,1,,even_char; semisimple,defect_a_even_char,BLUEPRINT A.7.1 even q-grid x n-grid
EV-055,64,2,6,15,0,15,1,even,2,,even_char; semisimple,defect_a_even_char,BLUEPRINT A.7.1 even q-grid x n-grid
EV-055,64,2,6,15,0,15,1,even,3,,even_char; semisimple,defect_a_even_char,BLUEPRINT A.7.1 even q-grid x n-grid
EV-055,64,2,6,15,0,15,1,even,4,,even_char; semisimple,defect_a_even_char,BLUEPRINT A.7.1 even q-grid x n-grid
EV-055,64,2,6,15,0,15,1,even,5,,even_char; semisimple,defect_a_even_char,BLUEPRINT A.7.1 even q-grid x n-grid
EV-055,64,2,6,15,0,15,1,even,6,,even_char; semisimple,defect_a_even_char,BLUEPRINT A.7.1 even q-grid x n-grid
EV-055,64,2,6,15,0,15,1,even,7,,even_char; semisimple,defect_a_even_char,BLUEPRINT A.7.1 even q-grid x n-grid
EV-055,64,2,6,15,0,15,1,even,8,,even_char; semisimple,defect_a_even_char,BLUEPRINT A.7.1 even q-grid x n-grid
EV-055,64,2,6,15,0,15,1,even,9,,even_char; semisimple,defect_a_even_char,BLUEPRINT A.7.1 even q-grid x n-grid
EV-055,64,2,6,15,0,15,1,even,10,,even_char; semisimple,defect_a_even_char,BLUEPRINT A.7.1 even q-grid x n-grid
EV-055,64,2,6,15,0,15,1,even,11,,even_char; semisimple,defect_a_even_char,BLUEPRINT A.7.1 even q-grid x n-grid
EV-055,64,2,6,15,0,15,1,even,12,,even_char; semisimple,defect_a_even_char,BLUEPRINT A.7.1 even q-grid x n-grid
EV-055,64,2,6,15,0,15,1,even,13,,even_char; semisimple,defect_a_even_char,BLUEPRINT A.7.1 even q-grid x n-grid
EV-055,64,2,6,15,0,15,1,even,14,,even_char; semisimple,defect_a_even_char,BLUEPRINT A.7.1 even q-grid x n-grid
EV-055,64,2,6,15,0,15,1,even,15,,even_char; semisimple,defect_a_even_char,BLUEPRINT A.7.1 even q-grid x n-grid
EV-055,64,2,6,15,0,15,1,even,16,,even_char; semisimple,defect_a_even_char,BLUEPRINT A.7.1 even q-grid x n-grid
EV-055,64,2,6,15,0,15,1,even,17,,even_char; semisimple,defect_a_even_char,BLUEPRINT A.7.1 even q-grid x n-grid
EV-055,64,2,6,15,0,15,1,even,18,,even_char; semisimple,defect_a_even_char,BLUEPRINT A.7.1 even q-grid x n-grid
EV-055,64,2,6,15,0,15,1,even,19,,even_char; semisimple,defect_a_even_char,BLUEPRINT A.7.1 even q-grid x n-grid
EV-055,64,2,6,15,0,15,1,even,20,,even_char; semisimple,defect_a_even_char,BLUEPRINT A.7.1 even q-grid x n-grid
EV-055,64,2,6,15,0,15,1,even,21,,even_char; semisimple,defect_a_even_char,BLUEPRINT A.7.1 even q-grid x n-grid
EV-055,64,2,6,15,0,15,1,even,22,,even_char; semisimple,defect_a_even_char,BLUEPRINT A.7.1 even q-grid x n-grid
EV-055,64,2,6,15,0,15,1,even,23,,even_char; semisimple,defect_a_even_char,BLUEPRINT A.7.1 even q-grid x n-grid
EV-055,64,2,6,15,0,15,1,even,24,,even_char; semisimple,defect_a_even_char,BLUEPRINT A.7.1 even q-grid x n-grid
EV-055,64,2,6,15,0,15,1,even,25,,even_char; semisimple,defect_a_even_char,BLUEPRINT A.7.1 even q-grid x n-grid
EV-055,64,2,6,15,0,15,1,even,26,,even_char; semisimple,defect_a_even_char,BLUEPRINT A.7.1 even q-grid x n-grid
EV-055,64,2,6,15,0,15,1,even,27,,even_char; semisimple,defect_a_even_char,BLUEPRINT A.7.1 even q-grid x n-grid
EV-055,64,2,6,15,0,15,1,even,28,,even_char; semisimple,defect_a_even_char,BLUEPRINT A.7.1 even q-grid x n-grid
EV-055,64,2,6,15,0,15,1,even,29,,even_char; semisimple,defect_a_even_char,BLUEPRINT A.7.1 even q-grid x n-grid
EV-055,64,2,6,15,0,15,1,even,30,,even_char; semisimple,defect_a_even_char,BLUEPRINT A.7.1 even q-grid x n-grid
EV-055,64,2,6,15,0,15,1,even,31,,even_char; semisimple,defect_a_even_char,BLUEPRINT A.7.1 even q-grid x n-grid
EV-055,64,2,6,15,0,15,1,even,32,,even_char; semisimple,defect_a_even_char,BLUEPRINT A.7.1 even q-grid x n-grid
EV-055,64,2,6,15,0,15,1,even,33,,even_char; semisimple,defect_a_even_char,BLUEPRINT A.7.1 even q-grid x n-grid
EV-055,64,2,6,15,0,15,1,even,34,,even_char; semisimple,defect_a_even_char,BLUEPRINT A.7.1 even q-grid x n-grid
EV-055,64,2,6,15,0,15,1,even,35,,even_char; semisimple,defect_a_even_char,BLUEPRINT A.7.1 even q-grid x n-grid
EV-055,64,2,6,15,0,15,1,even,36,,even_char; semisimple,defect_a_even_char,BLUEPRINT A.7.1 even q-grid x n-grid
EV-055,64,2,6,15,0,15,1,even,37,,even_char; semisimple,defect_a_even_char,BLUEPRINT A.7.1 even q-grid x n-grid
EV-055,64,2,6,15,0,15,1,even,38,,even_char; semisimple,defect_a_even_char,BLUEPRINT A.7.1 even q-grid x n-grid
EV-055,64,2,6,15,0,15,1,even,39,,even_char; semisimple,defect_a_even_char,BLUEPRINT A.7.1 even q-grid x n-grid
EV-055,64,2,6,15,0,15,1,even,40,,even_char; semisimple,defect_a_even_char,BLUEPRINT A.7.1 even q-grid x n-grid
EV-055,64,2,6,15,0,15,1,even,41,,even_char; semisimple,defect_a_even_char,BLUEPRINT A.7.1 even q-grid x n-grid
EV-055,64,2,6,15,0,15,1,even,42,,even_char; semisimple,defect_a_even_char,BLUEPRINT A.7.1 even q-grid x n-grid
EV-055,64,2,6,15,0,15,1,even,43,,even_char; semisimple,defect_a_even_char,BLUEPRINT A.7.1 even q-grid x n-grid
EV-055,64,2,6,15,0,15,1,even,44,,even_char; semisimple,defect_a_even_char,BLUEPRINT A.7.1 even q-grid x n-grid
EV-055,64,2,6,15,0,15,1,even,45,,even_char; semisimple,defect_a_even_char,BLUEPRINT A.7.1 even q-grid x n-grid
EV-055,64,2,6,15,0,15,1,even,46,,even_char; semisimple,defect_a_even_char,BLUEPRINT A.7.1 even q-grid x n-grid
EV-055,64,2,6,15,0,15,1,even,47,,even_char; semisimple,defect_a_even_char,BLUEPRINT A.7.1 even q-grid x n-grid
EV-055,64,2,6,15,0,15,1,even,48,,even_char; semisimple,defect_a_even_char,BLUEPRINT A.7.1 even q-grid x n-grid
EV-055,64,2,6,15,0,15,1,even,49,,even_char; semisimple,defect_a_even_char,BLUEPRINT A.7.1 even q-grid x n-grid
EV-055,64,2,6,15,0,15,1,even,50,,even_char; semisimple,defect_a_even_char,BLUEPRINT A.7.1 even q-grid x n-grid
EV-055,64,2,6,15,0,15,1,even,51,,even_char; semisimple,defect_a_even_char,BLUEPRINT A.7.1 even q-grid x n-grid
EV-055,64,2,6,15,0,15,1,even,52,,even_char; semisimple,defect_a_even_char,BLUEPRINT A.7.1 even q-grid x n-grid
EV-055,64,2,6,15,0,15,1,even,53,,even_char; semisimple,defect_a_even_char,BLUEPRINT A.7.1 even q-grid x n-grid
EV-055,64,2,6,15,0,15,1,even,54,,even_char; semisimple,defect_a_even_char,BLUEPRINT A.7.1 even q-grid x n-grid
EV-055,64,2,6,15,0,15,1,even,55,,even_char; semisimple,defect_a_even_char,BLUEPRINT A.7.1 even q-grid x n-grid
EV-055,64,2,6,15,0,15,1,even,56,,even_char; semisimple,defect_a_even_char,BLUEPRINT A.7.1 even q-grid x n-grid
EV-055,64,2,6,15,0,15,1,even,57,,even_char; semisimple,defect_a_even_char,BLUEPRINT A.7.1 even q-grid x n-grid
EV-055,64,2,6,15,0,15,1,even,58,,even_char; semisimple,defect_a_even_char,BLUEPRINT A.7.1 even q-grid x n-grid
EV-055,64,2,6,15,0,15,1,even,59,,even_char; semisimple,defect_a_even_char,BLUEPRINT A.7.1 even q-grid x n-grid
EV-055,64,2,6,15,0,15,1,even,60,,even_char; semisimple,defect_a_even_char,BLUEPRINT A.7.1 even q-grid x n-grid
EV-055,64,2,6,15,0,15,1,even,61,,even_char; semisimple,defect_a_even_char,BLUEPRINT A.7.1 even q-grid x n-grid
EV-055,64,2,6,15,0,15,1,even,62,,even_char; semisimple,defect_a_even_char,BLUEPRINT A.7.1 even q-grid x n-grid
EV-056,64,2,6,17,0,17,1,even,0,,even_char; semisimple,defect_a_even_char,BLUEPRINT A.7.1 even q-grid x n-grid
EV-056,64,2,6,17,0,17,1,even,1,,even_char; semisimple,defect_a_even_char,BLUEPRINT A.7.1 even q-grid x n-grid
EV-056,64,2,6,17,0,17,1,even,2,,even_char; semisimple,defect_a_even_char,BLUEPRINT A.7.1 even q-grid x n-grid
EV-056,64,2,6,17,0,17,1,even,3,,even_char; semisimple,defect_a_even_char,BLUEPRINT A.7.1 even q-grid x n-grid
EV-056,64,2,6,17,0,17,1,even,4,,even_char; semisimple,defect_a_even_char,BLUEPRINT A.7.1 even q-grid x n-grid
EV-056,64,2,6,17,0,17,1,even,5,,even_char; semisimple,defect_a_even_char,BLUEPRINT A.7.1 even q-grid x n-grid
EV-056,64,2,6,17,0,17,1,even,6,,even_char; semisimple,defect_a_even_char,BLUEPRINT A.7.1 even q-grid x n-grid
EV-056,64,2,6,17,0,17,1,even,7,,even_char; semisimple,defect_a_even_char,BLUEPRINT A.7.1 even q-grid x n-grid
EV-056,64,2,6,17,0,17,1,even,8,,even_char; semisimple,defect_a_even_char,BLUEPRINT A.7.1 even q-grid x n-grid
EV-056,64,2,6,17,0,17,1,even,9,,even_char; semisimple,defect_a_even_char,BLUEPRINT A.7.1 even q-grid x n-grid
EV-056,64,2,6,17,0,17,1,even,10,,even_char; semisimple,defect_a_even_char,BLUEPRINT A.7.1 even q-grid x n-grid
EV-056,64,2,6,17,0,17,1,even,11,,even_char; semisimple,defect_a_even_char,BLUEPRINT A.7.1 even q-grid x n-grid
EV-056,64,2,6,17,0,17,1,even,12,,even_char; semisimple,defect_a_even_char,BLUEPRINT A.7.1 even q-grid x n-grid
EV-056,64,2,6,17,0,17,1,even,13,,even_char; semisimple,defect_a_even_char,BLUEPRINT A.7.1 even q-grid x n-grid
EV-056,64,2,6,17,0,17,1,even,14,,even_char; semisimple,defect_a_even_char,BLUEPRINT A.7.1 even q-grid x n-grid
EV-056,64,2,6,17,0,17,1,even,15,,even_char; semisimple,defect_a_even_char,BLUEPRINT A.7.1 even q-grid x n-grid
EV-056,64,2,6,17,0,17,1,even,16,,even_char; semisimple,defect_a_even_char,BLUEPRINT A.7.1 even q-grid x n-grid
EV-056,64,2,6,17,0,17,1,even,17,,even_char; semisimple,defect_a_even_char,BLUEPRINT A.7.1 even q-grid x n-grid
EV-056,64,2,6,17,0,17,1,even,18,,even_char; semisimple,defect_a_even_char,BLUEPRINT A.7.1 even q-grid x n-grid
EV-056,64,2,6,17,0,17,1,even,19,,even_char; semisimple,defect_a_even_char,BLUEPRINT A.7.1 even q-grid x n-grid
EV-056,64,2,6,17,0,17,1,even,20,,even_char; semisimple,defect_a_even_char,BLUEPRINT A.7.1 even q-grid x n-grid
EV-056,64,2,6,17,0,17,1,even,21,,even_char; semisimple,defect_a_even_char,BLUEPRINT A.7.1 even q-grid x n-grid
EV-056,64,2,6,17,0,17,1,even,22,,even_char; semisimple,defect_a_even_char,BLUEPRINT A.7.1 even q-grid x n-grid
EV-056,64,2,6,17,0,17,1,even,23,,even_char; semisimple,defect_a_even_char,BLUEPRINT A.7.1 even q-grid x n-grid
EV-056,64,2,6,17,0,17,1,even,24,,even_char; semisimple,defect_a_even_char,BLUEPRINT A.7.1 even q-grid x n-grid
EV-056,64,2,6,17,0,17,1,even,25,,even_char; semisimple,defect_a_even_char,BLUEPRINT A.7.1 even q-grid x n-grid
EV-056,64,2,6,17,0,17,1,even,26,,even_char; semisimple,defect_a_even_char,BLUEPRINT A.7.1 even q-grid x n-grid
EV-056,64,2,6,17,0,17,1,even,27,,even_char; semisimple,defect_a_even_char,BLUEPRINT A.7.1 even q-grid x n-grid
EV-056,64,2,6,17,0,17,1,even,28,,even_char; semisimple,defect_a_even_char,BLUEPRINT A.7.1 even q-grid x n-grid
EV-056,64,2,6,17,0,17,1,even,29,,even_char; semisimple,defect_a_even_char,BLUEPRINT A.7.1 even q-grid x n-grid
EV-056,64,2,6,17,0,17,1,even,30,,even_char; semisimple,defect_a_even_char,BLUEPRINT A.7.1 even q-grid x n-grid
EV-056,64,2,6,17,0,17,1,even,31,,even_char; semisimple,defect_a_even_char,BLUEPRINT A.7.1 even q-grid x n-grid
EV-056,64,2,6,17,0,17,1,even,32,,even_char; semisimple,defect_a_even_char,BLUEPRINT A.7.1 even q-grid x n-grid
EV-056,64,2,6,17,0,17,1,even,33,,even_char; semisimple,defect_a_even_char,BLUEPRINT A.7.1 even q-grid x n-grid
EV-056,64,2,6,17,0,17,1,even,34,,even_char; semisimple,defect_a_even_char,BLUEPRINT A.7.1 even q-grid x n-grid
EV-056,64,2,6,17,0,17,1,even,35,,even_char; semisimple,defect_a_even_char,BLUEPRINT A.7.1 even q-grid x n-grid
EV-056,64,2,6,17,0,17,1,even,36,,even_char; semisimple,defect_a_even_char,BLUEPRINT A.7.1 even q-grid x n-grid
EV-056,64,2,6,17,0,17,1,even,37,,even_char; semisimple,defect_a_even_char,BLUEPRINT A.7.1 even q-grid x n-grid
EV-056,64,2,6,17,0,17,1,even,38,,even_char; semisimple,defect_a_even_char,BLUEPRINT A.7.1 even q-grid x n-grid
EV-056,64,2,6,17,0,17,1,even,39,,even_char; semisimple,defect_a_even_char,BLUEPRINT A.7.1 even q-grid x n-grid
EV-056,64,2,6,17,0,17,1,even,40,,even_char; semisimple,defect_a_even_char,BLUEPRINT A.7.1 even q-grid x n-grid
EV-056,64,2,6,17,0,17,1,even,41,,even_char; semisimple,defect_a_even_char,BLUEPRINT A.7.1 even q-grid x n-grid
EV-056,64,2,6,17,0,17,1,even,42,,even_char; semisimple,defect_a_even_char,BLUEPRINT A.7.1 even q-grid x n-grid
EV-056,64,2,6,17,0,17,1,even,43,,even_char; semisimple,defect_a_even_char,BLUEPRINT A.7.1 even q-grid x n-grid
EV-056,64,2,6,17,0,17,1,even,44,,even_char; semisimple,defect_a_even_char,BLUEPRINT A.7.1 even q-grid x n-grid
EV-056,64,2,6,17,0,17,1,even,45,,even_char; semisimple,defect_a_even_char,BLUEPRINT A.7.1 even q-grid x n-grid
EV-056,64,2,6,17,0,17,1,even,46,,even_char; semisimple,defect_a_even_char,BLUEPRINT A.7.1 even q-grid x n-grid
EV-056,64,2,6,17,0,17,1,even,47,,even_char; semisimple,defect_a_even_char,BLUEPRINT A.7.1 even q-grid x n-grid
EV-056,64,2,6,17,0,17,1,even,48,,even_char; semisimple,defect_a_even_char,BLUEPRINT A.7.1 even q-grid x n-grid
EV-056,64,2,6,17,0,17,1,even,49,,even_char; semisimple,defect_a_even_char,BLUEPRINT A.7.1 even q-grid x n-grid
EV-056,64,2,6,17,0,17,1,even,50,,even_char; semisimple,defect_a_even_char,BLUEPRINT A.7.1 even q-grid x n-grid
EV-056,64,2,6,17,0,17,1,even,51,,even_char; semisimple,defect_a_even_char,BLUEPRINT A.7.1 even q-grid x n-grid
EV-056,64,2,6,17,0,17,1,even,52,,even_char; semisimple,defect_a_even_char,BLUEPRINT A.7.1 even q-grid x n-grid
EV-056,64,2,6,17,0,17,1,even,53,,even_char; semisimple,defect_a_even_char,BLUEPRINT A.7.1 even q-grid x n-grid
EV-056,64,2,6,17,0,17,1,even,54,,even_char; semisimple,defect_a_even_char,BLUEPRINT A.7.1 even q-grid x n-grid
EV-056,64,2,6,17,0,17,1,even,55,,even_char; semisimple,defect_a_even_char,BLUEPRINT A.7.1 even q-grid x n-grid
EV-056,64,2,6,17,0,17,1,even,56,,even_char; semisimple,defect_a_even_char,BLUEPRINT A.7.1 even q-grid x n-grid
EV-056,64,2,6,17,0,17,1,even,57,,even_char; semisimple,defect_a_even_char,BLUEPRINT A.7.1 even q-grid x n-grid
EV-056,64,2,6,17,0,17,1,even,58,,even_char; semisimple,defect_a_even_char,BLUEPRINT A.7.1 even q-grid x n-grid
EV-056,64,2,6,17,0,17,1,even,59,,even_char; semisimple,defect_a_even_char,BLUEPRINT A.7.1 even q-grid x n-grid
EV-056,64,2,6,17,0,17,1,even,60,,even_char; semisimple,defect_a_even_char,BLUEPRINT A.7.1 even q-grid x n-grid
EV-056,64,2,6,17,0,17,1,even,61,,even_char; semisimple,defect_a_even_char,BLUEPRINT A.7.1 even q-grid x n-grid
EV-056,64,2,6,17,0,17,1,even,62,,even_char; semisimple,defect_a_even_char,BLUEPRINT A.7.1 even q-grid x n-grid
EV-057,64,2,6,21,0,21,1,even,0,,even_char; semisimple,defect_a_even_char,BLUEPRINT A.7.1 even q-grid x n-grid
EV-057,64,2,6,21,0,21,1,even,1,,even_char; semisimple,defect_a_even_char,BLUEPRINT A.7.1 even q-grid x n-grid
EV-057,64,2,6,21,0,21,1,even,2,,even_char; semisimple,defect_a_even_char,BLUEPRINT A.7.1 even q-grid x n-grid
EV-057,64,2,6,21,0,21,1,even,3,,even_char; semisimple,defect_a_even_char,BLUEPRINT A.7.1 even q-grid x n-grid
EV-057,64,2,6,21,0,21,1,even,4,,even_char; semisimple,defect_a_even_char,BLUEPRINT A.7.1 even q-grid x n-grid
EV-057,64,2,6,21,0,21,1,even,5,,even_char; semisimple,defect_a_even_char,BLUEPRINT A.7.1 even q-grid x n-grid
EV-057,64,2,6,21,0,21,1,even,6,,even_char; semisimple,defect_a_even_char,BLUEPRINT A.7.1 even q-grid x n-grid
EV-057,64,2,6,21,0,21,1,even,7,,even_char; semisimple,defect_a_even_char,BLUEPRINT A.7.1 even q-grid x n-grid
EV-057,64,2,6,21,0,21,1,even,8,,even_char; semisimple,defect_a_even_char,BLUEPRINT A.7.1 even q-grid x n-grid
EV-057,64,2,6,21,0,21,1,even,9,,even_char; semisimple,defect_a_even_char,BLUEPRINT A.7.1 even q-grid x n-grid
EV-057,64,2,6,21,0,21,1,even,10,,even_char; semisimple,defect_a_even_char,BLUEPRINT A.7.1 even q-grid x n-grid
EV-057,64,2,6,21,0,21,1,even,11,,even_char; semisimple,defect_a_even_char,BLUEPRINT A.7.1 even q-grid x n-grid
EV-057,64,2,6,21,0,21,1,even,12,,even_char; semisimple,defect_a_even_char,BLUEPRINT A.7.1 even q-grid x n-grid
EV-057,64,2,6,21,0,21,1,even,13,,even_char; semisimple,defect_a_even_char,BLUEPRINT A.7.1 even q-grid x n-grid
EV-057,64,2,6,21,0,21,1,even,14,,even_char; semisimple,defect_a_even_char,BLUEPRINT A.7.1 even q-grid x n-grid
EV-057,64,2,6,21,0,21,1,even,15,,even_char; semisimple,defect_a_even_char,BLUEPRINT A.7.1 even q-grid x n-grid
EV-057,64,2,6,21,0,21,1,even,16,,even_char; semisimple,defect_a_even_char,BLUEPRINT A.7.1 even q-grid x n-grid
EV-057,64,2,6,21,0,21,1,even,17,,even_char; semisimple,defect_a_even_char,BLUEPRINT A.7.1 even q-grid x n-grid
EV-057,64,2,6,21,0,21,1,even,18,,even_char; semisimple,defect_a_even_char,BLUEPRINT A.7.1 even q-grid x n-grid
EV-057,64,2,6,21,0,21,1,even,19,,even_char; semisimple,defect_a_even_char,BLUEPRINT A.7.1 even q-grid x n-grid
EV-057,64,2,6,21,0,21,1,even,20,,even_char; semisimple,defect_a_even_char,BLUEPRINT A.7.1 even q-grid x n-grid
EV-057,64,2,6,21,0,21,1,even,21,,even_char; semisimple,defect_a_even_char,BLUEPRINT A.7.1 even q-grid x n-grid
EV-057,64,2,6,21,0,21,1,even,22,,even_char; semisimple,defect_a_even_char,BLUEPRINT A.7.1 even q-grid x n-grid
EV-057,64,2,6,21,0,21,1,even,23,,even_char; semisimple,defect_a_even_char,BLUEPRINT A.7.1 even q-grid x n-grid
EV-057,64,2,6,21,0,21,1,even,24,,even_char; semisimple,defect_a_even_char,BLUEPRINT A.7.1 even q-grid x n-grid
EV-057,64,2,6,21,0,21,1,even,25,,even_char; semisimple,defect_a_even_char,BLUEPRINT A.7.1 even q-grid x n-grid
EV-057,64,2,6,21,0,21,1,even,26,,even_char; semisimple,defect_a_even_char,BLUEPRINT A.7.1 even q-grid x n-grid
EV-057,64,2,6,21,0,21,1,even,27,,even_char; semisimple,defect_a_even_char,BLUEPRINT A.7.1 even q-grid x n-grid
EV-057,64,2,6,21,0,21,1,even,28,,even_char; semisimple,defect_a_even_char,BLUEPRINT A.7.1 even q-grid x n-grid
EV-057,64,2,6,21,0,21,1,even,29,,even_char; semisimple,defect_a_even_char,BLUEPRINT A.7.1 even q-grid x n-grid
EV-057,64,2,6,21,0,21,1,even,30,,even_char; semisimple,defect_a_even_char,BLUEPRINT A.7.1 even q-grid x n-grid
EV-057,64,2,6,21,0,21,1,even,31,,even_char; semisimple,defect_a_even_char,BLUEPRINT A.7.1 even q-grid x n-grid
EV-057,64,2,6,21,0,21,1,even,32,,even_char; semisimple,defect_a_even_char,BLUEPRINT A.7.1 even q-grid x n-grid
EV-057,64,2,6,21,0,21,1,even,33,,even_char; semisimple,defect_a_even_char,BLUEPRINT A.7.1 even q-grid x n-grid
EV-057,64,2,6,21,0,21,1,even,34,,even_char; semisimple,defect_a_even_char,BLUEPRINT A.7.1 even q-grid x n-grid
EV-057,64,2,6,21,0,21,1,even,35,,even_char; semisimple,defect_a_even_char,BLUEPRINT A.7.1 even q-grid x n-grid
EV-057,64,2,6,21,0,21,1,even,36,,even_char; semisimple,defect_a_even_char,BLUEPRINT A.7.1 even q-grid x n-grid
EV-057,64,2,6,21,0,21,1,even,37,,even_char; semisimple,defect_a_even_char,BLUEPRINT A.7.1 even q-grid x n-grid
EV-057,64,2,6,21,0,21,1,even,38,,even_char; semisimple,defect_a_even_char,BLUEPRINT A.7.1 even q-grid x n-grid
EV-057,64,2,6,21,0,21,1,even,39,,even_char; semisimple,defect_a_even_char,BLUEPRINT A.7.1 even q-grid x n-grid
EV-057,64,2,6,21,0,21,1,even,40,,even_char; semisimple,defect_a_even_char,BLUEPRINT A.7.1 even q-grid x n-grid
EV-057,64,2,6,21,0,21,1,even,41,,even_char; semisimple,defect_a_even_char,BLUEPRINT A.7.1 even q-grid x n-grid
EV-057,64,2,6,21,0,21,1,even,42,,even_char; semisimple,defect_a_even_char,BLUEPRINT A.7.1 even q-grid x n-grid
EV-057,64,2,6,21,0,21,1,even,43,,even_char; semisimple,defect_a_even_char,BLUEPRINT A.7.1 even q-grid x n-grid
EV-057,64,2,6,21,0,21,1,even,44,,even_char; semisimple,defect_a_even_char,BLUEPRINT A.7.1 even q-grid x n-grid
EV-057,64,2,6,21,0,21,1,even,45,,even_char; semisimple,defect_a_even_char,BLUEPRINT A.7.1 even q-grid x n-grid
EV-057,64,2,6,21,0,21,1,even,46,,even_char; semisimple,defect_a_even_char,BLUEPRINT A.7.1 even q-grid x n-grid
EV-057,64,2,6,21,0,21,1,even,47,,even_char; semisimple,defect_a_even_char,BLUEPRINT A.7.1 even q-grid x n-grid
EV-057,64,2,6,21,0,21,1,even,48,,even_char; semisimple,defect_a_even_char,BLUEPRINT A.7.1 even q-grid x n-grid
EV-057,64,2,6,21,0,21,1,even,49,,even_char; semisimple,defect_a_even_char,BLUEPRINT A.7.1 even q-grid x n-grid
EV-057,64,2,6,21,0,21,1,even,50,,even_char; semisimple,defect_a_even_char,BLUEPRINT A.7.1 even q-grid x n-grid
EV-057,64,2,6,21,0,21,1,even,51,,even_char; semisimple,defect_a_even_char,BLUEPRINT A.7.1 even q-grid x n-grid
EV-057,64,2,6,21,0,21,1,even,52,,even_char; semisimple,defect_a_even_char,BLUEPRINT A.7.1 even q-grid x n-grid
EV-057,64,2,6,21,0,21,1,even,53,,even_char; semisimple,defect_a_even_char,BLUEPRINT A.7.1 even q-grid x n-grid
EV-057,64,2,6,21,0,21,1,even,54,,even_char; semisimple,defect_a_even_char,BLUEPRINT A.7.1 even q-grid x n-grid
EV-057,64,2,6,21,0,21,1,even,55,,even_char; semisimple,defect_a_even_char,BLUEPRINT A.7.1 even q-grid x n-grid
EV-057,64,2,6,21,0,21,1,even,56,,even_char; semisimple,defect_a_even_char,BLUEPRINT A.7.1 even q-grid x n-grid
EV-057,64,2,6,21,0,21,1,even,57,,even_char; semisimple,defect_a_even_char,BLUEPRINT A.7.1 even q-grid x n-grid
EV-057,64,2,6,21,0,21,1,even,58,,even_char; semisimple,defect_a_even_char,BLUEPRINT A.7.1 even q-grid x n-grid
EV-057,64,2,6,21,0,21,1,even,59,,even_char; semisimple,defect_a_even_char,BLUEPRINT A.7.1 even q-grid x n-grid
EV-057,64,2,6,21,0,21,1,even,60,,even_char; semisimple,defect_a_even_char,BLUEPRINT A.7.1 even q-grid x n-grid
EV-057,64,2,6,21,0,21,1,even,61,,even_char; semisimple,defect_a_even_char,BLUEPRINT A.7.1 even q-grid x n-grid
EV-057,64,2,6,21,0,21,1,even,62,,even_char; semisimple,defect_a_even_char,BLUEPRINT A.7.1 even q-grid x n-grid
EV-058,64,2,6,25,0,25,1,even,0,,even_char; semisimple,defect_a_even_char,BLUEPRINT A.7.1 even q-grid x n-grid
EV-058,64,2,6,25,0,25,1,even,1,,even_char; semisimple,defect_a_even_char,BLUEPRINT A.7.1 even q-grid x n-grid
EV-058,64,2,6,25,0,25,1,even,2,,even_char; semisimple,defect_a_even_char,BLUEPRINT A.7.1 even q-grid x n-grid
EV-058,64,2,6,25,0,25,1,even,3,,even_char; semisimple,defect_a_even_char,BLUEPRINT A.7.1 even q-grid x n-grid
EV-058,64,2,6,25,0,25,1,even,4,,even_char; semisimple,defect_a_even_char,BLUEPRINT A.7.1 even q-grid x n-grid
EV-058,64,2,6,25,0,25,1,even,5,,even_char; semisimple,defect_a_even_char,BLUEPRINT A.7.1 even q-grid x n-grid
EV-058,64,2,6,25,0,25,1,even,6,,even_char; semisimple,defect_a_even_char,BLUEPRINT A.7.1 even q-grid x n-grid
EV-058,64,2,6,25,0,25,1,even,7,,even_char; semisimple,defect_a_even_char,BLUEPRINT A.7.1 even q-grid x n-grid
EV-058,64,2,6,25,0,25,1,even,8,,even_char; semisimple,defect_a_even_char,BLUEPRINT A.7.1 even q-grid x n-grid
EV-058,64,2,6,25,0,25,1,even,9,,even_char; semisimple,defect_a_even_char,BLUEPRINT A.7.1 even q-grid x n-grid
EV-058,64,2,6,25,0,25,1,even,10,,even_char; semisimple,defect_a_even_char,BLUEPRINT A.7.1 even q-grid x n-grid
EV-058,64,2,6,25,0,25,1,even,11,,even_char; semisimple,defect_a_even_char,BLUEPRINT A.7.1 even q-grid x n-grid
EV-058,64,2,6,25,0,25,1,even,12,,even_char; semisimple,defect_a_even_char,BLUEPRINT A.7.1 even q-grid x n-grid
EV-058,64,2,6,25,0,25,1,even,13,,even_char; semisimple,defect_a_even_char,BLUEPRINT A.7.1 even q-grid x n-grid
EV-058,64,2,6,25,0,25,1,even,14,,even_char; semisimple,defect_a_even_char,BLUEPRINT A.7.1 even q-grid x n-grid
EV-058,64,2,6,25,0,25,1,even,15,,even_char; semisimple,defect_a_even_char,BLUEPRINT A.7.1 even q-grid x n-grid
EV-058,64,2,6,25,0,25,1,even,16,,even_char; semisimple,defect_a_even_char,BLUEPRINT A.7.1 even q-grid x n-grid
EV-058,64,2,6,25,0,25,1,even,17,,even_char; semisimple,defect_a_even_char,BLUEPRINT A.7.1 even q-grid x n-grid
EV-058,64,2,6,25,0,25,1,even,18,,even_char; semisimple,defect_a_even_char,BLUEPRINT A.7.1 even q-grid x n-grid
EV-058,64,2,6,25,0,25,1,even,19,,even_char; semisimple,defect_a_even_char,BLUEPRINT A.7.1 even q-grid x n-grid
EV-058,64,2,6,25,0,25,1,even,20,,even_char; semisimple,defect_a_even_char,BLUEPRINT A.7.1 even q-grid x n-grid
EV-058,64,2,6,25,0,25,1,even,21,,even_char; semisimple,defect_a_even_char,BLUEPRINT A.7.1 even q-grid x n-grid
EV-058,64,2,6,25,0,25,1,even,22,,even_char; semisimple,defect_a_even_char,BLUEPRINT A.7.1 even q-grid x n-grid
EV-058,64,2,6,25,0,25,1,even,23,,even_char; semisimple,defect_a_even_char,BLUEPRINT A.7.1 even q-grid x n-grid
EV-058,64,2,6,25,0,25,1,even,24,,even_char; semisimple,defect_a_even_char,BLUEPRINT A.7.1 even q-grid x n-grid
EV-058,64,2,6,25,0,25,1,even,25,,even_char; semisimple,defect_a_even_char,BLUEPRINT A.7.1 even q-grid x n-grid
EV-058,64,2,6,25,0,25,1,even,26,,even_char; semisimple,defect_a_even_char,BLUEPRINT A.7.1 even q-grid x n-grid
EV-058,64,2,6,25,0,25,1,even,27,,even_char; semisimple,defect_a_even_char,BLUEPRINT A.7.1 even q-grid x n-grid
EV-058,64,2,6,25,0,25,1,even,28,,even_char; semisimple,defect_a_even_char,BLUEPRINT A.7.1 even q-grid x n-grid
EV-058,64,2,6,25,0,25,1,even,29,,even_char; semisimple,defect_a_even_char,BLUEPRINT A.7.1 even q-grid x n-grid
EV-058,64,2,6,25,0,25,1,even,30,,even_char; semisimple,defect_a_even_char,BLUEPRINT A.7.1 even q-grid x n-grid
EV-058,64,2,6,25,0,25,1,even,31,,even_char; semisimple,defect_a_even_char,BLUEPRINT A.7.1 even q-grid x n-grid
EV-058,64,2,6,25,0,25,1,even,32,,even_char; semisimple,defect_a_even_char,BLUEPRINT A.7.1 even q-grid x n-grid
EV-058,64,2,6,25,0,25,1,even,33,,even_char; semisimple,defect_a_even_char,BLUEPRINT A.7.1 even q-grid x n-grid
EV-058,64,2,6,25,0,25,1,even,34,,even_char; semisimple,defect_a_even_char,BLUEPRINT A.7.1 even q-grid x n-grid
EV-058,64,2,6,25,0,25,1,even,35,,even_char; semisimple,defect_a_even_char,BLUEPRINT A.7.1 even q-grid x n-grid
EV-058,64,2,6,25,0,25,1,even,36,,even_char; semisimple,defect_a_even_char,BLUEPRINT A.7.1 even q-grid x n-grid
EV-058,64,2,6,25,0,25,1,even,37,,even_char; semisimple,defect_a_even_char,BLUEPRINT A.7.1 even q-grid x n-grid
EV-058,64,2,6,25,0,25,1,even,38,,even_char; semisimple,defect_a_even_char,BLUEPRINT A.7.1 even q-grid x n-grid
EV-058,64,2,6,25,0,25,1,even,39,,even_char; semisimple,defect_a_even_char,BLUEPRINT A.7.1 even q-grid x n-grid
EV-058,64,2,6,25,0,25,1,even,40,,even_char; semisimple,defect_a_even_char,BLUEPRINT A.7.1 even q-grid x n-grid
EV-058,64,2,6,25,0,25,1,even,41,,even_char; semisimple,defect_a_even_char,BLUEPRINT A.7.1 even q-grid x n-grid
EV-058,64,2,6,25,0,25,1,even,42,,even_char; semisimple,defect_a_even_char,BLUEPRINT A.7.1 even q-grid x n-grid
EV-058,64,2,6,25,0,25,1,even,43,,even_char; semisimple,defect_a_even_char,BLUEPRINT A.7.1 even q-grid x n-grid
EV-058,64,2,6,25,0,25,1,even,44,,even_char; semisimple,defect_a_even_char,BLUEPRINT A.7.1 even q-grid x n-grid
EV-058,64,2,6,25,0,25,1,even,45,,even_char; semisimple,defect_a_even_char,BLUEPRINT A.7.1 even q-grid x n-grid
EV-058,64,2,6,25,0,25,1,even,46,,even_char; semisimple,defect_a_even_char,BLUEPRINT A.7.1 even q-grid x n-grid
EV-058,64,2,6,25,0,25,1,even,47,,even_char; semisimple,defect_a_even_char,BLUEPRINT A.7.1 even q-grid x n-grid
EV-058,64,2,6,25,0,25,1,even,48,,even_char; semisimple,defect_a_even_char,BLUEPRINT A.7.1 even q-grid x n-grid
EV-058,64,2,6,25,0,25,1,even,49,,even_char; semisimple,defect_a_even_char,BLUEPRINT A.7.1 even q-grid x n-grid
EV-058,64,2,6,25,0,25,1,even,50,,even_char; semisimple,defect_a_even_char,BLUEPRINT A.7.1 even q-grid x n-grid
EV-058,64,2,6,25,0,25,1,even,51,,even_char; semisimple,defect_a_even_char,BLUEPRINT A.7.1 even q-grid x n-grid
EV-058,64,2,6,25,0,25,1,even,52,,even_char; semisimple,defect_a_even_char,BLUEPRINT A.7.1 even q-grid x n-grid
EV-058,64,2,6,25,0,25,1,even,53,,even_char; semisimple,defect_a_even_char,BLUEPRINT A.7.1 even q-grid x n-grid
EV-058,64,2,6,25,0,25,1,even,54,,even_char; semisimple,defect_a_even_char,BLUEPRINT A.7.1 even q-grid x n-grid
EV-058,64,2,6,25,0,25,1,even,55,,even_char; semisimple,defect_a_even_char,BLUEPRINT A.7.1 even q-grid x n-grid
EV-058,64,2,6,25,0,25,1,even,56,,even_char; semisimple,defect_a_even_char,BLUEPRINT A.7.1 even q-grid x n-grid
EV-058,64,2,6,25,0,25,1,even,57,,even_char; semisimple,defect_a_even_char,BLUEPRINT A.7.1 even q-grid x n-grid
EV-058,64,2,6,25,0,25,1,even,58,,even_char; semisimple,defect_a_even_char,BLUEPRINT A.7.1 even q-grid x n-grid
EV-058,64,2,6,25,0,25,1,even,59,,even_char; semisimple,defect_a_even_char,BLUEPRINT A.7.1 even q-grid x n-grid
EV-058,64,2,6,25,0,25,1,even,60,,even_char; semisimple,defect_a_even_char,BLUEPRINT A.7.1 even q-grid x n-grid
EV-058,64,2,6,25,0,25,1,even,61,,even_char; semisimple,defect_a_even_char,BLUEPRINT A.7.1 even q-grid x n-grid
EV-058,64,2,6,25,0,25,1,even,62,,even_char; semisimple,defect_a_even_char,BLUEPRINT A.7.1 even q-grid x n-grid
EV-059,64,2,6,31,0,31,1,even,0,,even_char; semisimple,defect_a_even_char,BLUEPRINT A.7.1 even q-grid x n-grid
EV-059,64,2,6,31,0,31,1,even,1,,even_char; semisimple,defect_a_even_char,BLUEPRINT A.7.1 even q-grid x n-grid
EV-059,64,2,6,31,0,31,1,even,2,,even_char; semisimple,defect_a_even_char,BLUEPRINT A.7.1 even q-grid x n-grid
EV-059,64,2,6,31,0,31,1,even,3,,even_char; semisimple,defect_a_even_char,BLUEPRINT A.7.1 even q-grid x n-grid
EV-059,64,2,6,31,0,31,1,even,4,,even_char; semisimple,defect_a_even_char,BLUEPRINT A.7.1 even q-grid x n-grid
EV-059,64,2,6,31,0,31,1,even,5,,even_char; semisimple,defect_a_even_char,BLUEPRINT A.7.1 even q-grid x n-grid
EV-059,64,2,6,31,0,31,1,even,6,,even_char; semisimple,defect_a_even_char,BLUEPRINT A.7.1 even q-grid x n-grid
EV-059,64,2,6,31,0,31,1,even,7,,even_char; semisimple,defect_a_even_char,BLUEPRINT A.7.1 even q-grid x n-grid
EV-059,64,2,6,31,0,31,1,even,8,,even_char; semisimple,defect_a_even_char,BLUEPRINT A.7.1 even q-grid x n-grid
EV-059,64,2,6,31,0,31,1,even,9,,even_char; semisimple,defect_a_even_char,BLUEPRINT A.7.1 even q-grid x n-grid
EV-059,64,2,6,31,0,31,1,even,10,,even_char; semisimple,defect_a_even_char,BLUEPRINT A.7.1 even q-grid x n-grid
EV-059,64,2,6,31,0,31,1,even,11,,even_char; semisimple,defect_a_even_char,BLUEPRINT A.7.1 even q-grid x n-grid
EV-059,64,2,6,31,0,31,1,even,12,,even_char; semisimple,defect_a_even_char,BLUEPRINT A.7.1 even q-grid x n-grid
EV-059,64,2,6,31,0,31,1,even,13,,even_char; semisimple,defect_a_even_char,BLUEPRINT A.7.1 even q-grid x n-grid
EV-059,64,2,6,31,0,31,1,even,14,,even_char; semisimple,defect_a_even_char,BLUEPRINT A.7.1 even q-grid x n-grid
EV-059,64,2,6,31,0,31,1,even,15,,even_char; semisimple,defect_a_even_char,BLUEPRINT A.7.1 even q-grid x n-grid
EV-059,64,2,6,31,0,31,1,even,16,,even_char; semisimple,defect_a_even_char,BLUEPRINT A.7.1 even q-grid x n-grid
EV-059,64,2,6,31,0,31,1,even,17,,even_char; semisimple,defect_a_even_char,BLUEPRINT A.7.1 even q-grid x n-grid
EV-059,64,2,6,31,0,31,1,even,18,,even_char; semisimple,defect_a_even_char,BLUEPRINT A.7.1 even q-grid x n-grid
EV-059,64,2,6,31,0,31,1,even,19,,even_char; semisimple,defect_a_even_char,BLUEPRINT A.7.1 even q-grid x n-grid
EV-059,64,2,6,31,0,31,1,even,20,,even_char; semisimple,defect_a_even_char,BLUEPRINT A.7.1 even q-grid x n-grid
EV-059,64,2,6,31,0,31,1,even,21,,even_char; semisimple,defect_a_even_char,BLUEPRINT A.7.1 even q-grid x n-grid
EV-059,64,2,6,31,0,31,1,even,22,,even_char; semisimple,defect_a_even_char,BLUEPRINT A.7.1 even q-grid x n-grid
EV-059,64,2,6,31,0,31,1,even,23,,even_char; semisimple,defect_a_even_char,BLUEPRINT A.7.1 even q-grid x n-grid
EV-059,64,2,6,31,0,31,1,even,24,,even_char; semisimple,defect_a_even_char,BLUEPRINT A.7.1 even q-grid x n-grid
EV-059,64,2,6,31,0,31,1,even,25,,even_char; semisimple,defect_a_even_char,BLUEPRINT A.7.1 even q-grid x n-grid
EV-059,64,2,6,31,0,31,1,even,26,,even_char; semisimple,defect_a_even_char,BLUEPRINT A.7.1 even q-grid x n-grid
EV-059,64,2,6,31,0,31,1,even,27,,even_char; semisimple,defect_a_even_char,BLUEPRINT A.7.1 even q-grid x n-grid
EV-059,64,2,6,31,0,31,1,even,28,,even_char; semisimple,defect_a_even_char,BLUEPRINT A.7.1 even q-grid x n-grid
EV-059,64,2,6,31,0,31,1,even,29,,even_char; semisimple,defect_a_even_char,BLUEPRINT A.7.1 even q-grid x n-grid
EV-059,64,2,6,31,0,31,1,even,30,,even_char; semisimple,defect_a_even_char,BLUEPRINT A.7.1 even q-grid x n-grid
EV-059,64,2,6,31,0,31,1,even,31,,even_char; semisimple,defect_a_even_char,BLUEPRINT A.7.1 even q-grid x n-grid
EV-059,64,2,6,31,0,31,1,even,32,,even_char; semisimple,defect_a_even_char,BLUEPRINT A.7.1 even q-grid x n-grid
EV-059,64,2,6,31,0,31,1,even,33,,even_char; semisimple,defect_a_even_char,BLUEPRINT A.7.1 even q-grid x n-grid
EV-059,64,2,6,31,0,31,1,even,34,,even_char; semisimple,defect_a_even_char,BLUEPRINT A.7.1 even q-grid x n-grid
EV-059,64,2,6,31,0,31,1,even,35,,even_char; semisimple,defect_a_even_char,BLUEPRINT A.7.1 even q-grid x n-grid
EV-059,64,2,6,31,0,31,1,even,36,,even_char; semisimple,defect_a_even_char,BLUEPRINT A.7.1 even q-grid x n-grid
EV-059,64,2,6,31,0,31,1,even,37,,even_char; semisimple,defect_a_even_char,BLUEPRINT A.7.1 even q-grid x n-grid
EV-059,64,2,6,31,0,31,1,even,38,,even_char; semisimple,defect_a_even_char,BLUEPRINT A.7.1 even q-grid x n-grid
EV-059,64,2,6,31,0,31,1,even,39,,even_char; semisimple,defect_a_even_char,BLUEPRINT A.7.1 even q-grid x n-grid
EV-059,64,2,6,31,0,31,1,even,40,,even_char; semisimple,defect_a_even_char,BLUEPRINT A.7.1 even q-grid x n-grid
EV-059,64,2,6,31,0,31,1,even,41,,even_char; semisimple,defect_a_even_char,BLUEPRINT A.7.1 even q-grid x n-grid
EV-059,64,2,6,31,0,31,1,even,42,,even_char; semisimple,defect_a_even_char,BLUEPRINT A.7.1 even q-grid x n-grid
EV-059,64,2,6,31,0,31,1,even,43,,even_char; semisimple,defect_a_even_char,BLUEPRINT A.7.1 even q-grid x n-grid
EV-059,64,2,6,31,0,31,1,even,44,,even_char; semisimple,defect_a_even_char,BLUEPRINT A.7.1 even q-grid x n-grid
EV-059,64,2,6,31,0,31,1,even,45,,even_char; semisimple,defect_a_even_char,BLUEPRINT A.7.1 even q-grid x n-grid
EV-059,64,2,6,31,0,31,1,even,46,,even_char; semisimple,defect_a_even_char,BLUEPRINT A.7.1 even q-grid x n-grid
EV-059,64,2,6,31,0,31,1,even,47,,even_char; semisimple,defect_a_even_char,BLUEPRINT A.7.1 even q-grid x n-grid
EV-059,64,2,6,31,0,31,1,even,48,,even_char; semisimple,defect_a_even_char,BLUEPRINT A.7.1 even q-grid x n-grid
EV-059,64,2,6,31,0,31,1,even,49,,even_char; semisimple,defect_a_even_char,BLUEPRINT A.7.1 even q-grid x n-grid
EV-059,64,2,6,31,0,31,1,even,50,,even_char; semisimple,defect_a_even_char,BLUEPRINT A.7.1 even q-grid x n-grid
EV-059,64,2,6,31,0,31,1,even,51,,even_char; semisimple,defect_a_even_char,BLUEPRINT A.7.1 even q-grid x n-grid
EV-059,64,2,6,31,0,31,1,even,52,,even_char; semisimple,defect_a_even_char,BLUEPRINT A.7.1 even q-grid x n-grid
EV-059,64,2,6,31,0,31,1,even,53,,even_char; semisimple,defect_a_even_char,BLUEPRINT A.7.1 even q-grid x n-grid
EV-059,64,2,6,31,0,31,1,even,54,,even_char; semisimple,defect_a_even_char,BLUEPRINT A.7.1 even q-grid x n-grid
EV-059,64,2,6,31,0,31,1,even,55,,even_char; semisimple,defect_a_even_char,BLUEPRINT A.7.1 even q-grid x n-grid
EV-059,64,2,6,31,0,31,1,even,56,,even_char; semisimple,defect_a_even_char,BLUEPRINT A.7.1 even q-grid x n-grid
EV-059,64,2,6,31,0,31,1,even,57,,even_char; semisimple,defect_a_even_char,BLUEPRINT A.7.1 even q-grid x n-grid
EV-059,64,2,6,31,0,31,1,even,58,,even_char; semisimple,defect_a_even_char,BLUEPRINT A.7.1 even q-grid x n-grid
EV-059,64,2,6,31,0,31,1,even,59,,even_char; semisimple,defect_a_even_char,BLUEPRINT A.7.1 even q-grid x n-grid
EV-059,64,2,6,31,0,31,1,even,60,,even_char; semisimple,defect_a_even_char,BLUEPRINT A.7.1 even q-grid x n-grid
EV-059,64,2,6,31,0,31,1,even,61,,even_char; semisimple,defect_a_even_char,BLUEPRINT A.7.1 even q-grid x n-grid
EV-059,64,2,6,31,0,31,1,even,62,,even_char; semisimple,defect_a_even_char,BLUEPRINT A.7.1 even q-grid x n-grid
EV-060,64,2,6,35,0,35,1,even,0,,even_char; semisimple,defect_a_even_char,BLUEPRINT A.7.1 even q-grid x n-grid
EV-060,64,2,6,35,0,35,1,even,1,,even_char; semisimple,defect_a_even_char,BLUEPRINT A.7.1 even q-grid x n-grid
EV-060,64,2,6,35,0,35,1,even,2,,even_char; semisimple,defect_a_even_char,BLUEPRINT A.7.1 even q-grid x n-grid
EV-060,64,2,6,35,0,35,1,even,3,,even_char; semisimple,defect_a_even_char,BLUEPRINT A.7.1 even q-grid x n-grid
EV-060,64,2,6,35,0,35,1,even,4,,even_char; semisimple,defect_a_even_char,BLUEPRINT A.7.1 even q-grid x n-grid
EV-060,64,2,6,35,0,35,1,even,5,,even_char; semisimple,defect_a_even_char,BLUEPRINT A.7.1 even q-grid x n-grid
EV-060,64,2,6,35,0,35,1,even,6,,even_char; semisimple,defect_a_even_char,BLUEPRINT A.7.1 even q-grid x n-grid
EV-060,64,2,6,35,0,35,1,even,7,,even_char; semisimple,defect_a_even_char,BLUEPRINT A.7.1 even q-grid x n-grid
EV-060,64,2,6,35,0,35,1,even,8,,even_char; semisimple,defect_a_even_char,BLUEPRINT A.7.1 even q-grid x n-grid
EV-060,64,2,6,35,0,35,1,even,9,,even_char; semisimple,defect_a_even_char,BLUEPRINT A.7.1 even q-grid x n-grid
EV-060,64,2,6,35,0,35,1,even,10,,even_char; semisimple,defect_a_even_char,BLUEPRINT A.7.1 even q-grid x n-grid
EV-060,64,2,6,35,0,35,1,even,11,,even_char; semisimple,defect_a_even_char,BLUEPRINT A.7.1 even q-grid x n-grid
EV-060,64,2,6,35,0,35,1,even,12,,even_char; semisimple,defect_a_even_char,BLUEPRINT A.7.1 even q-grid x n-grid
EV-060,64,2,6,35,0,35,1,even,13,,even_char; semisimple,defect_a_even_char,BLUEPRINT A.7.1 even q-grid x n-grid
EV-060,64,2,6,35,0,35,1,even,14,,even_char; semisimple,defect_a_even_char,BLUEPRINT A.7.1 even q-grid x n-grid
EV-060,64,2,6,35,0,35,1,even,15,,even_char; semisimple,defect_a_even_char,BLUEPRINT A.7.1 even q-grid x n-grid
EV-060,64,2,6,35,0,35,1,even,16,,even_char; semisimple,defect_a_even_char,BLUEPRINT A.7.1 even q-grid x n-grid
EV-060,64,2,6,35,0,35,1,even,17,,even_char; semisimple,defect_a_even_char,BLUEPRINT A.7.1 even q-grid x n-grid
EV-060,64,2,6,35,0,35,1,even,18,,even_char; semisimple,defect_a_even_char,BLUEPRINT A.7.1 even q-grid x n-grid
EV-060,64,2,6,35,0,35,1,even,19,,even_char; semisimple,defect_a_even_char,BLUEPRINT A.7.1 even q-grid x n-grid
EV-060,64,2,6,35,0,35,1,even,20,,even_char; semisimple,defect_a_even_char,BLUEPRINT A.7.1 even q-grid x n-grid
EV-060,64,2,6,35,0,35,1,even,21,,even_char; semisimple,defect_a_even_char,BLUEPRINT A.7.1 even q-grid x n-grid
EV-060,64,2,6,35,0,35,1,even,22,,even_char; semisimple,defect_a_even_char,BLUEPRINT A.7.1 even q-grid x n-grid
EV-060,64,2,6,35,0,35,1,even,23,,even_char; semisimple,defect_a_even_char,BLUEPRINT A.7.1 even q-grid x n-grid
EV-060,64,2,6,35,0,35,1,even,24,,even_char; semisimple,defect_a_even_char,BLUEPRINT A.7.1 even q-grid x n-grid
EV-060,64,2,6,35,0,35,1,even,25,,even_char; semisimple,defect_a_even_char,BLUEPRINT A.7.1 even q-grid x n-grid
EV-060,64,2,6,35,0,35,1,even,26,,even_char; semisimple,defect_a_even_char,BLUEPRINT A.7.1 even q-grid x n-grid
EV-060,64,2,6,35,0,35,1,even,27,,even_char; semisimple,defect_a_even_char,BLUEPRINT A.7.1 even q-grid x n-grid
EV-060,64,2,6,35,0,35,1,even,28,,even_char; semisimple,defect_a_even_char,BLUEPRINT A.7.1 even q-grid x n-grid
EV-060,64,2,6,35,0,35,1,even,29,,even_char; semisimple,defect_a_even_char,BLUEPRINT A.7.1 even q-grid x n-grid
EV-060,64,2,6,35,0,35,1,even,30,,even_char; semisimple,defect_a_even_char,BLUEPRINT A.7.1 even q-grid x n-grid
EV-060,64,2,6,35,0,35,1,even,31,,even_char; semisimple,defect_a_even_char,BLUEPRINT A.7.1 even q-grid x n-grid
EV-060,64,2,6,35,0,35,1,even,32,,even_char; semisimple,defect_a_even_char,BLUEPRINT A.7.1 even q-grid x n-grid
EV-060,64,2,6,35,0,35,1,even,33,,even_char; semisimple,defect_a_even_char,BLUEPRINT A.7.1 even q-grid x n-grid
EV-060,64,2,6,35,0,35,1,even,34,,even_char; semisimple,defect_a_even_char,BLUEPRINT A.7.1 even q-grid x n-grid
EV-060,64,2,6,35,0,35,1,even,35,,even_char; semisimple,defect_a_even_char,BLUEPRINT A.7.1 even q-grid x n-grid
EV-060,64,2,6,35,0,35,1,even,36,,even_char; semisimple,defect_a_even_char,BLUEPRINT A.7.1 even q-grid x n-grid
EV-060,64,2,6,35,0,35,1,even,37,,even_char; semisimple,defect_a_even_char,BLUEPRINT A.7.1 even q-grid x n-grid
EV-060,64,2,6,35,0,35,1,even,38,,even_char; semisimple,defect_a_even_char,BLUEPRINT A.7.1 even q-grid x n-grid
EV-060,64,2,6,35,0,35,1,even,39,,even_char; semisimple,defect_a_even_char,BLUEPRINT A.7.1 even q-grid x n-grid
EV-060,64,2,6,35,0,35,1,even,40,,even_char; semisimple,defect_a_even_char,BLUEPRINT A.7.1 even q-grid x n-grid
EV-060,64,2,6,35,0,35,1,even,41,,even_char; semisimple,defect_a_even_char,BLUEPRINT A.7.1 even q-grid x n-grid
EV-060,64,2,6,35,0,35,1,even,42,,even_char; semisimple,defect_a_even_char,BLUEPRINT A.7.1 even q-grid x n-grid
EV-060,64,2,6,35,0,35,1,even,43,,even_char; semisimple,defect_a_even_char,BLUEPRINT A.7.1 even q-grid x n-grid
EV-060,64,2,6,35,0,35,1,even,44,,even_char; semisimple,defect_a_even_char,BLUEPRINT A.7.1 even q-grid x n-grid
EV-060,64,2,6,35,0,35,1,even,45,,even_char; semisimple,defect_a_even_char,BLUEPRINT A.7.1 even q-grid x n-grid
EV-060,64,2,6,35,0,35,1,even,46,,even_char; semisimple,defect_a_even_char,BLUEPRINT A.7.1 even q-grid x n-grid
EV-060,64,2,6,35,0,35,1,even,47,,even_char; semisimple,defect_a_even_char,BLUEPRINT A.7.1 even q-grid x n-grid
EV-060,64,2,6,35,0,35,1,even,48,,even_char; semisimple,defect_a_even_char,BLUEPRINT A.7.1 even q-grid x n-grid
EV-060,64,2,6,35,0,35,1,even,49,,even_char; semisimple,defect_a_even_char,BLUEPRINT A.7.1 even q-grid x n-grid
EV-060,64,2,6,35,0,35,1,even,50,,even_char; semisimple,defect_a_even_char,BLUEPRINT A.7.1 even q-grid x n-grid
EV-060,64,2,6,35,0,35,1,even,51,,even_char; semisimple,defect_a_even_char,BLUEPRINT A.7.1 even q-grid x n-grid
EV-060,64,2,6,35,0,35,1,even,52,,even_char; semisimple,defect_a_even_char,BLUEPRINT A.7.1 even q-grid x n-grid
EV-060,64,2,6,35,0,35,1,even,53,,even_char; semisimple,defect_a_even_char,BLUEPRINT A.7.1 even q-grid x n-grid
EV-060,64,2,6,35,0,35,1,even,54,,even_char; semisimple,defect_a_even_char,BLUEPRINT A.7.1 even q-grid x n-grid
EV-060,64,2,6,35,0,35,1,even,55,,even_char; semisimple,defect_a_even_char,BLUEPRINT A.7.1 even q-grid x n-grid
EV-060,64,2,6,35,0,35,1,even,56,,even_char; semisimple,defect_a_even_char,BLUEPRINT A.7.1 even q-grid x n-grid
EV-060,64,2,6,35,0,35,1,even,57,,even_char; semisimple,defect_a_even_char,BLUEPRINT A.7.1 even q-grid x n-grid
EV-060,64,2,6,35,0,35,1,even,58,,even_char; semisimple,defect_a_even_char,BLUEPRINT A.7.1 even q-grid x n-grid
EV-060,64,2,6,35,0,35,1,even,59,,even_char; semisimple,defect_a_even_char,BLUEPRINT A.7.1 even q-grid x n-grid
EV-060,64,2,6,35,0,35,1,even,60,,even_char; semisimple,defect_a_even_char,BLUEPRINT A.7.1 even q-grid x n-grid
EV-060,64,2,6,35,0,35,1,even,61,,even_char; semisimple,defect_a_even_char,BLUEPRINT A.7.1 even q-grid x n-grid
EV-060,64,2,6,35,0,35,1,even,62,,even_char; semisimple,defect_a_even_char,BLUEPRINT A.7.1 even q-grid x n-grid
EV-061,256,2,8,3,0,3,1,even,0,,even_char; semisimple,defect_a_even_char,BLUEPRINT A.7.1 even q-grid x n-grid
EV-061,256,2,8,3,0,3,1,even,1,,even_char; semisimple,defect_a_even_char,BLUEPRINT A.7.1 even q-grid x n-grid
EV-061,256,2,8,3,0,3,1,even,2,,even_char; semisimple,defect_a_even_char,BLUEPRINT A.7.1 even q-grid x n-grid
EV-061,256,2,8,3,0,3,1,even,3,,even_char; semisimple,defect_a_even_char,BLUEPRINT A.7.1 even q-grid x n-grid
EV-061,256,2,8,3,0,3,1,even,4,,even_char; semisimple,defect_a_even_char,BLUEPRINT A.7.1 even q-grid x n-grid
EV-061,256,2,8,3,0,3,1,even,5,,even_char; semisimple,defect_a_even_char,BLUEPRINT A.7.1 even q-grid x n-grid
EV-061,256,2,8,3,0,3,1,even,6,,even_char; semisimple,defect_a_even_char,BLUEPRINT A.7.1 even q-grid x n-grid
EV-061,256,2,8,3,0,3,1,even,7,,even_char; semisimple,defect_a_even_char,BLUEPRINT A.7.1 even q-grid x n-grid
EV-061,256,2,8,3,0,3,1,even,8,,even_char; semisimple,defect_a_even_char,BLUEPRINT A.7.1 even q-grid x n-grid
EV-061,256,2,8,3,0,3,1,even,9,,even_char; semisimple,defect_a_even_char,BLUEPRINT A.7.1 even q-grid x n-grid
EV-061,256,2,8,3,0,3,1,even,10,,even_char; semisimple,defect_a_even_char,BLUEPRINT A.7.1 even q-grid x n-grid
EV-061,256,2,8,3,0,3,1,even,11,,even_char; semisimple,defect_a_even_char,BLUEPRINT A.7.1 even q-grid x n-grid
EV-061,256,2,8,3,0,3,1,even,12,,even_char; semisimple,defect_a_even_char,BLUEPRINT A.7.1 even q-grid x n-grid
EV-061,256,2,8,3,0,3,1,even,13,,even_char; semisimple,defect_a_even_char,BLUEPRINT A.7.1 even q-grid x n-grid
EV-061,256,2,8,3,0,3,1,even,14,,even_char; semisimple,defect_a_even_char,BLUEPRINT A.7.1 even q-grid x n-grid
EV-061,256,2,8,3,0,3,1,even,15,,even_char; semisimple,defect_a_even_char,BLUEPRINT A.7.1 even q-grid x n-grid
EV-061,256,2,8,3,0,3,1,even,16,,even_char; semisimple,defect_a_even_char,BLUEPRINT A.7.1 even q-grid x n-grid
EV-061,256,2,8,3,0,3,1,even,17,,even_char; semisimple,defect_a_even_char,BLUEPRINT A.7.1 even q-grid x n-grid
EV-061,256,2,8,3,0,3,1,even,18,,even_char; semisimple,defect_a_even_char,BLUEPRINT A.7.1 even q-grid x n-grid
EV-061,256,2,8,3,0,3,1,even,19,,even_char; semisimple,defect_a_even_char,BLUEPRINT A.7.1 even q-grid x n-grid
EV-061,256,2,8,3,0,3,1,even,20,,even_char; semisimple,defect_a_even_char,BLUEPRINT A.7.1 even q-grid x n-grid
EV-061,256,2,8,3,0,3,1,even,21,,even_char; semisimple,defect_a_even_char,BLUEPRINT A.7.1 even q-grid x n-grid
EV-061,256,2,8,3,0,3,1,even,22,,even_char; semisimple,defect_a_even_char,BLUEPRINT A.7.1 even q-grid x n-grid
EV-061,256,2,8,3,0,3,1,even,23,,even_char; semisimple,defect_a_even_char,BLUEPRINT A.7.1 even q-grid x n-grid
EV-061,256,2,8,3,0,3,1,even,24,,even_char; semisimple,defect_a_even_char,BLUEPRINT A.7.1 even q-grid x n-grid
EV-061,256,2,8,3,0,3,1,even,25,,even_char; semisimple,defect_a_even_char,BLUEPRINT A.7.1 even q-grid x n-grid
EV-061,256,2,8,3,0,3,1,even,26,,even_char; semisimple,defect_a_even_char,BLUEPRINT A.7.1 even q-grid x n-grid
EV-061,256,2,8,3,0,3,1,even,27,,even_char; semisimple,defect_a_even_char,BLUEPRINT A.7.1 even q-grid x n-grid
EV-061,256,2,8,3,0,3,1,even,28,,even_char; semisimple,defect_a_even_char,BLUEPRINT A.7.1 even q-grid x n-grid
EV-061,256,2,8,3,0,3,1,even,29,,even_char; semisimple,defect_a_even_char,BLUEPRINT A.7.1 even q-grid x n-grid
EV-061,256,2,8,3,0,3,1,even,30,,even_char; semisimple,defect_a_even_char,BLUEPRINT A.7.1 even q-grid x n-grid
EV-061,256,2,8,3,0,3,1,even,31,,even_char; semisimple,defect_a_even_char,BLUEPRINT A.7.1 even q-grid x n-grid
EV-061,256,2,8,3,0,3,1,even,32,,even_char; semisimple,defect_a_even_char,BLUEPRINT A.7.1 even q-grid x n-grid
EV-061,256,2,8,3,0,3,1,even,33,,even_char; semisimple,defect_a_even_char,BLUEPRINT A.7.1 even q-grid x n-grid
EV-061,256,2,8,3,0,3,1,even,34,,even_char; semisimple,defect_a_even_char,BLUEPRINT A.7.1 even q-grid x n-grid
EV-061,256,2,8,3,0,3,1,even,35,,even_char; semisimple,defect_a_even_char,BLUEPRINT A.7.1 even q-grid x n-grid
EV-061,256,2,8,3,0,3,1,even,36,,even_char; semisimple,defect_a_even_char,BLUEPRINT A.7.1 even q-grid x n-grid
EV-061,256,2,8,3,0,3,1,even,37,,even_char; semisimple,defect_a_even_char,BLUEPRINT A.7.1 even q-grid x n-grid
EV-061,256,2,8,3,0,3,1,even,38,,even_char; semisimple,defect_a_even_char,BLUEPRINT A.7.1 even q-grid x n-grid
EV-061,256,2,8,3,0,3,1,even,39,,even_char; semisimple,defect_a_even_char,BLUEPRINT A.7.1 even q-grid x n-grid
EV-061,256,2,8,3,0,3,1,even,40,,even_char; semisimple,defect_a_even_char,BLUEPRINT A.7.1 even q-grid x n-grid
EV-061,256,2,8,3,0,3,1,even,41,,even_char; semisimple,defect_a_even_char,BLUEPRINT A.7.1 even q-grid x n-grid
EV-061,256,2,8,3,0,3,1,even,42,,even_char; semisimple,defect_a_even_char,BLUEPRINT A.7.1 even q-grid x n-grid
EV-061,256,2,8,3,0,3,1,even,43,,even_char; semisimple,defect_a_even_char,BLUEPRINT A.7.1 even q-grid x n-grid
EV-061,256,2,8,3,0,3,1,even,44,,even_char; semisimple,defect_a_even_char,BLUEPRINT A.7.1 even q-grid x n-grid
EV-061,256,2,8,3,0,3,1,even,45,,even_char; semisimple,defect_a_even_char,BLUEPRINT A.7.1 even q-grid x n-grid
EV-061,256,2,8,3,0,3,1,even,46,,even_char; semisimple,defect_a_even_char,BLUEPRINT A.7.1 even q-grid x n-grid
EV-061,256,2,8,3,0,3,1,even,47,,even_char; semisimple,defect_a_even_char,BLUEPRINT A.7.1 even q-grid x n-grid
EV-061,256,2,8,3,0,3,1,even,48,,even_char; semisimple,defect_a_even_char,BLUEPRINT A.7.1 even q-grid x n-grid
EV-061,256,2,8,3,0,3,1,even,49,,even_char; semisimple,defect_a_even_char,BLUEPRINT A.7.1 even q-grid x n-grid
EV-061,256,2,8,3,0,3,1,even,50,,even_char; semisimple,defect_a_even_char,BLUEPRINT A.7.1 even q-grid x n-grid
EV-061,256,2,8,3,0,3,1,even,51,,even_char; semisimple,defect_a_even_char,BLUEPRINT A.7.1 even q-grid x n-grid
EV-061,256,2,8,3,0,3,1,even,52,,even_char; semisimple,defect_a_even_char,BLUEPRINT A.7.1 even q-grid x n-grid
EV-061,256,2,8,3,0,3,1,even,53,,even_char; semisimple,defect_a_even_char,BLUEPRINT A.7.1 even q-grid x n-grid
EV-061,256,2,8,3,0,3,1,even,54,,even_char; semisimple,defect_a_even_char,BLUEPRINT A.7.1 even q-grid x n-grid
EV-061,256,2,8,3,0,3,1,even,55,,even_char; semisimple,defect_a_even_char,BLUEPRINT A.7.1 even q-grid x n-grid
EV-061,256,2,8,3,0,3,1,even,56,,even_char; semisimple,defect_a_even_char,BLUEPRINT A.7.1 even q-grid x n-grid
EV-061,256,2,8,3,0,3,1,even,57,,even_char; semisimple,defect_a_even_char,BLUEPRINT A.7.1 even q-grid x n-grid
EV-061,256,2,8,3,0,3,1,even,58,,even_char; semisimple,defect_a_even_char,BLUEPRINT A.7.1 even q-grid x n-grid
EV-061,256,2,8,3,0,3,1,even,59,,even_char; semisimple,defect_a_even_char,BLUEPRINT A.7.1 even q-grid x n-grid
EV-061,256,2,8,3,0,3,1,even,60,,even_char; semisimple,defect_a_even_char,BLUEPRINT A.7.1 even q-grid x n-grid
EV-061,256,2,8,3,0,3,1,even,61,,even_char; semisimple,defect_a_even_char,BLUEPRINT A.7.1 even q-grid x n-grid
EV-061,256,2,8,3,0,3,1,even,62,,even_char; semisimple,defect_a_even_char,BLUEPRINT A.7.1 even q-grid x n-grid
EV-061,256,2,8,3,0,3,1,even,63,,even_char; semisimple,defect_a_even_char,BLUEPRINT A.7.1 even q-grid x n-grid
EV-061,256,2,8,3,0,3,1,even,64,,even_char; semisimple,defect_a_even_char,BLUEPRINT A.7.1 even q-grid x n-grid
EV-061,256,2,8,3,0,3,1,even,65,,even_char; semisimple,defect_a_even_char,BLUEPRINT A.7.1 even q-grid x n-grid
EV-061,256,2,8,3,0,3,1,even,66,,even_char; semisimple,defect_a_even_char,BLUEPRINT A.7.1 even q-grid x n-grid
EV-061,256,2,8,3,0,3,1,even,67,,even_char; semisimple,defect_a_even_char,BLUEPRINT A.7.1 even q-grid x n-grid
EV-061,256,2,8,3,0,3,1,even,68,,even_char; semisimple,defect_a_even_char,BLUEPRINT A.7.1 even q-grid x n-grid
EV-061,256,2,8,3,0,3,1,even,69,,even_char; semisimple,defect_a_even_char,BLUEPRINT A.7.1 even q-grid x n-grid
EV-061,256,2,8,3,0,3,1,even,70,,even_char; semisimple,defect_a_even_char,BLUEPRINT A.7.1 even q-grid x n-grid
EV-061,256,2,8,3,0,3,1,even,71,,even_char; semisimple,defect_a_even_char,BLUEPRINT A.7.1 even q-grid x n-grid
EV-061,256,2,8,3,0,3,1,even,72,,even_char; semisimple,defect_a_even_char,BLUEPRINT A.7.1 even q-grid x n-grid
EV-061,256,2,8,3,0,3,1,even,73,,even_char; semisimple,defect_a_even_char,BLUEPRINT A.7.1 even q-grid x n-grid
EV-061,256,2,8,3,0,3,1,even,74,,even_char; semisimple,defect_a_even_char,BLUEPRINT A.7.1 even q-grid x n-grid
EV-061,256,2,8,3,0,3,1,even,75,,even_char; semisimple,defect_a_even_char,BLUEPRINT A.7.1 even q-grid x n-grid
EV-061,256,2,8,3,0,3,1,even,76,,even_char; semisimple,defect_a_even_char,BLUEPRINT A.7.1 even q-grid x n-grid
EV-061,256,2,8,3,0,3,1,even,77,,even_char; semisimple,defect_a_even_char,BLUEPRINT A.7.1 even q-grid x n-grid
EV-061,256,2,8,3,0,3,1,even,78,,even_char; semisimple,defect_a_even_char,BLUEPRINT A.7.1 even q-grid x n-grid
EV-061,256,2,8,3,0,3,1,even,79,,even_char; semisimple,defect_a_even_char,BLUEPRINT A.7.1 even q-grid x n-grid
EV-061,256,2,8,3,0,3,1,even,80,,even_char; semisimple,defect_a_even_char,BLUEPRINT A.7.1 even q-grid x n-grid
EV-061,256,2,8,3,0,3,1,even,81,,even_char; semisimple,defect_a_even_char,BLUEPRINT A.7.1 even q-grid x n-grid
EV-061,256,2,8,3,0,3,1,even,82,,even_char; semisimple,defect_a_even_char,BLUEPRINT A.7.1 even q-grid x n-grid
EV-061,256,2,8,3,0,3,1,even,83,,even_char; semisimple,defect_a_even_char,BLUEPRINT A.7.1 even q-grid x n-grid
EV-061,256,2,8,3,0,3,1,even,84,,even_char; semisimple,defect_a_even_char,BLUEPRINT A.7.1 even q-grid x n-grid
EV-061,256,2,8,3,0,3,1,even,85,,even_char; semisimple,defect_a_even_char,BLUEPRINT A.7.1 even q-grid x n-grid
EV-061,256,2,8,3,0,3,1,even,86,,even_char; semisimple,defect_a_even_char,BLUEPRINT A.7.1 even q-grid x n-grid
EV-061,256,2,8,3,0,3,1,even,87,,even_char; semisimple,defect_a_even_char,BLUEPRINT A.7.1 even q-grid x n-grid
EV-061,256,2,8,3,0,3,1,even,88,,even_char; semisimple,defect_a_even_char,BLUEPRINT A.7.1 even q-grid x n-grid
EV-061,256,2,8,3,0,3,1,even,89,,even_char; semisimple,defect_a_even_char,BLUEPRINT A.7.1 even q-grid x n-grid
EV-061,256,2,8,3,0,3,1,even,90,,even_char; semisimple,defect_a_even_char,BLUEPRINT A.7.1 even q-grid x n-grid
EV-061,256,2,8,3,0,3,1,even,91,,even_char; semisimple,defect_a_even_char,BLUEPRINT A.7.1 even q-grid x n-grid
EV-061,256,2,8,3,0,3,1,even,92,,even_char; semisimple,defect_a_even_char,BLUEPRINT A.7.1 even q-grid x n-grid
EV-061,256,2,8,3,0,3,1,even,93,,even_char; semisimple,defect_a_even_char,BLUEPRINT A.7.1 even q-grid x n-grid
EV-061,256,2,8,3,0,3,1,even,94,,even_char; semisimple,defect_a_even_char,BLUEPRINT A.7.1 even q-grid x n-grid
EV-061,256,2,8,3,0,3,1,even,95,,even_char; semisimple,defect_a_even_char,BLUEPRINT A.7.1 even q-grid x n-grid
EV-061,256,2,8,3,0,3,1,even,96,,even_char; semisimple,defect_a_even_char,BLUEPRINT A.7.1 even q-grid x n-grid
EV-061,256,2,8,3,0,3,1,even,97,,even_char; semisimple,defect_a_even_char,BLUEPRINT A.7.1 even q-grid x n-grid
EV-061,256,2,8,3,0,3,1,even,98,,even_char; semisimple,defect_a_even_char,BLUEPRINT A.7.1 even q-grid x n-grid
EV-061,256,2,8,3,0,3,1,even,99,,even_char; semisimple,defect_a_even_char,BLUEPRINT A.7.1 even q-grid x n-grid
EV-061,256,2,8,3,0,3,1,even,100,,even_char; semisimple,defect_a_even_char,BLUEPRINT A.7.1 even q-grid x n-grid
EV-061,256,2,8,3,0,3,1,even,101,,even_char; semisimple,defect_a_even_char,BLUEPRINT A.7.1 even q-grid x n-grid
EV-061,256,2,8,3,0,3,1,even,102,,even_char; semisimple,defect_a_even_char,BLUEPRINT A.7.1 even q-grid x n-grid
EV-061,256,2,8,3,0,3,1,even,103,,even_char; semisimple,defect_a_even_char,BLUEPRINT A.7.1 even q-grid x n-grid
EV-061,256,2,8,3,0,3,1,even,104,,even_char; semisimple,defect_a_even_char,BLUEPRINT A.7.1 even q-grid x n-grid
EV-061,256,2,8,3,0,3,1,even,105,,even_char; semisimple,defect_a_even_char,BLUEPRINT A.7.1 even q-grid x n-grid
EV-061,256,2,8,3,0,3,1,even,106,,even_char; semisimple,defect_a_even_char,BLUEPRINT A.7.1 even q-grid x n-grid
EV-061,256,2,8,3,0,3,1,even,107,,even_char; semisimple,defect_a_even_char,BLUEPRINT A.7.1 even q-grid x n-grid
EV-061,256,2,8,3,0,3,1,even,108,,even_char; semisimple,defect_a_even_char,BLUEPRINT A.7.1 even q-grid x n-grid
EV-061,256,2,8,3,0,3,1,even,109,,even_char; semisimple,defect_a_even_char,BLUEPRINT A.7.1 even q-grid x n-grid
EV-061,256,2,8,3,0,3,1,even,110,,even_char; semisimple,defect_a_even_char,BLUEPRINT A.7.1 even q-grid x n-grid
EV-061,256,2,8,3,0,3,1,even,111,,even_char; semisimple,defect_a_even_char,BLUEPRINT A.7.1 even q-grid x n-grid
EV-061,256,2,8,3,0,3,1,even,112,,even_char; semisimple,defect_a_even_char,BLUEPRINT A.7.1 even q-grid x n-grid
EV-061,256,2,8,3,0,3,1,even,113,,even_char; semisimple,defect_a_even_char,BLUEPRINT A.7.1 even q-grid x n-grid
EV-061,256,2,8,3,0,3,1,even,114,,even_char; semisimple,defect_a_even_char,BLUEPRINT A.7.1 even q-grid x n-grid
EV-061,256,2,8,3,0,3,1,even,115,,even_char; semisimple,defect_a_even_char,BLUEPRINT A.7.1 even q-grid x n-grid
EV-061,256,2,8,3,0,3,1,even,116,,even_char; semisimple,defect_a_even_char,BLUEPRINT A.7.1 even q-grid x n-grid
EV-061,256,2,8,3,0,3,1,even,117,,even_char; semisimple,defect_a_even_char,BLUEPRINT A.7.1 even q-grid x n-grid
EV-061,256,2,8,3,0,3,1,even,118,,even_char; semisimple,defect_a_even_char,BLUEPRINT A.7.1 even q-grid x n-grid
EV-061,256,2,8,3,0,3,1,even,119,,even_char; semisimple,defect_a_even_char,BLUEPRINT A.7.1 even q-grid x n-grid
EV-061,256,2,8,3,0,3,1,even,120,,even_char; semisimple,defect_a_even_char,BLUEPRINT A.7.1 even q-grid x n-grid
EV-061,256,2,8,3,0,3,1,even,121,,even_char; semisimple,defect_a_even_char,BLUEPRINT A.7.1 even q-grid x n-grid
EV-061,256,2,8,3,0,3,1,even,122,,even_char; semisimple,defect_a_even_char,BLUEPRINT A.7.1 even q-grid x n-grid
EV-061,256,2,8,3,0,3,1,even,123,,even_char; semisimple,defect_a_even_char,BLUEPRINT A.7.1 even q-grid x n-grid
EV-061,256,2,8,3,0,3,1,even,124,,even_char; semisimple,defect_a_even_char,BLUEPRINT A.7.1 even q-grid x n-grid
EV-061,256,2,8,3,0,3,1,even,125,,even_char; semisimple,defect_a_even_char,BLUEPRINT A.7.1 even q-grid x n-grid
EV-061,256,2,8,3,0,3,1,even,126,,even_char; semisimple,defect_a_even_char,BLUEPRINT A.7.1 even q-grid x n-grid
EV-061,256,2,8,3,0,3,1,even,127,,even_char; semisimple,defect_a_even_char,BLUEPRINT A.7.1 even q-grid x n-grid
EV-061,256,2,8,3,0,3,1,even,128,,even_char; semisimple,defect_a_even_char,BLUEPRINT A.7.1 even q-grid x n-grid
EV-061,256,2,8,3,0,3,1,even,129,,even_char; semisimple,defect_a_even_char,BLUEPRINT A.7.1 even q-grid x n-grid
EV-061,256,2,8,3,0,3,1,even,130,,even_char; semisimple,defect_a_even_char,BLUEPRINT A.7.1 even q-grid x n-grid
EV-061,256,2,8,3,0,3,1,even,131,,even_char; semisimple,defect_a_even_char,BLUEPRINT A.7.1 even q-grid x n-grid
EV-061,256,2,8,3,0,3,1,even,132,,even_char; semisimple,defect_a_even_char,BLUEPRINT A.7.1 even q-grid x n-grid
EV-061,256,2,8,3,0,3,1,even,133,,even_char; semisimple,defect_a_even_char,BLUEPRINT A.7.1 even q-grid x n-grid
EV-061,256,2,8,3,0,3,1,even,134,,even_char; semisimple,defect_a_even_char,BLUEPRINT A.7.1 even q-grid x n-grid
EV-061,256,2,8,3,0,3,1,even,135,,even_char; semisimple,defect_a_even_char,BLUEPRINT A.7.1 even q-grid x n-grid
EV-061,256,2,8,3,0,3,1,even,136,,even_char; semisimple,defect_a_even_char,BLUEPRINT A.7.1 even q-grid x n-grid
EV-061,256,2,8,3,0,3,1,even,137,,even_char; semisimple,defect_a_even_char,BLUEPRINT A.7.1 even q-grid x n-grid
EV-061,256,2,8,3,0,3,1,even,138,,even_char; semisimple,defect_a_even_char,BLUEPRINT A.7.1 even q-grid x n-grid
EV-061,256,2,8,3,0,3,1,even,139,,even_char; semisimple,defect_a_even_char,BLUEPRINT A.7.1 even q-grid x n-grid
EV-061,256,2,8,3,0,3,1,even,140,,even_char; semisimple,defect_a_even_char,BLUEPRINT A.7.1 even q-grid x n-grid
EV-061,256,2,8,3,0,3,1,even,141,,even_char; semisimple,defect_a_even_char,BLUEPRINT A.7.1 even q-grid x n-grid
EV-061,256,2,8,3,0,3,1,even,142,,even_char; semisimple,defect_a_even_char,BLUEPRINT A.7.1 even q-grid x n-grid
EV-061,256,2,8,3,0,3,1,even,143,,even_char; semisimple,defect_a_even_char,BLUEPRINT A.7.1 even q-grid x n-grid
EV-061,256,2,8,3,0,3,1,even,144,,even_char; semisimple,defect_a_even_char,BLUEPRINT A.7.1 even q-grid x n-grid
EV-061,256,2,8,3,0,3,1,even,145,,even_char; semisimple,defect_a_even_char,BLUEPRINT A.7.1 even q-grid x n-grid
EV-061,256,2,8,3,0,3,1,even,146,,even_char; semisimple,defect_a_even_char,BLUEPRINT A.7.1 even q-grid x n-grid
EV-061,256,2,8,3,0,3,1,even,147,,even_char; semisimple,defect_a_even_char,BLUEPRINT A.7.1 even q-grid x n-grid
EV-061,256,2,8,3,0,3,1,even,148,,even_char; semisimple,defect_a_even_char,BLUEPRINT A.7.1 even q-grid x n-grid
EV-061,256,2,8,3,0,3,1,even,149,,even_char; semisimple,defect_a_even_char,BLUEPRINT A.7.1 even q-grid x n-grid
EV-061,256,2,8,3,0,3,1,even,150,,even_char; semisimple,defect_a_even_char,BLUEPRINT A.7.1 even q-grid x n-grid
EV-061,256,2,8,3,0,3,1,even,151,,even_char; semisimple,defect_a_even_char,BLUEPRINT A.7.1 even q-grid x n-grid
EV-061,256,2,8,3,0,3,1,even,152,,even_char; semisimple,defect_a_even_char,BLUEPRINT A.7.1 even q-grid x n-grid
EV-061,256,2,8,3,0,3,1,even,153,,even_char; semisimple,defect_a_even_char,BLUEPRINT A.7.1 even q-grid x n-grid
EV-061,256,2,8,3,0,3,1,even,154,,even_char; semisimple,defect_a_even_char,BLUEPRINT A.7.1 even q-grid x n-grid
EV-061,256,2,8,3,0,3,1,even,155,,even_char; semisimple,defect_a_even_char,BLUEPRINT A.7.1 even q-grid x n-grid
EV-061,256,2,8,3,0,3,1,even,156,,even_char; semisimple,defect_a_even_char,BLUEPRINT A.7.1 even q-grid x n-grid
EV-061,256,2,8,3,0,3,1,even,157,,even_char; semisimple,defect_a_even_char,BLUEPRINT A.7.1 even q-grid x n-grid
EV-061,256,2,8,3,0,3,1,even,158,,even_char; semisimple,defect_a_even_char,BLUEPRINT A.7.1 even q-grid x n-grid
EV-061,256,2,8,3,0,3,1,even,159,,even_char; semisimple,defect_a_even_char,BLUEPRINT A.7.1 even q-grid x n-grid
EV-061,256,2,8,3,0,3,1,even,160,,even_char; semisimple,defect_a_even_char,BLUEPRINT A.7.1 even q-grid x n-grid
EV-061,256,2,8,3,0,3,1,even,161,,even_char; semisimple,defect_a_even_char,BLUEPRINT A.7.1 even q-grid x n-grid
EV-061,256,2,8,3,0,3,1,even,162,,even_char; semisimple,defect_a_even_char,BLUEPRINT A.7.1 even q-grid x n-grid
EV-061,256,2,8,3,0,3,1,even,163,,even_char; semisimple,defect_a_even_char,BLUEPRINT A.7.1 even q-grid x n-grid
EV-061,256,2,8,3,0,3,1,even,164,,even_char; semisimple,defect_a_even_char,BLUEPRINT A.7.1 even q-grid x n-grid
EV-061,256,2,8,3,0,3,1,even,165,,even_char; semisimple,defect_a_even_char,BLUEPRINT A.7.1 even q-grid x n-grid
EV-061,256,2,8,3,0,3,1,even,166,,even_char; semisimple,defect_a_even_char,BLUEPRINT A.7.1 even q-grid x n-grid
EV-061,256,2,8,3,0,3,1,even,167,,even_char; semisimple,defect_a_even_char,BLUEPRINT A.7.1 even q-grid x n-grid
EV-061,256,2,8,3,0,3,1,even,168,,even_char; semisimple,defect_a_even_char,BLUEPRINT A.7.1 even q-grid x n-grid
EV-061,256,2,8,3,0,3,1,even,169,,even_char; semisimple,defect_a_even_char,BLUEPRINT A.7.1 even q-grid x n-grid
EV-061,256,2,8,3,0,3,1,even,170,,even_char; semisimple,defect_a_even_char,BLUEPRINT A.7.1 even q-grid x n-grid
EV-061,256,2,8,3,0,3,1,even,171,,even_char; semisimple,defect_a_even_char,BLUEPRINT A.7.1 even q-grid x n-grid
EV-061,256,2,8,3,0,3,1,even,172,,even_char; semisimple,defect_a_even_char,BLUEPRINT A.7.1 even q-grid x n-grid
EV-061,256,2,8,3,0,3,1,even,173,,even_char; semisimple,defect_a_even_char,BLUEPRINT A.7.1 even q-grid x n-grid
EV-061,256,2,8,3,0,3,1,even,174,,even_char; semisimple,defect_a_even_char,BLUEPRINT A.7.1 even q-grid x n-grid
EV-061,256,2,8,3,0,3,1,even,175,,even_char; semisimple,defect_a_even_char,BLUEPRINT A.7.1 even q-grid x n-grid
EV-061,256,2,8,3,0,3,1,even,176,,even_char; semisimple,defect_a_even_char,BLUEPRINT A.7.1 even q-grid x n-grid
EV-061,256,2,8,3,0,3,1,even,177,,even_char; semisimple,defect_a_even_char,BLUEPRINT A.7.1 even q-grid x n-grid
EV-061,256,2,8,3,0,3,1,even,178,,even_char; semisimple,defect_a_even_char,BLUEPRINT A.7.1 even q-grid x n-grid
EV-061,256,2,8,3,0,3,1,even,179,,even_char; semisimple,defect_a_even_char,BLUEPRINT A.7.1 even q-grid x n-grid
EV-061,256,2,8,3,0,3,1,even,180,,even_char; semisimple,defect_a_even_char,BLUEPRINT A.7.1 even q-grid x n-grid
EV-061,256,2,8,3,0,3,1,even,181,,even_char; semisimple,defect_a_even_char,BLUEPRINT A.7.1 even q-grid x n-grid
EV-061,256,2,8,3,0,3,1,even,182,,even_char; semisimple,defect_a_even_char,BLUEPRINT A.7.1 even q-grid x n-grid
EV-061,256,2,8,3,0,3,1,even,183,,even_char; semisimple,defect_a_even_char,BLUEPRINT A.7.1 even q-grid x n-grid
EV-061,256,2,8,3,0,3,1,even,184,,even_char; semisimple,defect_a_even_char,BLUEPRINT A.7.1 even q-grid x n-grid
EV-061,256,2,8,3,0,3,1,even,185,,even_char; semisimple,defect_a_even_char,BLUEPRINT A.7.1 even q-grid x n-grid
EV-061,256,2,8,3,0,3,1,even,186,,even_char; semisimple,defect_a_even_char,BLUEPRINT A.7.1 even q-grid x n-grid
EV-061,256,2,8,3,0,3,1,even,187,,even_char; semisimple,defect_a_even_char,BLUEPRINT A.7.1 even q-grid x n-grid
EV-061,256,2,8,3,0,3,1,even,188,,even_char; semisimple,defect_a_even_char,BLUEPRINT A.7.1 even q-grid x n-grid
EV-061,256,2,8,3,0,3,1,even,189,,even_char; semisimple,defect_a_even_char,BLUEPRINT A.7.1 even q-grid x n-grid
EV-061,256,2,8,3,0,3,1,even,190,,even_char; semisimple,defect_a_even_char,BLUEPRINT A.7.1 even q-grid x n-grid
EV-061,256,2,8,3,0,3,1,even,191,,even_char; semisimple,defect_a_even_char,BLUEPRINT A.7.1 even q-grid x n-grid
EV-061,256,2,8,3,0,3,1,even,192,,even_char; semisimple,defect_a_even_char,BLUEPRINT A.7.1 even q-grid x n-grid
EV-061,256,2,8,3,0,3,1,even,193,,even_char; semisimple,defect_a_even_char,BLUEPRINT A.7.1 even q-grid x n-grid
EV-061,256,2,8,3,0,3,1,even,194,,even_char; semisimple,defect_a_even_char,BLUEPRINT A.7.1 even q-grid x n-grid
EV-061,256,2,8,3,0,3,1,even,195,,even_char; semisimple,defect_a_even_char,BLUEPRINT A.7.1 even q-grid x n-grid
EV-061,256,2,8,3,0,3,1,even,196,,even_char; semisimple,defect_a_even_char,BLUEPRINT A.7.1 even q-grid x n-grid
EV-061,256,2,8,3,0,3,1,even,197,,even_char; semisimple,defect_a_even_char,BLUEPRINT A.7.1 even q-grid x n-grid
EV-061,256,2,8,3,0,3,1,even,198,,even_char; semisimple,defect_a_even_char,BLUEPRINT A.7.1 even q-grid x n-grid
EV-061,256,2,8,3,0,3,1,even,199,,even_char; semisimple,defect_a_even_char,BLUEPRINT A.7.1 even q-grid x n-grid
EV-061,256,2,8,3,0,3,1,even,200,,even_char; semisimple,defect_a_even_char,BLUEPRINT A.7.1 even q-grid x n-grid
EV-061,256,2,8,3,0,3,1,even,201,,even_char; semisimple,defect_a_even_char,BLUEPRINT A.7.1 even q-grid x n-grid
EV-061,256,2,8,3,0,3,1,even,202,,even_char; semisimple,defect_a_even_char,BLUEPRINT A.7.1 even q-grid x n-grid
EV-061,256,2,8,3,0,3,1,even,203,,even_char; semisimple,defect_a_even_char,BLUEPRINT A.7.1 even q-grid x n-grid
EV-061,256,2,8,3,0,3,1,even,204,,even_char; semisimple,defect_a_even_char,BLUEPRINT A.7.1 even q-grid x n-grid
EV-061,256,2,8,3,0,3,1,even,205,,even_char; semisimple,defect_a_even_char,BLUEPRINT A.7.1 even q-grid x n-grid
EV-061,256,2,8,3,0,3,1,even,206,,even_char; semisimple,defect_a_even_char,BLUEPRINT A.7.1 even q-grid x n-grid
EV-061,256,2,8,3,0,3,1,even,207,,even_char; semisimple,defect_a_even_char,BLUEPRINT A.7.1 even q-grid x n-grid
EV-061,256,2,8,3,0,3,1,even,208,,even_char; semisimple,defect_a_even_char,BLUEPRINT A.7.1 even q-grid x n-grid
EV-061,256,2,8,3,0,3,1,even,209,,even_char; semisimple,defect_a_even_char,BLUEPRINT A.7.1 even q-grid x n-grid
EV-061,256,2,8,3,0,3,1,even,210,,even_char; semisimple,defect_a_even_char,BLUEPRINT A.7.1 even q-grid x n-grid
EV-061,256,2,8,3,0,3,1,even,211,,even_char; semisimple,defect_a_even_char,BLUEPRINT A.7.1 even q-grid x n-grid
EV-061,256,2,8,3,0,3,1,even,212,,even_char; semisimple,defect_a_even_char,BLUEPRINT A.7.1 even q-grid x n-grid
EV-061,256,2,8,3,0,3,1,even,213,,even_char; semisimple,defect_a_even_char,BLUEPRINT A.7.1 even q-grid x n-grid
EV-061,256,2,8,3,0,3,1,even,214,,even_char; semisimple,defect_a_even_char,BLUEPRINT A.7.1 even q-grid x n-grid
EV-061,256,2,8,3,0,3,1,even,215,,even_char; semisimple,defect_a_even_char,BLUEPRINT A.7.1 even q-grid x n-grid
EV-061,256,2,8,3,0,3,1,even,216,,even_char; semisimple,defect_a_even_char,BLUEPRINT A.7.1 even q-grid x n-grid
EV-061,256,2,8,3,0,3,1,even,217,,even_char; semisimple,defect_a_even_char,BLUEPRINT A.7.1 even q-grid x n-grid
EV-061,256,2,8,3,0,3,1,even,218,,even_char; semisimple,defect_a_even_char,BLUEPRINT A.7.1 even q-grid x n-grid
EV-061,256,2,8,3,0,3,1,even,219,,even_char; semisimple,defect_a_even_char,BLUEPRINT A.7.1 even q-grid x n-grid
EV-061,256,2,8,3,0,3,1,even,220,,even_char; semisimple,defect_a_even_char,BLUEPRINT A.7.1 even q-grid x n-grid
EV-061,256,2,8,3,0,3,1,even,221,,even_char; semisimple,defect_a_even_char,BLUEPRINT A.7.1 even q-grid x n-grid
EV-061,256,2,8,3,0,3,1,even,222,,even_char; semisimple,defect_a_even_char,BLUEPRINT A.7.1 even q-grid x n-grid
EV-061,256,2,8,3,0,3,1,even,223,,even_char; semisimple,defect_a_even_char,BLUEPRINT A.7.1 even q-grid x n-grid
EV-061,256,2,8,3,0,3,1,even,224,,even_char; semisimple,defect_a_even_char,BLUEPRINT A.7.1 even q-grid x n-grid
EV-061,256,2,8,3,0,3,1,even,225,,even_char; semisimple,defect_a_even_char,BLUEPRINT A.7.1 even q-grid x n-grid
EV-061,256,2,8,3,0,3,1,even,226,,even_char; semisimple,defect_a_even_char,BLUEPRINT A.7.1 even q-grid x n-grid
EV-061,256,2,8,3,0,3,1,even,227,,even_char; semisimple,defect_a_even_char,BLUEPRINT A.7.1 even q-grid x n-grid
EV-061,256,2,8,3,0,3,1,even,228,,even_char; semisimple,defect_a_even_char,BLUEPRINT A.7.1 even q-grid x n-grid
EV-061,256,2,8,3,0,3,1,even,229,,even_char; semisimple,defect_a_even_char,BLUEPRINT A.7.1 even q-grid x n-grid
EV-061,256,2,8,3,0,3,1,even,230,,even_char; semisimple,defect_a_even_char,BLUEPRINT A.7.1 even q-grid x n-grid
EV-061,256,2,8,3,0,3,1,even,231,,even_char; semisimple,defect_a_even_char,BLUEPRINT A.7.1 even q-grid x n-grid
EV-061,256,2,8,3,0,3,1,even,232,,even_char; semisimple,defect_a_even_char,BLUEPRINT A.7.1 even q-grid x n-grid
EV-061,256,2,8,3,0,3,1,even,233,,even_char; semisimple,defect_a_even_char,BLUEPRINT A.7.1 even q-grid x n-grid
EV-061,256,2,8,3,0,3,1,even,234,,even_char; semisimple,defect_a_even_char,BLUEPRINT A.7.1 even q-grid x n-grid
EV-061,256,2,8,3,0,3,1,even,235,,even_char; semisimple,defect_a_even_char,BLUEPRINT A.7.1 even q-grid x n-grid
EV-061,256,2,8,3,0,3,1,even,236,,even_char; semisimple,defect_a_even_char,BLUEPRINT A.7.1 even q-grid x n-grid
EV-061,256,2,8,3,0,3,1,even,237,,even_char; semisimple,defect_a_even_char,BLUEPRINT A.7.1 even q-grid x n-grid
EV-061,256,2,8,3,0,3,1,even,238,,even_char; semisimple,defect_a_even_char,BLUEPRINT A.7.1 even q-grid x n-grid
EV-061,256,2,8,3,0,3,1,even,239,,even_char; semisimple,defect_a_even_char,BLUEPRINT A.7.1 even q-grid x n-grid
EV-061,256,2,8,3,0,3,1,even,240,,even_char; semisimple,defect_a_even_char,BLUEPRINT A.7.1 even q-grid x n-grid
EV-061,256,2,8,3,0,3,1,even,241,,even_char; semisimple,defect_a_even_char,BLUEPRINT A.7.1 even q-grid x n-grid
EV-061,256,2,8,3,0,3,1,even,242,,even_char; semisimple,defect_a_even_char,BLUEPRINT A.7.1 even q-grid x n-grid
EV-061,256,2,8,3,0,3,1,even,243,,even_char; semisimple,defect_a_even_char,BLUEPRINT A.7.1 even q-grid x n-grid
EV-061,256,2,8,3,0,3,1,even,244,,even_char; semisimple,defect_a_even_char,BLUEPRINT A.7.1 even q-grid x n-grid
EV-061,256,2,8,3,0,3,1,even,245,,even_char; semisimple,defect_a_even_char,BLUEPRINT A.7.1 even q-grid x n-grid
EV-061,256,2,8,3,0,3,1,even,246,,even_char; semisimple,defect_a_even_char,BLUEPRINT A.7.1 even q-grid x n-grid
EV-061,256,2,8,3,0,3,1,even,247,,even_char; semisimple,defect_a_even_char,BLUEPRINT A.7.1 even q-grid x n-grid
EV-061,256,2,8,3,0,3,1,even,248,,even_char; semisimple,defect_a_even_char,BLUEPRINT A.7.1 even q-grid x n-grid
EV-061,256,2,8,3,0,3,1,even,249,,even_char; semisimple,defect_a_even_char,BLUEPRINT A.7.1 even q-grid x n-grid
EV-061,256,2,8,3,0,3,1,even,250,,even_char; semisimple,defect_a_even_char,BLUEPRINT A.7.1 even q-grid x n-grid
EV-061,256,2,8,3,0,3,1,even,251,,even_char; semisimple,defect_a_even_char,BLUEPRINT A.7.1 even q-grid x n-grid
EV-061,256,2,8,3,0,3,1,even,252,,even_char; semisimple,defect_a_even_char,BLUEPRINT A.7.1 even q-grid x n-grid
EV-061,256,2,8,3,0,3,1,even,253,,even_char; semisimple,defect_a_even_char,BLUEPRINT A.7.1 even q-grid x n-grid
EV-061,256,2,8,3,0,3,1,even,254,,even_char; semisimple,defect_a_even_char,BLUEPRINT A.7.1 even q-grid x n-grid
EV-062,256,2,8,5,0,5,1,even,0,,even_char; semisimple,defect_a_even_char,BLUEPRINT A.7.1 even q-grid x n-grid
EV-062,256,2,8,5,0,5,1,even,1,,even_char; semisimple,defect_a_even_char,BLUEPRINT A.7.1 even q-grid x n-grid
EV-062,256,2,8,5,0,5,1,even,2,,even_char; semisimple,defect_a_even_char,BLUEPRINT A.7.1 even q-grid x n-grid
EV-062,256,2,8,5,0,5,1,even,3,,even_char; semisimple,defect_a_even_char,BLUEPRINT A.7.1 even q-grid x n-grid
EV-062,256,2,8,5,0,5,1,even,4,,even_char; semisimple,defect_a_even_char,BLUEPRINT A.7.1 even q-grid x n-grid
EV-062,256,2,8,5,0,5,1,even,5,,even_char; semisimple,defect_a_even_char,BLUEPRINT A.7.1 even q-grid x n-grid
EV-062,256,2,8,5,0,5,1,even,6,,even_char; semisimple,defect_a_even_char,BLUEPRINT A.7.1 even q-grid x n-grid
EV-062,256,2,8,5,0,5,1,even,7,,even_char; semisimple,defect_a_even_char,BLUEPRINT A.7.1 even q-grid x n-grid
EV-062,256,2,8,5,0,5,1,even,8,,even_char; semisimple,defect_a_even_char,BLUEPRINT A.7.1 even q-grid x n-grid
EV-062,256,2,8,5,0,5,1,even,9,,even_char; semisimple,defect_a_even_char,BLUEPRINT A.7.1 even q-grid x n-grid
EV-062,256,2,8,5,0,5,1,even,10,,even_char; semisimple,defect_a_even_char,BLUEPRINT A.7.1 even q-grid x n-grid
EV-062,256,2,8,5,0,5,1,even,11,,even_char; semisimple,defect_a_even_char,BLUEPRINT A.7.1 even q-grid x n-grid
EV-062,256,2,8,5,0,5,1,even,12,,even_char; semisimple,defect_a_even_char,BLUEPRINT A.7.1 even q-grid x n-grid
EV-062,256,2,8,5,0,5,1,even,13,,even_char; semisimple,defect_a_even_char,BLUEPRINT A.7.1 even q-grid x n-grid
EV-062,256,2,8,5,0,5,1,even,14,,even_char; semisimple,defect_a_even_char,BLUEPRINT A.7.1 even q-grid x n-grid
EV-062,256,2,8,5,0,5,1,even,15,,even_char; semisimple,defect_a_even_char,BLUEPRINT A.7.1 even q-grid x n-grid
EV-062,256,2,8,5,0,5,1,even,16,,even_char; semisimple,defect_a_even_char,BLUEPRINT A.7.1 even q-grid x n-grid
EV-062,256,2,8,5,0,5,1,even,17,,even_char; semisimple,defect_a_even_char,BLUEPRINT A.7.1 even q-grid x n-grid
EV-062,256,2,8,5,0,5,1,even,18,,even_char; semisimple,defect_a_even_char,BLUEPRINT A.7.1 even q-grid x n-grid
EV-062,256,2,8,5,0,5,1,even,19,,even_char; semisimple,defect_a_even_char,BLUEPRINT A.7.1 even q-grid x n-grid
EV-062,256,2,8,5,0,5,1,even,20,,even_char; semisimple,defect_a_even_char,BLUEPRINT A.7.1 even q-grid x n-grid
EV-062,256,2,8,5,0,5,1,even,21,,even_char; semisimple,defect_a_even_char,BLUEPRINT A.7.1 even q-grid x n-grid
EV-062,256,2,8,5,0,5,1,even,22,,even_char; semisimple,defect_a_even_char,BLUEPRINT A.7.1 even q-grid x n-grid
EV-062,256,2,8,5,0,5,1,even,23,,even_char; semisimple,defect_a_even_char,BLUEPRINT A.7.1 even q-grid x n-grid
EV-062,256,2,8,5,0,5,1,even,24,,even_char; semisimple,defect_a_even_char,BLUEPRINT A.7.1 even q-grid x n-grid
EV-062,256,2,8,5,0,5,1,even,25,,even_char; semisimple,defect_a_even_char,BLUEPRINT A.7.1 even q-grid x n-grid
EV-062,256,2,8,5,0,5,1,even,26,,even_char; semisimple,defect_a_even_char,BLUEPRINT A.7.1 even q-grid x n-grid
EV-062,256,2,8,5,0,5,1,even,27,,even_char; semisimple,defect_a_even_char,BLUEPRINT A.7.1 even q-grid x n-grid
EV-062,256,2,8,5,0,5,1,even,28,,even_char; semisimple,defect_a_even_char,BLUEPRINT A.7.1 even q-grid x n-grid
EV-062,256,2,8,5,0,5,1,even,29,,even_char; semisimple,defect_a_even_char,BLUEPRINT A.7.1 even q-grid x n-grid
EV-062,256,2,8,5,0,5,1,even,30,,even_char; semisimple,defect_a_even_char,BLUEPRINT A.7.1 even q-grid x n-grid
EV-062,256,2,8,5,0,5,1,even,31,,even_char; semisimple,defect_a_even_char,BLUEPRINT A.7.1 even q-grid x n-grid
EV-062,256,2,8,5,0,5,1,even,32,,even_char; semisimple,defect_a_even_char,BLUEPRINT A.7.1 even q-grid x n-grid
EV-062,256,2,8,5,0,5,1,even,33,,even_char; semisimple,defect_a_even_char,BLUEPRINT A.7.1 even q-grid x n-grid
EV-062,256,2,8,5,0,5,1,even,34,,even_char; semisimple,defect_a_even_char,BLUEPRINT A.7.1 even q-grid x n-grid
EV-062,256,2,8,5,0,5,1,even,35,,even_char; semisimple,defect_a_even_char,BLUEPRINT A.7.1 even q-grid x n-grid
EV-062,256,2,8,5,0,5,1,even,36,,even_char; semisimple,defect_a_even_char,BLUEPRINT A.7.1 even q-grid x n-grid
EV-062,256,2,8,5,0,5,1,even,37,,even_char; semisimple,defect_a_even_char,BLUEPRINT A.7.1 even q-grid x n-grid
EV-062,256,2,8,5,0,5,1,even,38,,even_char; semisimple,defect_a_even_char,BLUEPRINT A.7.1 even q-grid x n-grid
EV-062,256,2,8,5,0,5,1,even,39,,even_char; semisimple,defect_a_even_char,BLUEPRINT A.7.1 even q-grid x n-grid
EV-062,256,2,8,5,0,5,1,even,40,,even_char; semisimple,defect_a_even_char,BLUEPRINT A.7.1 even q-grid x n-grid
EV-062,256,2,8,5,0,5,1,even,41,,even_char; semisimple,defect_a_even_char,BLUEPRINT A.7.1 even q-grid x n-grid
EV-062,256,2,8,5,0,5,1,even,42,,even_char; semisimple,defect_a_even_char,BLUEPRINT A.7.1 even q-grid x n-grid
EV-062,256,2,8,5,0,5,1,even,43,,even_char; semisimple,defect_a_even_char,BLUEPRINT A.7.1 even q-grid x n-grid
EV-062,256,2,8,5,0,5,1,even,44,,even_char; semisimple,defect_a_even_char,BLUEPRINT A.7.1 even q-grid x n-grid
EV-062,256,2,8,5,0,5,1,even,45,,even_char; semisimple,defect_a_even_char,BLUEPRINT A.7.1 even q-grid x n-grid
EV-062,256,2,8,5,0,5,1,even,46,,even_char; semisimple,defect_a_even_char,BLUEPRINT A.7.1 even q-grid x n-grid
EV-062,256,2,8,5,0,5,1,even,47,,even_char; semisimple,defect_a_even_char,BLUEPRINT A.7.1 even q-grid x n-grid
EV-062,256,2,8,5,0,5,1,even,48,,even_char; semisimple,defect_a_even_char,BLUEPRINT A.7.1 even q-grid x n-grid
EV-062,256,2,8,5,0,5,1,even,49,,even_char; semisimple,defect_a_even_char,BLUEPRINT A.7.1 even q-grid x n-grid
EV-062,256,2,8,5,0,5,1,even,50,,even_char; semisimple,defect_a_even_char,BLUEPRINT A.7.1 even q-grid x n-grid
EV-062,256,2,8,5,0,5,1,even,51,,even_char; semisimple,defect_a_even_char,BLUEPRINT A.7.1 even q-grid x n-grid
EV-062,256,2,8,5,0,5,1,even,52,,even_char; semisimple,defect_a_even_char,BLUEPRINT A.7.1 even q-grid x n-grid
EV-062,256,2,8,5,0,5,1,even,53,,even_char; semisimple,defect_a_even_char,BLUEPRINT A.7.1 even q-grid x n-grid
EV-062,256,2,8,5,0,5,1,even,54,,even_char; semisimple,defect_a_even_char,BLUEPRINT A.7.1 even q-grid x n-grid
EV-062,256,2,8,5,0,5,1,even,55,,even_char; semisimple,defect_a_even_char,BLUEPRINT A.7.1 even q-grid x n-grid
EV-062,256,2,8,5,0,5,1,even,56,,even_char; semisimple,defect_a_even_char,BLUEPRINT A.7.1 even q-grid x n-grid
EV-062,256,2,8,5,0,5,1,even,57,,even_char; semisimple,defect_a_even_char,BLUEPRINT A.7.1 even q-grid x n-grid
EV-062,256,2,8,5,0,5,1,even,58,,even_char; semisimple,defect_a_even_char,BLUEPRINT A.7.1 even q-grid x n-grid
EV-062,256,2,8,5,0,5,1,even,59,,even_char; semisimple,defect_a_even_char,BLUEPRINT A.7.1 even q-grid x n-grid
EV-062,256,2,8,5,0,5,1,even,60,,even_char; semisimple,defect_a_even_char,BLUEPRINT A.7.1 even q-grid x n-grid
EV-062,256,2,8,5,0,5,1,even,61,,even_char; semisimple,defect_a_even_char,BLUEPRINT A.7.1 even q-grid x n-grid
EV-062,256,2,8,5,0,5,1,even,62,,even_char; semisimple,defect_a_even_char,BLUEPRINT A.7.1 even q-grid x n-grid
EV-062,256,2,8,5,0,5,1,even,63,,even_char; semisimple,defect_a_even_char,BLUEPRINT A.7.1 even q-grid x n-grid
EV-062,256,2,8,5,0,5,1,even,64,,even_char; semisimple,defect_a_even_char,BLUEPRINT A.7.1 even q-grid x n-grid
EV-062,256,2,8,5,0,5,1,even,65,,even_char; semisimple,defect_a_even_char,BLUEPRINT A.7.1 even q-grid x n-grid
EV-062,256,2,8,5,0,5,1,even,66,,even_char; semisimple,defect_a_even_char,BLUEPRINT A.7.1 even q-grid x n-grid
EV-062,256,2,8,5,0,5,1,even,67,,even_char; semisimple,defect_a_even_char,BLUEPRINT A.7.1 even q-grid x n-grid
EV-062,256,2,8,5,0,5,1,even,68,,even_char; semisimple,defect_a_even_char,BLUEPRINT A.7.1 even q-grid x n-grid
EV-062,256,2,8,5,0,5,1,even,69,,even_char; semisimple,defect_a_even_char,BLUEPRINT A.7.1 even q-grid x n-grid
EV-062,256,2,8,5,0,5,1,even,70,,even_char; semisimple,defect_a_even_char,BLUEPRINT A.7.1 even q-grid x n-grid
EV-062,256,2,8,5,0,5,1,even,71,,even_char; semisimple,defect_a_even_char,BLUEPRINT A.7.1 even q-grid x n-grid
EV-062,256,2,8,5,0,5,1,even,72,,even_char; semisimple,defect_a_even_char,BLUEPRINT A.7.1 even q-grid x n-grid
EV-062,256,2,8,5,0,5,1,even,73,,even_char; semisimple,defect_a_even_char,BLUEPRINT A.7.1 even q-grid x n-grid
EV-062,256,2,8,5,0,5,1,even,74,,even_char; semisimple,defect_a_even_char,BLUEPRINT A.7.1 even q-grid x n-grid
EV-062,256,2,8,5,0,5,1,even,75,,even_char; semisimple,defect_a_even_char,BLUEPRINT A.7.1 even q-grid x n-grid
EV-062,256,2,8,5,0,5,1,even,76,,even_char; semisimple,defect_a_even_char,BLUEPRINT A.7.1 even q-grid x n-grid
EV-062,256,2,8,5,0,5,1,even,77,,even_char; semisimple,defect_a_even_char,BLUEPRINT A.7.1 even q-grid x n-grid
EV-062,256,2,8,5,0,5,1,even,78,,even_char; semisimple,defect_a_even_char,BLUEPRINT A.7.1 even q-grid x n-grid
EV-062,256,2,8,5,0,5,1,even,79,,even_char; semisimple,defect_a_even_char,BLUEPRINT A.7.1 even q-grid x n-grid
EV-062,256,2,8,5,0,5,1,even,80,,even_char; semisimple,defect_a_even_char,BLUEPRINT A.7.1 even q-grid x n-grid
EV-062,256,2,8,5,0,5,1,even,81,,even_char; semisimple,defect_a_even_char,BLUEPRINT A.7.1 even q-grid x n-grid
EV-062,256,2,8,5,0,5,1,even,82,,even_char; semisimple,defect_a_even_char,BLUEPRINT A.7.1 even q-grid x n-grid
EV-062,256,2,8,5,0,5,1,even,83,,even_char; semisimple,defect_a_even_char,BLUEPRINT A.7.1 even q-grid x n-grid
EV-062,256,2,8,5,0,5,1,even,84,,even_char; semisimple,defect_a_even_char,BLUEPRINT A.7.1 even q-grid x n-grid
EV-062,256,2,8,5,0,5,1,even,85,,even_char; semisimple,defect_a_even_char,BLUEPRINT A.7.1 even q-grid x n-grid
EV-062,256,2,8,5,0,5,1,even,86,,even_char; semisimple,defect_a_even_char,BLUEPRINT A.7.1 even q-grid x n-grid
EV-062,256,2,8,5,0,5,1,even,87,,even_char; semisimple,defect_a_even_char,BLUEPRINT A.7.1 even q-grid x n-grid
EV-062,256,2,8,5,0,5,1,even,88,,even_char; semisimple,defect_a_even_char,BLUEPRINT A.7.1 even q-grid x n-grid
EV-062,256,2,8,5,0,5,1,even,89,,even_char; semisimple,defect_a_even_char,BLUEPRINT A.7.1 even q-grid x n-grid
EV-062,256,2,8,5,0,5,1,even,90,,even_char; semisimple,defect_a_even_char,BLUEPRINT A.7.1 even q-grid x n-grid
EV-062,256,2,8,5,0,5,1,even,91,,even_char; semisimple,defect_a_even_char,BLUEPRINT A.7.1 even q-grid x n-grid
EV-062,256,2,8,5,0,5,1,even,92,,even_char; semisimple,defect_a_even_char,BLUEPRINT A.7.1 even q-grid x n-grid
EV-062,256,2,8,5,0,5,1,even,93,,even_char; semisimple,defect_a_even_char,BLUEPRINT A.7.1 even q-grid x n-grid
EV-062,256,2,8,5,0,5,1,even,94,,even_char; semisimple,defect_a_even_char,BLUEPRINT A.7.1 even q-grid x n-grid
EV-062,256,2,8,5,0,5,1,even,95,,even_char; semisimple,defect_a_even_char,BLUEPRINT A.7.1 even q-grid x n-grid
EV-062,256,2,8,5,0,5,1,even,96,,even_char; semisimple,defect_a_even_char,BLUEPRINT A.7.1 even q-grid x n-grid
EV-062,256,2,8,5,0,5,1,even,97,,even_char; semisimple,defect_a_even_char,BLUEPRINT A.7.1 even q-grid x n-grid
EV-062,256,2,8,5,0,5,1,even,98,,even_char; semisimple,defect_a_even_char,BLUEPRINT A.7.1 even q-grid x n-grid
EV-062,256,2,8,5,0,5,1,even,99,,even_char; semisimple,defect_a_even_char,BLUEPRINT A.7.1 even q-grid x n-grid
EV-062,256,2,8,5,0,5,1,even,100,,even_char; semisimple,defect_a_even_char,BLUEPRINT A.7.1 even q-grid x n-grid
EV-062,256,2,8,5,0,5,1,even,101,,even_char; semisimple,defect_a_even_char,BLUEPRINT A.7.1 even q-grid x n-grid
EV-062,256,2,8,5,0,5,1,even,102,,even_char; semisimple,defect_a_even_char,BLUEPRINT A.7.1 even q-grid x n-grid
EV-062,256,2,8,5,0,5,1,even,103,,even_char; semisimple,defect_a_even_char,BLUEPRINT A.7.1 even q-grid x n-grid
EV-062,256,2,8,5,0,5,1,even,104,,even_char; semisimple,defect_a_even_char,BLUEPRINT A.7.1 even q-grid x n-grid
EV-062,256,2,8,5,0,5,1,even,105,,even_char; semisimple,defect_a_even_char,BLUEPRINT A.7.1 even q-grid x n-grid
EV-062,256,2,8,5,0,5,1,even,106,,even_char; semisimple,defect_a_even_char,BLUEPRINT A.7.1 even q-grid x n-grid
EV-062,256,2,8,5,0,5,1,even,107,,even_char; semisimple,defect_a_even_char,BLUEPRINT A.7.1 even q-grid x n-grid
EV-062,256,2,8,5,0,5,1,even,108,,even_char; semisimple,defect_a_even_char,BLUEPRINT A.7.1 even q-grid x n-grid
EV-062,256,2,8,5,0,5,1,even,109,,even_char; semisimple,defect_a_even_char,BLUEPRINT A.7.1 even q-grid x n-grid
EV-062,256,2,8,5,0,5,1,even,110,,even_char; semisimple,defect_a_even_char,BLUEPRINT A.7.1 even q-grid x n-grid
EV-062,256,2,8,5,0,5,1,even,111,,even_char; semisimple,defect_a_even_char,BLUEPRINT A.7.1 even q-grid x n-grid
EV-062,256,2,8,5,0,5,1,even,112,,even_char; semisimple,defect_a_even_char,BLUEPRINT A.7.1 even q-grid x n-grid
EV-062,256,2,8,5,0,5,1,even,113,,even_char; semisimple,defect_a_even_char,BLUEPRINT A.7.1 even q-grid x n-grid
EV-062,256,2,8,5,0,5,1,even,114,,even_char; semisimple,defect_a_even_char,BLUEPRINT A.7.1 even q-grid x n-grid
EV-062,256,2,8,5,0,5,1,even,115,,even_char; semisimple,defect_a_even_char,BLUEPRINT A.7.1 even q-grid x n-grid
EV-062,256,2,8,5,0,5,1,even,116,,even_char; semisimple,defect_a_even_char,BLUEPRINT A.7.1 even q-grid x n-grid
EV-062,256,2,8,5,0,5,1,even,117,,even_char; semisimple,defect_a_even_char,BLUEPRINT A.7.1 even q-grid x n-grid
EV-062,256,2,8,5,0,5,1,even,118,,even_char; semisimple,defect_a_even_char,BLUEPRINT A.7.1 even q-grid x n-grid
EV-062,256,2,8,5,0,5,1,even,119,,even_char; semisimple,defect_a_even_char,BLUEPRINT A.7.1 even q-grid x n-grid
EV-062,256,2,8,5,0,5,1,even,120,,even_char; semisimple,defect_a_even_char,BLUEPRINT A.7.1 even q-grid x n-grid
EV-062,256,2,8,5,0,5,1,even,121,,even_char; semisimple,defect_a_even_char,BLUEPRINT A.7.1 even q-grid x n-grid
EV-062,256,2,8,5,0,5,1,even,122,,even_char; semisimple,defect_a_even_char,BLUEPRINT A.7.1 even q-grid x n-grid
EV-062,256,2,8,5,0,5,1,even,123,,even_char; semisimple,defect_a_even_char,BLUEPRINT A.7.1 even q-grid x n-grid
EV-062,256,2,8,5,0,5,1,even,124,,even_char; semisimple,defect_a_even_char,BLUEPRINT A.7.1 even q-grid x n-grid
EV-062,256,2,8,5,0,5,1,even,125,,even_char; semisimple,defect_a_even_char,BLUEPRINT A.7.1 even q-grid x n-grid
EV-062,256,2,8,5,0,5,1,even,126,,even_char; semisimple,defect_a_even_char,BLUEPRINT A.7.1 even q-grid x n-grid
EV-062,256,2,8,5,0,5,1,even,127,,even_char; semisimple,defect_a_even_char,BLUEPRINT A.7.1 even q-grid x n-grid
EV-062,256,2,8,5,0,5,1,even,128,,even_char; semisimple,defect_a_even_char,BLUEPRINT A.7.1 even q-grid x n-grid
EV-062,256,2,8,5,0,5,1,even,129,,even_char; semisimple,defect_a_even_char,BLUEPRINT A.7.1 even q-grid x n-grid
EV-062,256,2,8,5,0,5,1,even,130,,even_char; semisimple,defect_a_even_char,BLUEPRINT A.7.1 even q-grid x n-grid
EV-062,256,2,8,5,0,5,1,even,131,,even_char; semisimple,defect_a_even_char,BLUEPRINT A.7.1 even q-grid x n-grid
EV-062,256,2,8,5,0,5,1,even,132,,even_char; semisimple,defect_a_even_char,BLUEPRINT A.7.1 even q-grid x n-grid
EV-062,256,2,8,5,0,5,1,even,133,,even_char; semisimple,defect_a_even_char,BLUEPRINT A.7.1 even q-grid x n-grid
EV-062,256,2,8,5,0,5,1,even,134,,even_char; semisimple,defect_a_even_char,BLUEPRINT A.7.1 even q-grid x n-grid
EV-062,256,2,8,5,0,5,1,even,135,,even_char; semisimple,defect_a_even_char,BLUEPRINT A.7.1 even q-grid x n-grid
EV-062,256,2,8,5,0,5,1,even,136,,even_char; semisimple,defect_a_even_char,BLUEPRINT A.7.1 even q-grid x n-grid
EV-062,256,2,8,5,0,5,1,even,137,,even_char; semisimple,defect_a_even_char,BLUEPRINT A.7.1 even q-grid x n-grid
EV-062,256,2,8,5,0,5,1,even,138,,even_char; semisimple,defect_a_even_char,BLUEPRINT A.7.1 even q-grid x n-grid
EV-062,256,2,8,5,0,5,1,even,139,,even_char; semisimple,defect_a_even_char,BLUEPRINT A.7.1 even q-grid x n-grid
EV-062,256,2,8,5,0,5,1,even,140,,even_char; semisimple,defect_a_even_char,BLUEPRINT A.7.1 even q-grid x n-grid
EV-062,256,2,8,5,0,5,1,even,141,,even_char; semisimple,defect_a_even_char,BLUEPRINT A.7.1 even q-grid x n-grid
EV-062,256,2,8,5,0,5,1,even,142,,even_char; semisimple,defect_a_even_char,BLUEPRINT A.7.1 even q-grid x n-grid
EV-062,256,2,8,5,0,5,1,even,143,,even_char; semisimple,defect_a_even_char,BLUEPRINT A.7.1 even q-grid x n-grid
EV-062,256,2,8,5,0,5,1,even,144,,even_char; semisimple,defect_a_even_char,BLUEPRINT A.7.1 even q-grid x n-grid
EV-062,256,2,8,5,0,5,1,even,145,,even_char; semisimple,defect_a_even_char,BLUEPRINT A.7.1 even q-grid x n-grid
EV-062,256,2,8,5,0,5,1,even,146,,even_char; semisimple,defect_a_even_char,BLUEPRINT A.7.1 even q-grid x n-grid
EV-062,256,2,8,5,0,5,1,even,147,,even_char; semisimple,defect_a_even_char,BLUEPRINT A.7.1 even q-grid x n-grid
EV-062,256,2,8,5,0,5,1,even,148,,even_char; semisimple,defect_a_even_char,BLUEPRINT A.7.1 even q-grid x n-grid
EV-062,256,2,8,5,0,5,1,even,149,,even_char; semisimple,defect_a_even_char,BLUEPRINT A.7.1 even q-grid x n-grid
EV-062,256,2,8,5,0,5,1,even,150,,even_char; semisimple,defect_a_even_char,BLUEPRINT A.7.1 even q-grid x n-grid
EV-062,256,2,8,5,0,5,1,even,151,,even_char; semisimple,defect_a_even_char,BLUEPRINT A.7.1 even q-grid x n-grid
EV-062,256,2,8,5,0,5,1,even,152,,even_char; semisimple,defect_a_even_char,BLUEPRINT A.7.1 even q-grid x n-grid
EV-062,256,2,8,5,0,5,1,even,153,,even_char; semisimple,defect_a_even_char,BLUEPRINT A.7.1 even q-grid x n-grid
EV-062,256,2,8,5,0,5,1,even,154,,even_char; semisimple,defect_a_even_char,BLUEPRINT A.7.1 even q-grid x n-grid
EV-062,256,2,8,5,0,5,1,even,155,,even_char; semisimple,defect_a_even_char,BLUEPRINT A.7.1 even q-grid x n-grid
EV-062,256,2,8,5,0,5,1,even,156,,even_char; semisimple,defect_a_even_char,BLUEPRINT A.7.1 even q-grid x n-grid
EV-062,256,2,8,5,0,5,1,even,157,,even_char; semisimple,defect_a_even_char,BLUEPRINT A.7.1 even q-grid x n-grid
EV-062,256,2,8,5,0,5,1,even,158,,even_char; semisimple,defect_a_even_char,BLUEPRINT A.7.1 even q-grid x n-grid
EV-062,256,2,8,5,0,5,1,even,159,,even_char; semisimple,defect_a_even_char,BLUEPRINT A.7.1 even q-grid x n-grid
EV-062,256,2,8,5,0,5,1,even,160,,even_char; semisimple,defect_a_even_char,BLUEPRINT A.7.1 even q-grid x n-grid
EV-062,256,2,8,5,0,5,1,even,161,,even_char; semisimple,defect_a_even_char,BLUEPRINT A.7.1 even q-grid x n-grid
EV-062,256,2,8,5,0,5,1,even,162,,even_char; semisimple,defect_a_even_char,BLUEPRINT A.7.1 even q-grid x n-grid
EV-062,256,2,8,5,0,5,1,even,163,,even_char; semisimple,defect_a_even_char,BLUEPRINT A.7.1 even q-grid x n-grid
EV-062,256,2,8,5,0,5,1,even,164,,even_char; semisimple,defect_a_even_char,BLUEPRINT A.7.1 even q-grid x n-grid
EV-062,256,2,8,5,0,5,1,even,165,,even_char; semisimple,defect_a_even_char,BLUEPRINT A.7.1 even q-grid x n-grid
EV-062,256,2,8,5,0,5,1,even,166,,even_char; semisimple,defect_a_even_char,BLUEPRINT A.7.1 even q-grid x n-grid
EV-062,256,2,8,5,0,5,1,even,167,,even_char; semisimple,defect_a_even_char,BLUEPRINT A.7.1 even q-grid x n-grid
EV-062,256,2,8,5,0,5,1,even,168,,even_char; semisimple,defect_a_even_char,BLUEPRINT A.7.1 even q-grid x n-grid
EV-062,256,2,8,5,0,5,1,even,169,,even_char; semisimple,defect_a_even_char,BLUEPRINT A.7.1 even q-grid x n-grid
EV-062,256,2,8,5,0,5,1,even,170,,even_char; semisimple,defect_a_even_char,BLUEPRINT A.7.1 even q-grid x n-grid
EV-062,256,2,8,5,0,5,1,even,171,,even_char; semisimple,defect_a_even_char,BLUEPRINT A.7.1 even q-grid x n-grid
EV-062,256,2,8,5,0,5,1,even,172,,even_char; semisimple,defect_a_even_char,BLUEPRINT A.7.1 even q-grid x n-grid
EV-062,256,2,8,5,0,5,1,even,173,,even_char; semisimple,defect_a_even_char,BLUEPRINT A.7.1 even q-grid x n-grid
EV-062,256,2,8,5,0,5,1,even,174,,even_char; semisimple,defect_a_even_char,BLUEPRINT A.7.1 even q-grid x n-grid
EV-062,256,2,8,5,0,5,1,even,175,,even_char; semisimple,defect_a_even_char,BLUEPRINT A.7.1 even q-grid x n-grid
EV-062,256,2,8,5,0,5,1,even,176,,even_char; semisimple,defect_a_even_char,BLUEPRINT A.7.1 even q-grid x n-grid
EV-062,256,2,8,5,0,5,1,even,177,,even_char; semisimple,defect_a_even_char,BLUEPRINT A.7.1 even q-grid x n-grid
EV-062,256,2,8,5,0,5,1,even,178,,even_char; semisimple,defect_a_even_char,BLUEPRINT A.7.1 even q-grid x n-grid
EV-062,256,2,8,5,0,5,1,even,179,,even_char; semisimple,defect_a_even_char,BLUEPRINT A.7.1 even q-grid x n-grid
EV-062,256,2,8,5,0,5,1,even,180,,even_char; semisimple,defect_a_even_char,BLUEPRINT A.7.1 even q-grid x n-grid
EV-062,256,2,8,5,0,5,1,even,181,,even_char; semisimple,defect_a_even_char,BLUEPRINT A.7.1 even q-grid x n-grid
EV-062,256,2,8,5,0,5,1,even,182,,even_char; semisimple,defect_a_even_char,BLUEPRINT A.7.1 even q-grid x n-grid
EV-062,256,2,8,5,0,5,1,even,183,,even_char; semisimple,defect_a_even_char,BLUEPRINT A.7.1 even q-grid x n-grid
EV-062,256,2,8,5,0,5,1,even,184,,even_char; semisimple,defect_a_even_char,BLUEPRINT A.7.1 even q-grid x n-grid
EV-062,256,2,8,5,0,5,1,even,185,,even_char; semisimple,defect_a_even_char,BLUEPRINT A.7.1 even q-grid x n-grid
EV-062,256,2,8,5,0,5,1,even,186,,even_char; semisimple,defect_a_even_char,BLUEPRINT A.7.1 even q-grid x n-grid
EV-062,256,2,8,5,0,5,1,even,187,,even_char; semisimple,defect_a_even_char,BLUEPRINT A.7.1 even q-grid x n-grid
EV-062,256,2,8,5,0,5,1,even,188,,even_char; semisimple,defect_a_even_char,BLUEPRINT A.7.1 even q-grid x n-grid
EV-062,256,2,8,5,0,5,1,even,189,,even_char; semisimple,defect_a_even_char,BLUEPRINT A.7.1 even q-grid x n-grid
EV-062,256,2,8,5,0,5,1,even,190,,even_char; semisimple,defect_a_even_char,BLUEPRINT A.7.1 even q-grid x n-grid
EV-062,256,2,8,5,0,5,1,even,191,,even_char; semisimple,defect_a_even_char,BLUEPRINT A.7.1 even q-grid x n-grid
EV-062,256,2,8,5,0,5,1,even,192,,even_char; semisimple,defect_a_even_char,BLUEPRINT A.7.1 even q-grid x n-grid
EV-062,256,2,8,5,0,5,1,even,193,,even_char; semisimple,defect_a_even_char,BLUEPRINT A.7.1 even q-grid x n-grid
EV-062,256,2,8,5,0,5,1,even,194,,even_char; semisimple,defect_a_even_char,BLUEPRINT A.7.1 even q-grid x n-grid
EV-062,256,2,8,5,0,5,1,even,195,,even_char; semisimple,defect_a_even_char,BLUEPRINT A.7.1 even q-grid x n-grid
EV-062,256,2,8,5,0,5,1,even,196,,even_char; semisimple,defect_a_even_char,BLUEPRINT A.7.1 even q-grid x n-grid
EV-062,256,2,8,5,0,5,1,even,197,,even_char; semisimple,defect_a_even_char,BLUEPRINT A.7.1 even q-grid x n-grid
EV-062,256,2,8,5,0,5,1,even,198,,even_char; semisimple,defect_a_even_char,BLUEPRINT A.7.1 even q-grid x n-grid
EV-062,256,2,8,5,0,5,1,even,199,,even_char; semisimple,defect_a_even_char,BLUEPRINT A.7.1 even q-grid x n-grid
EV-062,256,2,8,5,0,5,1,even,200,,even_char; semisimple,defect_a_even_char,BLUEPRINT A.7.1 even q-grid x n-grid
EV-062,256,2,8,5,0,5,1,even,201,,even_char; semisimple,defect_a_even_char,BLUEPRINT A.7.1 even q-grid x n-grid
EV-062,256,2,8,5,0,5,1,even,202,,even_char; semisimple,defect_a_even_char,BLUEPRINT A.7.1 even q-grid x n-grid
EV-062,256,2,8,5,0,5,1,even,203,,even_char; semisimple,defect_a_even_char,BLUEPRINT A.7.1 even q-grid x n-grid
EV-062,256,2,8,5,0,5,1,even,204,,even_char; semisimple,defect_a_even_char,BLUEPRINT A.7.1 even q-grid x n-grid
EV-062,256,2,8,5,0,5,1,even,205,,even_char; semisimple,defect_a_even_char,BLUEPRINT A.7.1 even q-grid x n-grid
EV-062,256,2,8,5,0,5,1,even,206,,even_char; semisimple,defect_a_even_char,BLUEPRINT A.7.1 even q-grid x n-grid
EV-062,256,2,8,5,0,5,1,even,207,,even_char; semisimple,defect_a_even_char,BLUEPRINT A.7.1 even q-grid x n-grid
EV-062,256,2,8,5,0,5,1,even,208,,even_char; semisimple,defect_a_even_char,BLUEPRINT A.7.1 even q-grid x n-grid
EV-062,256,2,8,5,0,5,1,even,209,,even_char; semisimple,defect_a_even_char,BLUEPRINT A.7.1 even q-grid x n-grid
EV-062,256,2,8,5,0,5,1,even,210,,even_char; semisimple,defect_a_even_char,BLUEPRINT A.7.1 even q-grid x n-grid
EV-062,256,2,8,5,0,5,1,even,211,,even_char; semisimple,defect_a_even_char,BLUEPRINT A.7.1 even q-grid x n-grid
EV-062,256,2,8,5,0,5,1,even,212,,even_char; semisimple,defect_a_even_char,BLUEPRINT A.7.1 even q-grid x n-grid
EV-062,256,2,8,5,0,5,1,even,213,,even_char; semisimple,defect_a_even_char,BLUEPRINT A.7.1 even q-grid x n-grid
EV-062,256,2,8,5,0,5,1,even,214,,even_char; semisimple,defect_a_even_char,BLUEPRINT A.7.1 even q-grid x n-grid
EV-062,256,2,8,5,0,5,1,even,215,,even_char; semisimple,defect_a_even_char,BLUEPRINT A.7.1 even q-grid x n-grid
EV-062,256,2,8,5,0,5,1,even,216,,even_char; semisimple,defect_a_even_char,BLUEPRINT A.7.1 even q-grid x n-grid
EV-062,256,2,8,5,0,5,1,even,217,,even_char; semisimple,defect_a_even_char,BLUEPRINT A.7.1 even q-grid x n-grid
EV-062,256,2,8,5,0,5,1,even,218,,even_char; semisimple,defect_a_even_char,BLUEPRINT A.7.1 even q-grid x n-grid
EV-062,256,2,8,5,0,5,1,even,219,,even_char; semisimple,defect_a_even_char,BLUEPRINT A.7.1 even q-grid x n-grid
EV-062,256,2,8,5,0,5,1,even,220,,even_char; semisimple,defect_a_even_char,BLUEPRINT A.7.1 even q-grid x n-grid
EV-062,256,2,8,5,0,5,1,even,221,,even_char; semisimple,defect_a_even_char,BLUEPRINT A.7.1 even q-grid x n-grid
EV-062,256,2,8,5,0,5,1,even,222,,even_char; semisimple,defect_a_even_char,BLUEPRINT A.7.1 even q-grid x n-grid
EV-062,256,2,8,5,0,5,1,even,223,,even_char; semisimple,defect_a_even_char,BLUEPRINT A.7.1 even q-grid x n-grid
EV-062,256,2,8,5,0,5,1,even,224,,even_char; semisimple,defect_a_even_char,BLUEPRINT A.7.1 even q-grid x n-grid
EV-062,256,2,8,5,0,5,1,even,225,,even_char; semisimple,defect_a_even_char,BLUEPRINT A.7.1 even q-grid x n-grid
EV-062,256,2,8,5,0,5,1,even,226,,even_char; semisimple,defect_a_even_char,BLUEPRINT A.7.1 even q-grid x n-grid
EV-062,256,2,8,5,0,5,1,even,227,,even_char; semisimple,defect_a_even_char,BLUEPRINT A.7.1 even q-grid x n-grid
EV-062,256,2,8,5,0,5,1,even,228,,even_char; semisimple,defect_a_even_char,BLUEPRINT A.7.1 even q-grid x n-grid
EV-062,256,2,8,5,0,5,1,even,229,,even_char; semisimple,defect_a_even_char,BLUEPRINT A.7.1 even q-grid x n-grid
EV-062,256,2,8,5,0,5,1,even,230,,even_char; semisimple,defect_a_even_char,BLUEPRINT A.7.1 even q-grid x n-grid
EV-062,256,2,8,5,0,5,1,even,231,,even_char; semisimple,defect_a_even_char,BLUEPRINT A.7.1 even q-grid x n-grid
EV-062,256,2,8,5,0,5,1,even,232,,even_char; semisimple,defect_a_even_char,BLUEPRINT A.7.1 even q-grid x n-grid
EV-062,256,2,8,5,0,5,1,even,233,,even_char; semisimple,defect_a_even_char,BLUEPRINT A.7.1 even q-grid x n-grid
EV-062,256,2,8,5,0,5,1,even,234,,even_char; semisimple,defect_a_even_char,BLUEPRINT A.7.1 even q-grid x n-grid
EV-062,256,2,8,5,0,5,1,even,235,,even_char; semisimple,defect_a_even_char,BLUEPRINT A.7.1 even q-grid x n-grid
EV-062,256,2,8,5,0,5,1,even,236,,even_char; semisimple,defect_a_even_char,BLUEPRINT A.7.1 even q-grid x n-grid
EV-062,256,2,8,5,0,5,1,even,237,,even_char; semisimple,defect_a_even_char,BLUEPRINT A.7.1 even q-grid x n-grid
EV-062,256,2,8,5,0,5,1,even,238,,even_char; semisimple,defect_a_even_char,BLUEPRINT A.7.1 even q-grid x n-grid
EV-062,256,2,8,5,0,5,1,even,239,,even_char; semisimple,defect_a_even_char,BLUEPRINT A.7.1 even q-grid x n-grid
EV-062,256,2,8,5,0,5,1,even,240,,even_char; semisimple,defect_a_even_char,BLUEPRINT A.7.1 even q-grid x n-grid
EV-062,256,2,8,5,0,5,1,even,241,,even_char; semisimple,defect_a_even_char,BLUEPRINT A.7.1 even q-grid x n-grid
EV-062,256,2,8,5,0,5,1,even,242,,even_char; semisimple,defect_a_even_char,BLUEPRINT A.7.1 even q-grid x n-grid
EV-062,256,2,8,5,0,5,1,even,243,,even_char; semisimple,defect_a_even_char,BLUEPRINT A.7.1 even q-grid x n-grid
EV-062,256,2,8,5,0,5,1,even,244,,even_char; semisimple,defect_a_even_char,BLUEPRINT A.7.1 even q-grid x n-grid
EV-062,256,2,8,5,0,5,1,even,245,,even_char; semisimple,defect_a_even_char,BLUEPRINT A.7.1 even q-grid x n-grid
EV-062,256,2,8,5,0,5,1,even,246,,even_char; semisimple,defect_a_even_char,BLUEPRINT A.7.1 even q-grid x n-grid
EV-062,256,2,8,5,0,5,1,even,247,,even_char; semisimple,defect_a_even_char,BLUEPRINT A.7.1 even q-grid x n-grid
EV-062,256,2,8,5,0,5,1,even,248,,even_char; semisimple,defect_a_even_char,BLUEPRINT A.7.1 even q-grid x n-grid
EV-062,256,2,8,5,0,5,1,even,249,,even_char; semisimple,defect_a_even_char,BLUEPRINT A.7.1 even q-grid x n-grid
EV-062,256,2,8,5,0,5,1,even,250,,even_char; semisimple,defect_a_even_char,BLUEPRINT A.7.1 even q-grid x n-grid
EV-062,256,2,8,5,0,5,1,even,251,,even_char; semisimple,defect_a_even_char,BLUEPRINT A.7.1 even q-grid x n-grid
EV-062,256,2,8,5,0,5,1,even,252,,even_char; semisimple,defect_a_even_char,BLUEPRINT A.7.1 even q-grid x n-grid
EV-062,256,2,8,5,0,5,1,even,253,,even_char; semisimple,defect_a_even_char,BLUEPRINT A.7.1 even q-grid x n-grid
EV-062,256,2,8,5,0,5,1,even,254,,even_char; semisimple,defect_a_even_char,BLUEPRINT A.7.1 even q-grid x n-grid
EV-063,256,2,8,7,0,7,1,even,0,,even_char; semisimple,defect_a_even_char,BLUEPRINT A.7.1 even q-grid x n-grid
EV-063,256,2,8,7,0,7,1,even,1,,even_char; semisimple,defect_a_even_char,BLUEPRINT A.7.1 even q-grid x n-grid
EV-063,256,2,8,7,0,7,1,even,2,,even_char; semisimple,defect_a_even_char,BLUEPRINT A.7.1 even q-grid x n-grid
EV-063,256,2,8,7,0,7,1,even,3,,even_char; semisimple,defect_a_even_char,BLUEPRINT A.7.1 even q-grid x n-grid
EV-063,256,2,8,7,0,7,1,even,4,,even_char; semisimple,defect_a_even_char,BLUEPRINT A.7.1 even q-grid x n-grid
EV-063,256,2,8,7,0,7,1,even,5,,even_char; semisimple,defect_a_even_char,BLUEPRINT A.7.1 even q-grid x n-grid
EV-063,256,2,8,7,0,7,1,even,6,,even_char; semisimple,defect_a_even_char,BLUEPRINT A.7.1 even q-grid x n-grid
EV-063,256,2,8,7,0,7,1,even,7,,even_char; semisimple,defect_a_even_char,BLUEPRINT A.7.1 even q-grid x n-grid
EV-063,256,2,8,7,0,7,1,even,8,,even_char; semisimple,defect_a_even_char,BLUEPRINT A.7.1 even q-grid x n-grid
EV-063,256,2,8,7,0,7,1,even,9,,even_char; semisimple,defect_a_even_char,BLUEPRINT A.7.1 even q-grid x n-grid
EV-063,256,2,8,7,0,7,1,even,10,,even_char; semisimple,defect_a_even_char,BLUEPRINT A.7.1 even q-grid x n-grid
EV-063,256,2,8,7,0,7,1,even,11,,even_char; semisimple,defect_a_even_char,BLUEPRINT A.7.1 even q-grid x n-grid
EV-063,256,2,8,7,0,7,1,even,12,,even_char; semisimple,defect_a_even_char,BLUEPRINT A.7.1 even q-grid x n-grid
EV-063,256,2,8,7,0,7,1,even,13,,even_char; semisimple,defect_a_even_char,BLUEPRINT A.7.1 even q-grid x n-grid
EV-063,256,2,8,7,0,7,1,even,14,,even_char; semisimple,defect_a_even_char,BLUEPRINT A.7.1 even q-grid x n-grid
EV-063,256,2,8,7,0,7,1,even,15,,even_char; semisimple,defect_a_even_char,BLUEPRINT A.7.1 even q-grid x n-grid
EV-063,256,2,8,7,0,7,1,even,16,,even_char; semisimple,defect_a_even_char,BLUEPRINT A.7.1 even q-grid x n-grid
EV-063,256,2,8,7,0,7,1,even,17,,even_char; semisimple,defect_a_even_char,BLUEPRINT A.7.1 even q-grid x n-grid
EV-063,256,2,8,7,0,7,1,even,18,,even_char; semisimple,defect_a_even_char,BLUEPRINT A.7.1 even q-grid x n-grid
EV-063,256,2,8,7,0,7,1,even,19,,even_char; semisimple,defect_a_even_char,BLUEPRINT A.7.1 even q-grid x n-grid
EV-063,256,2,8,7,0,7,1,even,20,,even_char; semisimple,defect_a_even_char,BLUEPRINT A.7.1 even q-grid x n-grid
EV-063,256,2,8,7,0,7,1,even,21,,even_char; semisimple,defect_a_even_char,BLUEPRINT A.7.1 even q-grid x n-grid
EV-063,256,2,8,7,0,7,1,even,22,,even_char; semisimple,defect_a_even_char,BLUEPRINT A.7.1 even q-grid x n-grid
EV-063,256,2,8,7,0,7,1,even,23,,even_char; semisimple,defect_a_even_char,BLUEPRINT A.7.1 even q-grid x n-grid
EV-063,256,2,8,7,0,7,1,even,24,,even_char; semisimple,defect_a_even_char,BLUEPRINT A.7.1 even q-grid x n-grid
EV-063,256,2,8,7,0,7,1,even,25,,even_char; semisimple,defect_a_even_char,BLUEPRINT A.7.1 even q-grid x n-grid
EV-063,256,2,8,7,0,7,1,even,26,,even_char; semisimple,defect_a_even_char,BLUEPRINT A.7.1 even q-grid x n-grid
EV-063,256,2,8,7,0,7,1,even,27,,even_char; semisimple,defect_a_even_char,BLUEPRINT A.7.1 even q-grid x n-grid
EV-063,256,2,8,7,0,7,1,even,28,,even_char; semisimple,defect_a_even_char,BLUEPRINT A.7.1 even q-grid x n-grid
EV-063,256,2,8,7,0,7,1,even,29,,even_char; semisimple,defect_a_even_char,BLUEPRINT A.7.1 even q-grid x n-grid
EV-063,256,2,8,7,0,7,1,even,30,,even_char; semisimple,defect_a_even_char,BLUEPRINT A.7.1 even q-grid x n-grid
EV-063,256,2,8,7,0,7,1,even,31,,even_char; semisimple,defect_a_even_char,BLUEPRINT A.7.1 even q-grid x n-grid
EV-063,256,2,8,7,0,7,1,even,32,,even_char; semisimple,defect_a_even_char,BLUEPRINT A.7.1 even q-grid x n-grid
EV-063,256,2,8,7,0,7,1,even,33,,even_char; semisimple,defect_a_even_char,BLUEPRINT A.7.1 even q-grid x n-grid
EV-063,256,2,8,7,0,7,1,even,34,,even_char; semisimple,defect_a_even_char,BLUEPRINT A.7.1 even q-grid x n-grid
EV-063,256,2,8,7,0,7,1,even,35,,even_char; semisimple,defect_a_even_char,BLUEPRINT A.7.1 even q-grid x n-grid
EV-063,256,2,8,7,0,7,1,even,36,,even_char; semisimple,defect_a_even_char,BLUEPRINT A.7.1 even q-grid x n-grid
EV-063,256,2,8,7,0,7,1,even,37,,even_char; semisimple,defect_a_even_char,BLUEPRINT A.7.1 even q-grid x n-grid
EV-063,256,2,8,7,0,7,1,even,38,,even_char; semisimple,defect_a_even_char,BLUEPRINT A.7.1 even q-grid x n-grid
EV-063,256,2,8,7,0,7,1,even,39,,even_char; semisimple,defect_a_even_char,BLUEPRINT A.7.1 even q-grid x n-grid
EV-063,256,2,8,7,0,7,1,even,40,,even_char; semisimple,defect_a_even_char,BLUEPRINT A.7.1 even q-grid x n-grid
EV-063,256,2,8,7,0,7,1,even,41,,even_char; semisimple,defect_a_even_char,BLUEPRINT A.7.1 even q-grid x n-grid
EV-063,256,2,8,7,0,7,1,even,42,,even_char; semisimple,defect_a_even_char,BLUEPRINT A.7.1 even q-grid x n-grid
EV-063,256,2,8,7,0,7,1,even,43,,even_char; semisimple,defect_a_even_char,BLUEPRINT A.7.1 even q-grid x n-grid
EV-063,256,2,8,7,0,7,1,even,44,,even_char; semisimple,defect_a_even_char,BLUEPRINT A.7.1 even q-grid x n-grid
EV-063,256,2,8,7,0,7,1,even,45,,even_char; semisimple,defect_a_even_char,BLUEPRINT A.7.1 even q-grid x n-grid
EV-063,256,2,8,7,0,7,1,even,46,,even_char; semisimple,defect_a_even_char,BLUEPRINT A.7.1 even q-grid x n-grid
EV-063,256,2,8,7,0,7,1,even,47,,even_char; semisimple,defect_a_even_char,BLUEPRINT A.7.1 even q-grid x n-grid
EV-063,256,2,8,7,0,7,1,even,48,,even_char; semisimple,defect_a_even_char,BLUEPRINT A.7.1 even q-grid x n-grid
EV-063,256,2,8,7,0,7,1,even,49,,even_char; semisimple,defect_a_even_char,BLUEPRINT A.7.1 even q-grid x n-grid
EV-063,256,2,8,7,0,7,1,even,50,,even_char; semisimple,defect_a_even_char,BLUEPRINT A.7.1 even q-grid x n-grid
EV-063,256,2,8,7,0,7,1,even,51,,even_char; semisimple,defect_a_even_char,BLUEPRINT A.7.1 even q-grid x n-grid
EV-063,256,2,8,7,0,7,1,even,52,,even_char; semisimple,defect_a_even_char,BLUEPRINT A.7.1 even q-grid x n-grid
EV-063,256,2,8,7,0,7,1,even,53,,even_char; semisimple,defect_a_even_char,BLUEPRINT A.7.1 even q-grid x n-grid
EV-063,256,2,8,7,0,7,1,even,54,,even_char; semisimple,defect_a_even_char,BLUEPRINT A.7.1 even q-grid x n-grid
EV-063,256,2,8,7,0,7,1,even,55,,even_char; semisimple,defect_a_even_char,BLUEPRINT A.7.1 even q-grid x n-grid
EV-063,256,2,8,7,0,7,1,even,56,,even_char; semisimple,defect_a_even_char,BLUEPRINT A.7.1 even q-grid x n-grid
EV-063,256,2,8,7,0,7,1,even,57,,even_char; semisimple,defect_a_even_char,BLUEPRINT A.7.1 even q-grid x n-grid
EV-063,256,2,8,7,0,7,1,even,58,,even_char; semisimple,defect_a_even_char,BLUEPRINT A.7.1 even q-grid x n-grid
EV-063,256,2,8,7,0,7,1,even,59,,even_char; semisimple,defect_a_even_char,BLUEPRINT A.7.1 even q-grid x n-grid
EV-063,256,2,8,7,0,7,1,even,60,,even_char; semisimple,defect_a_even_char,BLUEPRINT A.7.1 even q-grid x n-grid
EV-063,256,2,8,7,0,7,1,even,61,,even_char; semisimple,defect_a_even_char,BLUEPRINT A.7.1 even q-grid x n-grid
EV-063,256,2,8,7,0,7,1,even,62,,even_char; semisimple,defect_a_even_char,BLUEPRINT A.7.1 even q-grid x n-grid
EV-063,256,2,8,7,0,7,1,even,63,,even_char; semisimple,defect_a_even_char,BLUEPRINT A.7.1 even q-grid x n-grid
EV-063,256,2,8,7,0,7,1,even,64,,even_char; semisimple,defect_a_even_char,BLUEPRINT A.7.1 even q-grid x n-grid
EV-063,256,2,8,7,0,7,1,even,65,,even_char; semisimple,defect_a_even_char,BLUEPRINT A.7.1 even q-grid x n-grid
EV-063,256,2,8,7,0,7,1,even,66,,even_char; semisimple,defect_a_even_char,BLUEPRINT A.7.1 even q-grid x n-grid
EV-063,256,2,8,7,0,7,1,even,67,,even_char; semisimple,defect_a_even_char,BLUEPRINT A.7.1 even q-grid x n-grid
EV-063,256,2,8,7,0,7,1,even,68,,even_char; semisimple,defect_a_even_char,BLUEPRINT A.7.1 even q-grid x n-grid
EV-063,256,2,8,7,0,7,1,even,69,,even_char; semisimple,defect_a_even_char,BLUEPRINT A.7.1 even q-grid x n-grid
EV-063,256,2,8,7,0,7,1,even,70,,even_char; semisimple,defect_a_even_char,BLUEPRINT A.7.1 even q-grid x n-grid
EV-063,256,2,8,7,0,7,1,even,71,,even_char; semisimple,defect_a_even_char,BLUEPRINT A.7.1 even q-grid x n-grid
EV-063,256,2,8,7,0,7,1,even,72,,even_char; semisimple,defect_a_even_char,BLUEPRINT A.7.1 even q-grid x n-grid
EV-063,256,2,8,7,0,7,1,even,73,,even_char; semisimple,defect_a_even_char,BLUEPRINT A.7.1 even q-grid x n-grid
EV-063,256,2,8,7,0,7,1,even,74,,even_char; semisimple,defect_a_even_char,BLUEPRINT A.7.1 even q-grid x n-grid
EV-063,256,2,8,7,0,7,1,even,75,,even_char; semisimple,defect_a_even_char,BLUEPRINT A.7.1 even q-grid x n-grid
EV-063,256,2,8,7,0,7,1,even,76,,even_char; semisimple,defect_a_even_char,BLUEPRINT A.7.1 even q-grid x n-grid
EV-063,256,2,8,7,0,7,1,even,77,,even_char; semisimple,defect_a_even_char,BLUEPRINT A.7.1 even q-grid x n-grid
EV-063,256,2,8,7,0,7,1,even,78,,even_char; semisimple,defect_a_even_char,BLUEPRINT A.7.1 even q-grid x n-grid
EV-063,256,2,8,7,0,7,1,even,79,,even_char; semisimple,defect_a_even_char,BLUEPRINT A.7.1 even q-grid x n-grid
EV-063,256,2,8,7,0,7,1,even,80,,even_char; semisimple,defect_a_even_char,BLUEPRINT A.7.1 even q-grid x n-grid
EV-063,256,2,8,7,0,7,1,even,81,,even_char; semisimple,defect_a_even_char,BLUEPRINT A.7.1 even q-grid x n-grid
EV-063,256,2,8,7,0,7,1,even,82,,even_char; semisimple,defect_a_even_char,BLUEPRINT A.7.1 even q-grid x n-grid
EV-063,256,2,8,7,0,7,1,even,83,,even_char; semisimple,defect_a_even_char,BLUEPRINT A.7.1 even q-grid x n-grid
EV-063,256,2,8,7,0,7,1,even,84,,even_char; semisimple,defect_a_even_char,BLUEPRINT A.7.1 even q-grid x n-grid
EV-063,256,2,8,7,0,7,1,even,85,,even_char; semisimple,defect_a_even_char,BLUEPRINT A.7.1 even q-grid x n-grid
EV-063,256,2,8,7,0,7,1,even,86,,even_char; semisimple,defect_a_even_char,BLUEPRINT A.7.1 even q-grid x n-grid
EV-063,256,2,8,7,0,7,1,even,87,,even_char; semisimple,defect_a_even_char,BLUEPRINT A.7.1 even q-grid x n-grid
EV-063,256,2,8,7,0,7,1,even,88,,even_char; semisimple,defect_a_even_char,BLUEPRINT A.7.1 even q-grid x n-grid
EV-063,256,2,8,7,0,7,1,even,89,,even_char; semisimple,defect_a_even_char,BLUEPRINT A.7.1 even q-grid x n-grid
EV-063,256,2,8,7,0,7,1,even,90,,even_char; semisimple,defect_a_even_char,BLUEPRINT A.7.1 even q-grid x n-grid
EV-063,256,2,8,7,0,7,1,even,91,,even_char; semisimple,defect_a_even_char,BLUEPRINT A.7.1 even q-grid x n-grid
EV-063,256,2,8,7,0,7,1,even,92,,even_char; semisimple,defect_a_even_char,BLUEPRINT A.7.1 even q-grid x n-grid
EV-063,256,2,8,7,0,7,1,even,93,,even_char; semisimple,defect_a_even_char,BLUEPRINT A.7.1 even q-grid x n-grid
EV-063,256,2,8,7,0,7,1,even,94,,even_char; semisimple,defect_a_even_char,BLUEPRINT A.7.1 even q-grid x n-grid
EV-063,256,2,8,7,0,7,1,even,95,,even_char; semisimple,defect_a_even_char,BLUEPRINT A.7.1 even q-grid x n-grid
EV-063,256,2,8,7,0,7,1,even,96,,even_char; semisimple,defect_a_even_char,BLUEPRINT A.7.1 even q-grid x n-grid
EV-063,256,2,8,7,0,7,1,even,97,,even_char; semisimple,defect_a_even_char,BLUEPRINT A.7.1 even q-grid x n-grid
EV-063,256,2,8,7,0,7,1,even,98,,even_char; semisimple,defect_a_even_char,BLUEPRINT A.7.1 even q-grid x n-grid
EV-063,256,2,8,7,0,7,1,even,99,,even_char; semisimple,defect_a_even_char,BLUEPRINT A.7.1 even q-grid x n-grid
EV-063,256,2,8,7,0,7,1,even,100,,even_char; semisimple,defect_a_even_char,BLUEPRINT A.7.1 even q-grid x n-grid
EV-063,256,2,8,7,0,7,1,even,101,,even_char; semisimple,defect_a_even_char,BLUEPRINT A.7.1 even q-grid x n-grid
EV-063,256,2,8,7,0,7,1,even,102,,even_char; semisimple,defect_a_even_char,BLUEPRINT A.7.1 even q-grid x n-grid
EV-063,256,2,8,7,0,7,1,even,103,,even_char; semisimple,defect_a_even_char,BLUEPRINT A.7.1 even q-grid x n-grid
EV-063,256,2,8,7,0,7,1,even,104,,even_char; semisimple,defect_a_even_char,BLUEPRINT A.7.1 even q-grid x n-grid
EV-063,256,2,8,7,0,7,1,even,105,,even_char; semisimple,defect_a_even_char,BLUEPRINT A.7.1 even q-grid x n-grid
EV-063,256,2,8,7,0,7,1,even,106,,even_char; semisimple,defect_a_even_char,BLUEPRINT A.7.1 even q-grid x n-grid
EV-063,256,2,8,7,0,7,1,even,107,,even_char; semisimple,defect_a_even_char,BLUEPRINT A.7.1 even q-grid x n-grid
EV-063,256,2,8,7,0,7,1,even,108,,even_char; semisimple,defect_a_even_char,BLUEPRINT A.7.1 even q-grid x n-grid
EV-063,256,2,8,7,0,7,1,even,109,,even_char; semisimple,defect_a_even_char,BLUEPRINT A.7.1 even q-grid x n-grid
EV-063,256,2,8,7,0,7,1,even,110,,even_char; semisimple,defect_a_even_char,BLUEPRINT A.7.1 even q-grid x n-grid
EV-063,256,2,8,7,0,7,1,even,111,,even_char; semisimple,defect_a_even_char,BLUEPRINT A.7.1 even q-grid x n-grid
EV-063,256,2,8,7,0,7,1,even,112,,even_char; semisimple,defect_a_even_char,BLUEPRINT A.7.1 even q-grid x n-grid
EV-063,256,2,8,7,0,7,1,even,113,,even_char; semisimple,defect_a_even_char,BLUEPRINT A.7.1 even q-grid x n-grid
EV-063,256,2,8,7,0,7,1,even,114,,even_char; semisimple,defect_a_even_char,BLUEPRINT A.7.1 even q-grid x n-grid
EV-063,256,2,8,7,0,7,1,even,115,,even_char; semisimple,defect_a_even_char,BLUEPRINT A.7.1 even q-grid x n-grid
EV-063,256,2,8,7,0,7,1,even,116,,even_char; semisimple,defect_a_even_char,BLUEPRINT A.7.1 even q-grid x n-grid
EV-063,256,2,8,7,0,7,1,even,117,,even_char; semisimple,defect_a_even_char,BLUEPRINT A.7.1 even q-grid x n-grid
EV-063,256,2,8,7,0,7,1,even,118,,even_char; semisimple,defect_a_even_char,BLUEPRINT A.7.1 even q-grid x n-grid
EV-063,256,2,8,7,0,7,1,even,119,,even_char; semisimple,defect_a_even_char,BLUEPRINT A.7.1 even q-grid x n-grid
EV-063,256,2,8,7,0,7,1,even,120,,even_char; semisimple,defect_a_even_char,BLUEPRINT A.7.1 even q-grid x n-grid
EV-063,256,2,8,7,0,7,1,even,121,,even_char; semisimple,defect_a_even_char,BLUEPRINT A.7.1 even q-grid x n-grid
EV-063,256,2,8,7,0,7,1,even,122,,even_char; semisimple,defect_a_even_char,BLUEPRINT A.7.1 even q-grid x n-grid
EV-063,256,2,8,7,0,7,1,even,123,,even_char; semisimple,defect_a_even_char,BLUEPRINT A.7.1 even q-grid x n-grid
EV-063,256,2,8,7,0,7,1,even,124,,even_char; semisimple,defect_a_even_char,BLUEPRINT A.7.1 even q-grid x n-grid
EV-063,256,2,8,7,0,7,1,even,125,,even_char; semisimple,defect_a_even_char,BLUEPRINT A.7.1 even q-grid x n-grid
EV-063,256,2,8,7,0,7,1,even,126,,even_char; semisimple,defect_a_even_char,BLUEPRINT A.7.1 even q-grid x n-grid
EV-063,256,2,8,7,0,7,1,even,127,,even_char; semisimple,defect_a_even_char,BLUEPRINT A.7.1 even q-grid x n-grid
EV-063,256,2,8,7,0,7,1,even,128,,even_char; semisimple,defect_a_even_char,BLUEPRINT A.7.1 even q-grid x n-grid
EV-063,256,2,8,7,0,7,1,even,129,,even_char; semisimple,defect_a_even_char,BLUEPRINT A.7.1 even q-grid x n-grid
EV-063,256,2,8,7,0,7,1,even,130,,even_char; semisimple,defect_a_even_char,BLUEPRINT A.7.1 even q-grid x n-grid
EV-063,256,2,8,7,0,7,1,even,131,,even_char; semisimple,defect_a_even_char,BLUEPRINT A.7.1 even q-grid x n-grid
EV-063,256,2,8,7,0,7,1,even,132,,even_char; semisimple,defect_a_even_char,BLUEPRINT A.7.1 even q-grid x n-grid
EV-063,256,2,8,7,0,7,1,even,133,,even_char; semisimple,defect_a_even_char,BLUEPRINT A.7.1 even q-grid x n-grid
EV-063,256,2,8,7,0,7,1,even,134,,even_char; semisimple,defect_a_even_char,BLUEPRINT A.7.1 even q-grid x n-grid
EV-063,256,2,8,7,0,7,1,even,135,,even_char; semisimple,defect_a_even_char,BLUEPRINT A.7.1 even q-grid x n-grid
EV-063,256,2,8,7,0,7,1,even,136,,even_char; semisimple,defect_a_even_char,BLUEPRINT A.7.1 even q-grid x n-grid
EV-063,256,2,8,7,0,7,1,even,137,,even_char; semisimple,defect_a_even_char,BLUEPRINT A.7.1 even q-grid x n-grid
EV-063,256,2,8,7,0,7,1,even,138,,even_char; semisimple,defect_a_even_char,BLUEPRINT A.7.1 even q-grid x n-grid
EV-063,256,2,8,7,0,7,1,even,139,,even_char; semisimple,defect_a_even_char,BLUEPRINT A.7.1 even q-grid x n-grid
EV-063,256,2,8,7,0,7,1,even,140,,even_char; semisimple,defect_a_even_char,BLUEPRINT A.7.1 even q-grid x n-grid
EV-063,256,2,8,7,0,7,1,even,141,,even_char; semisimple,defect_a_even_char,BLUEPRINT A.7.1 even q-grid x n-grid
EV-063,256,2,8,7,0,7,1,even,142,,even_char; semisimple,defect_a_even_char,BLUEPRINT A.7.1 even q-grid x n-grid
EV-063,256,2,8,7,0,7,1,even,143,,even_char; semisimple,defect_a_even_char,BLUEPRINT A.7.1 even q-grid x n-grid
EV-063,256,2,8,7,0,7,1,even,144,,even_char; semisimple,defect_a_even_char,BLUEPRINT A.7.1 even q-grid x n-grid
EV-063,256,2,8,7,0,7,1,even,145,,even_char; semisimple,defect_a_even_char,BLUEPRINT A.7.1 even q-grid x n-grid
EV-063,256,2,8,7,0,7,1,even,146,,even_char; semisimple,defect_a_even_char,BLUEPRINT A.7.1 even q-grid x n-grid
EV-063,256,2,8,7,0,7,1,even,147,,even_char; semisimple,defect_a_even_char,BLUEPRINT A.7.1 even q-grid x n-grid
EV-063,256,2,8,7,0,7,1,even,148,,even_char; semisimple,defect_a_even_char,BLUEPRINT A.7.1 even q-grid x n-grid
EV-063,256,2,8,7,0,7,1,even,149,,even_char; semisimple,defect_a_even_char,BLUEPRINT A.7.1 even q-grid x n-grid
EV-063,256,2,8,7,0,7,1,even,150,,even_char; semisimple,defect_a_even_char,BLUEPRINT A.7.1 even q-grid x n-grid
EV-063,256,2,8,7,0,7,1,even,151,,even_char; semisimple,defect_a_even_char,BLUEPRINT A.7.1 even q-grid x n-grid
EV-063,256,2,8,7,0,7,1,even,152,,even_char; semisimple,defect_a_even_char,BLUEPRINT A.7.1 even q-grid x n-grid
EV-063,256,2,8,7,0,7,1,even,153,,even_char; semisimple,defect_a_even_char,BLUEPRINT A.7.1 even q-grid x n-grid
EV-063,256,2,8,7,0,7,1,even,154,,even_char; semisimple,defect_a_even_char,BLUEPRINT A.7.1 even q-grid x n-grid
EV-063,256,2,8,7,0,7,1,even,155,,even_char; semisimple,defect_a_even_char,BLUEPRINT A.7.1 even q-grid x n-grid
EV-063,256,2,8,7,0,7,1,even,156,,even_char; semisimple,defect_a_even_char,BLUEPRINT A.7.1 even q-grid x n-grid
EV-063,256,2,8,7,0,7,1,even,157,,even_char; semisimple,defect_a_even_char,BLUEPRINT A.7.1 even q-grid x n-grid
EV-063,256,2,8,7,0,7,1,even,158,,even_char; semisimple,defect_a_even_char,BLUEPRINT A.7.1 even q-grid x n-grid
EV-063,256,2,8,7,0,7,1,even,159,,even_char; semisimple,defect_a_even_char,BLUEPRINT A.7.1 even q-grid x n-grid
EV-063,256,2,8,7,0,7,1,even,160,,even_char; semisimple,defect_a_even_char,BLUEPRINT A.7.1 even q-grid x n-grid
EV-063,256,2,8,7,0,7,1,even,161,,even_char; semisimple,defect_a_even_char,BLUEPRINT A.7.1 even q-grid x n-grid
EV-063,256,2,8,7,0,7,1,even,162,,even_char; semisimple,defect_a_even_char,BLUEPRINT A.7.1 even q-grid x n-grid
EV-063,256,2,8,7,0,7,1,even,163,,even_char; semisimple,defect_a_even_char,BLUEPRINT A.7.1 even q-grid x n-grid
EV-063,256,2,8,7,0,7,1,even,164,,even_char; semisimple,defect_a_even_char,BLUEPRINT A.7.1 even q-grid x n-grid
EV-063,256,2,8,7,0,7,1,even,165,,even_char; semisimple,defect_a_even_char,BLUEPRINT A.7.1 even q-grid x n-grid
EV-063,256,2,8,7,0,7,1,even,166,,even_char; semisimple,defect_a_even_char,BLUEPRINT A.7.1 even q-grid x n-grid
EV-063,256,2,8,7,0,7,1,even,167,,even_char; semisimple,defect_a_even_char,BLUEPRINT A.7.1 even q-grid x n-grid
EV-063,256,2,8,7,0,7,1,even,168,,even_char; semisimple,defect_a_even_char,BLUEPRINT A.7.1 even q-grid x n-grid
EV-063,256,2,8,7,0,7,1,even,169,,even_char; semisimple,defect_a_even_char,BLUEPRINT A.7.1 even q-grid x n-grid
EV-063,256,2,8,7,0,7,1,even,170,,even_char; semisimple,defect_a_even_char,BLUEPRINT A.7.1 even q-grid x n-grid
EV-063,256,2,8,7,0,7,1,even,171,,even_char; semisimple,defect_a_even_char,BLUEPRINT A.7.1 even q-grid x n-grid
EV-063,256,2,8,7,0,7,1,even,172,,even_char; semisimple,defect_a_even_char,BLUEPRINT A.7.1 even q-grid x n-grid
EV-063,256,2,8,7,0,7,1,even,173,,even_char; semisimple,defect_a_even_char,BLUEPRINT A.7.1 even q-grid x n-grid
EV-063,256,2,8,7,0,7,1,even,174,,even_char; semisimple,defect_a_even_char,BLUEPRINT A.7.1 even q-grid x n-grid
EV-063,256,2,8,7,0,7,1,even,175,,even_char; semisimple,defect_a_even_char,BLUEPRINT A.7.1 even q-grid x n-grid
EV-063,256,2,8,7,0,7,1,even,176,,even_char; semisimple,defect_a_even_char,BLUEPRINT A.7.1 even q-grid x n-grid
EV-063,256,2,8,7,0,7,1,even,177,,even_char; semisimple,defect_a_even_char,BLUEPRINT A.7.1 even q-grid x n-grid
EV-063,256,2,8,7,0,7,1,even,178,,even_char; semisimple,defect_a_even_char,BLUEPRINT A.7.1 even q-grid x n-grid
EV-063,256,2,8,7,0,7,1,even,179,,even_char; semisimple,defect_a_even_char,BLUEPRINT A.7.1 even q-grid x n-grid
EV-063,256,2,8,7,0,7,1,even,180,,even_char; semisimple,defect_a_even_char,BLUEPRINT A.7.1 even q-grid x n-grid
EV-063,256,2,8,7,0,7,1,even,181,,even_char; semisimple,defect_a_even_char,BLUEPRINT A.7.1 even q-grid x n-grid
EV-063,256,2,8,7,0,7,1,even,182,,even_char; semisimple,defect_a_even_char,BLUEPRINT A.7.1 even q-grid x n-grid
EV-063,256,2,8,7,0,7,1,even,183,,even_char; semisimple,defect_a_even_char,BLUEPRINT A.7.1 even q-grid x n-grid
EV-063,256,2,8,7,0,7,1,even,184,,even_char; semisimple,defect_a_even_char,BLUEPRINT A.7.1 even q-grid x n-grid
EV-063,256,2,8,7,0,7,1,even,185,,even_char; semisimple,defect_a_even_char,BLUEPRINT A.7.1 even q-grid x n-grid
EV-063,256,2,8,7,0,7,1,even,186,,even_char; semisimple,defect_a_even_char,BLUEPRINT A.7.1 even q-grid x n-grid
EV-063,256,2,8,7,0,7,1,even,187,,even_char; semisimple,defect_a_even_char,BLUEPRINT A.7.1 even q-grid x n-grid
EV-063,256,2,8,7,0,7,1,even,188,,even_char; semisimple,defect_a_even_char,BLUEPRINT A.7.1 even q-grid x n-grid
EV-063,256,2,8,7,0,7,1,even,189,,even_char; semisimple,defect_a_even_char,BLUEPRINT A.7.1 even q-grid x n-grid
EV-063,256,2,8,7,0,7,1,even,190,,even_char; semisimple,defect_a_even_char,BLUEPRINT A.7.1 even q-grid x n-grid
EV-063,256,2,8,7,0,7,1,even,191,,even_char; semisimple,defect_a_even_char,BLUEPRINT A.7.1 even q-grid x n-grid
EV-063,256,2,8,7,0,7,1,even,192,,even_char; semisimple,defect_a_even_char,BLUEPRINT A.7.1 even q-grid x n-grid
EV-063,256,2,8,7,0,7,1,even,193,,even_char; semisimple,defect_a_even_char,BLUEPRINT A.7.1 even q-grid x n-grid
EV-063,256,2,8,7,0,7,1,even,194,,even_char; semisimple,defect_a_even_char,BLUEPRINT A.7.1 even q-grid x n-grid
EV-063,256,2,8,7,0,7,1,even,195,,even_char; semisimple,defect_a_even_char,BLUEPRINT A.7.1 even q-grid x n-grid
EV-063,256,2,8,7,0,7,1,even,196,,even_char; semisimple,defect_a_even_char,BLUEPRINT A.7.1 even q-grid x n-grid
EV-063,256,2,8,7,0,7,1,even,197,,even_char; semisimple,defect_a_even_char,BLUEPRINT A.7.1 even q-grid x n-grid
EV-063,256,2,8,7,0,7,1,even,198,,even_char; semisimple,defect_a_even_char,BLUEPRINT A.7.1 even q-grid x n-grid
EV-063,256,2,8,7,0,7,1,even,199,,even_char; semisimple,defect_a_even_char,BLUEPRINT A.7.1 even q-grid x n-grid
EV-063,256,2,8,7,0,7,1,even,200,,even_char; semisimple,defect_a_even_char,BLUEPRINT A.7.1 even q-grid x n-grid
EV-063,256,2,8,7,0,7,1,even,201,,even_char; semisimple,defect_a_even_char,BLUEPRINT A.7.1 even q-grid x n-grid
EV-063,256,2,8,7,0,7,1,even,202,,even_char; semisimple,defect_a_even_char,BLUEPRINT A.7.1 even q-grid x n-grid
EV-063,256,2,8,7,0,7,1,even,203,,even_char; semisimple,defect_a_even_char,BLUEPRINT A.7.1 even q-grid x n-grid
EV-063,256,2,8,7,0,7,1,even,204,,even_char; semisimple,defect_a_even_char,BLUEPRINT A.7.1 even q-grid x n-grid
EV-063,256,2,8,7,0,7,1,even,205,,even_char; semisimple,defect_a_even_char,BLUEPRINT A.7.1 even q-grid x n-grid
EV-063,256,2,8,7,0,7,1,even,206,,even_char; semisimple,defect_a_even_char,BLUEPRINT A.7.1 even q-grid x n-grid
EV-063,256,2,8,7,0,7,1,even,207,,even_char; semisimple,defect_a_even_char,BLUEPRINT A.7.1 even q-grid x n-grid
EV-063,256,2,8,7,0,7,1,even,208,,even_char; semisimple,defect_a_even_char,BLUEPRINT A.7.1 even q-grid x n-grid
EV-063,256,2,8,7,0,7,1,even,209,,even_char; semisimple,defect_a_even_char,BLUEPRINT A.7.1 even q-grid x n-grid
EV-063,256,2,8,7,0,7,1,even,210,,even_char; semisimple,defect_a_even_char,BLUEPRINT A.7.1 even q-grid x n-grid
EV-063,256,2,8,7,0,7,1,even,211,,even_char; semisimple,defect_a_even_char,BLUEPRINT A.7.1 even q-grid x n-grid
EV-063,256,2,8,7,0,7,1,even,212,,even_char; semisimple,defect_a_even_char,BLUEPRINT A.7.1 even q-grid x n-grid
EV-063,256,2,8,7,0,7,1,even,213,,even_char; semisimple,defect_a_even_char,BLUEPRINT A.7.1 even q-grid x n-grid
EV-063,256,2,8,7,0,7,1,even,214,,even_char; semisimple,defect_a_even_char,BLUEPRINT A.7.1 even q-grid x n-grid
EV-063,256,2,8,7,0,7,1,even,215,,even_char; semisimple,defect_a_even_char,BLUEPRINT A.7.1 even q-grid x n-grid
EV-063,256,2,8,7,0,7,1,even,216,,even_char; semisimple,defect_a_even_char,BLUEPRINT A.7.1 even q-grid x n-grid
EV-063,256,2,8,7,0,7,1,even,217,,even_char; semisimple,defect_a_even_char,BLUEPRINT A.7.1 even q-grid x n-grid
EV-063,256,2,8,7,0,7,1,even,218,,even_char; semisimple,defect_a_even_char,BLUEPRINT A.7.1 even q-grid x n-grid
EV-063,256,2,8,7,0,7,1,even,219,,even_char; semisimple,defect_a_even_char,BLUEPRINT A.7.1 even q-grid x n-grid
EV-063,256,2,8,7,0,7,1,even,220,,even_char; semisimple,defect_a_even_char,BLUEPRINT A.7.1 even q-grid x n-grid
EV-063,256,2,8,7,0,7,1,even,221,,even_char; semisimple,defect_a_even_char,BLUEPRINT A.7.1 even q-grid x n-grid
EV-063,256,2,8,7,0,7,1,even,222,,even_char; semisimple,defect_a_even_char,BLUEPRINT A.7.1 even q-grid x n-grid
EV-063,256,2,8,7,0,7,1,even,223,,even_char; semisimple,defect_a_even_char,BLUEPRINT A.7.1 even q-grid x n-grid
EV-063,256,2,8,7,0,7,1,even,224,,even_char; semisimple,defect_a_even_char,BLUEPRINT A.7.1 even q-grid x n-grid
EV-063,256,2,8,7,0,7,1,even,225,,even_char; semisimple,defect_a_even_char,BLUEPRINT A.7.1 even q-grid x n-grid
EV-063,256,2,8,7,0,7,1,even,226,,even_char; semisimple,defect_a_even_char,BLUEPRINT A.7.1 even q-grid x n-grid
EV-063,256,2,8,7,0,7,1,even,227,,even_char; semisimple,defect_a_even_char,BLUEPRINT A.7.1 even q-grid x n-grid
EV-063,256,2,8,7,0,7,1,even,228,,even_char; semisimple,defect_a_even_char,BLUEPRINT A.7.1 even q-grid x n-grid
EV-063,256,2,8,7,0,7,1,even,229,,even_char; semisimple,defect_a_even_char,BLUEPRINT A.7.1 even q-grid x n-grid
EV-063,256,2,8,7,0,7,1,even,230,,even_char; semisimple,defect_a_even_char,BLUEPRINT A.7.1 even q-grid x n-grid
EV-063,256,2,8,7,0,7,1,even,231,,even_char; semisimple,defect_a_even_char,BLUEPRINT A.7.1 even q-grid x n-grid
EV-063,256,2,8,7,0,7,1,even,232,,even_char; semisimple,defect_a_even_char,BLUEPRINT A.7.1 even q-grid x n-grid
EV-063,256,2,8,7,0,7,1,even,233,,even_char; semisimple,defect_a_even_char,BLUEPRINT A.7.1 even q-grid x n-grid
EV-063,256,2,8,7,0,7,1,even,234,,even_char; semisimple,defect_a_even_char,BLUEPRINT A.7.1 even q-grid x n-grid
EV-063,256,2,8,7,0,7,1,even,235,,even_char; semisimple,defect_a_even_char,BLUEPRINT A.7.1 even q-grid x n-grid
EV-063,256,2,8,7,0,7,1,even,236,,even_char; semisimple,defect_a_even_char,BLUEPRINT A.7.1 even q-grid x n-grid
EV-063,256,2,8,7,0,7,1,even,237,,even_char; semisimple,defect_a_even_char,BLUEPRINT A.7.1 even q-grid x n-grid
EV-063,256,2,8,7,0,7,1,even,238,,even_char; semisimple,defect_a_even_char,BLUEPRINT A.7.1 even q-grid x n-grid
EV-063,256,2,8,7,0,7,1,even,239,,even_char; semisimple,defect_a_even_char,BLUEPRINT A.7.1 even q-grid x n-grid
EV-063,256,2,8,7,0,7,1,even,240,,even_char; semisimple,defect_a_even_char,BLUEPRINT A.7.1 even q-grid x n-grid
EV-063,256,2,8,7,0,7,1,even,241,,even_char; semisimple,defect_a_even_char,BLUEPRINT A.7.1 even q-grid x n-grid
EV-063,256,2,8,7,0,7,1,even,242,,even_char; semisimple,defect_a_even_char,BLUEPRINT A.7.1 even q-grid x n-grid
EV-063,256,2,8,7,0,7,1,even,243,,even_char; semisimple,defect_a_even_char,BLUEPRINT A.7.1 even q-grid x n-grid
EV-063,256,2,8,7,0,7,1,even,244,,even_char; semisimple,defect_a_even_char,BLUEPRINT A.7.1 even q-grid x n-grid
EV-063,256,2,8,7,0,7,1,even,245,,even_char; semisimple,defect_a_even_char,BLUEPRINT A.7.1 even q-grid x n-grid
EV-063,256,2,8,7,0,7,1,even,246,,even_char; semisimple,defect_a_even_char,BLUEPRINT A.7.1 even q-grid x n-grid
EV-063,256,2,8,7,0,7,1,even,247,,even_char; semisimple,defect_a_even_char,BLUEPRINT A.7.1 even q-grid x n-grid
EV-063,256,2,8,7,0,7,1,even,248,,even_char; semisimple,defect_a_even_char,BLUEPRINT A.7.1 even q-grid x n-grid
EV-063,256,2,8,7,0,7,1,even,249,,even_char; semisimple,defect_a_even_char,BLUEPRINT A.7.1 even q-grid x n-grid
EV-063,256,2,8,7,0,7,1,even,250,,even_char; semisimple,defect_a_even_char,BLUEPRINT A.7.1 even q-grid x n-grid
EV-063,256,2,8,7,0,7,1,even,251,,even_char; semisimple,defect_a_even_char,BLUEPRINT A.7.1 even q-grid x n-grid
EV-063,256,2,8,7,0,7,1,even,252,,even_char; semisimple,defect_a_even_char,BLUEPRINT A.7.1 even q-grid x n-grid
EV-063,256,2,8,7,0,7,1,even,253,,even_char; semisimple,defect_a_even_char,BLUEPRINT A.7.1 even q-grid x n-grid
EV-063,256,2,8,7,0,7,1,even,254,,even_char; semisimple,defect_a_even_char,BLUEPRINT A.7.1 even q-grid x n-grid
EV-064,256,2,8,9,0,9,1,even,0,,even_char; semisimple,defect_a_even_char,BLUEPRINT A.7.1 even q-grid x n-grid
EV-064,256,2,8,9,0,9,1,even,1,,even_char; semisimple,defect_a_even_char,BLUEPRINT A.7.1 even q-grid x n-grid
EV-064,256,2,8,9,0,9,1,even,2,,even_char; semisimple,defect_a_even_char,BLUEPRINT A.7.1 even q-grid x n-grid
EV-064,256,2,8,9,0,9,1,even,3,,even_char; semisimple,defect_a_even_char,BLUEPRINT A.7.1 even q-grid x n-grid
EV-064,256,2,8,9,0,9,1,even,4,,even_char; semisimple,defect_a_even_char,BLUEPRINT A.7.1 even q-grid x n-grid
EV-064,256,2,8,9,0,9,1,even,5,,even_char; semisimple,defect_a_even_char,BLUEPRINT A.7.1 even q-grid x n-grid
EV-064,256,2,8,9,0,9,1,even,6,,even_char; semisimple,defect_a_even_char,BLUEPRINT A.7.1 even q-grid x n-grid
EV-064,256,2,8,9,0,9,1,even,7,,even_char; semisimple,defect_a_even_char,BLUEPRINT A.7.1 even q-grid x n-grid
EV-064,256,2,8,9,0,9,1,even,8,,even_char; semisimple,defect_a_even_char,BLUEPRINT A.7.1 even q-grid x n-grid
EV-064,256,2,8,9,0,9,1,even,9,,even_char; semisimple,defect_a_even_char,BLUEPRINT A.7.1 even q-grid x n-grid
EV-064,256,2,8,9,0,9,1,even,10,,even_char; semisimple,defect_a_even_char,BLUEPRINT A.7.1 even q-grid x n-grid
EV-064,256,2,8,9,0,9,1,even,11,,even_char; semisimple,defect_a_even_char,BLUEPRINT A.7.1 even q-grid x n-grid
EV-064,256,2,8,9,0,9,1,even,12,,even_char; semisimple,defect_a_even_char,BLUEPRINT A.7.1 even q-grid x n-grid
EV-064,256,2,8,9,0,9,1,even,13,,even_char; semisimple,defect_a_even_char,BLUEPRINT A.7.1 even q-grid x n-grid
EV-064,256,2,8,9,0,9,1,even,14,,even_char; semisimple,defect_a_even_char,BLUEPRINT A.7.1 even q-grid x n-grid
EV-064,256,2,8,9,0,9,1,even,15,,even_char; semisimple,defect_a_even_char,BLUEPRINT A.7.1 even q-grid x n-grid
EV-064,256,2,8,9,0,9,1,even,16,,even_char; semisimple,defect_a_even_char,BLUEPRINT A.7.1 even q-grid x n-grid
EV-064,256,2,8,9,0,9,1,even,17,,even_char; semisimple,defect_a_even_char,BLUEPRINT A.7.1 even q-grid x n-grid
EV-064,256,2,8,9,0,9,1,even,18,,even_char; semisimple,defect_a_even_char,BLUEPRINT A.7.1 even q-grid x n-grid
EV-064,256,2,8,9,0,9,1,even,19,,even_char; semisimple,defect_a_even_char,BLUEPRINT A.7.1 even q-grid x n-grid
EV-064,256,2,8,9,0,9,1,even,20,,even_char; semisimple,defect_a_even_char,BLUEPRINT A.7.1 even q-grid x n-grid
EV-064,256,2,8,9,0,9,1,even,21,,even_char; semisimple,defect_a_even_char,BLUEPRINT A.7.1 even q-grid x n-grid
EV-064,256,2,8,9,0,9,1,even,22,,even_char; semisimple,defect_a_even_char,BLUEPRINT A.7.1 even q-grid x n-grid
EV-064,256,2,8,9,0,9,1,even,23,,even_char; semisimple,defect_a_even_char,BLUEPRINT A.7.1 even q-grid x n-grid
EV-064,256,2,8,9,0,9,1,even,24,,even_char; semisimple,defect_a_even_char,BLUEPRINT A.7.1 even q-grid x n-grid
EV-064,256,2,8,9,0,9,1,even,25,,even_char; semisimple,defect_a_even_char,BLUEPRINT A.7.1 even q-grid x n-grid
EV-064,256,2,8,9,0,9,1,even,26,,even_char; semisimple,defect_a_even_char,BLUEPRINT A.7.1 even q-grid x n-grid
EV-064,256,2,8,9,0,9,1,even,27,,even_char; semisimple,defect_a_even_char,BLUEPRINT A.7.1 even q-grid x n-grid
EV-064,256,2,8,9,0,9,1,even,28,,even_char; semisimple,defect_a_even_char,BLUEPRINT A.7.1 even q-grid x n-grid
EV-064,256,2,8,9,0,9,1,even,29,,even_char; semisimple,defect_a_even_char,BLUEPRINT A.7.1 even q-grid x n-grid
EV-064,256,2,8,9,0,9,1,even,30,,even_char; semisimple,defect_a_even_char,BLUEPRINT A.7.1 even q-grid x n-grid
EV-064,256,2,8,9,0,9,1,even,31,,even_char; semisimple,defect_a_even_char,BLUEPRINT A.7.1 even q-grid x n-grid
EV-064,256,2,8,9,0,9,1,even,32,,even_char; semisimple,defect_a_even_char,BLUEPRINT A.7.1 even q-grid x n-grid
EV-064,256,2,8,9,0,9,1,even,33,,even_char; semisimple,defect_a_even_char,BLUEPRINT A.7.1 even q-grid x n-grid
EV-064,256,2,8,9,0,9,1,even,34,,even_char; semisimple,defect_a_even_char,BLUEPRINT A.7.1 even q-grid x n-grid
EV-064,256,2,8,9,0,9,1,even,35,,even_char; semisimple,defect_a_even_char,BLUEPRINT A.7.1 even q-grid x n-grid
EV-064,256,2,8,9,0,9,1,even,36,,even_char; semisimple,defect_a_even_char,BLUEPRINT A.7.1 even q-grid x n-grid
EV-064,256,2,8,9,0,9,1,even,37,,even_char; semisimple,defect_a_even_char,BLUEPRINT A.7.1 even q-grid x n-grid
EV-064,256,2,8,9,0,9,1,even,38,,even_char; semisimple,defect_a_even_char,BLUEPRINT A.7.1 even q-grid x n-grid
EV-064,256,2,8,9,0,9,1,even,39,,even_char; semisimple,defect_a_even_char,BLUEPRINT A.7.1 even q-grid x n-grid
EV-064,256,2,8,9,0,9,1,even,40,,even_char; semisimple,defect_a_even_char,BLUEPRINT A.7.1 even q-grid x n-grid
EV-064,256,2,8,9,0,9,1,even,41,,even_char; semisimple,defect_a_even_char,BLUEPRINT A.7.1 even q-grid x n-grid
EV-064,256,2,8,9,0,9,1,even,42,,even_char; semisimple,defect_a_even_char,BLUEPRINT A.7.1 even q-grid x n-grid
EV-064,256,2,8,9,0,9,1,even,43,,even_char; semisimple,defect_a_even_char,BLUEPRINT A.7.1 even q-grid x n-grid
EV-064,256,2,8,9,0,9,1,even,44,,even_char; semisimple,defect_a_even_char,BLUEPRINT A.7.1 even q-grid x n-grid
EV-064,256,2,8,9,0,9,1,even,45,,even_char; semisimple,defect_a_even_char,BLUEPRINT A.7.1 even q-grid x n-grid
EV-064,256,2,8,9,0,9,1,even,46,,even_char; semisimple,defect_a_even_char,BLUEPRINT A.7.1 even q-grid x n-grid
EV-064,256,2,8,9,0,9,1,even,47,,even_char; semisimple,defect_a_even_char,BLUEPRINT A.7.1 even q-grid x n-grid
EV-064,256,2,8,9,0,9,1,even,48,,even_char; semisimple,defect_a_even_char,BLUEPRINT A.7.1 even q-grid x n-grid
EV-064,256,2,8,9,0,9,1,even,49,,even_char; semisimple,defect_a_even_char,BLUEPRINT A.7.1 even q-grid x n-grid
EV-064,256,2,8,9,0,9,1,even,50,,even_char; semisimple,defect_a_even_char,BLUEPRINT A.7.1 even q-grid x n-grid
EV-064,256,2,8,9,0,9,1,even,51,,even_char; semisimple,defect_a_even_char,BLUEPRINT A.7.1 even q-grid x n-grid
EV-064,256,2,8,9,0,9,1,even,52,,even_char; semisimple,defect_a_even_char,BLUEPRINT A.7.1 even q-grid x n-grid
EV-064,256,2,8,9,0,9,1,even,53,,even_char; semisimple,defect_a_even_char,BLUEPRINT A.7.1 even q-grid x n-grid
EV-064,256,2,8,9,0,9,1,even,54,,even_char; semisimple,defect_a_even_char,BLUEPRINT A.7.1 even q-grid x n-grid
EV-064,256,2,8,9,0,9,1,even,55,,even_char; semisimple,defect_a_even_char,BLUEPRINT A.7.1 even q-grid x n-grid
EV-064,256,2,8,9,0,9,1,even,56,,even_char; semisimple,defect_a_even_char,BLUEPRINT A.7.1 even q-grid x n-grid
EV-064,256,2,8,9,0,9,1,even,57,,even_char; semisimple,defect_a_even_char,BLUEPRINT A.7.1 even q-grid x n-grid
EV-064,256,2,8,9,0,9,1,even,58,,even_char; semisimple,defect_a_even_char,BLUEPRINT A.7.1 even q-grid x n-grid
EV-064,256,2,8,9,0,9,1,even,59,,even_char; semisimple,defect_a_even_char,BLUEPRINT A.7.1 even q-grid x n-grid
EV-064,256,2,8,9,0,9,1,even,60,,even_char; semisimple,defect_a_even_char,BLUEPRINT A.7.1 even q-grid x n-grid
EV-064,256,2,8,9,0,9,1,even,61,,even_char; semisimple,defect_a_even_char,BLUEPRINT A.7.1 even q-grid x n-grid
EV-064,256,2,8,9,0,9,1,even,62,,even_char; semisimple,defect_a_even_char,BLUEPRINT A.7.1 even q-grid x n-grid
EV-064,256,2,8,9,0,9,1,even,63,,even_char; semisimple,defect_a_even_char,BLUEPRINT A.7.1 even q-grid x n-grid
EV-064,256,2,8,9,0,9,1,even,64,,even_char; semisimple,defect_a_even_char,BLUEPRINT A.7.1 even q-grid x n-grid
EV-064,256,2,8,9,0,9,1,even,65,,even_char; semisimple,defect_a_even_char,BLUEPRINT A.7.1 even q-grid x n-grid
EV-064,256,2,8,9,0,9,1,even,66,,even_char; semisimple,defect_a_even_char,BLUEPRINT A.7.1 even q-grid x n-grid
EV-064,256,2,8,9,0,9,1,even,67,,even_char; semisimple,defect_a_even_char,BLUEPRINT A.7.1 even q-grid x n-grid
EV-064,256,2,8,9,0,9,1,even,68,,even_char; semisimple,defect_a_even_char,BLUEPRINT A.7.1 even q-grid x n-grid
EV-064,256,2,8,9,0,9,1,even,69,,even_char; semisimple,defect_a_even_char,BLUEPRINT A.7.1 even q-grid x n-grid
EV-064,256,2,8,9,0,9,1,even,70,,even_char; semisimple,defect_a_even_char,BLUEPRINT A.7.1 even q-grid x n-grid
EV-064,256,2,8,9,0,9,1,even,71,,even_char; semisimple,defect_a_even_char,BLUEPRINT A.7.1 even q-grid x n-grid
EV-064,256,2,8,9,0,9,1,even,72,,even_char; semisimple,defect_a_even_char,BLUEPRINT A.7.1 even q-grid x n-grid
EV-064,256,2,8,9,0,9,1,even,73,,even_char; semisimple,defect_a_even_char,BLUEPRINT A.7.1 even q-grid x n-grid
EV-064,256,2,8,9,0,9,1,even,74,,even_char; semisimple,defect_a_even_char,BLUEPRINT A.7.1 even q-grid x n-grid
EV-064,256,2,8,9,0,9,1,even,75,,even_char; semisimple,defect_a_even_char,BLUEPRINT A.7.1 even q-grid x n-grid
EV-064,256,2,8,9,0,9,1,even,76,,even_char; semisimple,defect_a_even_char,BLUEPRINT A.7.1 even q-grid x n-grid
EV-064,256,2,8,9,0,9,1,even,77,,even_char; semisimple,defect_a_even_char,BLUEPRINT A.7.1 even q-grid x n-grid
EV-064,256,2,8,9,0,9,1,even,78,,even_char; semisimple,defect_a_even_char,BLUEPRINT A.7.1 even q-grid x n-grid
EV-064,256,2,8,9,0,9,1,even,79,,even_char; semisimple,defect_a_even_char,BLUEPRINT A.7.1 even q-grid x n-grid
EV-064,256,2,8,9,0,9,1,even,80,,even_char; semisimple,defect_a_even_char,BLUEPRINT A.7.1 even q-grid x n-grid
EV-064,256,2,8,9,0,9,1,even,81,,even_char; semisimple,defect_a_even_char,BLUEPRINT A.7.1 even q-grid x n-grid
EV-064,256,2,8,9,0,9,1,even,82,,even_char; semisimple,defect_a_even_char,BLUEPRINT A.7.1 even q-grid x n-grid
EV-064,256,2,8,9,0,9,1,even,83,,even_char; semisimple,defect_a_even_char,BLUEPRINT A.7.1 even q-grid x n-grid
EV-064,256,2,8,9,0,9,1,even,84,,even_char; semisimple,defect_a_even_char,BLUEPRINT A.7.1 even q-grid x n-grid
EV-064,256,2,8,9,0,9,1,even,85,,even_char; semisimple,defect_a_even_char,BLUEPRINT A.7.1 even q-grid x n-grid
EV-064,256,2,8,9,0,9,1,even,86,,even_char; semisimple,defect_a_even_char,BLUEPRINT A.7.1 even q-grid x n-grid
EV-064,256,2,8,9,0,9,1,even,87,,even_char; semisimple,defect_a_even_char,BLUEPRINT A.7.1 even q-grid x n-grid
EV-064,256,2,8,9,0,9,1,even,88,,even_char; semisimple,defect_a_even_char,BLUEPRINT A.7.1 even q-grid x n-grid
EV-064,256,2,8,9,0,9,1,even,89,,even_char; semisimple,defect_a_even_char,BLUEPRINT A.7.1 even q-grid x n-grid
EV-064,256,2,8,9,0,9,1,even,90,,even_char; semisimple,defect_a_even_char,BLUEPRINT A.7.1 even q-grid x n-grid
EV-064,256,2,8,9,0,9,1,even,91,,even_char; semisimple,defect_a_even_char,BLUEPRINT A.7.1 even q-grid x n-grid
EV-064,256,2,8,9,0,9,1,even,92,,even_char; semisimple,defect_a_even_char,BLUEPRINT A.7.1 even q-grid x n-grid
EV-064,256,2,8,9,0,9,1,even,93,,even_char; semisimple,defect_a_even_char,BLUEPRINT A.7.1 even q-grid x n-grid
EV-064,256,2,8,9,0,9,1,even,94,,even_char; semisimple,defect_a_even_char,BLUEPRINT A.7.1 even q-grid x n-grid
EV-064,256,2,8,9,0,9,1,even,95,,even_char; semisimple,defect_a_even_char,BLUEPRINT A.7.1 even q-grid x n-grid
EV-064,256,2,8,9,0,9,1,even,96,,even_char; semisimple,defect_a_even_char,BLUEPRINT A.7.1 even q-grid x n-grid
EV-064,256,2,8,9,0,9,1,even,97,,even_char; semisimple,defect_a_even_char,BLUEPRINT A.7.1 even q-grid x n-grid
EV-064,256,2,8,9,0,9,1,even,98,,even_char; semisimple,defect_a_even_char,BLUEPRINT A.7.1 even q-grid x n-grid
EV-064,256,2,8,9,0,9,1,even,99,,even_char; semisimple,defect_a_even_char,BLUEPRINT A.7.1 even q-grid x n-grid
EV-064,256,2,8,9,0,9,1,even,100,,even_char; semisimple,defect_a_even_char,BLUEPRINT A.7.1 even q-grid x n-grid
EV-064,256,2,8,9,0,9,1,even,101,,even_char; semisimple,defect_a_even_char,BLUEPRINT A.7.1 even q-grid x n-grid
EV-064,256,2,8,9,0,9,1,even,102,,even_char; semisimple,defect_a_even_char,BLUEPRINT A.7.1 even q-grid x n-grid
EV-064,256,2,8,9,0,9,1,even,103,,even_char; semisimple,defect_a_even_char,BLUEPRINT A.7.1 even q-grid x n-grid
EV-064,256,2,8,9,0,9,1,even,104,,even_char; semisimple,defect_a_even_char,BLUEPRINT A.7.1 even q-grid x n-grid
EV-064,256,2,8,9,0,9,1,even,105,,even_char; semisimple,defect_a_even_char,BLUEPRINT A.7.1 even q-grid x n-grid
EV-064,256,2,8,9,0,9,1,even,106,,even_char; semisimple,defect_a_even_char,BLUEPRINT A.7.1 even q-grid x n-grid
EV-064,256,2,8,9,0,9,1,even,107,,even_char; semisimple,defect_a_even_char,BLUEPRINT A.7.1 even q-grid x n-grid
EV-064,256,2,8,9,0,9,1,even,108,,even_char; semisimple,defect_a_even_char,BLUEPRINT A.7.1 even q-grid x n-grid
EV-064,256,2,8,9,0,9,1,even,109,,even_char; semisimple,defect_a_even_char,BLUEPRINT A.7.1 even q-grid x n-grid
EV-064,256,2,8,9,0,9,1,even,110,,even_char; semisimple,defect_a_even_char,BLUEPRINT A.7.1 even q-grid x n-grid
EV-064,256,2,8,9,0,9,1,even,111,,even_char; semisimple,defect_a_even_char,BLUEPRINT A.7.1 even q-grid x n-grid
EV-064,256,2,8,9,0,9,1,even,112,,even_char; semisimple,defect_a_even_char,BLUEPRINT A.7.1 even q-grid x n-grid
EV-064,256,2,8,9,0,9,1,even,113,,even_char; semisimple,defect_a_even_char,BLUEPRINT A.7.1 even q-grid x n-grid
EV-064,256,2,8,9,0,9,1,even,114,,even_char; semisimple,defect_a_even_char,BLUEPRINT A.7.1 even q-grid x n-grid
EV-064,256,2,8,9,0,9,1,even,115,,even_char; semisimple,defect_a_even_char,BLUEPRINT A.7.1 even q-grid x n-grid
EV-064,256,2,8,9,0,9,1,even,116,,even_char; semisimple,defect_a_even_char,BLUEPRINT A.7.1 even q-grid x n-grid
EV-064,256,2,8,9,0,9,1,even,117,,even_char; semisimple,defect_a_even_char,BLUEPRINT A.7.1 even q-grid x n-grid
EV-064,256,2,8,9,0,9,1,even,118,,even_char; semisimple,defect_a_even_char,BLUEPRINT A.7.1 even q-grid x n-grid
EV-064,256,2,8,9,0,9,1,even,119,,even_char; semisimple,defect_a_even_char,BLUEPRINT A.7.1 even q-grid x n-grid
EV-064,256,2,8,9,0,9,1,even,120,,even_char; semisimple,defect_a_even_char,BLUEPRINT A.7.1 even q-grid x n-grid
EV-064,256,2,8,9,0,9,1,even,121,,even_char; semisimple,defect_a_even_char,BLUEPRINT A.7.1 even q-grid x n-grid
EV-064,256,2,8,9,0,9,1,even,122,,even_char; semisimple,defect_a_even_char,BLUEPRINT A.7.1 even q-grid x n-grid
EV-064,256,2,8,9,0,9,1,even,123,,even_char; semisimple,defect_a_even_char,BLUEPRINT A.7.1 even q-grid x n-grid
EV-064,256,2,8,9,0,9,1,even,124,,even_char; semisimple,defect_a_even_char,BLUEPRINT A.7.1 even q-grid x n-grid
EV-064,256,2,8,9,0,9,1,even,125,,even_char; semisimple,defect_a_even_char,BLUEPRINT A.7.1 even q-grid x n-grid
EV-064,256,2,8,9,0,9,1,even,126,,even_char; semisimple,defect_a_even_char,BLUEPRINT A.7.1 even q-grid x n-grid
EV-064,256,2,8,9,0,9,1,even,127,,even_char; semisimple,defect_a_even_char,BLUEPRINT A.7.1 even q-grid x n-grid
EV-064,256,2,8,9,0,9,1,even,128,,even_char; semisimple,defect_a_even_char,BLUEPRINT A.7.1 even q-grid x n-grid
EV-064,256,2,8,9,0,9,1,even,129,,even_char; semisimple,defect_a_even_char,BLUEPRINT A.7.1 even q-grid x n-grid
EV-064,256,2,8,9,0,9,1,even,130,,even_char; semisimple,defect_a_even_char,BLUEPRINT A.7.1 even q-grid x n-grid
EV-064,256,2,8,9,0,9,1,even,131,,even_char; semisimple,defect_a_even_char,BLUEPRINT A.7.1 even q-grid x n-grid
EV-064,256,2,8,9,0,9,1,even,132,,even_char; semisimple,defect_a_even_char,BLUEPRINT A.7.1 even q-grid x n-grid
EV-064,256,2,8,9,0,9,1,even,133,,even_char; semisimple,defect_a_even_char,BLUEPRINT A.7.1 even q-grid x n-grid
EV-064,256,2,8,9,0,9,1,even,134,,even_char; semisimple,defect_a_even_char,BLUEPRINT A.7.1 even q-grid x n-grid
EV-064,256,2,8,9,0,9,1,even,135,,even_char; semisimple,defect_a_even_char,BLUEPRINT A.7.1 even q-grid x n-grid
EV-064,256,2,8,9,0,9,1,even,136,,even_char; semisimple,defect_a_even_char,BLUEPRINT A.7.1 even q-grid x n-grid
EV-064,256,2,8,9,0,9,1,even,137,,even_char; semisimple,defect_a_even_char,BLUEPRINT A.7.1 even q-grid x n-grid
EV-064,256,2,8,9,0,9,1,even,138,,even_char; semisimple,defect_a_even_char,BLUEPRINT A.7.1 even q-grid x n-grid
EV-064,256,2,8,9,0,9,1,even,139,,even_char; semisimple,defect_a_even_char,BLUEPRINT A.7.1 even q-grid x n-grid
EV-064,256,2,8,9,0,9,1,even,140,,even_char; semisimple,defect_a_even_char,BLUEPRINT A.7.1 even q-grid x n-grid
EV-064,256,2,8,9,0,9,1,even,141,,even_char; semisimple,defect_a_even_char,BLUEPRINT A.7.1 even q-grid x n-grid
EV-064,256,2,8,9,0,9,1,even,142,,even_char; semisimple,defect_a_even_char,BLUEPRINT A.7.1 even q-grid x n-grid
EV-064,256,2,8,9,0,9,1,even,143,,even_char; semisimple,defect_a_even_char,BLUEPRINT A.7.1 even q-grid x n-grid
EV-064,256,2,8,9,0,9,1,even,144,,even_char; semisimple,defect_a_even_char,BLUEPRINT A.7.1 even q-grid x n-grid
EV-064,256,2,8,9,0,9,1,even,145,,even_char; semisimple,defect_a_even_char,BLUEPRINT A.7.1 even q-grid x n-grid
EV-064,256,2,8,9,0,9,1,even,146,,even_char; semisimple,defect_a_even_char,BLUEPRINT A.7.1 even q-grid x n-grid
EV-064,256,2,8,9,0,9,1,even,147,,even_char; semisimple,defect_a_even_char,BLUEPRINT A.7.1 even q-grid x n-grid
EV-064,256,2,8,9,0,9,1,even,148,,even_char; semisimple,defect_a_even_char,BLUEPRINT A.7.1 even q-grid x n-grid
EV-064,256,2,8,9,0,9,1,even,149,,even_char; semisimple,defect_a_even_char,BLUEPRINT A.7.1 even q-grid x n-grid
EV-064,256,2,8,9,0,9,1,even,150,,even_char; semisimple,defect_a_even_char,BLUEPRINT A.7.1 even q-grid x n-grid
EV-064,256,2,8,9,0,9,1,even,151,,even_char; semisimple,defect_a_even_char,BLUEPRINT A.7.1 even q-grid x n-grid
EV-064,256,2,8,9,0,9,1,even,152,,even_char; semisimple,defect_a_even_char,BLUEPRINT A.7.1 even q-grid x n-grid
EV-064,256,2,8,9,0,9,1,even,153,,even_char; semisimple,defect_a_even_char,BLUEPRINT A.7.1 even q-grid x n-grid
EV-064,256,2,8,9,0,9,1,even,154,,even_char; semisimple,defect_a_even_char,BLUEPRINT A.7.1 even q-grid x n-grid
EV-064,256,2,8,9,0,9,1,even,155,,even_char; semisimple,defect_a_even_char,BLUEPRINT A.7.1 even q-grid x n-grid
EV-064,256,2,8,9,0,9,1,even,156,,even_char; semisimple,defect_a_even_char,BLUEPRINT A.7.1 even q-grid x n-grid
EV-064,256,2,8,9,0,9,1,even,157,,even_char; semisimple,defect_a_even_char,BLUEPRINT A.7.1 even q-grid x n-grid
EV-064,256,2,8,9,0,9,1,even,158,,even_char; semisimple,defect_a_even_char,BLUEPRINT A.7.1 even q-grid x n-grid
EV-064,256,2,8,9,0,9,1,even,159,,even_char; semisimple,defect_a_even_char,BLUEPRINT A.7.1 even q-grid x n-grid
EV-064,256,2,8,9,0,9,1,even,160,,even_char; semisimple,defect_a_even_char,BLUEPRINT A.7.1 even q-grid x n-grid
EV-064,256,2,8,9,0,9,1,even,161,,even_char; semisimple,defect_a_even_char,BLUEPRINT A.7.1 even q-grid x n-grid
EV-064,256,2,8,9,0,9,1,even,162,,even_char; semisimple,defect_a_even_char,BLUEPRINT A.7.1 even q-grid x n-grid
EV-064,256,2,8,9,0,9,1,even,163,,even_char; semisimple,defect_a_even_char,BLUEPRINT A.7.1 even q-grid x n-grid
EV-064,256,2,8,9,0,9,1,even,164,,even_char; semisimple,defect_a_even_char,BLUEPRINT A.7.1 even q-grid x n-grid
EV-064,256,2,8,9,0,9,1,even,165,,even_char; semisimple,defect_a_even_char,BLUEPRINT A.7.1 even q-grid x n-grid
EV-064,256,2,8,9,0,9,1,even,166,,even_char; semisimple,defect_a_even_char,BLUEPRINT A.7.1 even q-grid x n-grid
EV-064,256,2,8,9,0,9,1,even,167,,even_char; semisimple,defect_a_even_char,BLUEPRINT A.7.1 even q-grid x n-grid
EV-064,256,2,8,9,0,9,1,even,168,,even_char; semisimple,defect_a_even_char,BLUEPRINT A.7.1 even q-grid x n-grid
EV-064,256,2,8,9,0,9,1,even,169,,even_char; semisimple,defect_a_even_char,BLUEPRINT A.7.1 even q-grid x n-grid
EV-064,256,2,8,9,0,9,1,even,170,,even_char; semisimple,defect_a_even_char,BLUEPRINT A.7.1 even q-grid x n-grid
EV-064,256,2,8,9,0,9,1,even,171,,even_char; semisimple,defect_a_even_char,BLUEPRINT A.7.1 even q-grid x n-grid
EV-064,256,2,8,9,0,9,1,even,172,,even_char; semisimple,defect_a_even_char,BLUEPRINT A.7.1 even q-grid x n-grid
EV-064,256,2,8,9,0,9,1,even,173,,even_char; semisimple,defect_a_even_char,BLUEPRINT A.7.1 even q-grid x n-grid
EV-064,256,2,8,9,0,9,1,even,174,,even_char; semisimple,defect_a_even_char,BLUEPRINT A.7.1 even q-grid x n-grid
EV-064,256,2,8,9,0,9,1,even,175,,even_char; semisimple,defect_a_even_char,BLUEPRINT A.7.1 even q-grid x n-grid
EV-064,256,2,8,9,0,9,1,even,176,,even_char; semisimple,defect_a_even_char,BLUEPRINT A.7.1 even q-grid x n-grid
EV-064,256,2,8,9,0,9,1,even,177,,even_char; semisimple,defect_a_even_char,BLUEPRINT A.7.1 even q-grid x n-grid
EV-064,256,2,8,9,0,9,1,even,178,,even_char; semisimple,defect_a_even_char,BLUEPRINT A.7.1 even q-grid x n-grid
EV-064,256,2,8,9,0,9,1,even,179,,even_char; semisimple,defect_a_even_char,BLUEPRINT A.7.1 even q-grid x n-grid
EV-064,256,2,8,9,0,9,1,even,180,,even_char; semisimple,defect_a_even_char,BLUEPRINT A.7.1 even q-grid x n-grid
EV-064,256,2,8,9,0,9,1,even,181,,even_char; semisimple,defect_a_even_char,BLUEPRINT A.7.1 even q-grid x n-grid
EV-064,256,2,8,9,0,9,1,even,182,,even_char; semisimple,defect_a_even_char,BLUEPRINT A.7.1 even q-grid x n-grid
EV-064,256,2,8,9,0,9,1,even,183,,even_char; semisimple,defect_a_even_char,BLUEPRINT A.7.1 even q-grid x n-grid
EV-064,256,2,8,9,0,9,1,even,184,,even_char; semisimple,defect_a_even_char,BLUEPRINT A.7.1 even q-grid x n-grid
EV-064,256,2,8,9,0,9,1,even,185,,even_char; semisimple,defect_a_even_char,BLUEPRINT A.7.1 even q-grid x n-grid
EV-064,256,2,8,9,0,9,1,even,186,,even_char; semisimple,defect_a_even_char,BLUEPRINT A.7.1 even q-grid x n-grid
EV-064,256,2,8,9,0,9,1,even,187,,even_char; semisimple,defect_a_even_char,BLUEPRINT A.7.1 even q-grid x n-grid
EV-064,256,2,8,9,0,9,1,even,188,,even_char; semisimple,defect_a_even_char,BLUEPRINT A.7.1 even q-grid x n-grid
EV-064,256,2,8,9,0,9,1,even,189,,even_char; semisimple,defect_a_even_char,BLUEPRINT A.7.1 even q-grid x n-grid
EV-064,256,2,8,9,0,9,1,even,190,,even_char; semisimple,defect_a_even_char,BLUEPRINT A.7.1 even q-grid x n-grid
EV-064,256,2,8,9,0,9,1,even,191,,even_char; semisimple,defect_a_even_char,BLUEPRINT A.7.1 even q-grid x n-grid
EV-064,256,2,8,9,0,9,1,even,192,,even_char; semisimple,defect_a_even_char,BLUEPRINT A.7.1 even q-grid x n-grid
EV-064,256,2,8,9,0,9,1,even,193,,even_char; semisimple,defect_a_even_char,BLUEPRINT A.7.1 even q-grid x n-grid
EV-064,256,2,8,9,0,9,1,even,194,,even_char; semisimple,defect_a_even_char,BLUEPRINT A.7.1 even q-grid x n-grid
EV-064,256,2,8,9,0,9,1,even,195,,even_char; semisimple,defect_a_even_char,BLUEPRINT A.7.1 even q-grid x n-grid
EV-064,256,2,8,9,0,9,1,even,196,,even_char; semisimple,defect_a_even_char,BLUEPRINT A.7.1 even q-grid x n-grid
EV-064,256,2,8,9,0,9,1,even,197,,even_char; semisimple,defect_a_even_char,BLUEPRINT A.7.1 even q-grid x n-grid
EV-064,256,2,8,9,0,9,1,even,198,,even_char; semisimple,defect_a_even_char,BLUEPRINT A.7.1 even q-grid x n-grid
EV-064,256,2,8,9,0,9,1,even,199,,even_char; semisimple,defect_a_even_char,BLUEPRINT A.7.1 even q-grid x n-grid
EV-064,256,2,8,9,0,9,1,even,200,,even_char; semisimple,defect_a_even_char,BLUEPRINT A.7.1 even q-grid x n-grid
EV-064,256,2,8,9,0,9,1,even,201,,even_char; semisimple,defect_a_even_char,BLUEPRINT A.7.1 even q-grid x n-grid
EV-064,256,2,8,9,0,9,1,even,202,,even_char; semisimple,defect_a_even_char,BLUEPRINT A.7.1 even q-grid x n-grid
EV-064,256,2,8,9,0,9,1,even,203,,even_char; semisimple,defect_a_even_char,BLUEPRINT A.7.1 even q-grid x n-grid
EV-064,256,2,8,9,0,9,1,even,204,,even_char; semisimple,defect_a_even_char,BLUEPRINT A.7.1 even q-grid x n-grid
EV-064,256,2,8,9,0,9,1,even,205,,even_char; semisimple,defect_a_even_char,BLUEPRINT A.7.1 even q-grid x n-grid
EV-064,256,2,8,9,0,9,1,even,206,,even_char; semisimple,defect_a_even_char,BLUEPRINT A.7.1 even q-grid x n-grid
EV-064,256,2,8,9,0,9,1,even,207,,even_char; semisimple,defect_a_even_char,BLUEPRINT A.7.1 even q-grid x n-grid
EV-064,256,2,8,9,0,9,1,even,208,,even_char; semisimple,defect_a_even_char,BLUEPRINT A.7.1 even q-grid x n-grid
EV-064,256,2,8,9,0,9,1,even,209,,even_char; semisimple,defect_a_even_char,BLUEPRINT A.7.1 even q-grid x n-grid
EV-064,256,2,8,9,0,9,1,even,210,,even_char; semisimple,defect_a_even_char,BLUEPRINT A.7.1 even q-grid x n-grid
EV-064,256,2,8,9,0,9,1,even,211,,even_char; semisimple,defect_a_even_char,BLUEPRINT A.7.1 even q-grid x n-grid
EV-064,256,2,8,9,0,9,1,even,212,,even_char; semisimple,defect_a_even_char,BLUEPRINT A.7.1 even q-grid x n-grid
EV-064,256,2,8,9,0,9,1,even,213,,even_char; semisimple,defect_a_even_char,BLUEPRINT A.7.1 even q-grid x n-grid
EV-064,256,2,8,9,0,9,1,even,214,,even_char; semisimple,defect_a_even_char,BLUEPRINT A.7.1 even q-grid x n-grid
EV-064,256,2,8,9,0,9,1,even,215,,even_char; semisimple,defect_a_even_char,BLUEPRINT A.7.1 even q-grid x n-grid
EV-064,256,2,8,9,0,9,1,even,216,,even_char; semisimple,defect_a_even_char,BLUEPRINT A.7.1 even q-grid x n-grid
EV-064,256,2,8,9,0,9,1,even,217,,even_char; semisimple,defect_a_even_char,BLUEPRINT A.7.1 even q-grid x n-grid
EV-064,256,2,8,9,0,9,1,even,218,,even_char; semisimple,defect_a_even_char,BLUEPRINT A.7.1 even q-grid x n-grid
EV-064,256,2,8,9,0,9,1,even,219,,even_char; semisimple,defect_a_even_char,BLUEPRINT A.7.1 even q-grid x n-grid
EV-064,256,2,8,9,0,9,1,even,220,,even_char; semisimple,defect_a_even_char,BLUEPRINT A.7.1 even q-grid x n-grid
EV-064,256,2,8,9,0,9,1,even,221,,even_char; semisimple,defect_a_even_char,BLUEPRINT A.7.1 even q-grid x n-grid
EV-064,256,2,8,9,0,9,1,even,222,,even_char; semisimple,defect_a_even_char,BLUEPRINT A.7.1 even q-grid x n-grid
EV-064,256,2,8,9,0,9,1,even,223,,even_char; semisimple,defect_a_even_char,BLUEPRINT A.7.1 even q-grid x n-grid
EV-064,256,2,8,9,0,9,1,even,224,,even_char; semisimple,defect_a_even_char,BLUEPRINT A.7.1 even q-grid x n-grid
EV-064,256,2,8,9,0,9,1,even,225,,even_char; semisimple,defect_a_even_char,BLUEPRINT A.7.1 even q-grid x n-grid
EV-064,256,2,8,9,0,9,1,even,226,,even_char; semisimple,defect_a_even_char,BLUEPRINT A.7.1 even q-grid x n-grid
EV-064,256,2,8,9,0,9,1,even,227,,even_char; semisimple,defect_a_even_char,BLUEPRINT A.7.1 even q-grid x n-grid
EV-064,256,2,8,9,0,9,1,even,228,,even_char; semisimple,defect_a_even_char,BLUEPRINT A.7.1 even q-grid x n-grid
EV-064,256,2,8,9,0,9,1,even,229,,even_char; semisimple,defect_a_even_char,BLUEPRINT A.7.1 even q-grid x n-grid
EV-064,256,2,8,9,0,9,1,even,230,,even_char; semisimple,defect_a_even_char,BLUEPRINT A.7.1 even q-grid x n-grid
EV-064,256,2,8,9,0,9,1,even,231,,even_char; semisimple,defect_a_even_char,BLUEPRINT A.7.1 even q-grid x n-grid
EV-064,256,2,8,9,0,9,1,even,232,,even_char; semisimple,defect_a_even_char,BLUEPRINT A.7.1 even q-grid x n-grid
EV-064,256,2,8,9,0,9,1,even,233,,even_char; semisimple,defect_a_even_char,BLUEPRINT A.7.1 even q-grid x n-grid
EV-064,256,2,8,9,0,9,1,even,234,,even_char; semisimple,defect_a_even_char,BLUEPRINT A.7.1 even q-grid x n-grid
EV-064,256,2,8,9,0,9,1,even,235,,even_char; semisimple,defect_a_even_char,BLUEPRINT A.7.1 even q-grid x n-grid
EV-064,256,2,8,9,0,9,1,even,236,,even_char; semisimple,defect_a_even_char,BLUEPRINT A.7.1 even q-grid x n-grid
EV-064,256,2,8,9,0,9,1,even,237,,even_char; semisimple,defect_a_even_char,BLUEPRINT A.7.1 even q-grid x n-grid
EV-064,256,2,8,9,0,9,1,even,238,,even_char; semisimple,defect_a_even_char,BLUEPRINT A.7.1 even q-grid x n-grid
EV-064,256,2,8,9,0,9,1,even,239,,even_char; semisimple,defect_a_even_char,BLUEPRINT A.7.1 even q-grid x n-grid
EV-064,256,2,8,9,0,9,1,even,240,,even_char; semisimple,defect_a_even_char,BLUEPRINT A.7.1 even q-grid x n-grid
EV-064,256,2,8,9,0,9,1,even,241,,even_char; semisimple,defect_a_even_char,BLUEPRINT A.7.1 even q-grid x n-grid
EV-064,256,2,8,9,0,9,1,even,242,,even_char; semisimple,defect_a_even_char,BLUEPRINT A.7.1 even q-grid x n-grid
EV-064,256,2,8,9,0,9,1,even,243,,even_char; semisimple,defect_a_even_char,BLUEPRINT A.7.1 even q-grid x n-grid
EV-064,256,2,8,9,0,9,1,even,244,,even_char; semisimple,defect_a_even_char,BLUEPRINT A.7.1 even q-grid x n-grid
EV-064,256,2,8,9,0,9,1,even,245,,even_char; semisimple,defect_a_even_char,BLUEPRINT A.7.1 even q-grid x n-grid
EV-064,256,2,8,9,0,9,1,even,246,,even_char; semisimple,defect_a_even_char,BLUEPRINT A.7.1 even q-grid x n-grid
EV-064,256,2,8,9,0,9,1,even,247,,even_char; semisimple,defect_a_even_char,BLUEPRINT A.7.1 even q-grid x n-grid
EV-064,256,2,8,9,0,9,1,even,248,,even_char; semisimple,defect_a_even_char,BLUEPRINT A.7.1 even q-grid x n-grid
EV-064,256,2,8,9,0,9,1,even,249,,even_char; semisimple,defect_a_even_char,BLUEPRINT A.7.1 even q-grid x n-grid
EV-064,256,2,8,9,0,9,1,even,250,,even_char; semisimple,defect_a_even_char,BLUEPRINT A.7.1 even q-grid x n-grid
EV-064,256,2,8,9,0,9,1,even,251,,even_char; semisimple,defect_a_even_char,BLUEPRINT A.7.1 even q-grid x n-grid
EV-064,256,2,8,9,0,9,1,even,252,,even_char; semisimple,defect_a_even_char,BLUEPRINT A.7.1 even q-grid x n-grid
EV-064,256,2,8,9,0,9,1,even,253,,even_char; semisimple,defect_a_even_char,BLUEPRINT A.7.1 even q-grid x n-grid
EV-064,256,2,8,9,0,9,1,even,254,,even_char; semisimple,defect_a_even_char,BLUEPRINT A.7.1 even q-grid x n-grid
EV-065,256,2,8,15,0,15,1,even,0,,even_char; semisimple,defect_a_even_char,BLUEPRINT A.7.1 even q-grid x n-grid
EV-065,256,2,8,15,0,15,1,even,1,,even_char; semisimple,defect_a_even_char,BLUEPRINT A.7.1 even q-grid x n-grid
EV-065,256,2,8,15,0,15,1,even,2,,even_char; semisimple,defect_a_even_char,BLUEPRINT A.7.1 even q-grid x n-grid
EV-065,256,2,8,15,0,15,1,even,3,,even_char; semisimple,defect_a_even_char,BLUEPRINT A.7.1 even q-grid x n-grid
EV-065,256,2,8,15,0,15,1,even,4,,even_char; semisimple,defect_a_even_char,BLUEPRINT A.7.1 even q-grid x n-grid
EV-065,256,2,8,15,0,15,1,even,5,,even_char; semisimple,defect_a_even_char,BLUEPRINT A.7.1 even q-grid x n-grid
EV-065,256,2,8,15,0,15,1,even,6,,even_char; semisimple,defect_a_even_char,BLUEPRINT A.7.1 even q-grid x n-grid
EV-065,256,2,8,15,0,15,1,even,7,,even_char; semisimple,defect_a_even_char,BLUEPRINT A.7.1 even q-grid x n-grid
EV-065,256,2,8,15,0,15,1,even,8,,even_char; semisimple,defect_a_even_char,BLUEPRINT A.7.1 even q-grid x n-grid
EV-065,256,2,8,15,0,15,1,even,9,,even_char; semisimple,defect_a_even_char,BLUEPRINT A.7.1 even q-grid x n-grid
EV-065,256,2,8,15,0,15,1,even,10,,even_char; semisimple,defect_a_even_char,BLUEPRINT A.7.1 even q-grid x n-grid
EV-065,256,2,8,15,0,15,1,even,11,,even_char; semisimple,defect_a_even_char,BLUEPRINT A.7.1 even q-grid x n-grid
EV-065,256,2,8,15,0,15,1,even,12,,even_char; semisimple,defect_a_even_char,BLUEPRINT A.7.1 even q-grid x n-grid
EV-065,256,2,8,15,0,15,1,even,13,,even_char; semisimple,defect_a_even_char,BLUEPRINT A.7.1 even q-grid x n-grid
EV-065,256,2,8,15,0,15,1,even,14,,even_char; semisimple,defect_a_even_char,BLUEPRINT A.7.1 even q-grid x n-grid
EV-065,256,2,8,15,0,15,1,even,15,,even_char; semisimple,defect_a_even_char,BLUEPRINT A.7.1 even q-grid x n-grid
EV-065,256,2,8,15,0,15,1,even,16,,even_char; semisimple,defect_a_even_char,BLUEPRINT A.7.1 even q-grid x n-grid
EV-065,256,2,8,15,0,15,1,even,17,,even_char; semisimple,defect_a_even_char,BLUEPRINT A.7.1 even q-grid x n-grid
EV-065,256,2,8,15,0,15,1,even,18,,even_char; semisimple,defect_a_even_char,BLUEPRINT A.7.1 even q-grid x n-grid
EV-065,256,2,8,15,0,15,1,even,19,,even_char; semisimple,defect_a_even_char,BLUEPRINT A.7.1 even q-grid x n-grid
EV-065,256,2,8,15,0,15,1,even,20,,even_char; semisimple,defect_a_even_char,BLUEPRINT A.7.1 even q-grid x n-grid
EV-065,256,2,8,15,0,15,1,even,21,,even_char; semisimple,defect_a_even_char,BLUEPRINT A.7.1 even q-grid x n-grid
EV-065,256,2,8,15,0,15,1,even,22,,even_char; semisimple,defect_a_even_char,BLUEPRINT A.7.1 even q-grid x n-grid
EV-065,256,2,8,15,0,15,1,even,23,,even_char; semisimple,defect_a_even_char,BLUEPRINT A.7.1 even q-grid x n-grid
EV-065,256,2,8,15,0,15,1,even,24,,even_char; semisimple,defect_a_even_char,BLUEPRINT A.7.1 even q-grid x n-grid
EV-065,256,2,8,15,0,15,1,even,25,,even_char; semisimple,defect_a_even_char,BLUEPRINT A.7.1 even q-grid x n-grid
EV-065,256,2,8,15,0,15,1,even,26,,even_char; semisimple,defect_a_even_char,BLUEPRINT A.7.1 even q-grid x n-grid
EV-065,256,2,8,15,0,15,1,even,27,,even_char; semisimple,defect_a_even_char,BLUEPRINT A.7.1 even q-grid x n-grid
EV-065,256,2,8,15,0,15,1,even,28,,even_char; semisimple,defect_a_even_char,BLUEPRINT A.7.1 even q-grid x n-grid
EV-065,256,2,8,15,0,15,1,even,29,,even_char; semisimple,defect_a_even_char,BLUEPRINT A.7.1 even q-grid x n-grid
EV-065,256,2,8,15,0,15,1,even,30,,even_char; semisimple,defect_a_even_char,BLUEPRINT A.7.1 even q-grid x n-grid
EV-065,256,2,8,15,0,15,1,even,31,,even_char; semisimple,defect_a_even_char,BLUEPRINT A.7.1 even q-grid x n-grid
EV-065,256,2,8,15,0,15,1,even,32,,even_char; semisimple,defect_a_even_char,BLUEPRINT A.7.1 even q-grid x n-grid
EV-065,256,2,8,15,0,15,1,even,33,,even_char; semisimple,defect_a_even_char,BLUEPRINT A.7.1 even q-grid x n-grid
EV-065,256,2,8,15,0,15,1,even,34,,even_char; semisimple,defect_a_even_char,BLUEPRINT A.7.1 even q-grid x n-grid
EV-065,256,2,8,15,0,15,1,even,35,,even_char; semisimple,defect_a_even_char,BLUEPRINT A.7.1 even q-grid x n-grid
EV-065,256,2,8,15,0,15,1,even,36,,even_char; semisimple,defect_a_even_char,BLUEPRINT A.7.1 even q-grid x n-grid
EV-065,256,2,8,15,0,15,1,even,37,,even_char; semisimple,defect_a_even_char,BLUEPRINT A.7.1 even q-grid x n-grid
EV-065,256,2,8,15,0,15,1,even,38,,even_char; semisimple,defect_a_even_char,BLUEPRINT A.7.1 even q-grid x n-grid
EV-065,256,2,8,15,0,15,1,even,39,,even_char; semisimple,defect_a_even_char,BLUEPRINT A.7.1 even q-grid x n-grid
EV-065,256,2,8,15,0,15,1,even,40,,even_char; semisimple,defect_a_even_char,BLUEPRINT A.7.1 even q-grid x n-grid
EV-065,256,2,8,15,0,15,1,even,41,,even_char; semisimple,defect_a_even_char,BLUEPRINT A.7.1 even q-grid x n-grid
EV-065,256,2,8,15,0,15,1,even,42,,even_char; semisimple,defect_a_even_char,BLUEPRINT A.7.1 even q-grid x n-grid
EV-065,256,2,8,15,0,15,1,even,43,,even_char; semisimple,defect_a_even_char,BLUEPRINT A.7.1 even q-grid x n-grid
EV-065,256,2,8,15,0,15,1,even,44,,even_char; semisimple,defect_a_even_char,BLUEPRINT A.7.1 even q-grid x n-grid
EV-065,256,2,8,15,0,15,1,even,45,,even_char; semisimple,defect_a_even_char,BLUEPRINT A.7.1 even q-grid x n-grid
EV-065,256,2,8,15,0,15,1,even,46,,even_char; semisimple,defect_a_even_char,BLUEPRINT A.7.1 even q-grid x n-grid
EV-065,256,2,8,15,0,15,1,even,47,,even_char; semisimple,defect_a_even_char,BLUEPRINT A.7.1 even q-grid x n-grid
EV-065,256,2,8,15,0,15,1,even,48,,even_char; semisimple,defect_a_even_char,BLUEPRINT A.7.1 even q-grid x n-grid
EV-065,256,2,8,15,0,15,1,even,49,,even_char; semisimple,defect_a_even_char,BLUEPRINT A.7.1 even q-grid x n-grid
EV-065,256,2,8,15,0,15,1,even,50,,even_char; semisimple,defect_a_even_char,BLUEPRINT A.7.1 even q-grid x n-grid
EV-065,256,2,8,15,0,15,1,even,51,,even_char; semisimple,defect_a_even_char,BLUEPRINT A.7.1 even q-grid x n-grid
EV-065,256,2,8,15,0,15,1,even,52,,even_char; semisimple,defect_a_even_char,BLUEPRINT A.7.1 even q-grid x n-grid
EV-065,256,2,8,15,0,15,1,even,53,,even_char; semisimple,defect_a_even_char,BLUEPRINT A.7.1 even q-grid x n-grid
EV-065,256,2,8,15,0,15,1,even,54,,even_char; semisimple,defect_a_even_char,BLUEPRINT A.7.1 even q-grid x n-grid
EV-065,256,2,8,15,0,15,1,even,55,,even_char; semisimple,defect_a_even_char,BLUEPRINT A.7.1 even q-grid x n-grid
EV-065,256,2,8,15,0,15,1,even,56,,even_char; semisimple,defect_a_even_char,BLUEPRINT A.7.1 even q-grid x n-grid
EV-065,256,2,8,15,0,15,1,even,57,,even_char; semisimple,defect_a_even_char,BLUEPRINT A.7.1 even q-grid x n-grid
EV-065,256,2,8,15,0,15,1,even,58,,even_char; semisimple,defect_a_even_char,BLUEPRINT A.7.1 even q-grid x n-grid
EV-065,256,2,8,15,0,15,1,even,59,,even_char; semisimple,defect_a_even_char,BLUEPRINT A.7.1 even q-grid x n-grid
EV-065,256,2,8,15,0,15,1,even,60,,even_char; semisimple,defect_a_even_char,BLUEPRINT A.7.1 even q-grid x n-grid
EV-065,256,2,8,15,0,15,1,even,61,,even_char; semisimple,defect_a_even_char,BLUEPRINT A.7.1 even q-grid x n-grid
EV-065,256,2,8,15,0,15,1,even,62,,even_char; semisimple,defect_a_even_char,BLUEPRINT A.7.1 even q-grid x n-grid
EV-065,256,2,8,15,0,15,1,even,63,,even_char; semisimple,defect_a_even_char,BLUEPRINT A.7.1 even q-grid x n-grid
EV-065,256,2,8,15,0,15,1,even,64,,even_char; semisimple,defect_a_even_char,BLUEPRINT A.7.1 even q-grid x n-grid
EV-065,256,2,8,15,0,15,1,even,65,,even_char; semisimple,defect_a_even_char,BLUEPRINT A.7.1 even q-grid x n-grid
EV-065,256,2,8,15,0,15,1,even,66,,even_char; semisimple,defect_a_even_char,BLUEPRINT A.7.1 even q-grid x n-grid
EV-065,256,2,8,15,0,15,1,even,67,,even_char; semisimple,defect_a_even_char,BLUEPRINT A.7.1 even q-grid x n-grid
EV-065,256,2,8,15,0,15,1,even,68,,even_char; semisimple,defect_a_even_char,BLUEPRINT A.7.1 even q-grid x n-grid
EV-065,256,2,8,15,0,15,1,even,69,,even_char; semisimple,defect_a_even_char,BLUEPRINT A.7.1 even q-grid x n-grid
EV-065,256,2,8,15,0,15,1,even,70,,even_char; semisimple,defect_a_even_char,BLUEPRINT A.7.1 even q-grid x n-grid
EV-065,256,2,8,15,0,15,1,even,71,,even_char; semisimple,defect_a_even_char,BLUEPRINT A.7.1 even q-grid x n-grid
EV-065,256,2,8,15,0,15,1,even,72,,even_char; semisimple,defect_a_even_char,BLUEPRINT A.7.1 even q-grid x n-grid
EV-065,256,2,8,15,0,15,1,even,73,,even_char; semisimple,defect_a_even_char,BLUEPRINT A.7.1 even q-grid x n-grid
EV-065,256,2,8,15,0,15,1,even,74,,even_char; semisimple,defect_a_even_char,BLUEPRINT A.7.1 even q-grid x n-grid
EV-065,256,2,8,15,0,15,1,even,75,,even_char; semisimple,defect_a_even_char,BLUEPRINT A.7.1 even q-grid x n-grid
EV-065,256,2,8,15,0,15,1,even,76,,even_char; semisimple,defect_a_even_char,BLUEPRINT A.7.1 even q-grid x n-grid
EV-065,256,2,8,15,0,15,1,even,77,,even_char; semisimple,defect_a_even_char,BLUEPRINT A.7.1 even q-grid x n-grid
EV-065,256,2,8,15,0,15,1,even,78,,even_char; semisimple,defect_a_even_char,BLUEPRINT A.7.1 even q-grid x n-grid
EV-065,256,2,8,15,0,15,1,even,79,,even_char; semisimple,defect_a_even_char,BLUEPRINT A.7.1 even q-grid x n-grid
EV-065,256,2,8,15,0,15,1,even,80,,even_char; semisimple,defect_a_even_char,BLUEPRINT A.7.1 even q-grid x n-grid
EV-065,256,2,8,15,0,15,1,even,81,,even_char; semisimple,defect_a_even_char,BLUEPRINT A.7.1 even q-grid x n-grid
EV-065,256,2,8,15,0,15,1,even,82,,even_char; semisimple,defect_a_even_char,BLUEPRINT A.7.1 even q-grid x n-grid
EV-065,256,2,8,15,0,15,1,even,83,,even_char; semisimple,defect_a_even_char,BLUEPRINT A.7.1 even q-grid x n-grid
EV-065,256,2,8,15,0,15,1,even,84,,even_char; semisimple,defect_a_even_char,BLUEPRINT A.7.1 even q-grid x n-grid
EV-065,256,2,8,15,0,15,1,even,85,,even_char; semisimple,defect_a_even_char,BLUEPRINT A.7.1 even q-grid x n-grid
EV-065,256,2,8,15,0,15,1,even,86,,even_char; semisimple,defect_a_even_char,BLUEPRINT A.7.1 even q-grid x n-grid
EV-065,256,2,8,15,0,15,1,even,87,,even_char; semisimple,defect_a_even_char,BLUEPRINT A.7.1 even q-grid x n-grid
EV-065,256,2,8,15,0,15,1,even,88,,even_char; semisimple,defect_a_even_char,BLUEPRINT A.7.1 even q-grid x n-grid
EV-065,256,2,8,15,0,15,1,even,89,,even_char; semisimple,defect_a_even_char,BLUEPRINT A.7.1 even q-grid x n-grid
EV-065,256,2,8,15,0,15,1,even,90,,even_char; semisimple,defect_a_even_char,BLUEPRINT A.7.1 even q-grid x n-grid
EV-065,256,2,8,15,0,15,1,even,91,,even_char; semisimple,defect_a_even_char,BLUEPRINT A.7.1 even q-grid x n-grid
EV-065,256,2,8,15,0,15,1,even,92,,even_char; semisimple,defect_a_even_char,BLUEPRINT A.7.1 even q-grid x n-grid
EV-065,256,2,8,15,0,15,1,even,93,,even_char; semisimple,defect_a_even_char,BLUEPRINT A.7.1 even q-grid x n-grid
EV-065,256,2,8,15,0,15,1,even,94,,even_char; semisimple,defect_a_even_char,BLUEPRINT A.7.1 even q-grid x n-grid
EV-065,256,2,8,15,0,15,1,even,95,,even_char; semisimple,defect_a_even_char,BLUEPRINT A.7.1 even q-grid x n-grid
EV-065,256,2,8,15,0,15,1,even,96,,even_char; semisimple,defect_a_even_char,BLUEPRINT A.7.1 even q-grid x n-grid
EV-065,256,2,8,15,0,15,1,even,97,,even_char; semisimple,defect_a_even_char,BLUEPRINT A.7.1 even q-grid x n-grid
EV-065,256,2,8,15,0,15,1,even,98,,even_char; semisimple,defect_a_even_char,BLUEPRINT A.7.1 even q-grid x n-grid
EV-065,256,2,8,15,0,15,1,even,99,,even_char; semisimple,defect_a_even_char,BLUEPRINT A.7.1 even q-grid x n-grid
EV-065,256,2,8,15,0,15,1,even,100,,even_char; semisimple,defect_a_even_char,BLUEPRINT A.7.1 even q-grid x n-grid
EV-065,256,2,8,15,0,15,1,even,101,,even_char; semisimple,defect_a_even_char,BLUEPRINT A.7.1 even q-grid x n-grid
EV-065,256,2,8,15,0,15,1,even,102,,even_char; semisimple,defect_a_even_char,BLUEPRINT A.7.1 even q-grid x n-grid
EV-065,256,2,8,15,0,15,1,even,103,,even_char; semisimple,defect_a_even_char,BLUEPRINT A.7.1 even q-grid x n-grid
EV-065,256,2,8,15,0,15,1,even,104,,even_char; semisimple,defect_a_even_char,BLUEPRINT A.7.1 even q-grid x n-grid
EV-065,256,2,8,15,0,15,1,even,105,,even_char; semisimple,defect_a_even_char,BLUEPRINT A.7.1 even q-grid x n-grid
EV-065,256,2,8,15,0,15,1,even,106,,even_char; semisimple,defect_a_even_char,BLUEPRINT A.7.1 even q-grid x n-grid
EV-065,256,2,8,15,0,15,1,even,107,,even_char; semisimple,defect_a_even_char,BLUEPRINT A.7.1 even q-grid x n-grid
EV-065,256,2,8,15,0,15,1,even,108,,even_char; semisimple,defect_a_even_char,BLUEPRINT A.7.1 even q-grid x n-grid
EV-065,256,2,8,15,0,15,1,even,109,,even_char; semisimple,defect_a_even_char,BLUEPRINT A.7.1 even q-grid x n-grid
EV-065,256,2,8,15,0,15,1,even,110,,even_char; semisimple,defect_a_even_char,BLUEPRINT A.7.1 even q-grid x n-grid
EV-065,256,2,8,15,0,15,1,even,111,,even_char; semisimple,defect_a_even_char,BLUEPRINT A.7.1 even q-grid x n-grid
EV-065,256,2,8,15,0,15,1,even,112,,even_char; semisimple,defect_a_even_char,BLUEPRINT A.7.1 even q-grid x n-grid
EV-065,256,2,8,15,0,15,1,even,113,,even_char; semisimple,defect_a_even_char,BLUEPRINT A.7.1 even q-grid x n-grid
EV-065,256,2,8,15,0,15,1,even,114,,even_char; semisimple,defect_a_even_char,BLUEPRINT A.7.1 even q-grid x n-grid
EV-065,256,2,8,15,0,15,1,even,115,,even_char; semisimple,defect_a_even_char,BLUEPRINT A.7.1 even q-grid x n-grid
EV-065,256,2,8,15,0,15,1,even,116,,even_char; semisimple,defect_a_even_char,BLUEPRINT A.7.1 even q-grid x n-grid
EV-065,256,2,8,15,0,15,1,even,117,,even_char; semisimple,defect_a_even_char,BLUEPRINT A.7.1 even q-grid x n-grid
EV-065,256,2,8,15,0,15,1,even,118,,even_char; semisimple,defect_a_even_char,BLUEPRINT A.7.1 even q-grid x n-grid
EV-065,256,2,8,15,0,15,1,even,119,,even_char; semisimple,defect_a_even_char,BLUEPRINT A.7.1 even q-grid x n-grid
EV-065,256,2,8,15,0,15,1,even,120,,even_char; semisimple,defect_a_even_char,BLUEPRINT A.7.1 even q-grid x n-grid
EV-065,256,2,8,15,0,15,1,even,121,,even_char; semisimple,defect_a_even_char,BLUEPRINT A.7.1 even q-grid x n-grid
EV-065,256,2,8,15,0,15,1,even,122,,even_char; semisimple,defect_a_even_char,BLUEPRINT A.7.1 even q-grid x n-grid
EV-065,256,2,8,15,0,15,1,even,123,,even_char; semisimple,defect_a_even_char,BLUEPRINT A.7.1 even q-grid x n-grid
EV-065,256,2,8,15,0,15,1,even,124,,even_char; semisimple,defect_a_even_char,BLUEPRINT A.7.1 even q-grid x n-grid
EV-065,256,2,8,15,0,15,1,even,125,,even_char; semisimple,defect_a_even_char,BLUEPRINT A.7.1 even q-grid x n-grid
EV-065,256,2,8,15,0,15,1,even,126,,even_char; semisimple,defect_a_even_char,BLUEPRINT A.7.1 even q-grid x n-grid
EV-065,256,2,8,15,0,15,1,even,127,,even_char; semisimple,defect_a_even_char,BLUEPRINT A.7.1 even q-grid x n-grid
EV-065,256,2,8,15,0,15,1,even,128,,even_char; semisimple,defect_a_even_char,BLUEPRINT A.7.1 even q-grid x n-grid
EV-065,256,2,8,15,0,15,1,even,129,,even_char; semisimple,defect_a_even_char,BLUEPRINT A.7.1 even q-grid x n-grid
EV-065,256,2,8,15,0,15,1,even,130,,even_char; semisimple,defect_a_even_char,BLUEPRINT A.7.1 even q-grid x n-grid
EV-065,256,2,8,15,0,15,1,even,131,,even_char; semisimple,defect_a_even_char,BLUEPRINT A.7.1 even q-grid x n-grid
EV-065,256,2,8,15,0,15,1,even,132,,even_char; semisimple,defect_a_even_char,BLUEPRINT A.7.1 even q-grid x n-grid
EV-065,256,2,8,15,0,15,1,even,133,,even_char; semisimple,defect_a_even_char,BLUEPRINT A.7.1 even q-grid x n-grid
EV-065,256,2,8,15,0,15,1,even,134,,even_char; semisimple,defect_a_even_char,BLUEPRINT A.7.1 even q-grid x n-grid
EV-065,256,2,8,15,0,15,1,even,135,,even_char; semisimple,defect_a_even_char,BLUEPRINT A.7.1 even q-grid x n-grid
EV-065,256,2,8,15,0,15,1,even,136,,even_char; semisimple,defect_a_even_char,BLUEPRINT A.7.1 even q-grid x n-grid
EV-065,256,2,8,15,0,15,1,even,137,,even_char; semisimple,defect_a_even_char,BLUEPRINT A.7.1 even q-grid x n-grid
EV-065,256,2,8,15,0,15,1,even,138,,even_char; semisimple,defect_a_even_char,BLUEPRINT A.7.1 even q-grid x n-grid
EV-065,256,2,8,15,0,15,1,even,139,,even_char; semisimple,defect_a_even_char,BLUEPRINT A.7.1 even q-grid x n-grid
EV-065,256,2,8,15,0,15,1,even,140,,even_char; semisimple,defect_a_even_char,BLUEPRINT A.7.1 even q-grid x n-grid
EV-065,256,2,8,15,0,15,1,even,141,,even_char; semisimple,defect_a_even_char,BLUEPRINT A.7.1 even q-grid x n-grid
EV-065,256,2,8,15,0,15,1,even,142,,even_char; semisimple,defect_a_even_char,BLUEPRINT A.7.1 even q-grid x n-grid
EV-065,256,2,8,15,0,15,1,even,143,,even_char; semisimple,defect_a_even_char,BLUEPRINT A.7.1 even q-grid x n-grid
EV-065,256,2,8,15,0,15,1,even,144,,even_char; semisimple,defect_a_even_char,BLUEPRINT A.7.1 even q-grid x n-grid
EV-065,256,2,8,15,0,15,1,even,145,,even_char; semisimple,defect_a_even_char,BLUEPRINT A.7.1 even q-grid x n-grid
EV-065,256,2,8,15,0,15,1,even,146,,even_char; semisimple,defect_a_even_char,BLUEPRINT A.7.1 even q-grid x n-grid
EV-065,256,2,8,15,0,15,1,even,147,,even_char; semisimple,defect_a_even_char,BLUEPRINT A.7.1 even q-grid x n-grid
EV-065,256,2,8,15,0,15,1,even,148,,even_char; semisimple,defect_a_even_char,BLUEPRINT A.7.1 even q-grid x n-grid
EV-065,256,2,8,15,0,15,1,even,149,,even_char; semisimple,defect_a_even_char,BLUEPRINT A.7.1 even q-grid x n-grid
EV-065,256,2,8,15,0,15,1,even,150,,even_char; semisimple,defect_a_even_char,BLUEPRINT A.7.1 even q-grid x n-grid
EV-065,256,2,8,15,0,15,1,even,151,,even_char; semisimple,defect_a_even_char,BLUEPRINT A.7.1 even q-grid x n-grid
EV-065,256,2,8,15,0,15,1,even,152,,even_char; semisimple,defect_a_even_char,BLUEPRINT A.7.1 even q-grid x n-grid
EV-065,256,2,8,15,0,15,1,even,153,,even_char; semisimple,defect_a_even_char,BLUEPRINT A.7.1 even q-grid x n-grid
EV-065,256,2,8,15,0,15,1,even,154,,even_char; semisimple,defect_a_even_char,BLUEPRINT A.7.1 even q-grid x n-grid
EV-065,256,2,8,15,0,15,1,even,155,,even_char; semisimple,defect_a_even_char,BLUEPRINT A.7.1 even q-grid x n-grid
EV-065,256,2,8,15,0,15,1,even,156,,even_char; semisimple,defect_a_even_char,BLUEPRINT A.7.1 even q-grid x n-grid
EV-065,256,2,8,15,0,15,1,even,157,,even_char; semisimple,defect_a_even_char,BLUEPRINT A.7.1 even q-grid x n-grid
EV-065,256,2,8,15,0,15,1,even,158,,even_char; semisimple,defect_a_even_char,BLUEPRINT A.7.1 even q-grid x n-grid
EV-065,256,2,8,15,0,15,1,even,159,,even_char; semisimple,defect_a_even_char,BLUEPRINT A.7.1 even q-grid x n-grid
EV-065,256,2,8,15,0,15,1,even,160,,even_char; semisimple,defect_a_even_char,BLUEPRINT A.7.1 even q-grid x n-grid
EV-065,256,2,8,15,0,15,1,even,161,,even_char; semisimple,defect_a_even_char,BLUEPRINT A.7.1 even q-grid x n-grid
EV-065,256,2,8,15,0,15,1,even,162,,even_char; semisimple,defect_a_even_char,BLUEPRINT A.7.1 even q-grid x n-grid
EV-065,256,2,8,15,0,15,1,even,163,,even_char; semisimple,defect_a_even_char,BLUEPRINT A.7.1 even q-grid x n-grid
EV-065,256,2,8,15,0,15,1,even,164,,even_char; semisimple,defect_a_even_char,BLUEPRINT A.7.1 even q-grid x n-grid
EV-065,256,2,8,15,0,15,1,even,165,,even_char; semisimple,defect_a_even_char,BLUEPRINT A.7.1 even q-grid x n-grid
EV-065,256,2,8,15,0,15,1,even,166,,even_char; semisimple,defect_a_even_char,BLUEPRINT A.7.1 even q-grid x n-grid
EV-065,256,2,8,15,0,15,1,even,167,,even_char; semisimple,defect_a_even_char,BLUEPRINT A.7.1 even q-grid x n-grid
EV-065,256,2,8,15,0,15,1,even,168,,even_char; semisimple,defect_a_even_char,BLUEPRINT A.7.1 even q-grid x n-grid
EV-065,256,2,8,15,0,15,1,even,169,,even_char; semisimple,defect_a_even_char,BLUEPRINT A.7.1 even q-grid x n-grid
EV-065,256,2,8,15,0,15,1,even,170,,even_char; semisimple,defect_a_even_char,BLUEPRINT A.7.1 even q-grid x n-grid
EV-065,256,2,8,15,0,15,1,even,171,,even_char; semisimple,defect_a_even_char,BLUEPRINT A.7.1 even q-grid x n-grid
EV-065,256,2,8,15,0,15,1,even,172,,even_char; semisimple,defect_a_even_char,BLUEPRINT A.7.1 even q-grid x n-grid
EV-065,256,2,8,15,0,15,1,even,173,,even_char; semisimple,defect_a_even_char,BLUEPRINT A.7.1 even q-grid x n-grid
EV-065,256,2,8,15,0,15,1,even,174,,even_char; semisimple,defect_a_even_char,BLUEPRINT A.7.1 even q-grid x n-grid
EV-065,256,2,8,15,0,15,1,even,175,,even_char; semisimple,defect_a_even_char,BLUEPRINT A.7.1 even q-grid x n-grid
EV-065,256,2,8,15,0,15,1,even,176,,even_char; semisimple,defect_a_even_char,BLUEPRINT A.7.1 even q-grid x n-grid
EV-065,256,2,8,15,0,15,1,even,177,,even_char; semisimple,defect_a_even_char,BLUEPRINT A.7.1 even q-grid x n-grid
EV-065,256,2,8,15,0,15,1,even,178,,even_char; semisimple,defect_a_even_char,BLUEPRINT A.7.1 even q-grid x n-grid
EV-065,256,2,8,15,0,15,1,even,179,,even_char; semisimple,defect_a_even_char,BLUEPRINT A.7.1 even q-grid x n-grid
EV-065,256,2,8,15,0,15,1,even,180,,even_char; semisimple,defect_a_even_char,BLUEPRINT A.7.1 even q-grid x n-grid
EV-065,256,2,8,15,0,15,1,even,181,,even_char; semisimple,defect_a_even_char,BLUEPRINT A.7.1 even q-grid x n-grid
EV-065,256,2,8,15,0,15,1,even,182,,even_char; semisimple,defect_a_even_char,BLUEPRINT A.7.1 even q-grid x n-grid
EV-065,256,2,8,15,0,15,1,even,183,,even_char; semisimple,defect_a_even_char,BLUEPRINT A.7.1 even q-grid x n-grid
EV-065,256,2,8,15,0,15,1,even,184,,even_char; semisimple,defect_a_even_char,BLUEPRINT A.7.1 even q-grid x n-grid
EV-065,256,2,8,15,0,15,1,even,185,,even_char; semisimple,defect_a_even_char,BLUEPRINT A.7.1 even q-grid x n-grid
EV-065,256,2,8,15,0,15,1,even,186,,even_char; semisimple,defect_a_even_char,BLUEPRINT A.7.1 even q-grid x n-grid
EV-065,256,2,8,15,0,15,1,even,187,,even_char; semisimple,defect_a_even_char,BLUEPRINT A.7.1 even q-grid x n-grid
EV-065,256,2,8,15,0,15,1,even,188,,even_char; semisimple,defect_a_even_char,BLUEPRINT A.7.1 even q-grid x n-grid
EV-065,256,2,8,15,0,15,1,even,189,,even_char; semisimple,defect_a_even_char,BLUEPRINT A.7.1 even q-grid x n-grid
EV-065,256,2,8,15,0,15,1,even,190,,even_char; semisimple,defect_a_even_char,BLUEPRINT A.7.1 even q-grid x n-grid
EV-065,256,2,8,15,0,15,1,even,191,,even_char; semisimple,defect_a_even_char,BLUEPRINT A.7.1 even q-grid x n-grid
EV-065,256,2,8,15,0,15,1,even,192,,even_char; semisimple,defect_a_even_char,BLUEPRINT A.7.1 even q-grid x n-grid
EV-065,256,2,8,15,0,15,1,even,193,,even_char; semisimple,defect_a_even_char,BLUEPRINT A.7.1 even q-grid x n-grid
EV-065,256,2,8,15,0,15,1,even,194,,even_char; semisimple,defect_a_even_char,BLUEPRINT A.7.1 even q-grid x n-grid
EV-065,256,2,8,15,0,15,1,even,195,,even_char; semisimple,defect_a_even_char,BLUEPRINT A.7.1 even q-grid x n-grid
EV-065,256,2,8,15,0,15,1,even,196,,even_char; semisimple,defect_a_even_char,BLUEPRINT A.7.1 even q-grid x n-grid
EV-065,256,2,8,15,0,15,1,even,197,,even_char; semisimple,defect_a_even_char,BLUEPRINT A.7.1 even q-grid x n-grid
EV-065,256,2,8,15,0,15,1,even,198,,even_char; semisimple,defect_a_even_char,BLUEPRINT A.7.1 even q-grid x n-grid
EV-065,256,2,8,15,0,15,1,even,199,,even_char; semisimple,defect_a_even_char,BLUEPRINT A.7.1 even q-grid x n-grid
EV-065,256,2,8,15,0,15,1,even,200,,even_char; semisimple,defect_a_even_char,BLUEPRINT A.7.1 even q-grid x n-grid
EV-065,256,2,8,15,0,15,1,even,201,,even_char; semisimple,defect_a_even_char,BLUEPRINT A.7.1 even q-grid x n-grid
EV-065,256,2,8,15,0,15,1,even,202,,even_char; semisimple,defect_a_even_char,BLUEPRINT A.7.1 even q-grid x n-grid
EV-065,256,2,8,15,0,15,1,even,203,,even_char; semisimple,defect_a_even_char,BLUEPRINT A.7.1 even q-grid x n-grid
EV-065,256,2,8,15,0,15,1,even,204,,even_char; semisimple,defect_a_even_char,BLUEPRINT A.7.1 even q-grid x n-grid
EV-065,256,2,8,15,0,15,1,even,205,,even_char; semisimple,defect_a_even_char,BLUEPRINT A.7.1 even q-grid x n-grid
EV-065,256,2,8,15,0,15,1,even,206,,even_char; semisimple,defect_a_even_char,BLUEPRINT A.7.1 even q-grid x n-grid
EV-065,256,2,8,15,0,15,1,even,207,,even_char; semisimple,defect_a_even_char,BLUEPRINT A.7.1 even q-grid x n-grid
EV-065,256,2,8,15,0,15,1,even,208,,even_char; semisimple,defect_a_even_char,BLUEPRINT A.7.1 even q-grid x n-grid
EV-065,256,2,8,15,0,15,1,even,209,,even_char; semisimple,defect_a_even_char,BLUEPRINT A.7.1 even q-grid x n-grid
EV-065,256,2,8,15,0,15,1,even,210,,even_char; semisimple,defect_a_even_char,BLUEPRINT A.7.1 even q-grid x n-grid
EV-065,256,2,8,15,0,15,1,even,211,,even_char; semisimple,defect_a_even_char,BLUEPRINT A.7.1 even q-grid x n-grid
EV-065,256,2,8,15,0,15,1,even,212,,even_char; semisimple,defect_a_even_char,BLUEPRINT A.7.1 even q-grid x n-grid
EV-065,256,2,8,15,0,15,1,even,213,,even_char; semisimple,defect_a_even_char,BLUEPRINT A.7.1 even q-grid x n-grid
EV-065,256,2,8,15,0,15,1,even,214,,even_char; semisimple,defect_a_even_char,BLUEPRINT A.7.1 even q-grid x n-grid
EV-065,256,2,8,15,0,15,1,even,215,,even_char; semisimple,defect_a_even_char,BLUEPRINT A.7.1 even q-grid x n-grid
EV-065,256,2,8,15,0,15,1,even,216,,even_char; semisimple,defect_a_even_char,BLUEPRINT A.7.1 even q-grid x n-grid
EV-065,256,2,8,15,0,15,1,even,217,,even_char; semisimple,defect_a_even_char,BLUEPRINT A.7.1 even q-grid x n-grid
EV-065,256,2,8,15,0,15,1,even,218,,even_char; semisimple,defect_a_even_char,BLUEPRINT A.7.1 even q-grid x n-grid
EV-065,256,2,8,15,0,15,1,even,219,,even_char; semisimple,defect_a_even_char,BLUEPRINT A.7.1 even q-grid x n-grid
EV-065,256,2,8,15,0,15,1,even,220,,even_char; semisimple,defect_a_even_char,BLUEPRINT A.7.1 even q-grid x n-grid
EV-065,256,2,8,15,0,15,1,even,221,,even_char; semisimple,defect_a_even_char,BLUEPRINT A.7.1 even q-grid x n-grid
EV-065,256,2,8,15,0,15,1,even,222,,even_char; semisimple,defect_a_even_char,BLUEPRINT A.7.1 even q-grid x n-grid
EV-065,256,2,8,15,0,15,1,even,223,,even_char; semisimple,defect_a_even_char,BLUEPRINT A.7.1 even q-grid x n-grid
EV-065,256,2,8,15,0,15,1,even,224,,even_char; semisimple,defect_a_even_char,BLUEPRINT A.7.1 even q-grid x n-grid
EV-065,256,2,8,15,0,15,1,even,225,,even_char; semisimple,defect_a_even_char,BLUEPRINT A.7.1 even q-grid x n-grid
EV-065,256,2,8,15,0,15,1,even,226,,even_char; semisimple,defect_a_even_char,BLUEPRINT A.7.1 even q-grid x n-grid
EV-065,256,2,8,15,0,15,1,even,227,,even_char; semisimple,defect_a_even_char,BLUEPRINT A.7.1 even q-grid x n-grid
EV-065,256,2,8,15,0,15,1,even,228,,even_char; semisimple,defect_a_even_char,BLUEPRINT A.7.1 even q-grid x n-grid
EV-065,256,2,8,15,0,15,1,even,229,,even_char; semisimple,defect_a_even_char,BLUEPRINT A.7.1 even q-grid x n-grid
EV-065,256,2,8,15,0,15,1,even,230,,even_char; semisimple,defect_a_even_char,BLUEPRINT A.7.1 even q-grid x n-grid
EV-065,256,2,8,15,0,15,1,even,231,,even_char; semisimple,defect_a_even_char,BLUEPRINT A.7.1 even q-grid x n-grid
EV-065,256,2,8,15,0,15,1,even,232,,even_char; semisimple,defect_a_even_char,BLUEPRINT A.7.1 even q-grid x n-grid
EV-065,256,2,8,15,0,15,1,even,233,,even_char; semisimple,defect_a_even_char,BLUEPRINT A.7.1 even q-grid x n-grid
EV-065,256,2,8,15,0,15,1,even,234,,even_char; semisimple,defect_a_even_char,BLUEPRINT A.7.1 even q-grid x n-grid
EV-065,256,2,8,15,0,15,1,even,235,,even_char; semisimple,defect_a_even_char,BLUEPRINT A.7.1 even q-grid x n-grid
EV-065,256,2,8,15,0,15,1,even,236,,even_char; semisimple,defect_a_even_char,BLUEPRINT A.7.1 even q-grid x n-grid
EV-065,256,2,8,15,0,15,1,even,237,,even_char; semisimple,defect_a_even_char,BLUEPRINT A.7.1 even q-grid x n-grid
EV-065,256,2,8,15,0,15,1,even,238,,even_char; semisimple,defect_a_even_char,BLUEPRINT A.7.1 even q-grid x n-grid
EV-065,256,2,8,15,0,15,1,even,239,,even_char; semisimple,defect_a_even_char,BLUEPRINT A.7.1 even q-grid x n-grid
EV-065,256,2,8,15,0,15,1,even,240,,even_char; semisimple,defect_a_even_char,BLUEPRINT A.7.1 even q-grid x n-grid
EV-065,256,2,8,15,0,15,1,even,241,,even_char; semisimple,defect_a_even_char,BLUEPRINT A.7.1 even q-grid x n-grid
EV-065,256,2,8,15,0,15,1,even,242,,even_char; semisimple,defect_a_even_char,BLUEPRINT A.7.1 even q-grid x n-grid
EV-065,256,2,8,15,0,15,1,even,243,,even_char; semisimple,defect_a_even_char,BLUEPRINT A.7.1 even q-grid x n-grid
EV-065,256,2,8,15,0,15,1,even,244,,even_char; semisimple,defect_a_even_char,BLUEPRINT A.7.1 even q-grid x n-grid
EV-065,256,2,8,15,0,15,1,even,245,,even_char; semisimple,defect_a_even_char,BLUEPRINT A.7.1 even q-grid x n-grid
EV-065,256,2,8,15,0,15,1,even,246,,even_char; semisimple,defect_a_even_char,BLUEPRINT A.7.1 even q-grid x n-grid
EV-065,256,2,8,15,0,15,1,even,247,,even_char; semisimple,defect_a_even_char,BLUEPRINT A.7.1 even q-grid x n-grid
EV-065,256,2,8,15,0,15,1,even,248,,even_char; semisimple,defect_a_even_char,BLUEPRINT A.7.1 even q-grid x n-grid
EV-065,256,2,8,15,0,15,1,even,249,,even_char; semisimple,defect_a_even_char,BLUEPRINT A.7.1 even q-grid x n-grid
EV-065,256,2,8,15,0,15,1,even,250,,even_char; semisimple,defect_a_even_char,BLUEPRINT A.7.1 even q-grid x n-grid
EV-065,256,2,8,15,0,15,1,even,251,,even_char; semisimple,defect_a_even_char,BLUEPRINT A.7.1 even q-grid x n-grid
EV-065,256,2,8,15,0,15,1,even,252,,even_char; semisimple,defect_a_even_char,BLUEPRINT A.7.1 even q-grid x n-grid
EV-065,256,2,8,15,0,15,1,even,253,,even_char; semisimple,defect_a_even_char,BLUEPRINT A.7.1 even q-grid x n-grid
EV-065,256,2,8,15,0,15,1,even,254,,even_char; semisimple,defect_a_even_char,BLUEPRINT A.7.1 even q-grid x n-grid
EV-066,256,2,8,17,0,17,1,even,0,,even_char; semisimple,defect_a_even_char,BLUEPRINT A.7.1 even q-grid x n-grid
EV-066,256,2,8,17,0,17,1,even,1,,even_char; semisimple,defect_a_even_char,BLUEPRINT A.7.1 even q-grid x n-grid
EV-066,256,2,8,17,0,17,1,even,2,,even_char; semisimple,defect_a_even_char,BLUEPRINT A.7.1 even q-grid x n-grid
EV-066,256,2,8,17,0,17,1,even,3,,even_char; semisimple,defect_a_even_char,BLUEPRINT A.7.1 even q-grid x n-grid
EV-066,256,2,8,17,0,17,1,even,4,,even_char; semisimple,defect_a_even_char,BLUEPRINT A.7.1 even q-grid x n-grid
EV-066,256,2,8,17,0,17,1,even,5,,even_char; semisimple,defect_a_even_char,BLUEPRINT A.7.1 even q-grid x n-grid
EV-066,256,2,8,17,0,17,1,even,6,,even_char; semisimple,defect_a_even_char,BLUEPRINT A.7.1 even q-grid x n-grid
EV-066,256,2,8,17,0,17,1,even,7,,even_char; semisimple,defect_a_even_char,BLUEPRINT A.7.1 even q-grid x n-grid
EV-066,256,2,8,17,0,17,1,even,8,,even_char; semisimple,defect_a_even_char,BLUEPRINT A.7.1 even q-grid x n-grid
EV-066,256,2,8,17,0,17,1,even,9,,even_char; semisimple,defect_a_even_char,BLUEPRINT A.7.1 even q-grid x n-grid
EV-066,256,2,8,17,0,17,1,even,10,,even_char; semisimple,defect_a_even_char,BLUEPRINT A.7.1 even q-grid x n-grid
EV-066,256,2,8,17,0,17,1,even,11,,even_char; semisimple,defect_a_even_char,BLUEPRINT A.7.1 even q-grid x n-grid
EV-066,256,2,8,17,0,17,1,even,12,,even_char; semisimple,defect_a_even_char,BLUEPRINT A.7.1 even q-grid x n-grid
EV-066,256,2,8,17,0,17,1,even,13,,even_char; semisimple,defect_a_even_char,BLUEPRINT A.7.1 even q-grid x n-grid
EV-066,256,2,8,17,0,17,1,even,14,,even_char; semisimple,defect_a_even_char,BLUEPRINT A.7.1 even q-grid x n-grid
EV-066,256,2,8,17,0,17,1,even,15,,even_char; semisimple,defect_a_even_char,BLUEPRINT A.7.1 even q-grid x n-grid
EV-066,256,2,8,17,0,17,1,even,16,,even_char; semisimple,defect_a_even_char,BLUEPRINT A.7.1 even q-grid x n-grid
EV-066,256,2,8,17,0,17,1,even,17,,even_char; semisimple,defect_a_even_char,BLUEPRINT A.7.1 even q-grid x n-grid
EV-066,256,2,8,17,0,17,1,even,18,,even_char; semisimple,defect_a_even_char,BLUEPRINT A.7.1 even q-grid x n-grid
EV-066,256,2,8,17,0,17,1,even,19,,even_char; semisimple,defect_a_even_char,BLUEPRINT A.7.1 even q-grid x n-grid
EV-066,256,2,8,17,0,17,1,even,20,,even_char; semisimple,defect_a_even_char,BLUEPRINT A.7.1 even q-grid x n-grid
EV-066,256,2,8,17,0,17,1,even,21,,even_char; semisimple,defect_a_even_char,BLUEPRINT A.7.1 even q-grid x n-grid
EV-066,256,2,8,17,0,17,1,even,22,,even_char; semisimple,defect_a_even_char,BLUEPRINT A.7.1 even q-grid x n-grid
EV-066,256,2,8,17,0,17,1,even,23,,even_char; semisimple,defect_a_even_char,BLUEPRINT A.7.1 even q-grid x n-grid
EV-066,256,2,8,17,0,17,1,even,24,,even_char; semisimple,defect_a_even_char,BLUEPRINT A.7.1 even q-grid x n-grid
EV-066,256,2,8,17,0,17,1,even,25,,even_char; semisimple,defect_a_even_char,BLUEPRINT A.7.1 even q-grid x n-grid
EV-066,256,2,8,17,0,17,1,even,26,,even_char; semisimple,defect_a_even_char,BLUEPRINT A.7.1 even q-grid x n-grid
EV-066,256,2,8,17,0,17,1,even,27,,even_char; semisimple,defect_a_even_char,BLUEPRINT A.7.1 even q-grid x n-grid
EV-066,256,2,8,17,0,17,1,even,28,,even_char; semisimple,defect_a_even_char,BLUEPRINT A.7.1 even q-grid x n-grid
EV-066,256,2,8,17,0,17,1,even,29,,even_char; semisimple,defect_a_even_char,BLUEPRINT A.7.1 even q-grid x n-grid
EV-066,256,2,8,17,0,17,1,even,30,,even_char; semisimple,defect_a_even_char,BLUEPRINT A.7.1 even q-grid x n-grid
EV-066,256,2,8,17,0,17,1,even,31,,even_char; semisimple,defect_a_even_char,BLUEPRINT A.7.1 even q-grid x n-grid
EV-066,256,2,8,17,0,17,1,even,32,,even_char; semisimple,defect_a_even_char,BLUEPRINT A.7.1 even q-grid x n-grid
EV-066,256,2,8,17,0,17,1,even,33,,even_char; semisimple,defect_a_even_char,BLUEPRINT A.7.1 even q-grid x n-grid
EV-066,256,2,8,17,0,17,1,even,34,,even_char; semisimple,defect_a_even_char,BLUEPRINT A.7.1 even q-grid x n-grid
EV-066,256,2,8,17,0,17,1,even,35,,even_char; semisimple,defect_a_even_char,BLUEPRINT A.7.1 even q-grid x n-grid
EV-066,256,2,8,17,0,17,1,even,36,,even_char; semisimple,defect_a_even_char,BLUEPRINT A.7.1 even q-grid x n-grid
EV-066,256,2,8,17,0,17,1,even,37,,even_char; semisimple,defect_a_even_char,BLUEPRINT A.7.1 even q-grid x n-grid
EV-066,256,2,8,17,0,17,1,even,38,,even_char; semisimple,defect_a_even_char,BLUEPRINT A.7.1 even q-grid x n-grid
EV-066,256,2,8,17,0,17,1,even,39,,even_char; semisimple,defect_a_even_char,BLUEPRINT A.7.1 even q-grid x n-grid
EV-066,256,2,8,17,0,17,1,even,40,,even_char; semisimple,defect_a_even_char,BLUEPRINT A.7.1 even q-grid x n-grid
EV-066,256,2,8,17,0,17,1,even,41,,even_char; semisimple,defect_a_even_char,BLUEPRINT A.7.1 even q-grid x n-grid
EV-066,256,2,8,17,0,17,1,even,42,,even_char; semisimple,defect_a_even_char,BLUEPRINT A.7.1 even q-grid x n-grid
EV-066,256,2,8,17,0,17,1,even,43,,even_char; semisimple,defect_a_even_char,BLUEPRINT A.7.1 even q-grid x n-grid
EV-066,256,2,8,17,0,17,1,even,44,,even_char; semisimple,defect_a_even_char,BLUEPRINT A.7.1 even q-grid x n-grid
EV-066,256,2,8,17,0,17,1,even,45,,even_char; semisimple,defect_a_even_char,BLUEPRINT A.7.1 even q-grid x n-grid
EV-066,256,2,8,17,0,17,1,even,46,,even_char; semisimple,defect_a_even_char,BLUEPRINT A.7.1 even q-grid x n-grid
EV-066,256,2,8,17,0,17,1,even,47,,even_char; semisimple,defect_a_even_char,BLUEPRINT A.7.1 even q-grid x n-grid
EV-066,256,2,8,17,0,17,1,even,48,,even_char; semisimple,defect_a_even_char,BLUEPRINT A.7.1 even q-grid x n-grid
EV-066,256,2,8,17,0,17,1,even,49,,even_char; semisimple,defect_a_even_char,BLUEPRINT A.7.1 even q-grid x n-grid
EV-066,256,2,8,17,0,17,1,even,50,,even_char; semisimple,defect_a_even_char,BLUEPRINT A.7.1 even q-grid x n-grid
EV-066,256,2,8,17,0,17,1,even,51,,even_char; semisimple,defect_a_even_char,BLUEPRINT A.7.1 even q-grid x n-grid
EV-066,256,2,8,17,0,17,1,even,52,,even_char; semisimple,defect_a_even_char,BLUEPRINT A.7.1 even q-grid x n-grid
EV-066,256,2,8,17,0,17,1,even,53,,even_char; semisimple,defect_a_even_char,BLUEPRINT A.7.1 even q-grid x n-grid
EV-066,256,2,8,17,0,17,1,even,54,,even_char; semisimple,defect_a_even_char,BLUEPRINT A.7.1 even q-grid x n-grid
EV-066,256,2,8,17,0,17,1,even,55,,even_char; semisimple,defect_a_even_char,BLUEPRINT A.7.1 even q-grid x n-grid
EV-066,256,2,8,17,0,17,1,even,56,,even_char; semisimple,defect_a_even_char,BLUEPRINT A.7.1 even q-grid x n-grid
EV-066,256,2,8,17,0,17,1,even,57,,even_char; semisimple,defect_a_even_char,BLUEPRINT A.7.1 even q-grid x n-grid
EV-066,256,2,8,17,0,17,1,even,58,,even_char; semisimple,defect_a_even_char,BLUEPRINT A.7.1 even q-grid x n-grid
EV-066,256,2,8,17,0,17,1,even,59,,even_char; semisimple,defect_a_even_char,BLUEPRINT A.7.1 even q-grid x n-grid
EV-066,256,2,8,17,0,17,1,even,60,,even_char; semisimple,defect_a_even_char,BLUEPRINT A.7.1 even q-grid x n-grid
EV-066,256,2,8,17,0,17,1,even,61,,even_char; semisimple,defect_a_even_char,BLUEPRINT A.7.1 even q-grid x n-grid
EV-066,256,2,8,17,0,17,1,even,62,,even_char; semisimple,defect_a_even_char,BLUEPRINT A.7.1 even q-grid x n-grid
EV-066,256,2,8,17,0,17,1,even,63,,even_char; semisimple,defect_a_even_char,BLUEPRINT A.7.1 even q-grid x n-grid
EV-066,256,2,8,17,0,17,1,even,64,,even_char; semisimple,defect_a_even_char,BLUEPRINT A.7.1 even q-grid x n-grid
EV-066,256,2,8,17,0,17,1,even,65,,even_char; semisimple,defect_a_even_char,BLUEPRINT A.7.1 even q-grid x n-grid
EV-066,256,2,8,17,0,17,1,even,66,,even_char; semisimple,defect_a_even_char,BLUEPRINT A.7.1 even q-grid x n-grid
EV-066,256,2,8,17,0,17,1,even,67,,even_char; semisimple,defect_a_even_char,BLUEPRINT A.7.1 even q-grid x n-grid
EV-066,256,2,8,17,0,17,1,even,68,,even_char; semisimple,defect_a_even_char,BLUEPRINT A.7.1 even q-grid x n-grid
EV-066,256,2,8,17,0,17,1,even,69,,even_char; semisimple,defect_a_even_char,BLUEPRINT A.7.1 even q-grid x n-grid
EV-066,256,2,8,17,0,17,1,even,70,,even_char; semisimple,defect_a_even_char,BLUEPRINT A.7.1 even q-grid x n-grid
EV-066,256,2,8,17,0,17,1,even,71,,even_char; semisimple,defect_a_even_char,BLUEPRINT A.7.1 even q-grid x n-grid
EV-066,256,2,8,17,0,17,1,even,72,,even_char; semisimple,defect_a_even_char,BLUEPRINT A.7.1 even q-grid x n-grid
EV-066,256,2,8,17,0,17,1,even,73,,even_char; semisimple,defect_a_even_char,BLUEPRINT A.7.1 even q-grid x n-grid
EV-066,256,2,8,17,0,17,1,even,74,,even_char; semisimple,defect_a_even_char,BLUEPRINT A.7.1 even q-grid x n-grid
EV-066,256,2,8,17,0,17,1,even,75,,even_char; semisimple,defect_a_even_char,BLUEPRINT A.7.1 even q-grid x n-grid
EV-066,256,2,8,17,0,17,1,even,76,,even_char; semisimple,defect_a_even_char,BLUEPRINT A.7.1 even q-grid x n-grid
EV-066,256,2,8,17,0,17,1,even,77,,even_char; semisimple,defect_a_even_char,BLUEPRINT A.7.1 even q-grid x n-grid
EV-066,256,2,8,17,0,17,1,even,78,,even_char; semisimple,defect_a_even_char,BLUEPRINT A.7.1 even q-grid x n-grid
EV-066,256,2,8,17,0,17,1,even,79,,even_char; semisimple,defect_a_even_char,BLUEPRINT A.7.1 even q-grid x n-grid
EV-066,256,2,8,17,0,17,1,even,80,,even_char; semisimple,defect_a_even_char,BLUEPRINT A.7.1 even q-grid x n-grid
EV-066,256,2,8,17,0,17,1,even,81,,even_char; semisimple,defect_a_even_char,BLUEPRINT A.7.1 even q-grid x n-grid
EV-066,256,2,8,17,0,17,1,even,82,,even_char; semisimple,defect_a_even_char,BLUEPRINT A.7.1 even q-grid x n-grid
EV-066,256,2,8,17,0,17,1,even,83,,even_char; semisimple,defect_a_even_char,BLUEPRINT A.7.1 even q-grid x n-grid
EV-066,256,2,8,17,0,17,1,even,84,,even_char; semisimple,defect_a_even_char,BLUEPRINT A.7.1 even q-grid x n-grid
EV-066,256,2,8,17,0,17,1,even,85,,even_char; semisimple,defect_a_even_char,BLUEPRINT A.7.1 even q-grid x n-grid
EV-066,256,2,8,17,0,17,1,even,86,,even_char; semisimple,defect_a_even_char,BLUEPRINT A.7.1 even q-grid x n-grid
EV-066,256,2,8,17,0,17,1,even,87,,even_char; semisimple,defect_a_even_char,BLUEPRINT A.7.1 even q-grid x n-grid
EV-066,256,2,8,17,0,17,1,even,88,,even_char; semisimple,defect_a_even_char,BLUEPRINT A.7.1 even q-grid x n-grid
EV-066,256,2,8,17,0,17,1,even,89,,even_char; semisimple,defect_a_even_char,BLUEPRINT A.7.1 even q-grid x n-grid
EV-066,256,2,8,17,0,17,1,even,90,,even_char; semisimple,defect_a_even_char,BLUEPRINT A.7.1 even q-grid x n-grid
EV-066,256,2,8,17,0,17,1,even,91,,even_char; semisimple,defect_a_even_char,BLUEPRINT A.7.1 even q-grid x n-grid
EV-066,256,2,8,17,0,17,1,even,92,,even_char; semisimple,defect_a_even_char,BLUEPRINT A.7.1 even q-grid x n-grid
EV-066,256,2,8,17,0,17,1,even,93,,even_char; semisimple,defect_a_even_char,BLUEPRINT A.7.1 even q-grid x n-grid
EV-066,256,2,8,17,0,17,1,even,94,,even_char; semisimple,defect_a_even_char,BLUEPRINT A.7.1 even q-grid x n-grid
EV-066,256,2,8,17,0,17,1,even,95,,even_char; semisimple,defect_a_even_char,BLUEPRINT A.7.1 even q-grid x n-grid
EV-066,256,2,8,17,0,17,1,even,96,,even_char; semisimple,defect_a_even_char,BLUEPRINT A.7.1 even q-grid x n-grid
EV-066,256,2,8,17,0,17,1,even,97,,even_char; semisimple,defect_a_even_char,BLUEPRINT A.7.1 even q-grid x n-grid
EV-066,256,2,8,17,0,17,1,even,98,,even_char; semisimple,defect_a_even_char,BLUEPRINT A.7.1 even q-grid x n-grid
EV-066,256,2,8,17,0,17,1,even,99,,even_char; semisimple,defect_a_even_char,BLUEPRINT A.7.1 even q-grid x n-grid
EV-066,256,2,8,17,0,17,1,even,100,,even_char; semisimple,defect_a_even_char,BLUEPRINT A.7.1 even q-grid x n-grid
EV-066,256,2,8,17,0,17,1,even,101,,even_char; semisimple,defect_a_even_char,BLUEPRINT A.7.1 even q-grid x n-grid
EV-066,256,2,8,17,0,17,1,even,102,,even_char; semisimple,defect_a_even_char,BLUEPRINT A.7.1 even q-grid x n-grid
EV-066,256,2,8,17,0,17,1,even,103,,even_char; semisimple,defect_a_even_char,BLUEPRINT A.7.1 even q-grid x n-grid
EV-066,256,2,8,17,0,17,1,even,104,,even_char; semisimple,defect_a_even_char,BLUEPRINT A.7.1 even q-grid x n-grid
EV-066,256,2,8,17,0,17,1,even,105,,even_char; semisimple,defect_a_even_char,BLUEPRINT A.7.1 even q-grid x n-grid
EV-066,256,2,8,17,0,17,1,even,106,,even_char; semisimple,defect_a_even_char,BLUEPRINT A.7.1 even q-grid x n-grid
EV-066,256,2,8,17,0,17,1,even,107,,even_char; semisimple,defect_a_even_char,BLUEPRINT A.7.1 even q-grid x n-grid
EV-066,256,2,8,17,0,17,1,even,108,,even_char; semisimple,defect_a_even_char,BLUEPRINT A.7.1 even q-grid x n-grid
EV-066,256,2,8,17,0,17,1,even,109,,even_char; semisimple,defect_a_even_char,BLUEPRINT A.7.1 even q-grid x n-grid
EV-066,256,2,8,17,0,17,1,even,110,,even_char; semisimple,defect_a_even_char,BLUEPRINT A.7.1 even q-grid x n-grid
EV-066,256,2,8,17,0,17,1,even,111,,even_char; semisimple,defect_a_even_char,BLUEPRINT A.7.1 even q-grid x n-grid
EV-066,256,2,8,17,0,17,1,even,112,,even_char; semisimple,defect_a_even_char,BLUEPRINT A.7.1 even q-grid x n-grid
EV-066,256,2,8,17,0,17,1,even,113,,even_char; semisimple,defect_a_even_char,BLUEPRINT A.7.1 even q-grid x n-grid
EV-066,256,2,8,17,0,17,1,even,114,,even_char; semisimple,defect_a_even_char,BLUEPRINT A.7.1 even q-grid x n-grid
EV-066,256,2,8,17,0,17,1,even,115,,even_char; semisimple,defect_a_even_char,BLUEPRINT A.7.1 even q-grid x n-grid
EV-066,256,2,8,17,0,17,1,even,116,,even_char; semisimple,defect_a_even_char,BLUEPRINT A.7.1 even q-grid x n-grid
EV-066,256,2,8,17,0,17,1,even,117,,even_char; semisimple,defect_a_even_char,BLUEPRINT A.7.1 even q-grid x n-grid
EV-066,256,2,8,17,0,17,1,even,118,,even_char; semisimple,defect_a_even_char,BLUEPRINT A.7.1 even q-grid x n-grid
EV-066,256,2,8,17,0,17,1,even,119,,even_char; semisimple,defect_a_even_char,BLUEPRINT A.7.1 even q-grid x n-grid
EV-066,256,2,8,17,0,17,1,even,120,,even_char; semisimple,defect_a_even_char,BLUEPRINT A.7.1 even q-grid x n-grid
EV-066,256,2,8,17,0,17,1,even,121,,even_char; semisimple,defect_a_even_char,BLUEPRINT A.7.1 even q-grid x n-grid
EV-066,256,2,8,17,0,17,1,even,122,,even_char; semisimple,defect_a_even_char,BLUEPRINT A.7.1 even q-grid x n-grid
EV-066,256,2,8,17,0,17,1,even,123,,even_char; semisimple,defect_a_even_char,BLUEPRINT A.7.1 even q-grid x n-grid
EV-066,256,2,8,17,0,17,1,even,124,,even_char; semisimple,defect_a_even_char,BLUEPRINT A.7.1 even q-grid x n-grid
EV-066,256,2,8,17,0,17,1,even,125,,even_char; semisimple,defect_a_even_char,BLUEPRINT A.7.1 even q-grid x n-grid
EV-066,256,2,8,17,0,17,1,even,126,,even_char; semisimple,defect_a_even_char,BLUEPRINT A.7.1 even q-grid x n-grid
EV-066,256,2,8,17,0,17,1,even,127,,even_char; semisimple,defect_a_even_char,BLUEPRINT A.7.1 even q-grid x n-grid
EV-066,256,2,8,17,0,17,1,even,128,,even_char; semisimple,defect_a_even_char,BLUEPRINT A.7.1 even q-grid x n-grid
EV-066,256,2,8,17,0,17,1,even,129,,even_char; semisimple,defect_a_even_char,BLUEPRINT A.7.1 even q-grid x n-grid
EV-066,256,2,8,17,0,17,1,even,130,,even_char; semisimple,defect_a_even_char,BLUEPRINT A.7.1 even q-grid x n-grid
EV-066,256,2,8,17,0,17,1,even,131,,even_char; semisimple,defect_a_even_char,BLUEPRINT A.7.1 even q-grid x n-grid
EV-066,256,2,8,17,0,17,1,even,132,,even_char; semisimple,defect_a_even_char,BLUEPRINT A.7.1 even q-grid x n-grid
EV-066,256,2,8,17,0,17,1,even,133,,even_char; semisimple,defect_a_even_char,BLUEPRINT A.7.1 even q-grid x n-grid
EV-066,256,2,8,17,0,17,1,even,134,,even_char; semisimple,defect_a_even_char,BLUEPRINT A.7.1 even q-grid x n-grid
EV-066,256,2,8,17,0,17,1,even,135,,even_char; semisimple,defect_a_even_char,BLUEPRINT A.7.1 even q-grid x n-grid
EV-066,256,2,8,17,0,17,1,even,136,,even_char; semisimple,defect_a_even_char,BLUEPRINT A.7.1 even q-grid x n-grid
EV-066,256,2,8,17,0,17,1,even,137,,even_char; semisimple,defect_a_even_char,BLUEPRINT A.7.1 even q-grid x n-grid
EV-066,256,2,8,17,0,17,1,even,138,,even_char; semisimple,defect_a_even_char,BLUEPRINT A.7.1 even q-grid x n-grid
EV-066,256,2,8,17,0,17,1,even,139,,even_char; semisimple,defect_a_even_char,BLUEPRINT A.7.1 even q-grid x n-grid
EV-066,256,2,8,17,0,17,1,even,140,,even_char; semisimple,defect_a_even_char,BLUEPRINT A.7.1 even q-grid x n-grid
EV-066,256,2,8,17,0,17,1,even,141,,even_char; semisimple,defect_a_even_char,BLUEPRINT A.7.1 even q-grid x n-grid
EV-066,256,2,8,17,0,17,1,even,142,,even_char; semisimple,defect_a_even_char,BLUEPRINT A.7.1 even q-grid x n-grid
EV-066,256,2,8,17,0,17,1,even,143,,even_char; semisimple,defect_a_even_char,BLUEPRINT A.7.1 even q-grid x n-grid
EV-066,256,2,8,17,0,17,1,even,144,,even_char; semisimple,defect_a_even_char,BLUEPRINT A.7.1 even q-grid x n-grid
EV-066,256,2,8,17,0,17,1,even,145,,even_char; semisimple,defect_a_even_char,BLUEPRINT A.7.1 even q-grid x n-grid
EV-066,256,2,8,17,0,17,1,even,146,,even_char; semisimple,defect_a_even_char,BLUEPRINT A.7.1 even q-grid x n-grid
EV-066,256,2,8,17,0,17,1,even,147,,even_char; semisimple,defect_a_even_char,BLUEPRINT A.7.1 even q-grid x n-grid
EV-066,256,2,8,17,0,17,1,even,148,,even_char; semisimple,defect_a_even_char,BLUEPRINT A.7.1 even q-grid x n-grid
EV-066,256,2,8,17,0,17,1,even,149,,even_char; semisimple,defect_a_even_char,BLUEPRINT A.7.1 even q-grid x n-grid
EV-066,256,2,8,17,0,17,1,even,150,,even_char; semisimple,defect_a_even_char,BLUEPRINT A.7.1 even q-grid x n-grid
EV-066,256,2,8,17,0,17,1,even,151,,even_char; semisimple,defect_a_even_char,BLUEPRINT A.7.1 even q-grid x n-grid
EV-066,256,2,8,17,0,17,1,even,152,,even_char; semisimple,defect_a_even_char,BLUEPRINT A.7.1 even q-grid x n-grid
EV-066,256,2,8,17,0,17,1,even,153,,even_char; semisimple,defect_a_even_char,BLUEPRINT A.7.1 even q-grid x n-grid
EV-066,256,2,8,17,0,17,1,even,154,,even_char; semisimple,defect_a_even_char,BLUEPRINT A.7.1 even q-grid x n-grid
EV-066,256,2,8,17,0,17,1,even,155,,even_char; semisimple,defect_a_even_char,BLUEPRINT A.7.1 even q-grid x n-grid
EV-066,256,2,8,17,0,17,1,even,156,,even_char; semisimple,defect_a_even_char,BLUEPRINT A.7.1 even q-grid x n-grid
EV-066,256,2,8,17,0,17,1,even,157,,even_char; semisimple,defect_a_even_char,BLUEPRINT A.7.1 even q-grid x n-grid
EV-066,256,2,8,17,0,17,1,even,158,,even_char; semisimple,defect_a_even_char,BLUEPRINT A.7.1 even q-grid x n-grid
EV-066,256,2,8,17,0,17,1,even,159,,even_char; semisimple,defect_a_even_char,BLUEPRINT A.7.1 even q-grid x n-grid
EV-066,256,2,8,17,0,17,1,even,160,,even_char; semisimple,defect_a_even_char,BLUEPRINT A.7.1 even q-grid x n-grid
EV-066,256,2,8,17,0,17,1,even,161,,even_char; semisimple,defect_a_even_char,BLUEPRINT A.7.1 even q-grid x n-grid
EV-066,256,2,8,17,0,17,1,even,162,,even_char; semisimple,defect_a_even_char,BLUEPRINT A.7.1 even q-grid x n-grid
EV-066,256,2,8,17,0,17,1,even,163,,even_char; semisimple,defect_a_even_char,BLUEPRINT A.7.1 even q-grid x n-grid
EV-066,256,2,8,17,0,17,1,even,164,,even_char; semisimple,defect_a_even_char,BLUEPRINT A.7.1 even q-grid x n-grid
EV-066,256,2,8,17,0,17,1,even,165,,even_char; semisimple,defect_a_even_char,BLUEPRINT A.7.1 even q-grid x n-grid
EV-066,256,2,8,17,0,17,1,even,166,,even_char; semisimple,defect_a_even_char,BLUEPRINT A.7.1 even q-grid x n-grid
EV-066,256,2,8,17,0,17,1,even,167,,even_char; semisimple,defect_a_even_char,BLUEPRINT A.7.1 even q-grid x n-grid
EV-066,256,2,8,17,0,17,1,even,168,,even_char; semisimple,defect_a_even_char,BLUEPRINT A.7.1 even q-grid x n-grid
EV-066,256,2,8,17,0,17,1,even,169,,even_char; semisimple,defect_a_even_char,BLUEPRINT A.7.1 even q-grid x n-grid
EV-066,256,2,8,17,0,17,1,even,170,,even_char; semisimple,defect_a_even_char,BLUEPRINT A.7.1 even q-grid x n-grid
EV-066,256,2,8,17,0,17,1,even,171,,even_char; semisimple,defect_a_even_char,BLUEPRINT A.7.1 even q-grid x n-grid
EV-066,256,2,8,17,0,17,1,even,172,,even_char; semisimple,defect_a_even_char,BLUEPRINT A.7.1 even q-grid x n-grid
EV-066,256,2,8,17,0,17,1,even,173,,even_char; semisimple,defect_a_even_char,BLUEPRINT A.7.1 even q-grid x n-grid
EV-066,256,2,8,17,0,17,1,even,174,,even_char; semisimple,defect_a_even_char,BLUEPRINT A.7.1 even q-grid x n-grid
EV-066,256,2,8,17,0,17,1,even,175,,even_char; semisimple,defect_a_even_char,BLUEPRINT A.7.1 even q-grid x n-grid
EV-066,256,2,8,17,0,17,1,even,176,,even_char; semisimple,defect_a_even_char,BLUEPRINT A.7.1 even q-grid x n-grid
EV-066,256,2,8,17,0,17,1,even,177,,even_char; semisimple,defect_a_even_char,BLUEPRINT A.7.1 even q-grid x n-grid
EV-066,256,2,8,17,0,17,1,even,178,,even_char; semisimple,defect_a_even_char,BLUEPRINT A.7.1 even q-grid x n-grid
EV-066,256,2,8,17,0,17,1,even,179,,even_char; semisimple,defect_a_even_char,BLUEPRINT A.7.1 even q-grid x n-grid
EV-066,256,2,8,17,0,17,1,even,180,,even_char; semisimple,defect_a_even_char,BLUEPRINT A.7.1 even q-grid x n-grid
EV-066,256,2,8,17,0,17,1,even,181,,even_char; semisimple,defect_a_even_char,BLUEPRINT A.7.1 even q-grid x n-grid
EV-066,256,2,8,17,0,17,1,even,182,,even_char; semisimple,defect_a_even_char,BLUEPRINT A.7.1 even q-grid x n-grid
EV-066,256,2,8,17,0,17,1,even,183,,even_char; semisimple,defect_a_even_char,BLUEPRINT A.7.1 even q-grid x n-grid
EV-066,256,2,8,17,0,17,1,even,184,,even_char; semisimple,defect_a_even_char,BLUEPRINT A.7.1 even q-grid x n-grid
EV-066,256,2,8,17,0,17,1,even,185,,even_char; semisimple,defect_a_even_char,BLUEPRINT A.7.1 even q-grid x n-grid
EV-066,256,2,8,17,0,17,1,even,186,,even_char; semisimple,defect_a_even_char,BLUEPRINT A.7.1 even q-grid x n-grid
EV-066,256,2,8,17,0,17,1,even,187,,even_char; semisimple,defect_a_even_char,BLUEPRINT A.7.1 even q-grid x n-grid
EV-066,256,2,8,17,0,17,1,even,188,,even_char; semisimple,defect_a_even_char,BLUEPRINT A.7.1 even q-grid x n-grid
EV-066,256,2,8,17,0,17,1,even,189,,even_char; semisimple,defect_a_even_char,BLUEPRINT A.7.1 even q-grid x n-grid
EV-066,256,2,8,17,0,17,1,even,190,,even_char; semisimple,defect_a_even_char,BLUEPRINT A.7.1 even q-grid x n-grid
EV-066,256,2,8,17,0,17,1,even,191,,even_char; semisimple,defect_a_even_char,BLUEPRINT A.7.1 even q-grid x n-grid
EV-066,256,2,8,17,0,17,1,even,192,,even_char; semisimple,defect_a_even_char,BLUEPRINT A.7.1 even q-grid x n-grid
EV-066,256,2,8,17,0,17,1,even,193,,even_char; semisimple,defect_a_even_char,BLUEPRINT A.7.1 even q-grid x n-grid
EV-066,256,2,8,17,0,17,1,even,194,,even_char; semisimple,defect_a_even_char,BLUEPRINT A.7.1 even q-grid x n-grid
EV-066,256,2,8,17,0,17,1,even,195,,even_char; semisimple,defect_a_even_char,BLUEPRINT A.7.1 even q-grid x n-grid
EV-066,256,2,8,17,0,17,1,even,196,,even_char; semisimple,defect_a_even_char,BLUEPRINT A.7.1 even q-grid x n-grid
EV-066,256,2,8,17,0,17,1,even,197,,even_char; semisimple,defect_a_even_char,BLUEPRINT A.7.1 even q-grid x n-grid
EV-066,256,2,8,17,0,17,1,even,198,,even_char; semisimple,defect_a_even_char,BLUEPRINT A.7.1 even q-grid x n-grid
EV-066,256,2,8,17,0,17,1,even,199,,even_char; semisimple,defect_a_even_char,BLUEPRINT A.7.1 even q-grid x n-grid
EV-066,256,2,8,17,0,17,1,even,200,,even_char; semisimple,defect_a_even_char,BLUEPRINT A.7.1 even q-grid x n-grid
EV-066,256,2,8,17,0,17,1,even,201,,even_char; semisimple,defect_a_even_char,BLUEPRINT A.7.1 even q-grid x n-grid
EV-066,256,2,8,17,0,17,1,even,202,,even_char; semisimple,defect_a_even_char,BLUEPRINT A.7.1 even q-grid x n-grid
EV-066,256,2,8,17,0,17,1,even,203,,even_char; semisimple,defect_a_even_char,BLUEPRINT A.7.1 even q-grid x n-grid
EV-066,256,2,8,17,0,17,1,even,204,,even_char; semisimple,defect_a_even_char,BLUEPRINT A.7.1 even q-grid x n-grid
EV-066,256,2,8,17,0,17,1,even,205,,even_char; semisimple,defect_a_even_char,BLUEPRINT A.7.1 even q-grid x n-grid
EV-066,256,2,8,17,0,17,1,even,206,,even_char; semisimple,defect_a_even_char,BLUEPRINT A.7.1 even q-grid x n-grid
EV-066,256,2,8,17,0,17,1,even,207,,even_char; semisimple,defect_a_even_char,BLUEPRINT A.7.1 even q-grid x n-grid
EV-066,256,2,8,17,0,17,1,even,208,,even_char; semisimple,defect_a_even_char,BLUEPRINT A.7.1 even q-grid x n-grid
EV-066,256,2,8,17,0,17,1,even,209,,even_char; semisimple,defect_a_even_char,BLUEPRINT A.7.1 even q-grid x n-grid
EV-066,256,2,8,17,0,17,1,even,210,,even_char; semisimple,defect_a_even_char,BLUEPRINT A.7.1 even q-grid x n-grid
EV-066,256,2,8,17,0,17,1,even,211,,even_char; semisimple,defect_a_even_char,BLUEPRINT A.7.1 even q-grid x n-grid
EV-066,256,2,8,17,0,17,1,even,212,,even_char; semisimple,defect_a_even_char,BLUEPRINT A.7.1 even q-grid x n-grid
EV-066,256,2,8,17,0,17,1,even,213,,even_char; semisimple,defect_a_even_char,BLUEPRINT A.7.1 even q-grid x n-grid
EV-066,256,2,8,17,0,17,1,even,214,,even_char; semisimple,defect_a_even_char,BLUEPRINT A.7.1 even q-grid x n-grid
EV-066,256,2,8,17,0,17,1,even,215,,even_char; semisimple,defect_a_even_char,BLUEPRINT A.7.1 even q-grid x n-grid
EV-066,256,2,8,17,0,17,1,even,216,,even_char; semisimple,defect_a_even_char,BLUEPRINT A.7.1 even q-grid x n-grid
EV-066,256,2,8,17,0,17,1,even,217,,even_char; semisimple,defect_a_even_char,BLUEPRINT A.7.1 even q-grid x n-grid
EV-066,256,2,8,17,0,17,1,even,218,,even_char; semisimple,defect_a_even_char,BLUEPRINT A.7.1 even q-grid x n-grid
EV-066,256,2,8,17,0,17,1,even,219,,even_char; semisimple,defect_a_even_char,BLUEPRINT A.7.1 even q-grid x n-grid
EV-066,256,2,8,17,0,17,1,even,220,,even_char; semisimple,defect_a_even_char,BLUEPRINT A.7.1 even q-grid x n-grid
EV-066,256,2,8,17,0,17,1,even,221,,even_char; semisimple,defect_a_even_char,BLUEPRINT A.7.1 even q-grid x n-grid
EV-066,256,2,8,17,0,17,1,even,222,,even_char; semisimple,defect_a_even_char,BLUEPRINT A.7.1 even q-grid x n-grid
EV-066,256,2,8,17,0,17,1,even,223,,even_char; semisimple,defect_a_even_char,BLUEPRINT A.7.1 even q-grid x n-grid
EV-066,256,2,8,17,0,17,1,even,224,,even_char; semisimple,defect_a_even_char,BLUEPRINT A.7.1 even q-grid x n-grid
EV-066,256,2,8,17,0,17,1,even,225,,even_char; semisimple,defect_a_even_char,BLUEPRINT A.7.1 even q-grid x n-grid
EV-066,256,2,8,17,0,17,1,even,226,,even_char; semisimple,defect_a_even_char,BLUEPRINT A.7.1 even q-grid x n-grid
EV-066,256,2,8,17,0,17,1,even,227,,even_char; semisimple,defect_a_even_char,BLUEPRINT A.7.1 even q-grid x n-grid
EV-066,256,2,8,17,0,17,1,even,228,,even_char; semisimple,defect_a_even_char,BLUEPRINT A.7.1 even q-grid x n-grid
EV-066,256,2,8,17,0,17,1,even,229,,even_char; semisimple,defect_a_even_char,BLUEPRINT A.7.1 even q-grid x n-grid
EV-066,256,2,8,17,0,17,1,even,230,,even_char; semisimple,defect_a_even_char,BLUEPRINT A.7.1 even q-grid x n-grid
EV-066,256,2,8,17,0,17,1,even,231,,even_char; semisimple,defect_a_even_char,BLUEPRINT A.7.1 even q-grid x n-grid
EV-066,256,2,8,17,0,17,1,even,232,,even_char; semisimple,defect_a_even_char,BLUEPRINT A.7.1 even q-grid x n-grid
EV-066,256,2,8,17,0,17,1,even,233,,even_char; semisimple,defect_a_even_char,BLUEPRINT A.7.1 even q-grid x n-grid
EV-066,256,2,8,17,0,17,1,even,234,,even_char; semisimple,defect_a_even_char,BLUEPRINT A.7.1 even q-grid x n-grid
EV-066,256,2,8,17,0,17,1,even,235,,even_char; semisimple,defect_a_even_char,BLUEPRINT A.7.1 even q-grid x n-grid
EV-066,256,2,8,17,0,17,1,even,236,,even_char; semisimple,defect_a_even_char,BLUEPRINT A.7.1 even q-grid x n-grid
EV-066,256,2,8,17,0,17,1,even,237,,even_char; semisimple,defect_a_even_char,BLUEPRINT A.7.1 even q-grid x n-grid
EV-066,256,2,8,17,0,17,1,even,238,,even_char; semisimple,defect_a_even_char,BLUEPRINT A.7.1 even q-grid x n-grid
EV-066,256,2,8,17,0,17,1,even,239,,even_char; semisimple,defect_a_even_char,BLUEPRINT A.7.1 even q-grid x n-grid
EV-066,256,2,8,17,0,17,1,even,240,,even_char; semisimple,defect_a_even_char,BLUEPRINT A.7.1 even q-grid x n-grid
EV-066,256,2,8,17,0,17,1,even,241,,even_char; semisimple,defect_a_even_char,BLUEPRINT A.7.1 even q-grid x n-grid
EV-066,256,2,8,17,0,17,1,even,242,,even_char; semisimple,defect_a_even_char,BLUEPRINT A.7.1 even q-grid x n-grid
EV-066,256,2,8,17,0,17,1,even,243,,even_char; semisimple,defect_a_even_char,BLUEPRINT A.7.1 even q-grid x n-grid
EV-066,256,2,8,17,0,17,1,even,244,,even_char; semisimple,defect_a_even_char,BLUEPRINT A.7.1 even q-grid x n-grid
EV-066,256,2,8,17,0,17,1,even,245,,even_char; semisimple,defect_a_even_char,BLUEPRINT A.7.1 even q-grid x n-grid
EV-066,256,2,8,17,0,17,1,even,246,,even_char; semisimple,defect_a_even_char,BLUEPRINT A.7.1 even q-grid x n-grid
EV-066,256,2,8,17,0,17,1,even,247,,even_char; semisimple,defect_a_even_char,BLUEPRINT A.7.1 even q-grid x n-grid
EV-066,256,2,8,17,0,17,1,even,248,,even_char; semisimple,defect_a_even_char,BLUEPRINT A.7.1 even q-grid x n-grid
EV-066,256,2,8,17,0,17,1,even,249,,even_char; semisimple,defect_a_even_char,BLUEPRINT A.7.1 even q-grid x n-grid
EV-066,256,2,8,17,0,17,1,even,250,,even_char; semisimple,defect_a_even_char,BLUEPRINT A.7.1 even q-grid x n-grid
EV-066,256,2,8,17,0,17,1,even,251,,even_char; semisimple,defect_a_even_char,BLUEPRINT A.7.1 even q-grid x n-grid
EV-066,256,2,8,17,0,17,1,even,252,,even_char; semisimple,defect_a_even_char,BLUEPRINT A.7.1 even q-grid x n-grid
EV-066,256,2,8,17,0,17,1,even,253,,even_char; semisimple,defect_a_even_char,BLUEPRINT A.7.1 even q-grid x n-grid
EV-066,256,2,8,17,0,17,1,even,254,,even_char; semisimple,defect_a_even_char,BLUEPRINT A.7.1 even q-grid x n-grid
EV-067,256,2,8,21,0,21,1,even,0,,even_char; semisimple,defect_a_even_char,BLUEPRINT A.7.1 even q-grid x n-grid
EV-067,256,2,8,21,0,21,1,even,1,,even_char; semisimple,defect_a_even_char,BLUEPRINT A.7.1 even q-grid x n-grid
EV-067,256,2,8,21,0,21,1,even,2,,even_char; semisimple,defect_a_even_char,BLUEPRINT A.7.1 even q-grid x n-grid
EV-067,256,2,8,21,0,21,1,even,3,,even_char; semisimple,defect_a_even_char,BLUEPRINT A.7.1 even q-grid x n-grid
EV-067,256,2,8,21,0,21,1,even,4,,even_char; semisimple,defect_a_even_char,BLUEPRINT A.7.1 even q-grid x n-grid
EV-067,256,2,8,21,0,21,1,even,5,,even_char; semisimple,defect_a_even_char,BLUEPRINT A.7.1 even q-grid x n-grid
EV-067,256,2,8,21,0,21,1,even,6,,even_char; semisimple,defect_a_even_char,BLUEPRINT A.7.1 even q-grid x n-grid
EV-067,256,2,8,21,0,21,1,even,7,,even_char; semisimple,defect_a_even_char,BLUEPRINT A.7.1 even q-grid x n-grid
EV-067,256,2,8,21,0,21,1,even,8,,even_char; semisimple,defect_a_even_char,BLUEPRINT A.7.1 even q-grid x n-grid
EV-067,256,2,8,21,0,21,1,even,9,,even_char; semisimple,defect_a_even_char,BLUEPRINT A.7.1 even q-grid x n-grid
EV-067,256,2,8,21,0,21,1,even,10,,even_char; semisimple,defect_a_even_char,BLUEPRINT A.7.1 even q-grid x n-grid
EV-067,256,2,8,21,0,21,1,even,11,,even_char; semisimple,defect_a_even_char,BLUEPRINT A.7.1 even q-grid x n-grid
EV-067,256,2,8,21,0,21,1,even,12,,even_char; semisimple,defect_a_even_char,BLUEPRINT A.7.1 even q-grid x n-grid
EV-067,256,2,8,21,0,21,1,even,13,,even_char; semisimple,defect_a_even_char,BLUEPRINT A.7.1 even q-grid x n-grid
EV-067,256,2,8,21,0,21,1,even,14,,even_char; semisimple,defect_a_even_char,BLUEPRINT A.7.1 even q-grid x n-grid
EV-067,256,2,8,21,0,21,1,even,15,,even_char; semisimple,defect_a_even_char,BLUEPRINT A.7.1 even q-grid x n-grid
EV-067,256,2,8,21,0,21,1,even,16,,even_char; semisimple,defect_a_even_char,BLUEPRINT A.7.1 even q-grid x n-grid
EV-067,256,2,8,21,0,21,1,even,17,,even_char; semisimple,defect_a_even_char,BLUEPRINT A.7.1 even q-grid x n-grid
EV-067,256,2,8,21,0,21,1,even,18,,even_char; semisimple,defect_a_even_char,BLUEPRINT A.7.1 even q-grid x n-grid
EV-067,256,2,8,21,0,21,1,even,19,,even_char; semisimple,defect_a_even_char,BLUEPRINT A.7.1 even q-grid x n-grid
EV-067,256,2,8,21,0,21,1,even,20,,even_char; semisimple,defect_a_even_char,BLUEPRINT A.7.1 even q-grid x n-grid
EV-067,256,2,8,21,0,21,1,even,21,,even_char; semisimple,defect_a_even_char,BLUEPRINT A.7.1 even q-grid x n-grid
EV-067,256,2,8,21,0,21,1,even,22,,even_char; semisimple,defect_a_even_char,BLUEPRINT A.7.1 even q-grid x n-grid
EV-067,256,2,8,21,0,21,1,even,23,,even_char; semisimple,defect_a_even_char,BLUEPRINT A.7.1 even q-grid x n-grid
EV-067,256,2,8,21,0,21,1,even,24,,even_char; semisimple,defect_a_even_char,BLUEPRINT A.7.1 even q-grid x n-grid
EV-067,256,2,8,21,0,21,1,even,25,,even_char; semisimple,defect_a_even_char,BLUEPRINT A.7.1 even q-grid x n-grid
EV-067,256,2,8,21,0,21,1,even,26,,even_char; semisimple,defect_a_even_char,BLUEPRINT A.7.1 even q-grid x n-grid
EV-067,256,2,8,21,0,21,1,even,27,,even_char; semisimple,defect_a_even_char,BLUEPRINT A.7.1 even q-grid x n-grid
EV-067,256,2,8,21,0,21,1,even,28,,even_char; semisimple,defect_a_even_char,BLUEPRINT A.7.1 even q-grid x n-grid
EV-067,256,2,8,21,0,21,1,even,29,,even_char; semisimple,defect_a_even_char,BLUEPRINT A.7.1 even q-grid x n-grid
EV-067,256,2,8,21,0,21,1,even,30,,even_char; semisimple,defect_a_even_char,BLUEPRINT A.7.1 even q-grid x n-grid
EV-067,256,2,8,21,0,21,1,even,31,,even_char; semisimple,defect_a_even_char,BLUEPRINT A.7.1 even q-grid x n-grid
EV-067,256,2,8,21,0,21,1,even,32,,even_char; semisimple,defect_a_even_char,BLUEPRINT A.7.1 even q-grid x n-grid
EV-067,256,2,8,21,0,21,1,even,33,,even_char; semisimple,defect_a_even_char,BLUEPRINT A.7.1 even q-grid x n-grid
EV-067,256,2,8,21,0,21,1,even,34,,even_char; semisimple,defect_a_even_char,BLUEPRINT A.7.1 even q-grid x n-grid
EV-067,256,2,8,21,0,21,1,even,35,,even_char; semisimple,defect_a_even_char,BLUEPRINT A.7.1 even q-grid x n-grid
EV-067,256,2,8,21,0,21,1,even,36,,even_char; semisimple,defect_a_even_char,BLUEPRINT A.7.1 even q-grid x n-grid
EV-067,256,2,8,21,0,21,1,even,37,,even_char; semisimple,defect_a_even_char,BLUEPRINT A.7.1 even q-grid x n-grid
EV-067,256,2,8,21,0,21,1,even,38,,even_char; semisimple,defect_a_even_char,BLUEPRINT A.7.1 even q-grid x n-grid
EV-067,256,2,8,21,0,21,1,even,39,,even_char; semisimple,defect_a_even_char,BLUEPRINT A.7.1 even q-grid x n-grid
EV-067,256,2,8,21,0,21,1,even,40,,even_char; semisimple,defect_a_even_char,BLUEPRINT A.7.1 even q-grid x n-grid
EV-067,256,2,8,21,0,21,1,even,41,,even_char; semisimple,defect_a_even_char,BLUEPRINT A.7.1 even q-grid x n-grid
EV-067,256,2,8,21,0,21,1,even,42,,even_char; semisimple,defect_a_even_char,BLUEPRINT A.7.1 even q-grid x n-grid
EV-067,256,2,8,21,0,21,1,even,43,,even_char; semisimple,defect_a_even_char,BLUEPRINT A.7.1 even q-grid x n-grid
EV-067,256,2,8,21,0,21,1,even,44,,even_char; semisimple,defect_a_even_char,BLUEPRINT A.7.1 even q-grid x n-grid
EV-067,256,2,8,21,0,21,1,even,45,,even_char; semisimple,defect_a_even_char,BLUEPRINT A.7.1 even q-grid x n-grid
EV-067,256,2,8,21,0,21,1,even,46,,even_char; semisimple,defect_a_even_char,BLUEPRINT A.7.1 even q-grid x n-grid
EV-067,256,2,8,21,0,21,1,even,47,,even_char; semisimple,defect_a_even_char,BLUEPRINT A.7.1 even q-grid x n-grid
EV-067,256,2,8,21,0,21,1,even,48,,even_char; semisimple,defect_a_even_char,BLUEPRINT A.7.1 even q-grid x n-grid
EV-067,256,2,8,21,0,21,1,even,49,,even_char; semisimple,defect_a_even_char,BLUEPRINT A.7.1 even q-grid x n-grid
EV-067,256,2,8,21,0,21,1,even,50,,even_char; semisimple,defect_a_even_char,BLUEPRINT A.7.1 even q-grid x n-grid
EV-067,256,2,8,21,0,21,1,even,51,,even_char; semisimple,defect_a_even_char,BLUEPRINT A.7.1 even q-grid x n-grid
EV-067,256,2,8,21,0,21,1,even,52,,even_char; semisimple,defect_a_even_char,BLUEPRINT A.7.1 even q-grid x n-grid
EV-067,256,2,8,21,0,21,1,even,53,,even_char; semisimple,defect_a_even_char,BLUEPRINT A.7.1 even q-grid x n-grid
EV-067,256,2,8,21,0,21,1,even,54,,even_char; semisimple,defect_a_even_char,BLUEPRINT A.7.1 even q-grid x n-grid
EV-067,256,2,8,21,0,21,1,even,55,,even_char; semisimple,defect_a_even_char,BLUEPRINT A.7.1 even q-grid x n-grid
EV-067,256,2,8,21,0,21,1,even,56,,even_char; semisimple,defect_a_even_char,BLUEPRINT A.7.1 even q-grid x n-grid
EV-067,256,2,8,21,0,21,1,even,57,,even_char; semisimple,defect_a_even_char,BLUEPRINT A.7.1 even q-grid x n-grid
EV-067,256,2,8,21,0,21,1,even,58,,even_char; semisimple,defect_a_even_char,BLUEPRINT A.7.1 even q-grid x n-grid
EV-067,256,2,8,21,0,21,1,even,59,,even_char; semisimple,defect_a_even_char,BLUEPRINT A.7.1 even q-grid x n-grid
EV-067,256,2,8,21,0,21,1,even,60,,even_char; semisimple,defect_a_even_char,BLUEPRINT A.7.1 even q-grid x n-grid
EV-067,256,2,8,21,0,21,1,even,61,,even_char; semisimple,defect_a_even_char,BLUEPRINT A.7.1 even q-grid x n-grid
EV-067,256,2,8,21,0,21,1,even,62,,even_char; semisimple,defect_a_even_char,BLUEPRINT A.7.1 even q-grid x n-grid
EV-067,256,2,8,21,0,21,1,even,63,,even_char; semisimple,defect_a_even_char,BLUEPRINT A.7.1 even q-grid x n-grid
EV-067,256,2,8,21,0,21,1,even,64,,even_char; semisimple,defect_a_even_char,BLUEPRINT A.7.1 even q-grid x n-grid
EV-067,256,2,8,21,0,21,1,even,65,,even_char; semisimple,defect_a_even_char,BLUEPRINT A.7.1 even q-grid x n-grid
EV-067,256,2,8,21,0,21,1,even,66,,even_char; semisimple,defect_a_even_char,BLUEPRINT A.7.1 even q-grid x n-grid
EV-067,256,2,8,21,0,21,1,even,67,,even_char; semisimple,defect_a_even_char,BLUEPRINT A.7.1 even q-grid x n-grid
EV-067,256,2,8,21,0,21,1,even,68,,even_char; semisimple,defect_a_even_char,BLUEPRINT A.7.1 even q-grid x n-grid
EV-067,256,2,8,21,0,21,1,even,69,,even_char; semisimple,defect_a_even_char,BLUEPRINT A.7.1 even q-grid x n-grid
EV-067,256,2,8,21,0,21,1,even,70,,even_char; semisimple,defect_a_even_char,BLUEPRINT A.7.1 even q-grid x n-grid
EV-067,256,2,8,21,0,21,1,even,71,,even_char; semisimple,defect_a_even_char,BLUEPRINT A.7.1 even q-grid x n-grid
EV-067,256,2,8,21,0,21,1,even,72,,even_char; semisimple,defect_a_even_char,BLUEPRINT A.7.1 even q-grid x n-grid
EV-067,256,2,8,21,0,21,1,even,73,,even_char; semisimple,defect_a_even_char,BLUEPRINT A.7.1 even q-grid x n-grid
EV-067,256,2,8,21,0,21,1,even,74,,even_char; semisimple,defect_a_even_char,BLUEPRINT A.7.1 even q-grid x n-grid
EV-067,256,2,8,21,0,21,1,even,75,,even_char; semisimple,defect_a_even_char,BLUEPRINT A.7.1 even q-grid x n-grid
EV-067,256,2,8,21,0,21,1,even,76,,even_char; semisimple,defect_a_even_char,BLUEPRINT A.7.1 even q-grid x n-grid
EV-067,256,2,8,21,0,21,1,even,77,,even_char; semisimple,defect_a_even_char,BLUEPRINT A.7.1 even q-grid x n-grid
EV-067,256,2,8,21,0,21,1,even,78,,even_char; semisimple,defect_a_even_char,BLUEPRINT A.7.1 even q-grid x n-grid
EV-067,256,2,8,21,0,21,1,even,79,,even_char; semisimple,defect_a_even_char,BLUEPRINT A.7.1 even q-grid x n-grid
EV-067,256,2,8,21,0,21,1,even,80,,even_char; semisimple,defect_a_even_char,BLUEPRINT A.7.1 even q-grid x n-grid
EV-067,256,2,8,21,0,21,1,even,81,,even_char; semisimple,defect_a_even_char,BLUEPRINT A.7.1 even q-grid x n-grid
EV-067,256,2,8,21,0,21,1,even,82,,even_char; semisimple,defect_a_even_char,BLUEPRINT A.7.1 even q-grid x n-grid
EV-067,256,2,8,21,0,21,1,even,83,,even_char; semisimple,defect_a_even_char,BLUEPRINT A.7.1 even q-grid x n-grid
EV-067,256,2,8,21,0,21,1,even,84,,even_char; semisimple,defect_a_even_char,BLUEPRINT A.7.1 even q-grid x n-grid
EV-067,256,2,8,21,0,21,1,even,85,,even_char; semisimple,defect_a_even_char,BLUEPRINT A.7.1 even q-grid x n-grid
EV-067,256,2,8,21,0,21,1,even,86,,even_char; semisimple,defect_a_even_char,BLUEPRINT A.7.1 even q-grid x n-grid
EV-067,256,2,8,21,0,21,1,even,87,,even_char; semisimple,defect_a_even_char,BLUEPRINT A.7.1 even q-grid x n-grid
EV-067,256,2,8,21,0,21,1,even,88,,even_char; semisimple,defect_a_even_char,BLUEPRINT A.7.1 even q-grid x n-grid
EV-067,256,2,8,21,0,21,1,even,89,,even_char; semisimple,defect_a_even_char,BLUEPRINT A.7.1 even q-grid x n-grid
EV-067,256,2,8,21,0,21,1,even,90,,even_char; semisimple,defect_a_even_char,BLUEPRINT A.7.1 even q-grid x n-grid
EV-067,256,2,8,21,0,21,1,even,91,,even_char; semisimple,defect_a_even_char,BLUEPRINT A.7.1 even q-grid x n-grid
EV-067,256,2,8,21,0,21,1,even,92,,even_char; semisimple,defect_a_even_char,BLUEPRINT A.7.1 even q-grid x n-grid
EV-067,256,2,8,21,0,21,1,even,93,,even_char; semisimple,defect_a_even_char,BLUEPRINT A.7.1 even q-grid x n-grid
EV-067,256,2,8,21,0,21,1,even,94,,even_char; semisimple,defect_a_even_char,BLUEPRINT A.7.1 even q-grid x n-grid
EV-067,256,2,8,21,0,21,1,even,95,,even_char; semisimple,defect_a_even_char,BLUEPRINT A.7.1 even q-grid x n-grid
EV-067,256,2,8,21,0,21,1,even,96,,even_char; semisimple,defect_a_even_char,BLUEPRINT A.7.1 even q-grid x n-grid
EV-067,256,2,8,21,0,21,1,even,97,,even_char; semisimple,defect_a_even_char,BLUEPRINT A.7.1 even q-grid x n-grid
EV-067,256,2,8,21,0,21,1,even,98,,even_char; semisimple,defect_a_even_char,BLUEPRINT A.7.1 even q-grid x n-grid
EV-067,256,2,8,21,0,21,1,even,99,,even_char; semisimple,defect_a_even_char,BLUEPRINT A.7.1 even q-grid x n-grid
EV-067,256,2,8,21,0,21,1,even,100,,even_char; semisimple,defect_a_even_char,BLUEPRINT A.7.1 even q-grid x n-grid
EV-067,256,2,8,21,0,21,1,even,101,,even_char; semisimple,defect_a_even_char,BLUEPRINT A.7.1 even q-grid x n-grid
EV-067,256,2,8,21,0,21,1,even,102,,even_char; semisimple,defect_a_even_char,BLUEPRINT A.7.1 even q-grid x n-grid
EV-067,256,2,8,21,0,21,1,even,103,,even_char; semisimple,defect_a_even_char,BLUEPRINT A.7.1 even q-grid x n-grid
EV-067,256,2,8,21,0,21,1,even,104,,even_char; semisimple,defect_a_even_char,BLUEPRINT A.7.1 even q-grid x n-grid
EV-067,256,2,8,21,0,21,1,even,105,,even_char; semisimple,defect_a_even_char,BLUEPRINT A.7.1 even q-grid x n-grid
EV-067,256,2,8,21,0,21,1,even,106,,even_char; semisimple,defect_a_even_char,BLUEPRINT A.7.1 even q-grid x n-grid
EV-067,256,2,8,21,0,21,1,even,107,,even_char; semisimple,defect_a_even_char,BLUEPRINT A.7.1 even q-grid x n-grid
EV-067,256,2,8,21,0,21,1,even,108,,even_char; semisimple,defect_a_even_char,BLUEPRINT A.7.1 even q-grid x n-grid
EV-067,256,2,8,21,0,21,1,even,109,,even_char; semisimple,defect_a_even_char,BLUEPRINT A.7.1 even q-grid x n-grid
EV-067,256,2,8,21,0,21,1,even,110,,even_char; semisimple,defect_a_even_char,BLUEPRINT A.7.1 even q-grid x n-grid
EV-067,256,2,8,21,0,21,1,even,111,,even_char; semisimple,defect_a_even_char,BLUEPRINT A.7.1 even q-grid x n-grid
EV-067,256,2,8,21,0,21,1,even,112,,even_char; semisimple,defect_a_even_char,BLUEPRINT A.7.1 even q-grid x n-grid
EV-067,256,2,8,21,0,21,1,even,113,,even_char; semisimple,defect_a_even_char,BLUEPRINT A.7.1 even q-grid x n-grid
EV-067,256,2,8,21,0,21,1,even,114,,even_char; semisimple,defect_a_even_char,BLUEPRINT A.7.1 even q-grid x n-grid
EV-067,256,2,8,21,0,21,1,even,115,,even_char; semisimple,defect_a_even_char,BLUEPRINT A.7.1 even q-grid x n-grid
EV-067,256,2,8,21,0,21,1,even,116,,even_char; semisimple,defect_a_even_char,BLUEPRINT A.7.1 even q-grid x n-grid
EV-067,256,2,8,21,0,21,1,even,117,,even_char; semisimple,defect_a_even_char,BLUEPRINT A.7.1 even q-grid x n-grid
EV-067,256,2,8,21,0,21,1,even,118,,even_char; semisimple,defect_a_even_char,BLUEPRINT A.7.1 even q-grid x n-grid
EV-067,256,2,8,21,0,21,1,even,119,,even_char; semisimple,defect_a_even_char,BLUEPRINT A.7.1 even q-grid x n-grid
EV-067,256,2,8,21,0,21,1,even,120,,even_char; semisimple,defect_a_even_char,BLUEPRINT A.7.1 even q-grid x n-grid
EV-067,256,2,8,21,0,21,1,even,121,,even_char; semisimple,defect_a_even_char,BLUEPRINT A.7.1 even q-grid x n-grid
EV-067,256,2,8,21,0,21,1,even,122,,even_char; semisimple,defect_a_even_char,BLUEPRINT A.7.1 even q-grid x n-grid
EV-067,256,2,8,21,0,21,1,even,123,,even_char; semisimple,defect_a_even_char,BLUEPRINT A.7.1 even q-grid x n-grid
EV-067,256,2,8,21,0,21,1,even,124,,even_char; semisimple,defect_a_even_char,BLUEPRINT A.7.1 even q-grid x n-grid
EV-067,256,2,8,21,0,21,1,even,125,,even_char; semisimple,defect_a_even_char,BLUEPRINT A.7.1 even q-grid x n-grid
EV-067,256,2,8,21,0,21,1,even,126,,even_char; semisimple,defect_a_even_char,BLUEPRINT A.7.1 even q-grid x n-grid
EV-067,256,2,8,21,0,21,1,even,127,,even_char; semisimple,defect_a_even_char,BLUEPRINT A.7.1 even q-grid x n-grid
EV-067,256,2,8,21,0,21,1,even,128,,even_char; semisimple,defect_a_even_char,BLUEPRINT A.7.1 even q-grid x n-grid
EV-067,256,2,8,21,0,21,1,even,129,,even_char; semisimple,defect_a_even_char,BLUEPRINT A.7.1 even q-grid x n-grid
EV-067,256,2,8,21,0,21,1,even,130,,even_char; semisimple,defect_a_even_char,BLUEPRINT A.7.1 even q-grid x n-grid
EV-067,256,2,8,21,0,21,1,even,131,,even_char; semisimple,defect_a_even_char,BLUEPRINT A.7.1 even q-grid x n-grid
EV-067,256,2,8,21,0,21,1,even,132,,even_char; semisimple,defect_a_even_char,BLUEPRINT A.7.1 even q-grid x n-grid
EV-067,256,2,8,21,0,21,1,even,133,,even_char; semisimple,defect_a_even_char,BLUEPRINT A.7.1 even q-grid x n-grid
EV-067,256,2,8,21,0,21,1,even,134,,even_char; semisimple,defect_a_even_char,BLUEPRINT A.7.1 even q-grid x n-grid
EV-067,256,2,8,21,0,21,1,even,135,,even_char; semisimple,defect_a_even_char,BLUEPRINT A.7.1 even q-grid x n-grid
EV-067,256,2,8,21,0,21,1,even,136,,even_char; semisimple,defect_a_even_char,BLUEPRINT A.7.1 even q-grid x n-grid
EV-067,256,2,8,21,0,21,1,even,137,,even_char; semisimple,defect_a_even_char,BLUEPRINT A.7.1 even q-grid x n-grid
EV-067,256,2,8,21,0,21,1,even,138,,even_char; semisimple,defect_a_even_char,BLUEPRINT A.7.1 even q-grid x n-grid
EV-067,256,2,8,21,0,21,1,even,139,,even_char; semisimple,defect_a_even_char,BLUEPRINT A.7.1 even q-grid x n-grid
EV-067,256,2,8,21,0,21,1,even,140,,even_char; semisimple,defect_a_even_char,BLUEPRINT A.7.1 even q-grid x n-grid
EV-067,256,2,8,21,0,21,1,even,141,,even_char; semisimple,defect_a_even_char,BLUEPRINT A.7.1 even q-grid x n-grid
EV-067,256,2,8,21,0,21,1,even,142,,even_char; semisimple,defect_a_even_char,BLUEPRINT A.7.1 even q-grid x n-grid
EV-067,256,2,8,21,0,21,1,even,143,,even_char; semisimple,defect_a_even_char,BLUEPRINT A.7.1 even q-grid x n-grid
EV-067,256,2,8,21,0,21,1,even,144,,even_char; semisimple,defect_a_even_char,BLUEPRINT A.7.1 even q-grid x n-grid
EV-067,256,2,8,21,0,21,1,even,145,,even_char; semisimple,defect_a_even_char,BLUEPRINT A.7.1 even q-grid x n-grid
EV-067,256,2,8,21,0,21,1,even,146,,even_char; semisimple,defect_a_even_char,BLUEPRINT A.7.1 even q-grid x n-grid
EV-067,256,2,8,21,0,21,1,even,147,,even_char; semisimple,defect_a_even_char,BLUEPRINT A.7.1 even q-grid x n-grid
EV-067,256,2,8,21,0,21,1,even,148,,even_char; semisimple,defect_a_even_char,BLUEPRINT A.7.1 even q-grid x n-grid
EV-067,256,2,8,21,0,21,1,even,149,,even_char; semisimple,defect_a_even_char,BLUEPRINT A.7.1 even q-grid x n-grid
EV-067,256,2,8,21,0,21,1,even,150,,even_char; semisimple,defect_a_even_char,BLUEPRINT A.7.1 even q-grid x n-grid
EV-067,256,2,8,21,0,21,1,even,151,,even_char; semisimple,defect_a_even_char,BLUEPRINT A.7.1 even q-grid x n-grid
EV-067,256,2,8,21,0,21,1,even,152,,even_char; semisimple,defect_a_even_char,BLUEPRINT A.7.1 even q-grid x n-grid
EV-067,256,2,8,21,0,21,1,even,153,,even_char; semisimple,defect_a_even_char,BLUEPRINT A.7.1 even q-grid x n-grid
EV-067,256,2,8,21,0,21,1,even,154,,even_char; semisimple,defect_a_even_char,BLUEPRINT A.7.1 even q-grid x n-grid
EV-067,256,2,8,21,0,21,1,even,155,,even_char; semisimple,defect_a_even_char,BLUEPRINT A.7.1 even q-grid x n-grid
EV-067,256,2,8,21,0,21,1,even,156,,even_char; semisimple,defect_a_even_char,BLUEPRINT A.7.1 even q-grid x n-grid
EV-067,256,2,8,21,0,21,1,even,157,,even_char; semisimple,defect_a_even_char,BLUEPRINT A.7.1 even q-grid x n-grid
EV-067,256,2,8,21,0,21,1,even,158,,even_char; semisimple,defect_a_even_char,BLUEPRINT A.7.1 even q-grid x n-grid
EV-067,256,2,8,21,0,21,1,even,159,,even_char; semisimple,defect_a_even_char,BLUEPRINT A.7.1 even q-grid x n-grid
EV-067,256,2,8,21,0,21,1,even,160,,even_char; semisimple,defect_a_even_char,BLUEPRINT A.7.1 even q-grid x n-grid
EV-067,256,2,8,21,0,21,1,even,161,,even_char; semisimple,defect_a_even_char,BLUEPRINT A.7.1 even q-grid x n-grid
EV-067,256,2,8,21,0,21,1,even,162,,even_char; semisimple,defect_a_even_char,BLUEPRINT A.7.1 even q-grid x n-grid
EV-067,256,2,8,21,0,21,1,even,163,,even_char; semisimple,defect_a_even_char,BLUEPRINT A.7.1 even q-grid x n-grid
EV-067,256,2,8,21,0,21,1,even,164,,even_char; semisimple,defect_a_even_char,BLUEPRINT A.7.1 even q-grid x n-grid
EV-067,256,2,8,21,0,21,1,even,165,,even_char; semisimple,defect_a_even_char,BLUEPRINT A.7.1 even q-grid x n-grid
EV-067,256,2,8,21,0,21,1,even,166,,even_char; semisimple,defect_a_even_char,BLUEPRINT A.7.1 even q-grid x n-grid
EV-067,256,2,8,21,0,21,1,even,167,,even_char; semisimple,defect_a_even_char,BLUEPRINT A.7.1 even q-grid x n-grid
EV-067,256,2,8,21,0,21,1,even,168,,even_char; semisimple,defect_a_even_char,BLUEPRINT A.7.1 even q-grid x n-grid
EV-067,256,2,8,21,0,21,1,even,169,,even_char; semisimple,defect_a_even_char,BLUEPRINT A.7.1 even q-grid x n-grid
EV-067,256,2,8,21,0,21,1,even,170,,even_char; semisimple,defect_a_even_char,BLUEPRINT A.7.1 even q-grid x n-grid
EV-067,256,2,8,21,0,21,1,even,171,,even_char; semisimple,defect_a_even_char,BLUEPRINT A.7.1 even q-grid x n-grid
EV-067,256,2,8,21,0,21,1,even,172,,even_char; semisimple,defect_a_even_char,BLUEPRINT A.7.1 even q-grid x n-grid
EV-067,256,2,8,21,0,21,1,even,173,,even_char; semisimple,defect_a_even_char,BLUEPRINT A.7.1 even q-grid x n-grid
EV-067,256,2,8,21,0,21,1,even,174,,even_char; semisimple,defect_a_even_char,BLUEPRINT A.7.1 even q-grid x n-grid
EV-067,256,2,8,21,0,21,1,even,175,,even_char; semisimple,defect_a_even_char,BLUEPRINT A.7.1 even q-grid x n-grid
EV-067,256,2,8,21,0,21,1,even,176,,even_char; semisimple,defect_a_even_char,BLUEPRINT A.7.1 even q-grid x n-grid
EV-067,256,2,8,21,0,21,1,even,177,,even_char; semisimple,defect_a_even_char,BLUEPRINT A.7.1 even q-grid x n-grid
EV-067,256,2,8,21,0,21,1,even,178,,even_char; semisimple,defect_a_even_char,BLUEPRINT A.7.1 even q-grid x n-grid
EV-067,256,2,8,21,0,21,1,even,179,,even_char; semisimple,defect_a_even_char,BLUEPRINT A.7.1 even q-grid x n-grid
EV-067,256,2,8,21,0,21,1,even,180,,even_char; semisimple,defect_a_even_char,BLUEPRINT A.7.1 even q-grid x n-grid
EV-067,256,2,8,21,0,21,1,even,181,,even_char; semisimple,defect_a_even_char,BLUEPRINT A.7.1 even q-grid x n-grid
EV-067,256,2,8,21,0,21,1,even,182,,even_char; semisimple,defect_a_even_char,BLUEPRINT A.7.1 even q-grid x n-grid
EV-067,256,2,8,21,0,21,1,even,183,,even_char; semisimple,defect_a_even_char,BLUEPRINT A.7.1 even q-grid x n-grid
EV-067,256,2,8,21,0,21,1,even,184,,even_char; semisimple,defect_a_even_char,BLUEPRINT A.7.1 even q-grid x n-grid
EV-067,256,2,8,21,0,21,1,even,185,,even_char; semisimple,defect_a_even_char,BLUEPRINT A.7.1 even q-grid x n-grid
EV-067,256,2,8,21,0,21,1,even,186,,even_char; semisimple,defect_a_even_char,BLUEPRINT A.7.1 even q-grid x n-grid
EV-067,256,2,8,21,0,21,1,even,187,,even_char; semisimple,defect_a_even_char,BLUEPRINT A.7.1 even q-grid x n-grid
EV-067,256,2,8,21,0,21,1,even,188,,even_char; semisimple,defect_a_even_char,BLUEPRINT A.7.1 even q-grid x n-grid
EV-067,256,2,8,21,0,21,1,even,189,,even_char; semisimple,defect_a_even_char,BLUEPRINT A.7.1 even q-grid x n-grid
EV-067,256,2,8,21,0,21,1,even,190,,even_char; semisimple,defect_a_even_char,BLUEPRINT A.7.1 even q-grid x n-grid
EV-067,256,2,8,21,0,21,1,even,191,,even_char; semisimple,defect_a_even_char,BLUEPRINT A.7.1 even q-grid x n-grid
EV-067,256,2,8,21,0,21,1,even,192,,even_char; semisimple,defect_a_even_char,BLUEPRINT A.7.1 even q-grid x n-grid
EV-067,256,2,8,21,0,21,1,even,193,,even_char; semisimple,defect_a_even_char,BLUEPRINT A.7.1 even q-grid x n-grid
EV-067,256,2,8,21,0,21,1,even,194,,even_char; semisimple,defect_a_even_char,BLUEPRINT A.7.1 even q-grid x n-grid
EV-067,256,2,8,21,0,21,1,even,195,,even_char; semisimple,defect_a_even_char,BLUEPRINT A.7.1 even q-grid x n-grid
EV-067,256,2,8,21,0,21,1,even,196,,even_char; semisimple,defect_a_even_char,BLUEPRINT A.7.1 even q-grid x n-grid
EV-067,256,2,8,21,0,21,1,even,197,,even_char; semisimple,defect_a_even_char,BLUEPRINT A.7.1 even q-grid x n-grid
EV-067,256,2,8,21,0,21,1,even,198,,even_char; semisimple,defect_a_even_char,BLUEPRINT A.7.1 even q-grid x n-grid
EV-067,256,2,8,21,0,21,1,even,199,,even_char; semisimple,defect_a_even_char,BLUEPRINT A.7.1 even q-grid x n-grid
EV-067,256,2,8,21,0,21,1,even,200,,even_char; semisimple,defect_a_even_char,BLUEPRINT A.7.1 even q-grid x n-grid
EV-067,256,2,8,21,0,21,1,even,201,,even_char; semisimple,defect_a_even_char,BLUEPRINT A.7.1 even q-grid x n-grid
EV-067,256,2,8,21,0,21,1,even,202,,even_char; semisimple,defect_a_even_char,BLUEPRINT A.7.1 even q-grid x n-grid
EV-067,256,2,8,21,0,21,1,even,203,,even_char; semisimple,defect_a_even_char,BLUEPRINT A.7.1 even q-grid x n-grid
EV-067,256,2,8,21,0,21,1,even,204,,even_char; semisimple,defect_a_even_char,BLUEPRINT A.7.1 even q-grid x n-grid
EV-067,256,2,8,21,0,21,1,even,205,,even_char; semisimple,defect_a_even_char,BLUEPRINT A.7.1 even q-grid x n-grid
EV-067,256,2,8,21,0,21,1,even,206,,even_char; semisimple,defect_a_even_char,BLUEPRINT A.7.1 even q-grid x n-grid
EV-067,256,2,8,21,0,21,1,even,207,,even_char; semisimple,defect_a_even_char,BLUEPRINT A.7.1 even q-grid x n-grid
EV-067,256,2,8,21,0,21,1,even,208,,even_char; semisimple,defect_a_even_char,BLUEPRINT A.7.1 even q-grid x n-grid
EV-067,256,2,8,21,0,21,1,even,209,,even_char; semisimple,defect_a_even_char,BLUEPRINT A.7.1 even q-grid x n-grid
EV-067,256,2,8,21,0,21,1,even,210,,even_char; semisimple,defect_a_even_char,BLUEPRINT A.7.1 even q-grid x n-grid
EV-067,256,2,8,21,0,21,1,even,211,,even_char; semisimple,defect_a_even_char,BLUEPRINT A.7.1 even q-grid x n-grid
EV-067,256,2,8,21,0,21,1,even,212,,even_char; semisimple,defect_a_even_char,BLUEPRINT A.7.1 even q-grid x n-grid
EV-067,256,2,8,21,0,21,1,even,213,,even_char; semisimple,defect_a_even_char,BLUEPRINT A.7.1 even q-grid x n-grid
EV-067,256,2,8,21,0,21,1,even,214,,even_char; semisimple,defect_a_even_char,BLUEPRINT A.7.1 even q-grid x n-grid
EV-067,256,2,8,21,0,21,1,even,215,,even_char; semisimple,defect_a_even_char,BLUEPRINT A.7.1 even q-grid x n-grid
EV-067,256,2,8,21,0,21,1,even,216,,even_char; semisimple,defect_a_even_char,BLUEPRINT A.7.1 even q-grid x n-grid
EV-067,256,2,8,21,0,21,1,even,217,,even_char; semisimple,defect_a_even_char,BLUEPRINT A.7.1 even q-grid x n-grid
EV-067,256,2,8,21,0,21,1,even,218,,even_char; semisimple,defect_a_even_char,BLUEPRINT A.7.1 even q-grid x n-grid
EV-067,256,2,8,21,0,21,1,even,219,,even_char; semisimple,defect_a_even_char,BLUEPRINT A.7.1 even q-grid x n-grid
EV-067,256,2,8,21,0,21,1,even,220,,even_char; semisimple,defect_a_even_char,BLUEPRINT A.7.1 even q-grid x n-grid
EV-067,256,2,8,21,0,21,1,even,221,,even_char; semisimple,defect_a_even_char,BLUEPRINT A.7.1 even q-grid x n-grid
EV-067,256,2,8,21,0,21,1,even,222,,even_char; semisimple,defect_a_even_char,BLUEPRINT A.7.1 even q-grid x n-grid
EV-067,256,2,8,21,0,21,1,even,223,,even_char; semisimple,defect_a_even_char,BLUEPRINT A.7.1 even q-grid x n-grid
EV-067,256,2,8,21,0,21,1,even,224,,even_char; semisimple,defect_a_even_char,BLUEPRINT A.7.1 even q-grid x n-grid
EV-067,256,2,8,21,0,21,1,even,225,,even_char; semisimple,defect_a_even_char,BLUEPRINT A.7.1 even q-grid x n-grid
EV-067,256,2,8,21,0,21,1,even,226,,even_char; semisimple,defect_a_even_char,BLUEPRINT A.7.1 even q-grid x n-grid
EV-067,256,2,8,21,0,21,1,even,227,,even_char; semisimple,defect_a_even_char,BLUEPRINT A.7.1 even q-grid x n-grid
EV-067,256,2,8,21,0,21,1,even,228,,even_char; semisimple,defect_a_even_char,BLUEPRINT A.7.1 even q-grid x n-grid
EV-067,256,2,8,21,0,21,1,even,229,,even_char; semisimple,defect_a_even_char,BLUEPRINT A.7.1 even q-grid x n-grid
EV-067,256,2,8,21,0,21,1,even,230,,even_char; semisimple,defect_a_even_char,BLUEPRINT A.7.1 even q-grid x n-grid
EV-067,256,2,8,21,0,21,1,even,231,,even_char; semisimple,defect_a_even_char,BLUEPRINT A.7.1 even q-grid x n-grid
EV-067,256,2,8,21,0,21,1,even,232,,even_char; semisimple,defect_a_even_char,BLUEPRINT A.7.1 even q-grid x n-grid
EV-067,256,2,8,21,0,21,1,even,233,,even_char; semisimple,defect_a_even_char,BLUEPRINT A.7.1 even q-grid x n-grid
EV-067,256,2,8,21,0,21,1,even,234,,even_char; semisimple,defect_a_even_char,BLUEPRINT A.7.1 even q-grid x n-grid
EV-067,256,2,8,21,0,21,1,even,235,,even_char; semisimple,defect_a_even_char,BLUEPRINT A.7.1 even q-grid x n-grid
EV-067,256,2,8,21,0,21,1,even,236,,even_char; semisimple,defect_a_even_char,BLUEPRINT A.7.1 even q-grid x n-grid
EV-067,256,2,8,21,0,21,1,even,237,,even_char; semisimple,defect_a_even_char,BLUEPRINT A.7.1 even q-grid x n-grid
EV-067,256,2,8,21,0,21,1,even,238,,even_char; semisimple,defect_a_even_char,BLUEPRINT A.7.1 even q-grid x n-grid
EV-067,256,2,8,21,0,21,1,even,239,,even_char; semisimple,defect_a_even_char,BLUEPRINT A.7.1 even q-grid x n-grid
EV-067,256,2,8,21,0,21,1,even,240,,even_char; semisimple,defect_a_even_char,BLUEPRINT A.7.1 even q-grid x n-grid
EV-067,256,2,8,21,0,21,1,even,241,,even_char; semisimple,defect_a_even_char,BLUEPRINT A.7.1 even q-grid x n-grid
EV-067,256,2,8,21,0,21,1,even,242,,even_char; semisimple,defect_a_even_char,BLUEPRINT A.7.1 even q-grid x n-grid
EV-067,256,2,8,21,0,21,1,even,243,,even_char; semisimple,defect_a_even_char,BLUEPRINT A.7.1 even q-grid x n-grid
EV-067,256,2,8,21,0,21,1,even,244,,even_char; semisimple,defect_a_even_char,BLUEPRINT A.7.1 even q-grid x n-grid
EV-067,256,2,8,21,0,21,1,even,245,,even_char; semisimple,defect_a_even_char,BLUEPRINT A.7.1 even q-grid x n-grid
EV-067,256,2,8,21,0,21,1,even,246,,even_char; semisimple,defect_a_even_char,BLUEPRINT A.7.1 even q-grid x n-grid
EV-067,256,2,8,21,0,21,1,even,247,,even_char; semisimple,defect_a_even_char,BLUEPRINT A.7.1 even q-grid x n-grid
EV-067,256,2,8,21,0,21,1,even,248,,even_char; semisimple,defect_a_even_char,BLUEPRINT A.7.1 even q-grid x n-grid
EV-067,256,2,8,21,0,21,1,even,249,,even_char; semisimple,defect_a_even_char,BLUEPRINT A.7.1 even q-grid x n-grid
EV-067,256,2,8,21,0,21,1,even,250,,even_char; semisimple,defect_a_even_char,BLUEPRINT A.7.1 even q-grid x n-grid
EV-067,256,2,8,21,0,21,1,even,251,,even_char; semisimple,defect_a_even_char,BLUEPRINT A.7.1 even q-grid x n-grid
EV-067,256,2,8,21,0,21,1,even,252,,even_char; semisimple,defect_a_even_char,BLUEPRINT A.7.1 even q-grid x n-grid
EV-067,256,2,8,21,0,21,1,even,253,,even_char; semisimple,defect_a_even_char,BLUEPRINT A.7.1 even q-grid x n-grid
EV-067,256,2,8,21,0,21,1,even,254,,even_char; semisimple,defect_a_even_char,BLUEPRINT A.7.1 even q-grid x n-grid
EV-068,256,2,8,25,0,25,1,even,0,,even_char; semisimple,defect_a_even_char,BLUEPRINT A.7.1 even q-grid x n-grid
EV-068,256,2,8,25,0,25,1,even,1,,even_char; semisimple,defect_a_even_char,BLUEPRINT A.7.1 even q-grid x n-grid
EV-068,256,2,8,25,0,25,1,even,2,,even_char; semisimple,defect_a_even_char,BLUEPRINT A.7.1 even q-grid x n-grid
EV-068,256,2,8,25,0,25,1,even,3,,even_char; semisimple,defect_a_even_char,BLUEPRINT A.7.1 even q-grid x n-grid
EV-068,256,2,8,25,0,25,1,even,4,,even_char; semisimple,defect_a_even_char,BLUEPRINT A.7.1 even q-grid x n-grid
EV-068,256,2,8,25,0,25,1,even,5,,even_char; semisimple,defect_a_even_char,BLUEPRINT A.7.1 even q-grid x n-grid
EV-068,256,2,8,25,0,25,1,even,6,,even_char; semisimple,defect_a_even_char,BLUEPRINT A.7.1 even q-grid x n-grid
EV-068,256,2,8,25,0,25,1,even,7,,even_char; semisimple,defect_a_even_char,BLUEPRINT A.7.1 even q-grid x n-grid
EV-068,256,2,8,25,0,25,1,even,8,,even_char; semisimple,defect_a_even_char,BLUEPRINT A.7.1 even q-grid x n-grid
EV-068,256,2,8,25,0,25,1,even,9,,even_char; semisimple,defect_a_even_char,BLUEPRINT A.7.1 even q-grid x n-grid
EV-068,256,2,8,25,0,25,1,even,10,,even_char; semisimple,defect_a_even_char,BLUEPRINT A.7.1 even q-grid x n-grid
EV-068,256,2,8,25,0,25,1,even,11,,even_char; semisimple,defect_a_even_char,BLUEPRINT A.7.1 even q-grid x n-grid
EV-068,256,2,8,25,0,25,1,even,12,,even_char; semisimple,defect_a_even_char,BLUEPRINT A.7.1 even q-grid x n-grid
EV-068,256,2,8,25,0,25,1,even,13,,even_char; semisimple,defect_a_even_char,BLUEPRINT A.7.1 even q-grid x n-grid
EV-068,256,2,8,25,0,25,1,even,14,,even_char; semisimple,defect_a_even_char,BLUEPRINT A.7.1 even q-grid x n-grid
EV-068,256,2,8,25,0,25,1,even,15,,even_char; semisimple,defect_a_even_char,BLUEPRINT A.7.1 even q-grid x n-grid
EV-068,256,2,8,25,0,25,1,even,16,,even_char; semisimple,defect_a_even_char,BLUEPRINT A.7.1 even q-grid x n-grid
EV-068,256,2,8,25,0,25,1,even,17,,even_char; semisimple,defect_a_even_char,BLUEPRINT A.7.1 even q-grid x n-grid
EV-068,256,2,8,25,0,25,1,even,18,,even_char; semisimple,defect_a_even_char,BLUEPRINT A.7.1 even q-grid x n-grid
EV-068,256,2,8,25,0,25,1,even,19,,even_char; semisimple,defect_a_even_char,BLUEPRINT A.7.1 even q-grid x n-grid
EV-068,256,2,8,25,0,25,1,even,20,,even_char; semisimple,defect_a_even_char,BLUEPRINT A.7.1 even q-grid x n-grid
EV-068,256,2,8,25,0,25,1,even,21,,even_char; semisimple,defect_a_even_char,BLUEPRINT A.7.1 even q-grid x n-grid
EV-068,256,2,8,25,0,25,1,even,22,,even_char; semisimple,defect_a_even_char,BLUEPRINT A.7.1 even q-grid x n-grid
EV-068,256,2,8,25,0,25,1,even,23,,even_char; semisimple,defect_a_even_char,BLUEPRINT A.7.1 even q-grid x n-grid
EV-068,256,2,8,25,0,25,1,even,24,,even_char; semisimple,defect_a_even_char,BLUEPRINT A.7.1 even q-grid x n-grid
EV-068,256,2,8,25,0,25,1,even,25,,even_char; semisimple,defect_a_even_char,BLUEPRINT A.7.1 even q-grid x n-grid
EV-068,256,2,8,25,0,25,1,even,26,,even_char; semisimple,defect_a_even_char,BLUEPRINT A.7.1 even q-grid x n-grid
EV-068,256,2,8,25,0,25,1,even,27,,even_char; semisimple,defect_a_even_char,BLUEPRINT A.7.1 even q-grid x n-grid
EV-068,256,2,8,25,0,25,1,even,28,,even_char; semisimple,defect_a_even_char,BLUEPRINT A.7.1 even q-grid x n-grid
EV-068,256,2,8,25,0,25,1,even,29,,even_char; semisimple,defect_a_even_char,BLUEPRINT A.7.1 even q-grid x n-grid
EV-068,256,2,8,25,0,25,1,even,30,,even_char; semisimple,defect_a_even_char,BLUEPRINT A.7.1 even q-grid x n-grid
EV-068,256,2,8,25,0,25,1,even,31,,even_char; semisimple,defect_a_even_char,BLUEPRINT A.7.1 even q-grid x n-grid
EV-068,256,2,8,25,0,25,1,even,32,,even_char; semisimple,defect_a_even_char,BLUEPRINT A.7.1 even q-grid x n-grid
EV-068,256,2,8,25,0,25,1,even,33,,even_char; semisimple,defect_a_even_char,BLUEPRINT A.7.1 even q-grid x n-grid
EV-068,256,2,8,25,0,25,1,even,34,,even_char; semisimple,defect_a_even_char,BLUEPRINT A.7.1 even q-grid x n-grid
EV-068,256,2,8,25,0,25,1,even,35,,even_char; semisimple,defect_a_even_char,BLUEPRINT A.7.1 even q-grid x n-grid
EV-068,256,2,8,25,0,25,1,even,36,,even_char; semisimple,defect_a_even_char,BLUEPRINT A.7.1 even q-grid x n-grid
EV-068,256,2,8,25,0,25,1,even,37,,even_char; semisimple,defect_a_even_char,BLUEPRINT A.7.1 even q-grid x n-grid
EV-068,256,2,8,25,0,25,1,even,38,,even_char; semisimple,defect_a_even_char,BLUEPRINT A.7.1 even q-grid x n-grid
EV-068,256,2,8,25,0,25,1,even,39,,even_char; semisimple,defect_a_even_char,BLUEPRINT A.7.1 even q-grid x n-grid
EV-068,256,2,8,25,0,25,1,even,40,,even_char; semisimple,defect_a_even_char,BLUEPRINT A.7.1 even q-grid x n-grid
EV-068,256,2,8,25,0,25,1,even,41,,even_char; semisimple,defect_a_even_char,BLUEPRINT A.7.1 even q-grid x n-grid
EV-068,256,2,8,25,0,25,1,even,42,,even_char; semisimple,defect_a_even_char,BLUEPRINT A.7.1 even q-grid x n-grid
EV-068,256,2,8,25,0,25,1,even,43,,even_char; semisimple,defect_a_even_char,BLUEPRINT A.7.1 even q-grid x n-grid
EV-068,256,2,8,25,0,25,1,even,44,,even_char; semisimple,defect_a_even_char,BLUEPRINT A.7.1 even q-grid x n-grid
EV-068,256,2,8,25,0,25,1,even,45,,even_char; semisimple,defect_a_even_char,BLUEPRINT A.7.1 even q-grid x n-grid
EV-068,256,2,8,25,0,25,1,even,46,,even_char; semisimple,defect_a_even_char,BLUEPRINT A.7.1 even q-grid x n-grid
EV-068,256,2,8,25,0,25,1,even,47,,even_char; semisimple,defect_a_even_char,BLUEPRINT A.7.1 even q-grid x n-grid
EV-068,256,2,8,25,0,25,1,even,48,,even_char; semisimple,defect_a_even_char,BLUEPRINT A.7.1 even q-grid x n-grid
EV-068,256,2,8,25,0,25,1,even,49,,even_char; semisimple,defect_a_even_char,BLUEPRINT A.7.1 even q-grid x n-grid
EV-068,256,2,8,25,0,25,1,even,50,,even_char; semisimple,defect_a_even_char,BLUEPRINT A.7.1 even q-grid x n-grid
EV-068,256,2,8,25,0,25,1,even,51,,even_char; semisimple,defect_a_even_char,BLUEPRINT A.7.1 even q-grid x n-grid
EV-068,256,2,8,25,0,25,1,even,52,,even_char; semisimple,defect_a_even_char,BLUEPRINT A.7.1 even q-grid x n-grid
EV-068,256,2,8,25,0,25,1,even,53,,even_char; semisimple,defect_a_even_char,BLUEPRINT A.7.1 even q-grid x n-grid
EV-068,256,2,8,25,0,25,1,even,54,,even_char; semisimple,defect_a_even_char,BLUEPRINT A.7.1 even q-grid x n-grid
EV-068,256,2,8,25,0,25,1,even,55,,even_char; semisimple,defect_a_even_char,BLUEPRINT A.7.1 even q-grid x n-grid
EV-068,256,2,8,25,0,25,1,even,56,,even_char; semisimple,defect_a_even_char,BLUEPRINT A.7.1 even q-grid x n-grid
EV-068,256,2,8,25,0,25,1,even,57,,even_char; semisimple,defect_a_even_char,BLUEPRINT A.7.1 even q-grid x n-grid
EV-068,256,2,8,25,0,25,1,even,58,,even_char; semisimple,defect_a_even_char,BLUEPRINT A.7.1 even q-grid x n-grid
EV-068,256,2,8,25,0,25,1,even,59,,even_char; semisimple,defect_a_even_char,BLUEPRINT A.7.1 even q-grid x n-grid
EV-068,256,2,8,25,0,25,1,even,60,,even_char; semisimple,defect_a_even_char,BLUEPRINT A.7.1 even q-grid x n-grid
EV-068,256,2,8,25,0,25,1,even,61,,even_char; semisimple,defect_a_even_char,BLUEPRINT A.7.1 even q-grid x n-grid
EV-068,256,2,8,25,0,25,1,even,62,,even_char; semisimple,defect_a_even_char,BLUEPRINT A.7.1 even q-grid x n-grid
EV-068,256,2,8,25,0,25,1,even,63,,even_char; semisimple,defect_a_even_char,BLUEPRINT A.7.1 even q-grid x n-grid
EV-068,256,2,8,25,0,25,1,even,64,,even_char; semisimple,defect_a_even_char,BLUEPRINT A.7.1 even q-grid x n-grid
EV-068,256,2,8,25,0,25,1,even,65,,even_char; semisimple,defect_a_even_char,BLUEPRINT A.7.1 even q-grid x n-grid
EV-068,256,2,8,25,0,25,1,even,66,,even_char; semisimple,defect_a_even_char,BLUEPRINT A.7.1 even q-grid x n-grid
EV-068,256,2,8,25,0,25,1,even,67,,even_char; semisimple,defect_a_even_char,BLUEPRINT A.7.1 even q-grid x n-grid
EV-068,256,2,8,25,0,25,1,even,68,,even_char; semisimple,defect_a_even_char,BLUEPRINT A.7.1 even q-grid x n-grid
EV-068,256,2,8,25,0,25,1,even,69,,even_char; semisimple,defect_a_even_char,BLUEPRINT A.7.1 even q-grid x n-grid
EV-068,256,2,8,25,0,25,1,even,70,,even_char; semisimple,defect_a_even_char,BLUEPRINT A.7.1 even q-grid x n-grid
EV-068,256,2,8,25,0,25,1,even,71,,even_char; semisimple,defect_a_even_char,BLUEPRINT A.7.1 even q-grid x n-grid
EV-068,256,2,8,25,0,25,1,even,72,,even_char; semisimple,defect_a_even_char,BLUEPRINT A.7.1 even q-grid x n-grid
EV-068,256,2,8,25,0,25,1,even,73,,even_char; semisimple,defect_a_even_char,BLUEPRINT A.7.1 even q-grid x n-grid
EV-068,256,2,8,25,0,25,1,even,74,,even_char; semisimple,defect_a_even_char,BLUEPRINT A.7.1 even q-grid x n-grid
EV-068,256,2,8,25,0,25,1,even,75,,even_char; semisimple,defect_a_even_char,BLUEPRINT A.7.1 even q-grid x n-grid
EV-068,256,2,8,25,0,25,1,even,76,,even_char; semisimple,defect_a_even_char,BLUEPRINT A.7.1 even q-grid x n-grid
EV-068,256,2,8,25,0,25,1,even,77,,even_char; semisimple,defect_a_even_char,BLUEPRINT A.7.1 even q-grid x n-grid
EV-068,256,2,8,25,0,25,1,even,78,,even_char; semisimple,defect_a_even_char,BLUEPRINT A.7.1 even q-grid x n-grid
EV-068,256,2,8,25,0,25,1,even,79,,even_char; semisimple,defect_a_even_char,BLUEPRINT A.7.1 even q-grid x n-grid
EV-068,256,2,8,25,0,25,1,even,80,,even_char; semisimple,defect_a_even_char,BLUEPRINT A.7.1 even q-grid x n-grid
EV-068,256,2,8,25,0,25,1,even,81,,even_char; semisimple,defect_a_even_char,BLUEPRINT A.7.1 even q-grid x n-grid
EV-068,256,2,8,25,0,25,1,even,82,,even_char; semisimple,defect_a_even_char,BLUEPRINT A.7.1 even q-grid x n-grid
EV-068,256,2,8,25,0,25,1,even,83,,even_char; semisimple,defect_a_even_char,BLUEPRINT A.7.1 even q-grid x n-grid
EV-068,256,2,8,25,0,25,1,even,84,,even_char; semisimple,defect_a_even_char,BLUEPRINT A.7.1 even q-grid x n-grid
EV-068,256,2,8,25,0,25,1,even,85,,even_char; semisimple,defect_a_even_char,BLUEPRINT A.7.1 even q-grid x n-grid
EV-068,256,2,8,25,0,25,1,even,86,,even_char; semisimple,defect_a_even_char,BLUEPRINT A.7.1 even q-grid x n-grid
EV-068,256,2,8,25,0,25,1,even,87,,even_char; semisimple,defect_a_even_char,BLUEPRINT A.7.1 even q-grid x n-grid
EV-068,256,2,8,25,0,25,1,even,88,,even_char; semisimple,defect_a_even_char,BLUEPRINT A.7.1 even q-grid x n-grid
EV-068,256,2,8,25,0,25,1,even,89,,even_char; semisimple,defect_a_even_char,BLUEPRINT A.7.1 even q-grid x n-grid
EV-068,256,2,8,25,0,25,1,even,90,,even_char; semisimple,defect_a_even_char,BLUEPRINT A.7.1 even q-grid x n-grid
EV-068,256,2,8,25,0,25,1,even,91,,even_char; semisimple,defect_a_even_char,BLUEPRINT A.7.1 even q-grid x n-grid
EV-068,256,2,8,25,0,25,1,even,92,,even_char; semisimple,defect_a_even_char,BLUEPRINT A.7.1 even q-grid x n-grid
EV-068,256,2,8,25,0,25,1,even,93,,even_char; semisimple,defect_a_even_char,BLUEPRINT A.7.1 even q-grid x n-grid
EV-068,256,2,8,25,0,25,1,even,94,,even_char; semisimple,defect_a_even_char,BLUEPRINT A.7.1 even q-grid x n-grid
EV-068,256,2,8,25,0,25,1,even,95,,even_char; semisimple,defect_a_even_char,BLUEPRINT A.7.1 even q-grid x n-grid
EV-068,256,2,8,25,0,25,1,even,96,,even_char; semisimple,defect_a_even_char,BLUEPRINT A.7.1 even q-grid x n-grid
EV-068,256,2,8,25,0,25,1,even,97,,even_char; semisimple,defect_a_even_char,BLUEPRINT A.7.1 even q-grid x n-grid
EV-068,256,2,8,25,0,25,1,even,98,,even_char; semisimple,defect_a_even_char,BLUEPRINT A.7.1 even q-grid x n-grid
EV-068,256,2,8,25,0,25,1,even,99,,even_char; semisimple,defect_a_even_char,BLUEPRINT A.7.1 even q-grid x n-grid
EV-068,256,2,8,25,0,25,1,even,100,,even_char; semisimple,defect_a_even_char,BLUEPRINT A.7.1 even q-grid x n-grid
EV-068,256,2,8,25,0,25,1,even,101,,even_char; semisimple,defect_a_even_char,BLUEPRINT A.7.1 even q-grid x n-grid
EV-068,256,2,8,25,0,25,1,even,102,,even_char; semisimple,defect_a_even_char,BLUEPRINT A.7.1 even q-grid x n-grid
EV-068,256,2,8,25,0,25,1,even,103,,even_char; semisimple,defect_a_even_char,BLUEPRINT A.7.1 even q-grid x n-grid
EV-068,256,2,8,25,0,25,1,even,104,,even_char; semisimple,defect_a_even_char,BLUEPRINT A.7.1 even q-grid x n-grid
EV-068,256,2,8,25,0,25,1,even,105,,even_char; semisimple,defect_a_even_char,BLUEPRINT A.7.1 even q-grid x n-grid
EV-068,256,2,8,25,0,25,1,even,106,,even_char; semisimple,defect_a_even_char,BLUEPRINT A.7.1 even q-grid x n-grid
EV-068,256,2,8,25,0,25,1,even,107,,even_char; semisimple,defect_a_even_char,BLUEPRINT A.7.1 even q-grid x n-grid
EV-068,256,2,8,25,0,25,1,even,108,,even_char; semisimple,defect_a_even_char,BLUEPRINT A.7.1 even q-grid x n-grid
EV-068,256,2,8,25,0,25,1,even,109,,even_char; semisimple,defect_a_even_char,BLUEPRINT A.7.1 even q-grid x n-grid
EV-068,256,2,8,25,0,25,1,even,110,,even_char; semisimple,defect_a_even_char,BLUEPRINT A.7.1 even q-grid x n-grid
EV-068,256,2,8,25,0,25,1,even,111,,even_char; semisimple,defect_a_even_char,BLUEPRINT A.7.1 even q-grid x n-grid
EV-068,256,2,8,25,0,25,1,even,112,,even_char; semisimple,defect_a_even_char,BLUEPRINT A.7.1 even q-grid x n-grid
EV-068,256,2,8,25,0,25,1,even,113,,even_char; semisimple,defect_a_even_char,BLUEPRINT A.7.1 even q-grid x n-grid
EV-068,256,2,8,25,0,25,1,even,114,,even_char; semisimple,defect_a_even_char,BLUEPRINT A.7.1 even q-grid x n-grid
EV-068,256,2,8,25,0,25,1,even,115,,even_char; semisimple,defect_a_even_char,BLUEPRINT A.7.1 even q-grid x n-grid
EV-068,256,2,8,25,0,25,1,even,116,,even_char; semisimple,defect_a_even_char,BLUEPRINT A.7.1 even q-grid x n-grid
EV-068,256,2,8,25,0,25,1,even,117,,even_char; semisimple,defect_a_even_char,BLUEPRINT A.7.1 even q-grid x n-grid
EV-068,256,2,8,25,0,25,1,even,118,,even_char; semisimple,defect_a_even_char,BLUEPRINT A.7.1 even q-grid x n-grid
EV-068,256,2,8,25,0,25,1,even,119,,even_char; semisimple,defect_a_even_char,BLUEPRINT A.7.1 even q-grid x n-grid
EV-068,256,2,8,25,0,25,1,even,120,,even_char; semisimple,defect_a_even_char,BLUEPRINT A.7.1 even q-grid x n-grid
EV-068,256,2,8,25,0,25,1,even,121,,even_char; semisimple,defect_a_even_char,BLUEPRINT A.7.1 even q-grid x n-grid
EV-068,256,2,8,25,0,25,1,even,122,,even_char; semisimple,defect_a_even_char,BLUEPRINT A.7.1 even q-grid x n-grid
EV-068,256,2,8,25,0,25,1,even,123,,even_char; semisimple,defect_a_even_char,BLUEPRINT A.7.1 even q-grid x n-grid
EV-068,256,2,8,25,0,25,1,even,124,,even_char; semisimple,defect_a_even_char,BLUEPRINT A.7.1 even q-grid x n-grid
EV-068,256,2,8,25,0,25,1,even,125,,even_char; semisimple,defect_a_even_char,BLUEPRINT A.7.1 even q-grid x n-grid
EV-068,256,2,8,25,0,25,1,even,126,,even_char; semisimple,defect_a_even_char,BLUEPRINT A.7.1 even q-grid x n-grid
EV-068,256,2,8,25,0,25,1,even,127,,even_char; semisimple,defect_a_even_char,BLUEPRINT A.7.1 even q-grid x n-grid
EV-068,256,2,8,25,0,25,1,even,128,,even_char; semisimple,defect_a_even_char,BLUEPRINT A.7.1 even q-grid x n-grid
EV-068,256,2,8,25,0,25,1,even,129,,even_char; semisimple,defect_a_even_char,BLUEPRINT A.7.1 even q-grid x n-grid
EV-068,256,2,8,25,0,25,1,even,130,,even_char; semisimple,defect_a_even_char,BLUEPRINT A.7.1 even q-grid x n-grid
EV-068,256,2,8,25,0,25,1,even,131,,even_char; semisimple,defect_a_even_char,BLUEPRINT A.7.1 even q-grid x n-grid
EV-068,256,2,8,25,0,25,1,even,132,,even_char; semisimple,defect_a_even_char,BLUEPRINT A.7.1 even q-grid x n-grid
EV-068,256,2,8,25,0,25,1,even,133,,even_char; semisimple,defect_a_even_char,BLUEPRINT A.7.1 even q-grid x n-grid
EV-068,256,2,8,25,0,25,1,even,134,,even_char; semisimple,defect_a_even_char,BLUEPRINT A.7.1 even q-grid x n-grid
EV-068,256,2,8,25,0,25,1,even,135,,even_char; semisimple,defect_a_even_char,BLUEPRINT A.7.1 even q-grid x n-grid
EV-068,256,2,8,25,0,25,1,even,136,,even_char; semisimple,defect_a_even_char,BLUEPRINT A.7.1 even q-grid x n-grid
EV-068,256,2,8,25,0,25,1,even,137,,even_char; semisimple,defect_a_even_char,BLUEPRINT A.7.1 even q-grid x n-grid
EV-068,256,2,8,25,0,25,1,even,138,,even_char; semisimple,defect_a_even_char,BLUEPRINT A.7.1 even q-grid x n-grid
EV-068,256,2,8,25,0,25,1,even,139,,even_char; semisimple,defect_a_even_char,BLUEPRINT A.7.1 even q-grid x n-grid
EV-068,256,2,8,25,0,25,1,even,140,,even_char; semisimple,defect_a_even_char,BLUEPRINT A.7.1 even q-grid x n-grid
EV-068,256,2,8,25,0,25,1,even,141,,even_char; semisimple,defect_a_even_char,BLUEPRINT A.7.1 even q-grid x n-grid
EV-068,256,2,8,25,0,25,1,even,142,,even_char; semisimple,defect_a_even_char,BLUEPRINT A.7.1 even q-grid x n-grid
EV-068,256,2,8,25,0,25,1,even,143,,even_char; semisimple,defect_a_even_char,BLUEPRINT A.7.1 even q-grid x n-grid
EV-068,256,2,8,25,0,25,1,even,144,,even_char; semisimple,defect_a_even_char,BLUEPRINT A.7.1 even q-grid x n-grid
EV-068,256,2,8,25,0,25,1,even,145,,even_char; semisimple,defect_a_even_char,BLUEPRINT A.7.1 even q-grid x n-grid
EV-068,256,2,8,25,0,25,1,even,146,,even_char; semisimple,defect_a_even_char,BLUEPRINT A.7.1 even q-grid x n-grid
EV-068,256,2,8,25,0,25,1,even,147,,even_char; semisimple,defect_a_even_char,BLUEPRINT A.7.1 even q-grid x n-grid
EV-068,256,2,8,25,0,25,1,even,148,,even_char; semisimple,defect_a_even_char,BLUEPRINT A.7.1 even q-grid x n-grid
EV-068,256,2,8,25,0,25,1,even,149,,even_char; semisimple,defect_a_even_char,BLUEPRINT A.7.1 even q-grid x n-grid
EV-068,256,2,8,25,0,25,1,even,150,,even_char; semisimple,defect_a_even_char,BLUEPRINT A.7.1 even q-grid x n-grid
EV-068,256,2,8,25,0,25,1,even,151,,even_char; semisimple,defect_a_even_char,BLUEPRINT A.7.1 even q-grid x n-grid
EV-068,256,2,8,25,0,25,1,even,152,,even_char; semisimple,defect_a_even_char,BLUEPRINT A.7.1 even q-grid x n-grid
EV-068,256,2,8,25,0,25,1,even,153,,even_char; semisimple,defect_a_even_char,BLUEPRINT A.7.1 even q-grid x n-grid
EV-068,256,2,8,25,0,25,1,even,154,,even_char; semisimple,defect_a_even_char,BLUEPRINT A.7.1 even q-grid x n-grid
EV-068,256,2,8,25,0,25,1,even,155,,even_char; semisimple,defect_a_even_char,BLUEPRINT A.7.1 even q-grid x n-grid
EV-068,256,2,8,25,0,25,1,even,156,,even_char; semisimple,defect_a_even_char,BLUEPRINT A.7.1 even q-grid x n-grid
EV-068,256,2,8,25,0,25,1,even,157,,even_char; semisimple,defect_a_even_char,BLUEPRINT A.7.1 even q-grid x n-grid
EV-068,256,2,8,25,0,25,1,even,158,,even_char; semisimple,defect_a_even_char,BLUEPRINT A.7.1 even q-grid x n-grid
EV-068,256,2,8,25,0,25,1,even,159,,even_char; semisimple,defect_a_even_char,BLUEPRINT A.7.1 even q-grid x n-grid
EV-068,256,2,8,25,0,25,1,even,160,,even_char; semisimple,defect_a_even_char,BLUEPRINT A.7.1 even q-grid x n-grid
EV-068,256,2,8,25,0,25,1,even,161,,even_char; semisimple,defect_a_even_char,BLUEPRINT A.7.1 even q-grid x n-grid
EV-068,256,2,8,25,0,25,1,even,162,,even_char; semisimple,defect_a_even_char,BLUEPRINT A.7.1 even q-grid x n-grid
EV-068,256,2,8,25,0,25,1,even,163,,even_char; semisimple,defect_a_even_char,BLUEPRINT A.7.1 even q-grid x n-grid
EV-068,256,2,8,25,0,25,1,even,164,,even_char; semisimple,defect_a_even_char,BLUEPRINT A.7.1 even q-grid x n-grid
EV-068,256,2,8,25,0,25,1,even,165,,even_char; semisimple,defect_a_even_char,BLUEPRINT A.7.1 even q-grid x n-grid
EV-068,256,2,8,25,0,25,1,even,166,,even_char; semisimple,defect_a_even_char,BLUEPRINT A.7.1 even q-grid x n-grid
EV-068,256,2,8,25,0,25,1,even,167,,even_char; semisimple,defect_a_even_char,BLUEPRINT A.7.1 even q-grid x n-grid
EV-068,256,2,8,25,0,25,1,even,168,,even_char; semisimple,defect_a_even_char,BLUEPRINT A.7.1 even q-grid x n-grid
EV-068,256,2,8,25,0,25,1,even,169,,even_char; semisimple,defect_a_even_char,BLUEPRINT A.7.1 even q-grid x n-grid
EV-068,256,2,8,25,0,25,1,even,170,,even_char; semisimple,defect_a_even_char,BLUEPRINT A.7.1 even q-grid x n-grid
EV-068,256,2,8,25,0,25,1,even,171,,even_char; semisimple,defect_a_even_char,BLUEPRINT A.7.1 even q-grid x n-grid
EV-068,256,2,8,25,0,25,1,even,172,,even_char; semisimple,defect_a_even_char,BLUEPRINT A.7.1 even q-grid x n-grid
EV-068,256,2,8,25,0,25,1,even,173,,even_char; semisimple,defect_a_even_char,BLUEPRINT A.7.1 even q-grid x n-grid
EV-068,256,2,8,25,0,25,1,even,174,,even_char; semisimple,defect_a_even_char,BLUEPRINT A.7.1 even q-grid x n-grid
EV-068,256,2,8,25,0,25,1,even,175,,even_char; semisimple,defect_a_even_char,BLUEPRINT A.7.1 even q-grid x n-grid
EV-068,256,2,8,25,0,25,1,even,176,,even_char; semisimple,defect_a_even_char,BLUEPRINT A.7.1 even q-grid x n-grid
EV-068,256,2,8,25,0,25,1,even,177,,even_char; semisimple,defect_a_even_char,BLUEPRINT A.7.1 even q-grid x n-grid
EV-068,256,2,8,25,0,25,1,even,178,,even_char; semisimple,defect_a_even_char,BLUEPRINT A.7.1 even q-grid x n-grid
EV-068,256,2,8,25,0,25,1,even,179,,even_char; semisimple,defect_a_even_char,BLUEPRINT A.7.1 even q-grid x n-grid
EV-068,256,2,8,25,0,25,1,even,180,,even_char; semisimple,defect_a_even_char,BLUEPRINT A.7.1 even q-grid x n-grid
EV-068,256,2,8,25,0,25,1,even,181,,even_char; semisimple,defect_a_even_char,BLUEPRINT A.7.1 even q-grid x n-grid
EV-068,256,2,8,25,0,25,1,even,182,,even_char; semisimple,defect_a_even_char,BLUEPRINT A.7.1 even q-grid x n-grid
EV-068,256,2,8,25,0,25,1,even,183,,even_char; semisimple,defect_a_even_char,BLUEPRINT A.7.1 even q-grid x n-grid
EV-068,256,2,8,25,0,25,1,even,184,,even_char; semisimple,defect_a_even_char,BLUEPRINT A.7.1 even q-grid x n-grid
EV-068,256,2,8,25,0,25,1,even,185,,even_char; semisimple,defect_a_even_char,BLUEPRINT A.7.1 even q-grid x n-grid
EV-068,256,2,8,25,0,25,1,even,186,,even_char; semisimple,defect_a_even_char,BLUEPRINT A.7.1 even q-grid x n-grid
EV-068,256,2,8,25,0,25,1,even,187,,even_char; semisimple,defect_a_even_char,BLUEPRINT A.7.1 even q-grid x n-grid
EV-068,256,2,8,25,0,25,1,even,188,,even_char; semisimple,defect_a_even_char,BLUEPRINT A.7.1 even q-grid x n-grid
EV-068,256,2,8,25,0,25,1,even,189,,even_char; semisimple,defect_a_even_char,BLUEPRINT A.7.1 even q-grid x n-grid
EV-068,256,2,8,25,0,25,1,even,190,,even_char; semisimple,defect_a_even_char,BLUEPRINT A.7.1 even q-grid x n-grid
EV-068,256,2,8,25,0,25,1,even,191,,even_char; semisimple,defect_a_even_char,BLUEPRINT A.7.1 even q-grid x n-grid
EV-068,256,2,8,25,0,25,1,even,192,,even_char; semisimple,defect_a_even_char,BLUEPRINT A.7.1 even q-grid x n-grid
EV-068,256,2,8,25,0,25,1,even,193,,even_char; semisimple,defect_a_even_char,BLUEPRINT A.7.1 even q-grid x n-grid
EV-068,256,2,8,25,0,25,1,even,194,,even_char; semisimple,defect_a_even_char,BLUEPRINT A.7.1 even q-grid x n-grid
EV-068,256,2,8,25,0,25,1,even,195,,even_char; semisimple,defect_a_even_char,BLUEPRINT A.7.1 even q-grid x n-grid
EV-068,256,2,8,25,0,25,1,even,196,,even_char; semisimple,defect_a_even_char,BLUEPRINT A.7.1 even q-grid x n-grid
EV-068,256,2,8,25,0,25,1,even,197,,even_char; semisimple,defect_a_even_char,BLUEPRINT A.7.1 even q-grid x n-grid
EV-068,256,2,8,25,0,25,1,even,198,,even_char; semisimple,defect_a_even_char,BLUEPRINT A.7.1 even q-grid x n-grid
EV-068,256,2,8,25,0,25,1,even,199,,even_char; semisimple,defect_a_even_char,BLUEPRINT A.7.1 even q-grid x n-grid
EV-068,256,2,8,25,0,25,1,even,200,,even_char; semisimple,defect_a_even_char,BLUEPRINT A.7.1 even q-grid x n-grid
EV-068,256,2,8,25,0,25,1,even,201,,even_char; semisimple,defect_a_even_char,BLUEPRINT A.7.1 even q-grid x n-grid
EV-068,256,2,8,25,0,25,1,even,202,,even_char; semisimple,defect_a_even_char,BLUEPRINT A.7.1 even q-grid x n-grid
EV-068,256,2,8,25,0,25,1,even,203,,even_char; semisimple,defect_a_even_char,BLUEPRINT A.7.1 even q-grid x n-grid
EV-068,256,2,8,25,0,25,1,even,204,,even_char; semisimple,defect_a_even_char,BLUEPRINT A.7.1 even q-grid x n-grid
EV-068,256,2,8,25,0,25,1,even,205,,even_char; semisimple,defect_a_even_char,BLUEPRINT A.7.1 even q-grid x n-grid
EV-068,256,2,8,25,0,25,1,even,206,,even_char; semisimple,defect_a_even_char,BLUEPRINT A.7.1 even q-grid x n-grid
EV-068,256,2,8,25,0,25,1,even,207,,even_char; semisimple,defect_a_even_char,BLUEPRINT A.7.1 even q-grid x n-grid
EV-068,256,2,8,25,0,25,1,even,208,,even_char; semisimple,defect_a_even_char,BLUEPRINT A.7.1 even q-grid x n-grid
EV-068,256,2,8,25,0,25,1,even,209,,even_char; semisimple,defect_a_even_char,BLUEPRINT A.7.1 even q-grid x n-grid
EV-068,256,2,8,25,0,25,1,even,210,,even_char; semisimple,defect_a_even_char,BLUEPRINT A.7.1 even q-grid x n-grid
EV-068,256,2,8,25,0,25,1,even,211,,even_char; semisimple,defect_a_even_char,BLUEPRINT A.7.1 even q-grid x n-grid
EV-068,256,2,8,25,0,25,1,even,212,,even_char; semisimple,defect_a_even_char,BLUEPRINT A.7.1 even q-grid x n-grid
EV-068,256,2,8,25,0,25,1,even,213,,even_char; semisimple,defect_a_even_char,BLUEPRINT A.7.1 even q-grid x n-grid
EV-068,256,2,8,25,0,25,1,even,214,,even_char; semisimple,defect_a_even_char,BLUEPRINT A.7.1 even q-grid x n-grid
EV-068,256,2,8,25,0,25,1,even,215,,even_char; semisimple,defect_a_even_char,BLUEPRINT A.7.1 even q-grid x n-grid
EV-068,256,2,8,25,0,25,1,even,216,,even_char; semisimple,defect_a_even_char,BLUEPRINT A.7.1 even q-grid x n-grid
EV-068,256,2,8,25,0,25,1,even,217,,even_char; semisimple,defect_a_even_char,BLUEPRINT A.7.1 even q-grid x n-grid
EV-068,256,2,8,25,0,25,1,even,218,,even_char; semisimple,defect_a_even_char,BLUEPRINT A.7.1 even q-grid x n-grid
EV-068,256,2,8,25,0,25,1,even,219,,even_char; semisimple,defect_a_even_char,BLUEPRINT A.7.1 even q-grid x n-grid
EV-068,256,2,8,25,0,25,1,even,220,,even_char; semisimple,defect_a_even_char,BLUEPRINT A.7.1 even q-grid x n-grid
EV-068,256,2,8,25,0,25,1,even,221,,even_char; semisimple,defect_a_even_char,BLUEPRINT A.7.1 even q-grid x n-grid
EV-068,256,2,8,25,0,25,1,even,222,,even_char; semisimple,defect_a_even_char,BLUEPRINT A.7.1 even q-grid x n-grid
EV-068,256,2,8,25,0,25,1,even,223,,even_char; semisimple,defect_a_even_char,BLUEPRINT A.7.1 even q-grid x n-grid
EV-068,256,2,8,25,0,25,1,even,224,,even_char; semisimple,defect_a_even_char,BLUEPRINT A.7.1 even q-grid x n-grid
EV-068,256,2,8,25,0,25,1,even,225,,even_char; semisimple,defect_a_even_char,BLUEPRINT A.7.1 even q-grid x n-grid
EV-068,256,2,8,25,0,25,1,even,226,,even_char; semisimple,defect_a_even_char,BLUEPRINT A.7.1 even q-grid x n-grid
EV-068,256,2,8,25,0,25,1,even,227,,even_char; semisimple,defect_a_even_char,BLUEPRINT A.7.1 even q-grid x n-grid
EV-068,256,2,8,25,0,25,1,even,228,,even_char; semisimple,defect_a_even_char,BLUEPRINT A.7.1 even q-grid x n-grid
EV-068,256,2,8,25,0,25,1,even,229,,even_char; semisimple,defect_a_even_char,BLUEPRINT A.7.1 even q-grid x n-grid
EV-068,256,2,8,25,0,25,1,even,230,,even_char; semisimple,defect_a_even_char,BLUEPRINT A.7.1 even q-grid x n-grid
EV-068,256,2,8,25,0,25,1,even,231,,even_char; semisimple,defect_a_even_char,BLUEPRINT A.7.1 even q-grid x n-grid
EV-068,256,2,8,25,0,25,1,even,232,,even_char; semisimple,defect_a_even_char,BLUEPRINT A.7.1 even q-grid x n-grid
EV-068,256,2,8,25,0,25,1,even,233,,even_char; semisimple,defect_a_even_char,BLUEPRINT A.7.1 even q-grid x n-grid
EV-068,256,2,8,25,0,25,1,even,234,,even_char; semisimple,defect_a_even_char,BLUEPRINT A.7.1 even q-grid x n-grid
EV-068,256,2,8,25,0,25,1,even,235,,even_char; semisimple,defect_a_even_char,BLUEPRINT A.7.1 even q-grid x n-grid
EV-068,256,2,8,25,0,25,1,even,236,,even_char; semisimple,defect_a_even_char,BLUEPRINT A.7.1 even q-grid x n-grid
EV-068,256,2,8,25,0,25,1,even,237,,even_char; semisimple,defect_a_even_char,BLUEPRINT A.7.1 even q-grid x n-grid
EV-068,256,2,8,25,0,25,1,even,238,,even_char; semisimple,defect_a_even_char,BLUEPRINT A.7.1 even q-grid x n-grid
EV-068,256,2,8,25,0,25,1,even,239,,even_char; semisimple,defect_a_even_char,BLUEPRINT A.7.1 even q-grid x n-grid
EV-068,256,2,8,25,0,25,1,even,240,,even_char; semisimple,defect_a_even_char,BLUEPRINT A.7.1 even q-grid x n-grid
EV-068,256,2,8,25,0,25,1,even,241,,even_char; semisimple,defect_a_even_char,BLUEPRINT A.7.1 even q-grid x n-grid
EV-068,256,2,8,25,0,25,1,even,242,,even_char; semisimple,defect_a_even_char,BLUEPRINT A.7.1 even q-grid x n-grid
EV-068,256,2,8,25,0,25,1,even,243,,even_char; semisimple,defect_a_even_char,BLUEPRINT A.7.1 even q-grid x n-grid
EV-068,256,2,8,25,0,25,1,even,244,,even_char; semisimple,defect_a_even_char,BLUEPRINT A.7.1 even q-grid x n-grid
EV-068,256,2,8,25,0,25,1,even,245,,even_char; semisimple,defect_a_even_char,BLUEPRINT A.7.1 even q-grid x n-grid
EV-068,256,2,8,25,0,25,1,even,246,,even_char; semisimple,defect_a_even_char,BLUEPRINT A.7.1 even q-grid x n-grid
EV-068,256,2,8,25,0,25,1,even,247,,even_char; semisimple,defect_a_even_char,BLUEPRINT A.7.1 even q-grid x n-grid
EV-068,256,2,8,25,0,25,1,even,248,,even_char; semisimple,defect_a_even_char,BLUEPRINT A.7.1 even q-grid x n-grid
EV-068,256,2,8,25,0,25,1,even,249,,even_char; semisimple,defect_a_even_char,BLUEPRINT A.7.1 even q-grid x n-grid
EV-068,256,2,8,25,0,25,1,even,250,,even_char; semisimple,defect_a_even_char,BLUEPRINT A.7.1 even q-grid x n-grid
EV-068,256,2,8,25,0,25,1,even,251,,even_char; semisimple,defect_a_even_char,BLUEPRINT A.7.1 even q-grid x n-grid
EV-068,256,2,8,25,0,25,1,even,252,,even_char; semisimple,defect_a_even_char,BLUEPRINT A.7.1 even q-grid x n-grid
EV-068,256,2,8,25,0,25,1,even,253,,even_char; semisimple,defect_a_even_char,BLUEPRINT A.7.1 even q-grid x n-grid
EV-068,256,2,8,25,0,25,1,even,254,,even_char; semisimple,defect_a_even_char,BLUEPRINT A.7.1 even q-grid x n-grid
EV-069,256,2,8,31,0,31,1,even,0,,even_char; semisimple,defect_a_even_char,BLUEPRINT A.7.1 even q-grid x n-grid
EV-069,256,2,8,31,0,31,1,even,1,,even_char; semisimple,defect_a_even_char,BLUEPRINT A.7.1 even q-grid x n-grid
EV-069,256,2,8,31,0,31,1,even,2,,even_char; semisimple,defect_a_even_char,BLUEPRINT A.7.1 even q-grid x n-grid
EV-069,256,2,8,31,0,31,1,even,3,,even_char; semisimple,defect_a_even_char,BLUEPRINT A.7.1 even q-grid x n-grid
EV-069,256,2,8,31,0,31,1,even,4,,even_char; semisimple,defect_a_even_char,BLUEPRINT A.7.1 even q-grid x n-grid
EV-069,256,2,8,31,0,31,1,even,5,,even_char; semisimple,defect_a_even_char,BLUEPRINT A.7.1 even q-grid x n-grid
EV-069,256,2,8,31,0,31,1,even,6,,even_char; semisimple,defect_a_even_char,BLUEPRINT A.7.1 even q-grid x n-grid
EV-069,256,2,8,31,0,31,1,even,7,,even_char; semisimple,defect_a_even_char,BLUEPRINT A.7.1 even q-grid x n-grid
EV-069,256,2,8,31,0,31,1,even,8,,even_char; semisimple,defect_a_even_char,BLUEPRINT A.7.1 even q-grid x n-grid
EV-069,256,2,8,31,0,31,1,even,9,,even_char; semisimple,defect_a_even_char,BLUEPRINT A.7.1 even q-grid x n-grid
EV-069,256,2,8,31,0,31,1,even,10,,even_char; semisimple,defect_a_even_char,BLUEPRINT A.7.1 even q-grid x n-grid
EV-069,256,2,8,31,0,31,1,even,11,,even_char; semisimple,defect_a_even_char,BLUEPRINT A.7.1 even q-grid x n-grid
EV-069,256,2,8,31,0,31,1,even,12,,even_char; semisimple,defect_a_even_char,BLUEPRINT A.7.1 even q-grid x n-grid
EV-069,256,2,8,31,0,31,1,even,13,,even_char; semisimple,defect_a_even_char,BLUEPRINT A.7.1 even q-grid x n-grid
EV-069,256,2,8,31,0,31,1,even,14,,even_char; semisimple,defect_a_even_char,BLUEPRINT A.7.1 even q-grid x n-grid
EV-069,256,2,8,31,0,31,1,even,15,,even_char; semisimple,defect_a_even_char,BLUEPRINT A.7.1 even q-grid x n-grid
EV-069,256,2,8,31,0,31,1,even,16,,even_char; semisimple,defect_a_even_char,BLUEPRINT A.7.1 even q-grid x n-grid
EV-069,256,2,8,31,0,31,1,even,17,,even_char; semisimple,defect_a_even_char,BLUEPRINT A.7.1 even q-grid x n-grid
EV-069,256,2,8,31,0,31,1,even,18,,even_char; semisimple,defect_a_even_char,BLUEPRINT A.7.1 even q-grid x n-grid
EV-069,256,2,8,31,0,31,1,even,19,,even_char; semisimple,defect_a_even_char,BLUEPRINT A.7.1 even q-grid x n-grid
EV-069,256,2,8,31,0,31,1,even,20,,even_char; semisimple,defect_a_even_char,BLUEPRINT A.7.1 even q-grid x n-grid
EV-069,256,2,8,31,0,31,1,even,21,,even_char; semisimple,defect_a_even_char,BLUEPRINT A.7.1 even q-grid x n-grid
EV-069,256,2,8,31,0,31,1,even,22,,even_char; semisimple,defect_a_even_char,BLUEPRINT A.7.1 even q-grid x n-grid
EV-069,256,2,8,31,0,31,1,even,23,,even_char; semisimple,defect_a_even_char,BLUEPRINT A.7.1 even q-grid x n-grid
EV-069,256,2,8,31,0,31,1,even,24,,even_char; semisimple,defect_a_even_char,BLUEPRINT A.7.1 even q-grid x n-grid
EV-069,256,2,8,31,0,31,1,even,25,,even_char; semisimple,defect_a_even_char,BLUEPRINT A.7.1 even q-grid x n-grid
EV-069,256,2,8,31,0,31,1,even,26,,even_char; semisimple,defect_a_even_char,BLUEPRINT A.7.1 even q-grid x n-grid
EV-069,256,2,8,31,0,31,1,even,27,,even_char; semisimple,defect_a_even_char,BLUEPRINT A.7.1 even q-grid x n-grid
EV-069,256,2,8,31,0,31,1,even,28,,even_char; semisimple,defect_a_even_char,BLUEPRINT A.7.1 even q-grid x n-grid
EV-069,256,2,8,31,0,31,1,even,29,,even_char; semisimple,defect_a_even_char,BLUEPRINT A.7.1 even q-grid x n-grid
EV-069,256,2,8,31,0,31,1,even,30,,even_char; semisimple,defect_a_even_char,BLUEPRINT A.7.1 even q-grid x n-grid
EV-069,256,2,8,31,0,31,1,even,31,,even_char; semisimple,defect_a_even_char,BLUEPRINT A.7.1 even q-grid x n-grid
EV-069,256,2,8,31,0,31,1,even,32,,even_char; semisimple,defect_a_even_char,BLUEPRINT A.7.1 even q-grid x n-grid
EV-069,256,2,8,31,0,31,1,even,33,,even_char; semisimple,defect_a_even_char,BLUEPRINT A.7.1 even q-grid x n-grid
EV-069,256,2,8,31,0,31,1,even,34,,even_char; semisimple,defect_a_even_char,BLUEPRINT A.7.1 even q-grid x n-grid
EV-069,256,2,8,31,0,31,1,even,35,,even_char; semisimple,defect_a_even_char,BLUEPRINT A.7.1 even q-grid x n-grid
EV-069,256,2,8,31,0,31,1,even,36,,even_char; semisimple,defect_a_even_char,BLUEPRINT A.7.1 even q-grid x n-grid
EV-069,256,2,8,31,0,31,1,even,37,,even_char; semisimple,defect_a_even_char,BLUEPRINT A.7.1 even q-grid x n-grid
EV-069,256,2,8,31,0,31,1,even,38,,even_char; semisimple,defect_a_even_char,BLUEPRINT A.7.1 even q-grid x n-grid
EV-069,256,2,8,31,0,31,1,even,39,,even_char; semisimple,defect_a_even_char,BLUEPRINT A.7.1 even q-grid x n-grid
EV-069,256,2,8,31,0,31,1,even,40,,even_char; semisimple,defect_a_even_char,BLUEPRINT A.7.1 even q-grid x n-grid
EV-069,256,2,8,31,0,31,1,even,41,,even_char; semisimple,defect_a_even_char,BLUEPRINT A.7.1 even q-grid x n-grid
EV-069,256,2,8,31,0,31,1,even,42,,even_char; semisimple,defect_a_even_char,BLUEPRINT A.7.1 even q-grid x n-grid
EV-069,256,2,8,31,0,31,1,even,43,,even_char; semisimple,defect_a_even_char,BLUEPRINT A.7.1 even q-grid x n-grid
EV-069,256,2,8,31,0,31,1,even,44,,even_char; semisimple,defect_a_even_char,BLUEPRINT A.7.1 even q-grid x n-grid
EV-069,256,2,8,31,0,31,1,even,45,,even_char; semisimple,defect_a_even_char,BLUEPRINT A.7.1 even q-grid x n-grid
EV-069,256,2,8,31,0,31,1,even,46,,even_char; semisimple,defect_a_even_char,BLUEPRINT A.7.1 even q-grid x n-grid
EV-069,256,2,8,31,0,31,1,even,47,,even_char; semisimple,defect_a_even_char,BLUEPRINT A.7.1 even q-grid x n-grid
EV-069,256,2,8,31,0,31,1,even,48,,even_char; semisimple,defect_a_even_char,BLUEPRINT A.7.1 even q-grid x n-grid
EV-069,256,2,8,31,0,31,1,even,49,,even_char; semisimple,defect_a_even_char,BLUEPRINT A.7.1 even q-grid x n-grid
EV-069,256,2,8,31,0,31,1,even,50,,even_char; semisimple,defect_a_even_char,BLUEPRINT A.7.1 even q-grid x n-grid
EV-069,256,2,8,31,0,31,1,even,51,,even_char; semisimple,defect_a_even_char,BLUEPRINT A.7.1 even q-grid x n-grid
EV-069,256,2,8,31,0,31,1,even,52,,even_char; semisimple,defect_a_even_char,BLUEPRINT A.7.1 even q-grid x n-grid
EV-069,256,2,8,31,0,31,1,even,53,,even_char; semisimple,defect_a_even_char,BLUEPRINT A.7.1 even q-grid x n-grid
EV-069,256,2,8,31,0,31,1,even,54,,even_char; semisimple,defect_a_even_char,BLUEPRINT A.7.1 even q-grid x n-grid
EV-069,256,2,8,31,0,31,1,even,55,,even_char; semisimple,defect_a_even_char,BLUEPRINT A.7.1 even q-grid x n-grid
EV-069,256,2,8,31,0,31,1,even,56,,even_char; semisimple,defect_a_even_char,BLUEPRINT A.7.1 even q-grid x n-grid
EV-069,256,2,8,31,0,31,1,even,57,,even_char; semisimple,defect_a_even_char,BLUEPRINT A.7.1 even q-grid x n-grid
EV-069,256,2,8,31,0,31,1,even,58,,even_char; semisimple,defect_a_even_char,BLUEPRINT A.7.1 even q-grid x n-grid
EV-069,256,2,8,31,0,31,1,even,59,,even_char; semisimple,defect_a_even_char,BLUEPRINT A.7.1 even q-grid x n-grid
EV-069,256,2,8,31,0,31,1,even,60,,even_char; semisimple,defect_a_even_char,BLUEPRINT A.7.1 even q-grid x n-grid
EV-069,256,2,8,31,0,31,1,even,61,,even_char; semisimple,defect_a_even_char,BLUEPRINT A.7.1 even q-grid x n-grid
EV-069,256,2,8,31,0,31,1,even,62,,even_char; semisimple,defect_a_even_char,BLUEPRINT A.7.1 even q-grid x n-grid
EV-069,256,2,8,31,0,31,1,even,63,,even_char; semisimple,defect_a_even_char,BLUEPRINT A.7.1 even q-grid x n-grid
EV-069,256,2,8,31,0,31,1,even,64,,even_char; semisimple,defect_a_even_char,BLUEPRINT A.7.1 even q-grid x n-grid
EV-069,256,2,8,31,0,31,1,even,65,,even_char; semisimple,defect_a_even_char,BLUEPRINT A.7.1 even q-grid x n-grid
EV-069,256,2,8,31,0,31,1,even,66,,even_char; semisimple,defect_a_even_char,BLUEPRINT A.7.1 even q-grid x n-grid
EV-069,256,2,8,31,0,31,1,even,67,,even_char; semisimple,defect_a_even_char,BLUEPRINT A.7.1 even q-grid x n-grid
EV-069,256,2,8,31,0,31,1,even,68,,even_char; semisimple,defect_a_even_char,BLUEPRINT A.7.1 even q-grid x n-grid
EV-069,256,2,8,31,0,31,1,even,69,,even_char; semisimple,defect_a_even_char,BLUEPRINT A.7.1 even q-grid x n-grid
EV-069,256,2,8,31,0,31,1,even,70,,even_char; semisimple,defect_a_even_char,BLUEPRINT A.7.1 even q-grid x n-grid
EV-069,256,2,8,31,0,31,1,even,71,,even_char; semisimple,defect_a_even_char,BLUEPRINT A.7.1 even q-grid x n-grid
EV-069,256,2,8,31,0,31,1,even,72,,even_char; semisimple,defect_a_even_char,BLUEPRINT A.7.1 even q-grid x n-grid
EV-069,256,2,8,31,0,31,1,even,73,,even_char; semisimple,defect_a_even_char,BLUEPRINT A.7.1 even q-grid x n-grid
EV-069,256,2,8,31,0,31,1,even,74,,even_char; semisimple,defect_a_even_char,BLUEPRINT A.7.1 even q-grid x n-grid
EV-069,256,2,8,31,0,31,1,even,75,,even_char; semisimple,defect_a_even_char,BLUEPRINT A.7.1 even q-grid x n-grid
EV-069,256,2,8,31,0,31,1,even,76,,even_char; semisimple,defect_a_even_char,BLUEPRINT A.7.1 even q-grid x n-grid
EV-069,256,2,8,31,0,31,1,even,77,,even_char; semisimple,defect_a_even_char,BLUEPRINT A.7.1 even q-grid x n-grid
EV-069,256,2,8,31,0,31,1,even,78,,even_char; semisimple,defect_a_even_char,BLUEPRINT A.7.1 even q-grid x n-grid
EV-069,256,2,8,31,0,31,1,even,79,,even_char; semisimple,defect_a_even_char,BLUEPRINT A.7.1 even q-grid x n-grid
EV-069,256,2,8,31,0,31,1,even,80,,even_char; semisimple,defect_a_even_char,BLUEPRINT A.7.1 even q-grid x n-grid
EV-069,256,2,8,31,0,31,1,even,81,,even_char; semisimple,defect_a_even_char,BLUEPRINT A.7.1 even q-grid x n-grid
EV-069,256,2,8,31,0,31,1,even,82,,even_char; semisimple,defect_a_even_char,BLUEPRINT A.7.1 even q-grid x n-grid
EV-069,256,2,8,31,0,31,1,even,83,,even_char; semisimple,defect_a_even_char,BLUEPRINT A.7.1 even q-grid x n-grid
EV-069,256,2,8,31,0,31,1,even,84,,even_char; semisimple,defect_a_even_char,BLUEPRINT A.7.1 even q-grid x n-grid
EV-069,256,2,8,31,0,31,1,even,85,,even_char; semisimple,defect_a_even_char,BLUEPRINT A.7.1 even q-grid x n-grid
EV-069,256,2,8,31,0,31,1,even,86,,even_char; semisimple,defect_a_even_char,BLUEPRINT A.7.1 even q-grid x n-grid
EV-069,256,2,8,31,0,31,1,even,87,,even_char; semisimple,defect_a_even_char,BLUEPRINT A.7.1 even q-grid x n-grid
EV-069,256,2,8,31,0,31,1,even,88,,even_char; semisimple,defect_a_even_char,BLUEPRINT A.7.1 even q-grid x n-grid
EV-069,256,2,8,31,0,31,1,even,89,,even_char; semisimple,defect_a_even_char,BLUEPRINT A.7.1 even q-grid x n-grid
EV-069,256,2,8,31,0,31,1,even,90,,even_char; semisimple,defect_a_even_char,BLUEPRINT A.7.1 even q-grid x n-grid
EV-069,256,2,8,31,0,31,1,even,91,,even_char; semisimple,defect_a_even_char,BLUEPRINT A.7.1 even q-grid x n-grid
EV-069,256,2,8,31,0,31,1,even,92,,even_char; semisimple,defect_a_even_char,BLUEPRINT A.7.1 even q-grid x n-grid
EV-069,256,2,8,31,0,31,1,even,93,,even_char; semisimple,defect_a_even_char,BLUEPRINT A.7.1 even q-grid x n-grid
EV-069,256,2,8,31,0,31,1,even,94,,even_char; semisimple,defect_a_even_char,BLUEPRINT A.7.1 even q-grid x n-grid
EV-069,256,2,8,31,0,31,1,even,95,,even_char; semisimple,defect_a_even_char,BLUEPRINT A.7.1 even q-grid x n-grid
EV-069,256,2,8,31,0,31,1,even,96,,even_char; semisimple,defect_a_even_char,BLUEPRINT A.7.1 even q-grid x n-grid
EV-069,256,2,8,31,0,31,1,even,97,,even_char; semisimple,defect_a_even_char,BLUEPRINT A.7.1 even q-grid x n-grid
EV-069,256,2,8,31,0,31,1,even,98,,even_char; semisimple,defect_a_even_char,BLUEPRINT A.7.1 even q-grid x n-grid
EV-069,256,2,8,31,0,31,1,even,99,,even_char; semisimple,defect_a_even_char,BLUEPRINT A.7.1 even q-grid x n-grid
EV-069,256,2,8,31,0,31,1,even,100,,even_char; semisimple,defect_a_even_char,BLUEPRINT A.7.1 even q-grid x n-grid
EV-069,256,2,8,31,0,31,1,even,101,,even_char; semisimple,defect_a_even_char,BLUEPRINT A.7.1 even q-grid x n-grid
EV-069,256,2,8,31,0,31,1,even,102,,even_char; semisimple,defect_a_even_char,BLUEPRINT A.7.1 even q-grid x n-grid
EV-069,256,2,8,31,0,31,1,even,103,,even_char; semisimple,defect_a_even_char,BLUEPRINT A.7.1 even q-grid x n-grid
EV-069,256,2,8,31,0,31,1,even,104,,even_char; semisimple,defect_a_even_char,BLUEPRINT A.7.1 even q-grid x n-grid
EV-069,256,2,8,31,0,31,1,even,105,,even_char; semisimple,defect_a_even_char,BLUEPRINT A.7.1 even q-grid x n-grid
EV-069,256,2,8,31,0,31,1,even,106,,even_char; semisimple,defect_a_even_char,BLUEPRINT A.7.1 even q-grid x n-grid
EV-069,256,2,8,31,0,31,1,even,107,,even_char; semisimple,defect_a_even_char,BLUEPRINT A.7.1 even q-grid x n-grid
EV-069,256,2,8,31,0,31,1,even,108,,even_char; semisimple,defect_a_even_char,BLUEPRINT A.7.1 even q-grid x n-grid
EV-069,256,2,8,31,0,31,1,even,109,,even_char; semisimple,defect_a_even_char,BLUEPRINT A.7.1 even q-grid x n-grid
EV-069,256,2,8,31,0,31,1,even,110,,even_char; semisimple,defect_a_even_char,BLUEPRINT A.7.1 even q-grid x n-grid
EV-069,256,2,8,31,0,31,1,even,111,,even_char; semisimple,defect_a_even_char,BLUEPRINT A.7.1 even q-grid x n-grid
EV-069,256,2,8,31,0,31,1,even,112,,even_char; semisimple,defect_a_even_char,BLUEPRINT A.7.1 even q-grid x n-grid
EV-069,256,2,8,31,0,31,1,even,113,,even_char; semisimple,defect_a_even_char,BLUEPRINT A.7.1 even q-grid x n-grid
EV-069,256,2,8,31,0,31,1,even,114,,even_char; semisimple,defect_a_even_char,BLUEPRINT A.7.1 even q-grid x n-grid
EV-069,256,2,8,31,0,31,1,even,115,,even_char; semisimple,defect_a_even_char,BLUEPRINT A.7.1 even q-grid x n-grid
EV-069,256,2,8,31,0,31,1,even,116,,even_char; semisimple,defect_a_even_char,BLUEPRINT A.7.1 even q-grid x n-grid
EV-069,256,2,8,31,0,31,1,even,117,,even_char; semisimple,defect_a_even_char,BLUEPRINT A.7.1 even q-grid x n-grid
EV-069,256,2,8,31,0,31,1,even,118,,even_char; semisimple,defect_a_even_char,BLUEPRINT A.7.1 even q-grid x n-grid
EV-069,256,2,8,31,0,31,1,even,119,,even_char; semisimple,defect_a_even_char,BLUEPRINT A.7.1 even q-grid x n-grid
EV-069,256,2,8,31,0,31,1,even,120,,even_char; semisimple,defect_a_even_char,BLUEPRINT A.7.1 even q-grid x n-grid
EV-069,256,2,8,31,0,31,1,even,121,,even_char; semisimple,defect_a_even_char,BLUEPRINT A.7.1 even q-grid x n-grid
EV-069,256,2,8,31,0,31,1,even,122,,even_char; semisimple,defect_a_even_char,BLUEPRINT A.7.1 even q-grid x n-grid
EV-069,256,2,8,31,0,31,1,even,123,,even_char; semisimple,defect_a_even_char,BLUEPRINT A.7.1 even q-grid x n-grid
EV-069,256,2,8,31,0,31,1,even,124,,even_char; semisimple,defect_a_even_char,BLUEPRINT A.7.1 even q-grid x n-grid
EV-069,256,2,8,31,0,31,1,even,125,,even_char; semisimple,defect_a_even_char,BLUEPRINT A.7.1 even q-grid x n-grid
EV-069,256,2,8,31,0,31,1,even,126,,even_char; semisimple,defect_a_even_char,BLUEPRINT A.7.1 even q-grid x n-grid
EV-069,256,2,8,31,0,31,1,even,127,,even_char; semisimple,defect_a_even_char,BLUEPRINT A.7.1 even q-grid x n-grid
EV-069,256,2,8,31,0,31,1,even,128,,even_char; semisimple,defect_a_even_char,BLUEPRINT A.7.1 even q-grid x n-grid
EV-069,256,2,8,31,0,31,1,even,129,,even_char; semisimple,defect_a_even_char,BLUEPRINT A.7.1 even q-grid x n-grid
EV-069,256,2,8,31,0,31,1,even,130,,even_char; semisimple,defect_a_even_char,BLUEPRINT A.7.1 even q-grid x n-grid
EV-069,256,2,8,31,0,31,1,even,131,,even_char; semisimple,defect_a_even_char,BLUEPRINT A.7.1 even q-grid x n-grid
EV-069,256,2,8,31,0,31,1,even,132,,even_char; semisimple,defect_a_even_char,BLUEPRINT A.7.1 even q-grid x n-grid
EV-069,256,2,8,31,0,31,1,even,133,,even_char; semisimple,defect_a_even_char,BLUEPRINT A.7.1 even q-grid x n-grid
EV-069,256,2,8,31,0,31,1,even,134,,even_char; semisimple,defect_a_even_char,BLUEPRINT A.7.1 even q-grid x n-grid
EV-069,256,2,8,31,0,31,1,even,135,,even_char; semisimple,defect_a_even_char,BLUEPRINT A.7.1 even q-grid x n-grid
EV-069,256,2,8,31,0,31,1,even,136,,even_char; semisimple,defect_a_even_char,BLUEPRINT A.7.1 even q-grid x n-grid
EV-069,256,2,8,31,0,31,1,even,137,,even_char; semisimple,defect_a_even_char,BLUEPRINT A.7.1 even q-grid x n-grid
EV-069,256,2,8,31,0,31,1,even,138,,even_char; semisimple,defect_a_even_char,BLUEPRINT A.7.1 even q-grid x n-grid
EV-069,256,2,8,31,0,31,1,even,139,,even_char; semisimple,defect_a_even_char,BLUEPRINT A.7.1 even q-grid x n-grid
EV-069,256,2,8,31,0,31,1,even,140,,even_char; semisimple,defect_a_even_char,BLUEPRINT A.7.1 even q-grid x n-grid
EV-069,256,2,8,31,0,31,1,even,141,,even_char; semisimple,defect_a_even_char,BLUEPRINT A.7.1 even q-grid x n-grid
EV-069,256,2,8,31,0,31,1,even,142,,even_char; semisimple,defect_a_even_char,BLUEPRINT A.7.1 even q-grid x n-grid
EV-069,256,2,8,31,0,31,1,even,143,,even_char; semisimple,defect_a_even_char,BLUEPRINT A.7.1 even q-grid x n-grid
EV-069,256,2,8,31,0,31,1,even,144,,even_char; semisimple,defect_a_even_char,BLUEPRINT A.7.1 even q-grid x n-grid
EV-069,256,2,8,31,0,31,1,even,145,,even_char; semisimple,defect_a_even_char,BLUEPRINT A.7.1 even q-grid x n-grid
EV-069,256,2,8,31,0,31,1,even,146,,even_char; semisimple,defect_a_even_char,BLUEPRINT A.7.1 even q-grid x n-grid
EV-069,256,2,8,31,0,31,1,even,147,,even_char; semisimple,defect_a_even_char,BLUEPRINT A.7.1 even q-grid x n-grid
EV-069,256,2,8,31,0,31,1,even,148,,even_char; semisimple,defect_a_even_char,BLUEPRINT A.7.1 even q-grid x n-grid
EV-069,256,2,8,31,0,31,1,even,149,,even_char; semisimple,defect_a_even_char,BLUEPRINT A.7.1 even q-grid x n-grid
EV-069,256,2,8,31,0,31,1,even,150,,even_char; semisimple,defect_a_even_char,BLUEPRINT A.7.1 even q-grid x n-grid
EV-069,256,2,8,31,0,31,1,even,151,,even_char; semisimple,defect_a_even_char,BLUEPRINT A.7.1 even q-grid x n-grid
EV-069,256,2,8,31,0,31,1,even,152,,even_char; semisimple,defect_a_even_char,BLUEPRINT A.7.1 even q-grid x n-grid
EV-069,256,2,8,31,0,31,1,even,153,,even_char; semisimple,defect_a_even_char,BLUEPRINT A.7.1 even q-grid x n-grid
EV-069,256,2,8,31,0,31,1,even,154,,even_char; semisimple,defect_a_even_char,BLUEPRINT A.7.1 even q-grid x n-grid
EV-069,256,2,8,31,0,31,1,even,155,,even_char; semisimple,defect_a_even_char,BLUEPRINT A.7.1 even q-grid x n-grid
EV-069,256,2,8,31,0,31,1,even,156,,even_char; semisimple,defect_a_even_char,BLUEPRINT A.7.1 even q-grid x n-grid
EV-069,256,2,8,31,0,31,1,even,157,,even_char; semisimple,defect_a_even_char,BLUEPRINT A.7.1 even q-grid x n-grid
EV-069,256,2,8,31,0,31,1,even,158,,even_char; semisimple,defect_a_even_char,BLUEPRINT A.7.1 even q-grid x n-grid
EV-069,256,2,8,31,0,31,1,even,159,,even_char; semisimple,defect_a_even_char,BLUEPRINT A.7.1 even q-grid x n-grid
EV-069,256,2,8,31,0,31,1,even,160,,even_char; semisimple,defect_a_even_char,BLUEPRINT A.7.1 even q-grid x n-grid
EV-069,256,2,8,31,0,31,1,even,161,,even_char; semisimple,defect_a_even_char,BLUEPRINT A.7.1 even q-grid x n-grid
EV-069,256,2,8,31,0,31,1,even,162,,even_char; semisimple,defect_a_even_char,BLUEPRINT A.7.1 even q-grid x n-grid
EV-069,256,2,8,31,0,31,1,even,163,,even_char; semisimple,defect_a_even_char,BLUEPRINT A.7.1 even q-grid x n-grid
EV-069,256,2,8,31,0,31,1,even,164,,even_char; semisimple,defect_a_even_char,BLUEPRINT A.7.1 even q-grid x n-grid
EV-069,256,2,8,31,0,31,1,even,165,,even_char; semisimple,defect_a_even_char,BLUEPRINT A.7.1 even q-grid x n-grid
EV-069,256,2,8,31,0,31,1,even,166,,even_char; semisimple,defect_a_even_char,BLUEPRINT A.7.1 even q-grid x n-grid
EV-069,256,2,8,31,0,31,1,even,167,,even_char; semisimple,defect_a_even_char,BLUEPRINT A.7.1 even q-grid x n-grid
EV-069,256,2,8,31,0,31,1,even,168,,even_char; semisimple,defect_a_even_char,BLUEPRINT A.7.1 even q-grid x n-grid
EV-069,256,2,8,31,0,31,1,even,169,,even_char; semisimple,defect_a_even_char,BLUEPRINT A.7.1 even q-grid x n-grid
EV-069,256,2,8,31,0,31,1,even,170,,even_char; semisimple,defect_a_even_char,BLUEPRINT A.7.1 even q-grid x n-grid
EV-069,256,2,8,31,0,31,1,even,171,,even_char; semisimple,defect_a_even_char,BLUEPRINT A.7.1 even q-grid x n-grid
EV-069,256,2,8,31,0,31,1,even,172,,even_char; semisimple,defect_a_even_char,BLUEPRINT A.7.1 even q-grid x n-grid
EV-069,256,2,8,31,0,31,1,even,173,,even_char; semisimple,defect_a_even_char,BLUEPRINT A.7.1 even q-grid x n-grid
EV-069,256,2,8,31,0,31,1,even,174,,even_char; semisimple,defect_a_even_char,BLUEPRINT A.7.1 even q-grid x n-grid
EV-069,256,2,8,31,0,31,1,even,175,,even_char; semisimple,defect_a_even_char,BLUEPRINT A.7.1 even q-grid x n-grid
EV-069,256,2,8,31,0,31,1,even,176,,even_char; semisimple,defect_a_even_char,BLUEPRINT A.7.1 even q-grid x n-grid
EV-069,256,2,8,31,0,31,1,even,177,,even_char; semisimple,defect_a_even_char,BLUEPRINT A.7.1 even q-grid x n-grid
EV-069,256,2,8,31,0,31,1,even,178,,even_char; semisimple,defect_a_even_char,BLUEPRINT A.7.1 even q-grid x n-grid
EV-069,256,2,8,31,0,31,1,even,179,,even_char; semisimple,defect_a_even_char,BLUEPRINT A.7.1 even q-grid x n-grid
EV-069,256,2,8,31,0,31,1,even,180,,even_char; semisimple,defect_a_even_char,BLUEPRINT A.7.1 even q-grid x n-grid
EV-069,256,2,8,31,0,31,1,even,181,,even_char; semisimple,defect_a_even_char,BLUEPRINT A.7.1 even q-grid x n-grid
EV-069,256,2,8,31,0,31,1,even,182,,even_char; semisimple,defect_a_even_char,BLUEPRINT A.7.1 even q-grid x n-grid
EV-069,256,2,8,31,0,31,1,even,183,,even_char; semisimple,defect_a_even_char,BLUEPRINT A.7.1 even q-grid x n-grid
EV-069,256,2,8,31,0,31,1,even,184,,even_char; semisimple,defect_a_even_char,BLUEPRINT A.7.1 even q-grid x n-grid
EV-069,256,2,8,31,0,31,1,even,185,,even_char; semisimple,defect_a_even_char,BLUEPRINT A.7.1 even q-grid x n-grid
EV-069,256,2,8,31,0,31,1,even,186,,even_char; semisimple,defect_a_even_char,BLUEPRINT A.7.1 even q-grid x n-grid
EV-069,256,2,8,31,0,31,1,even,187,,even_char; semisimple,defect_a_even_char,BLUEPRINT A.7.1 even q-grid x n-grid
EV-069,256,2,8,31,0,31,1,even,188,,even_char; semisimple,defect_a_even_char,BLUEPRINT A.7.1 even q-grid x n-grid
EV-069,256,2,8,31,0,31,1,even,189,,even_char; semisimple,defect_a_even_char,BLUEPRINT A.7.1 even q-grid x n-grid
EV-069,256,2,8,31,0,31,1,even,190,,even_char; semisimple,defect_a_even_char,BLUEPRINT A.7.1 even q-grid x n-grid
EV-069,256,2,8,31,0,31,1,even,191,,even_char; semisimple,defect_a_even_char,BLUEPRINT A.7.1 even q-grid x n-grid
EV-069,256,2,8,31,0,31,1,even,192,,even_char; semisimple,defect_a_even_char,BLUEPRINT A.7.1 even q-grid x n-grid
EV-069,256,2,8,31,0,31,1,even,193,,even_char; semisimple,defect_a_even_char,BLUEPRINT A.7.1 even q-grid x n-grid
EV-069,256,2,8,31,0,31,1,even,194,,even_char; semisimple,defect_a_even_char,BLUEPRINT A.7.1 even q-grid x n-grid
EV-069,256,2,8,31,0,31,1,even,195,,even_char; semisimple,defect_a_even_char,BLUEPRINT A.7.1 even q-grid x n-grid
EV-069,256,2,8,31,0,31,1,even,196,,even_char; semisimple,defect_a_even_char,BLUEPRINT A.7.1 even q-grid x n-grid
EV-069,256,2,8,31,0,31,1,even,197,,even_char; semisimple,defect_a_even_char,BLUEPRINT A.7.1 even q-grid x n-grid
EV-069,256,2,8,31,0,31,1,even,198,,even_char; semisimple,defect_a_even_char,BLUEPRINT A.7.1 even q-grid x n-grid
EV-069,256,2,8,31,0,31,1,even,199,,even_char; semisimple,defect_a_even_char,BLUEPRINT A.7.1 even q-grid x n-grid
EV-069,256,2,8,31,0,31,1,even,200,,even_char; semisimple,defect_a_even_char,BLUEPRINT A.7.1 even q-grid x n-grid
EV-069,256,2,8,31,0,31,1,even,201,,even_char; semisimple,defect_a_even_char,BLUEPRINT A.7.1 even q-grid x n-grid
EV-069,256,2,8,31,0,31,1,even,202,,even_char; semisimple,defect_a_even_char,BLUEPRINT A.7.1 even q-grid x n-grid
EV-069,256,2,8,31,0,31,1,even,203,,even_char; semisimple,defect_a_even_char,BLUEPRINT A.7.1 even q-grid x n-grid
EV-069,256,2,8,31,0,31,1,even,204,,even_char; semisimple,defect_a_even_char,BLUEPRINT A.7.1 even q-grid x n-grid
EV-069,256,2,8,31,0,31,1,even,205,,even_char; semisimple,defect_a_even_char,BLUEPRINT A.7.1 even q-grid x n-grid
EV-069,256,2,8,31,0,31,1,even,206,,even_char; semisimple,defect_a_even_char,BLUEPRINT A.7.1 even q-grid x n-grid
EV-069,256,2,8,31,0,31,1,even,207,,even_char; semisimple,defect_a_even_char,BLUEPRINT A.7.1 even q-grid x n-grid
EV-069,256,2,8,31,0,31,1,even,208,,even_char; semisimple,defect_a_even_char,BLUEPRINT A.7.1 even q-grid x n-grid
EV-069,256,2,8,31,0,31,1,even,209,,even_char; semisimple,defect_a_even_char,BLUEPRINT A.7.1 even q-grid x n-grid
EV-069,256,2,8,31,0,31,1,even,210,,even_char; semisimple,defect_a_even_char,BLUEPRINT A.7.1 even q-grid x n-grid
EV-069,256,2,8,31,0,31,1,even,211,,even_char; semisimple,defect_a_even_char,BLUEPRINT A.7.1 even q-grid x n-grid
EV-069,256,2,8,31,0,31,1,even,212,,even_char; semisimple,defect_a_even_char,BLUEPRINT A.7.1 even q-grid x n-grid
EV-069,256,2,8,31,0,31,1,even,213,,even_char; semisimple,defect_a_even_char,BLUEPRINT A.7.1 even q-grid x n-grid
EV-069,256,2,8,31,0,31,1,even,214,,even_char; semisimple,defect_a_even_char,BLUEPRINT A.7.1 even q-grid x n-grid
EV-069,256,2,8,31,0,31,1,even,215,,even_char; semisimple,defect_a_even_char,BLUEPRINT A.7.1 even q-grid x n-grid
EV-069,256,2,8,31,0,31,1,even,216,,even_char; semisimple,defect_a_even_char,BLUEPRINT A.7.1 even q-grid x n-grid
EV-069,256,2,8,31,0,31,1,even,217,,even_char; semisimple,defect_a_even_char,BLUEPRINT A.7.1 even q-grid x n-grid
EV-069,256,2,8,31,0,31,1,even,218,,even_char; semisimple,defect_a_even_char,BLUEPRINT A.7.1 even q-grid x n-grid
EV-069,256,2,8,31,0,31,1,even,219,,even_char; semisimple,defect_a_even_char,BLUEPRINT A.7.1 even q-grid x n-grid
EV-069,256,2,8,31,0,31,1,even,220,,even_char; semisimple,defect_a_even_char,BLUEPRINT A.7.1 even q-grid x n-grid
EV-069,256,2,8,31,0,31,1,even,221,,even_char; semisimple,defect_a_even_char,BLUEPRINT A.7.1 even q-grid x n-grid
EV-069,256,2,8,31,0,31,1,even,222,,even_char; semisimple,defect_a_even_char,BLUEPRINT A.7.1 even q-grid x n-grid
EV-069,256,2,8,31,0,31,1,even,223,,even_char; semisimple,defect_a_even_char,BLUEPRINT A.7.1 even q-grid x n-grid
EV-069,256,2,8,31,0,31,1,even,224,,even_char; semisimple,defect_a_even_char,BLUEPRINT A.7.1 even q-grid x n-grid
EV-069,256,2,8,31,0,31,1,even,225,,even_char; semisimple,defect_a_even_char,BLUEPRINT A.7.1 even q-grid x n-grid
EV-069,256,2,8,31,0,31,1,even,226,,even_char; semisimple,defect_a_even_char,BLUEPRINT A.7.1 even q-grid x n-grid
EV-069,256,2,8,31,0,31,1,even,227,,even_char; semisimple,defect_a_even_char,BLUEPRINT A.7.1 even q-grid x n-grid
EV-069,256,2,8,31,0,31,1,even,228,,even_char; semisimple,defect_a_even_char,BLUEPRINT A.7.1 even q-grid x n-grid
EV-069,256,2,8,31,0,31,1,even,229,,even_char; semisimple,defect_a_even_char,BLUEPRINT A.7.1 even q-grid x n-grid
EV-069,256,2,8,31,0,31,1,even,230,,even_char; semisimple,defect_a_even_char,BLUEPRINT A.7.1 even q-grid x n-grid
EV-069,256,2,8,31,0,31,1,even,231,,even_char; semisimple,defect_a_even_char,BLUEPRINT A.7.1 even q-grid x n-grid
EV-069,256,2,8,31,0,31,1,even,232,,even_char; semisimple,defect_a_even_char,BLUEPRINT A.7.1 even q-grid x n-grid
EV-069,256,2,8,31,0,31,1,even,233,,even_char; semisimple,defect_a_even_char,BLUEPRINT A.7.1 even q-grid x n-grid
EV-069,256,2,8,31,0,31,1,even,234,,even_char; semisimple,defect_a_even_char,BLUEPRINT A.7.1 even q-grid x n-grid
EV-069,256,2,8,31,0,31,1,even,235,,even_char; semisimple,defect_a_even_char,BLUEPRINT A.7.1 even q-grid x n-grid
EV-069,256,2,8,31,0,31,1,even,236,,even_char; semisimple,defect_a_even_char,BLUEPRINT A.7.1 even q-grid x n-grid
EV-069,256,2,8,31,0,31,1,even,237,,even_char; semisimple,defect_a_even_char,BLUEPRINT A.7.1 even q-grid x n-grid
EV-069,256,2,8,31,0,31,1,even,238,,even_char; semisimple,defect_a_even_char,BLUEPRINT A.7.1 even q-grid x n-grid
EV-069,256,2,8,31,0,31,1,even,239,,even_char; semisimple,defect_a_even_char,BLUEPRINT A.7.1 even q-grid x n-grid
EV-069,256,2,8,31,0,31,1,even,240,,even_char; semisimple,defect_a_even_char,BLUEPRINT A.7.1 even q-grid x n-grid
EV-069,256,2,8,31,0,31,1,even,241,,even_char; semisimple,defect_a_even_char,BLUEPRINT A.7.1 even q-grid x n-grid
EV-069,256,2,8,31,0,31,1,even,242,,even_char; semisimple,defect_a_even_char,BLUEPRINT A.7.1 even q-grid x n-grid
EV-069,256,2,8,31,0,31,1,even,243,,even_char; semisimple,defect_a_even_char,BLUEPRINT A.7.1 even q-grid x n-grid
EV-069,256,2,8,31,0,31,1,even,244,,even_char; semisimple,defect_a_even_char,BLUEPRINT A.7.1 even q-grid x n-grid
EV-069,256,2,8,31,0,31,1,even,245,,even_char; semisimple,defect_a_even_char,BLUEPRINT A.7.1 even q-grid x n-grid
EV-069,256,2,8,31,0,31,1,even,246,,even_char; semisimple,defect_a_even_char,BLUEPRINT A.7.1 even q-grid x n-grid
EV-069,256,2,8,31,0,31,1,even,247,,even_char; semisimple,defect_a_even_char,BLUEPRINT A.7.1 even q-grid x n-grid
EV-069,256,2,8,31,0,31,1,even,248,,even_char; semisimple,defect_a_even_char,BLUEPRINT A.7.1 even q-grid x n-grid
EV-069,256,2,8,31,0,31,1,even,249,,even_char; semisimple,defect_a_even_char,BLUEPRINT A.7.1 even q-grid x n-grid
EV-069,256,2,8,31,0,31,1,even,250,,even_char; semisimple,defect_a_even_char,BLUEPRINT A.7.1 even q-grid x n-grid
EV-069,256,2,8,31,0,31,1,even,251,,even_char; semisimple,defect_a_even_char,BLUEPRINT A.7.1 even q-grid x n-grid
EV-069,256,2,8,31,0,31,1,even,252,,even_char; semisimple,defect_a_even_char,BLUEPRINT A.7.1 even q-grid x n-grid
EV-069,256,2,8,31,0,31,1,even,253,,even_char; semisimple,defect_a_even_char,BLUEPRINT A.7.1 even q-grid x n-grid
EV-069,256,2,8,31,0,31,1,even,254,,even_char; semisimple,defect_a_even_char,BLUEPRINT A.7.1 even q-grid x n-grid
EV-070,256,2,8,35,0,35,1,even,0,,even_char; semisimple,defect_a_even_char,BLUEPRINT A.7.1 even q-grid x n-grid
EV-070,256,2,8,35,0,35,1,even,1,,even_char; semisimple,defect_a_even_char,BLUEPRINT A.7.1 even q-grid x n-grid
EV-070,256,2,8,35,0,35,1,even,2,,even_char; semisimple,defect_a_even_char,BLUEPRINT A.7.1 even q-grid x n-grid
EV-070,256,2,8,35,0,35,1,even,3,,even_char; semisimple,defect_a_even_char,BLUEPRINT A.7.1 even q-grid x n-grid
EV-070,256,2,8,35,0,35,1,even,4,,even_char; semisimple,defect_a_even_char,BLUEPRINT A.7.1 even q-grid x n-grid
EV-070,256,2,8,35,0,35,1,even,5,,even_char; semisimple,defect_a_even_char,BLUEPRINT A.7.1 even q-grid x n-grid
EV-070,256,2,8,35,0,35,1,even,6,,even_char; semisimple,defect_a_even_char,BLUEPRINT A.7.1 even q-grid x n-grid
EV-070,256,2,8,35,0,35,1,even,7,,even_char; semisimple,defect_a_even_char,BLUEPRINT A.7.1 even q-grid x n-grid
EV-070,256,2,8,35,0,35,1,even,8,,even_char; semisimple,defect_a_even_char,BLUEPRINT A.7.1 even q-grid x n-grid
EV-070,256,2,8,35,0,35,1,even,9,,even_char; semisimple,defect_a_even_char,BLUEPRINT A.7.1 even q-grid x n-grid
EV-070,256,2,8,35,0,35,1,even,10,,even_char; semisimple,defect_a_even_char,BLUEPRINT A.7.1 even q-grid x n-grid
EV-070,256,2,8,35,0,35,1,even,11,,even_char; semisimple,defect_a_even_char,BLUEPRINT A.7.1 even q-grid x n-grid
EV-070,256,2,8,35,0,35,1,even,12,,even_char; semisimple,defect_a_even_char,BLUEPRINT A.7.1 even q-grid x n-grid
EV-070,256,2,8,35,0,35,1,even,13,,even_char; semisimple,defect_a_even_char,BLUEPRINT A.7.1 even q-grid x n-grid
EV-070,256,2,8,35,0,35,1,even,14,,even_char; semisimple,defect_a_even_char,BLUEPRINT A.7.1 even q-grid x n-grid
EV-070,256,2,8,35,0,35,1,even,15,,even_char; semisimple,defect_a_even_char,BLUEPRINT A.7.1 even q-grid x n-grid
EV-070,256,2,8,35,0,35,1,even,16,,even_char; semisimple,defect_a_even_char,BLUEPRINT A.7.1 even q-grid x n-grid
EV-070,256,2,8,35,0,35,1,even,17,,even_char; semisimple,defect_a_even_char,BLUEPRINT A.7.1 even q-grid x n-grid
EV-070,256,2,8,35,0,35,1,even,18,,even_char; semisimple,defect_a_even_char,BLUEPRINT A.7.1 even q-grid x n-grid
EV-070,256,2,8,35,0,35,1,even,19,,even_char; semisimple,defect_a_even_char,BLUEPRINT A.7.1 even q-grid x n-grid
EV-070,256,2,8,35,0,35,1,even,20,,even_char; semisimple,defect_a_even_char,BLUEPRINT A.7.1 even q-grid x n-grid
EV-070,256,2,8,35,0,35,1,even,21,,even_char; semisimple,defect_a_even_char,BLUEPRINT A.7.1 even q-grid x n-grid
EV-070,256,2,8,35,0,35,1,even,22,,even_char; semisimple,defect_a_even_char,BLUEPRINT A.7.1 even q-grid x n-grid
EV-070,256,2,8,35,0,35,1,even,23,,even_char; semisimple,defect_a_even_char,BLUEPRINT A.7.1 even q-grid x n-grid
EV-070,256,2,8,35,0,35,1,even,24,,even_char; semisimple,defect_a_even_char,BLUEPRINT A.7.1 even q-grid x n-grid
EV-070,256,2,8,35,0,35,1,even,25,,even_char; semisimple,defect_a_even_char,BLUEPRINT A.7.1 even q-grid x n-grid
EV-070,256,2,8,35,0,35,1,even,26,,even_char; semisimple,defect_a_even_char,BLUEPRINT A.7.1 even q-grid x n-grid
EV-070,256,2,8,35,0,35,1,even,27,,even_char; semisimple,defect_a_even_char,BLUEPRINT A.7.1 even q-grid x n-grid
EV-070,256,2,8,35,0,35,1,even,28,,even_char; semisimple,defect_a_even_char,BLUEPRINT A.7.1 even q-grid x n-grid
EV-070,256,2,8,35,0,35,1,even,29,,even_char; semisimple,defect_a_even_char,BLUEPRINT A.7.1 even q-grid x n-grid
EV-070,256,2,8,35,0,35,1,even,30,,even_char; semisimple,defect_a_even_char,BLUEPRINT A.7.1 even q-grid x n-grid
EV-070,256,2,8,35,0,35,1,even,31,,even_char; semisimple,defect_a_even_char,BLUEPRINT A.7.1 even q-grid x n-grid
EV-070,256,2,8,35,0,35,1,even,32,,even_char; semisimple,defect_a_even_char,BLUEPRINT A.7.1 even q-grid x n-grid
EV-070,256,2,8,35,0,35,1,even,33,,even_char; semisimple,defect_a_even_char,BLUEPRINT A.7.1 even q-grid x n-grid
EV-070,256,2,8,35,0,35,1,even,34,,even_char; semisimple,defect_a_even_char,BLUEPRINT A.7.1 even q-grid x n-grid
EV-070,256,2,8,35,0,35,1,even,35,,even_char; semisimple,defect_a_even_char,BLUEPRINT A.7.1 even q-grid x n-grid
EV-070,256,2,8,35,0,35,1,even,36,,even_char; semisimple,defect_a_even_char,BLUEPRINT A.7.1 even q-grid x n-grid
EV-070,256,2,8,35,0,35,1,even,37,,even_char; semisimple,defect_a_even_char,BLUEPRINT A.7.1 even q-grid x n-grid
EV-070,256,2,8,35,0,35,1,even,38,,even_char; semisimple,defect_a_even_char,BLUEPRINT A.7.1 even q-grid x n-grid
EV-070,256,2,8,35,0,35,1,even,39,,even_char; semisimple,defect_a_even_char,BLUEPRINT A.7.1 even q-grid x n-grid
EV-070,256,2,8,35,0,35,1,even,40,,even_char; semisimple,defect_a_even_char,BLUEPRINT A.7.1 even q-grid x n-grid
EV-070,256,2,8,35,0,35,1,even,41,,even_char; semisimple,defect_a_even_char,BLUEPRINT A.7.1 even q-grid x n-grid
EV-070,256,2,8,35,0,35,1,even,42,,even_char; semisimple,defect_a_even_char,BLUEPRINT A.7.1 even q-grid x n-grid
EV-070,256,2,8,35,0,35,1,even,43,,even_char; semisimple,defect_a_even_char,BLUEPRINT A.7.1 even q-grid x n-grid
EV-070,256,2,8,35,0,35,1,even,44,,even_char; semisimple,defect_a_even_char,BLUEPRINT A.7.1 even q-grid x n-grid
EV-070,256,2,8,35,0,35,1,even,45,,even_char; semisimple,defect_a_even_char,BLUEPRINT A.7.1 even q-grid x n-grid
EV-070,256,2,8,35,0,35,1,even,46,,even_char; semisimple,defect_a_even_char,BLUEPRINT A.7.1 even q-grid x n-grid
EV-070,256,2,8,35,0,35,1,even,47,,even_char; semisimple,defect_a_even_char,BLUEPRINT A.7.1 even q-grid x n-grid
EV-070,256,2,8,35,0,35,1,even,48,,even_char; semisimple,defect_a_even_char,BLUEPRINT A.7.1 even q-grid x n-grid
EV-070,256,2,8,35,0,35,1,even,49,,even_char; semisimple,defect_a_even_char,BLUEPRINT A.7.1 even q-grid x n-grid
EV-070,256,2,8,35,0,35,1,even,50,,even_char; semisimple,defect_a_even_char,BLUEPRINT A.7.1 even q-grid x n-grid
EV-070,256,2,8,35,0,35,1,even,51,,even_char; semisimple,defect_a_even_char,BLUEPRINT A.7.1 even q-grid x n-grid
EV-070,256,2,8,35,0,35,1,even,52,,even_char; semisimple,defect_a_even_char,BLUEPRINT A.7.1 even q-grid x n-grid
EV-070,256,2,8,35,0,35,1,even,53,,even_char; semisimple,defect_a_even_char,BLUEPRINT A.7.1 even q-grid x n-grid
EV-070,256,2,8,35,0,35,1,even,54,,even_char; semisimple,defect_a_even_char,BLUEPRINT A.7.1 even q-grid x n-grid
EV-070,256,2,8,35,0,35,1,even,55,,even_char; semisimple,defect_a_even_char,BLUEPRINT A.7.1 even q-grid x n-grid
EV-070,256,2,8,35,0,35,1,even,56,,even_char; semisimple,defect_a_even_char,BLUEPRINT A.7.1 even q-grid x n-grid
EV-070,256,2,8,35,0,35,1,even,57,,even_char; semisimple,defect_a_even_char,BLUEPRINT A.7.1 even q-grid x n-grid
EV-070,256,2,8,35,0,35,1,even,58,,even_char; semisimple,defect_a_even_char,BLUEPRINT A.7.1 even q-grid x n-grid
EV-070,256,2,8,35,0,35,1,even,59,,even_char; semisimple,defect_a_even_char,BLUEPRINT A.7.1 even q-grid x n-grid
EV-070,256,2,8,35,0,35,1,even,60,,even_char; semisimple,defect_a_even_char,BLUEPRINT A.7.1 even q-grid x n-grid
EV-070,256,2,8,35,0,35,1,even,61,,even_char; semisimple,defect_a_even_char,BLUEPRINT A.7.1 even q-grid x n-grid
EV-070,256,2,8,35,0,35,1,even,62,,even_char; semisimple,defect_a_even_char,BLUEPRINT A.7.1 even q-grid x n-grid
EV-070,256,2,8,35,0,35,1,even,63,,even_char; semisimple,defect_a_even_char,BLUEPRINT A.7.1 even q-grid x n-grid
EV-070,256,2,8,35,0,35,1,even,64,,even_char; semisimple,defect_a_even_char,BLUEPRINT A.7.1 even q-grid x n-grid
EV-070,256,2,8,35,0,35,1,even,65,,even_char; semisimple,defect_a_even_char,BLUEPRINT A.7.1 even q-grid x n-grid
EV-070,256,2,8,35,0,35,1,even,66,,even_char; semisimple,defect_a_even_char,BLUEPRINT A.7.1 even q-grid x n-grid
EV-070,256,2,8,35,0,35,1,even,67,,even_char; semisimple,defect_a_even_char,BLUEPRINT A.7.1 even q-grid x n-grid
EV-070,256,2,8,35,0,35,1,even,68,,even_char; semisimple,defect_a_even_char,BLUEPRINT A.7.1 even q-grid x n-grid
EV-070,256,2,8,35,0,35,1,even,69,,even_char; semisimple,defect_a_even_char,BLUEPRINT A.7.1 even q-grid x n-grid
EV-070,256,2,8,35,0,35,1,even,70,,even_char; semisimple,defect_a_even_char,BLUEPRINT A.7.1 even q-grid x n-grid
EV-070,256,2,8,35,0,35,1,even,71,,even_char; semisimple,defect_a_even_char,BLUEPRINT A.7.1 even q-grid x n-grid
EV-070,256,2,8,35,0,35,1,even,72,,even_char; semisimple,defect_a_even_char,BLUEPRINT A.7.1 even q-grid x n-grid
EV-070,256,2,8,35,0,35,1,even,73,,even_char; semisimple,defect_a_even_char,BLUEPRINT A.7.1 even q-grid x n-grid
EV-070,256,2,8,35,0,35,1,even,74,,even_char; semisimple,defect_a_even_char,BLUEPRINT A.7.1 even q-grid x n-grid
EV-070,256,2,8,35,0,35,1,even,75,,even_char; semisimple,defect_a_even_char,BLUEPRINT A.7.1 even q-grid x n-grid
EV-070,256,2,8,35,0,35,1,even,76,,even_char; semisimple,defect_a_even_char,BLUEPRINT A.7.1 even q-grid x n-grid
EV-070,256,2,8,35,0,35,1,even,77,,even_char; semisimple,defect_a_even_char,BLUEPRINT A.7.1 even q-grid x n-grid
EV-070,256,2,8,35,0,35,1,even,78,,even_char; semisimple,defect_a_even_char,BLUEPRINT A.7.1 even q-grid x n-grid
EV-070,256,2,8,35,0,35,1,even,79,,even_char; semisimple,defect_a_even_char,BLUEPRINT A.7.1 even q-grid x n-grid
EV-070,256,2,8,35,0,35,1,even,80,,even_char; semisimple,defect_a_even_char,BLUEPRINT A.7.1 even q-grid x n-grid
EV-070,256,2,8,35,0,35,1,even,81,,even_char; semisimple,defect_a_even_char,BLUEPRINT A.7.1 even q-grid x n-grid
EV-070,256,2,8,35,0,35,1,even,82,,even_char; semisimple,defect_a_even_char,BLUEPRINT A.7.1 even q-grid x n-grid
EV-070,256,2,8,35,0,35,1,even,83,,even_char; semisimple,defect_a_even_char,BLUEPRINT A.7.1 even q-grid x n-grid
EV-070,256,2,8,35,0,35,1,even,84,,even_char; semisimple,defect_a_even_char,BLUEPRINT A.7.1 even q-grid x n-grid
EV-070,256,2,8,35,0,35,1,even,85,,even_char; semisimple,defect_a_even_char,BLUEPRINT A.7.1 even q-grid x n-grid
EV-070,256,2,8,35,0,35,1,even,86,,even_char; semisimple,defect_a_even_char,BLUEPRINT A.7.1 even q-grid x n-grid
EV-070,256,2,8,35,0,35,1,even,87,,even_char; semisimple,defect_a_even_char,BLUEPRINT A.7.1 even q-grid x n-grid
EV-070,256,2,8,35,0,35,1,even,88,,even_char; semisimple,defect_a_even_char,BLUEPRINT A.7.1 even q-grid x n-grid
EV-070,256,2,8,35,0,35,1,even,89,,even_char; semisimple,defect_a_even_char,BLUEPRINT A.7.1 even q-grid x n-grid
EV-070,256,2,8,35,0,35,1,even,90,,even_char; semisimple,defect_a_even_char,BLUEPRINT A.7.1 even q-grid x n-grid
EV-070,256,2,8,35,0,35,1,even,91,,even_char; semisimple,defect_a_even_char,BLUEPRINT A.7.1 even q-grid x n-grid
EV-070,256,2,8,35,0,35,1,even,92,,even_char; semisimple,defect_a_even_char,BLUEPRINT A.7.1 even q-grid x n-grid
EV-070,256,2,8,35,0,35,1,even,93,,even_char; semisimple,defect_a_even_char,BLUEPRINT A.7.1 even q-grid x n-grid
EV-070,256,2,8,35,0,35,1,even,94,,even_char; semisimple,defect_a_even_char,BLUEPRINT A.7.1 even q-grid x n-grid
EV-070,256,2,8,35,0,35,1,even,95,,even_char; semisimple,defect_a_even_char,BLUEPRINT A.7.1 even q-grid x n-grid
EV-070,256,2,8,35,0,35,1,even,96,,even_char; semisimple,defect_a_even_char,BLUEPRINT A.7.1 even q-grid x n-grid
EV-070,256,2,8,35,0,35,1,even,97,,even_char; semisimple,defect_a_even_char,BLUEPRINT A.7.1 even q-grid x n-grid
EV-070,256,2,8,35,0,35,1,even,98,,even_char; semisimple,defect_a_even_char,BLUEPRINT A.7.1 even q-grid x n-grid
EV-070,256,2,8,35,0,35,1,even,99,,even_char; semisimple,defect_a_even_char,BLUEPRINT A.7.1 even q-grid x n-grid
EV-070,256,2,8,35,0,35,1,even,100,,even_char; semisimple,defect_a_even_char,BLUEPRINT A.7.1 even q-grid x n-grid
EV-070,256,2,8,35,0,35,1,even,101,,even_char; semisimple,defect_a_even_char,BLUEPRINT A.7.1 even q-grid x n-grid
EV-070,256,2,8,35,0,35,1,even,102,,even_char; semisimple,defect_a_even_char,BLUEPRINT A.7.1 even q-grid x n-grid
EV-070,256,2,8,35,0,35,1,even,103,,even_char; semisimple,defect_a_even_char,BLUEPRINT A.7.1 even q-grid x n-grid
EV-070,256,2,8,35,0,35,1,even,104,,even_char; semisimple,defect_a_even_char,BLUEPRINT A.7.1 even q-grid x n-grid
EV-070,256,2,8,35,0,35,1,even,105,,even_char; semisimple,defect_a_even_char,BLUEPRINT A.7.1 even q-grid x n-grid
EV-070,256,2,8,35,0,35,1,even,106,,even_char; semisimple,defect_a_even_char,BLUEPRINT A.7.1 even q-grid x n-grid
EV-070,256,2,8,35,0,35,1,even,107,,even_char; semisimple,defect_a_even_char,BLUEPRINT A.7.1 even q-grid x n-grid
EV-070,256,2,8,35,0,35,1,even,108,,even_char; semisimple,defect_a_even_char,BLUEPRINT A.7.1 even q-grid x n-grid
EV-070,256,2,8,35,0,35,1,even,109,,even_char; semisimple,defect_a_even_char,BLUEPRINT A.7.1 even q-grid x n-grid
EV-070,256,2,8,35,0,35,1,even,110,,even_char; semisimple,defect_a_even_char,BLUEPRINT A.7.1 even q-grid x n-grid
EV-070,256,2,8,35,0,35,1,even,111,,even_char; semisimple,defect_a_even_char,BLUEPRINT A.7.1 even q-grid x n-grid
EV-070,256,2,8,35,0,35,1,even,112,,even_char; semisimple,defect_a_even_char,BLUEPRINT A.7.1 even q-grid x n-grid
EV-070,256,2,8,35,0,35,1,even,113,,even_char; semisimple,defect_a_even_char,BLUEPRINT A.7.1 even q-grid x n-grid
EV-070,256,2,8,35,0,35,1,even,114,,even_char; semisimple,defect_a_even_char,BLUEPRINT A.7.1 even q-grid x n-grid
EV-070,256,2,8,35,0,35,1,even,115,,even_char; semisimple,defect_a_even_char,BLUEPRINT A.7.1 even q-grid x n-grid
EV-070,256,2,8,35,0,35,1,even,116,,even_char; semisimple,defect_a_even_char,BLUEPRINT A.7.1 even q-grid x n-grid
EV-070,256,2,8,35,0,35,1,even,117,,even_char; semisimple,defect_a_even_char,BLUEPRINT A.7.1 even q-grid x n-grid
EV-070,256,2,8,35,0,35,1,even,118,,even_char; semisimple,defect_a_even_char,BLUEPRINT A.7.1 even q-grid x n-grid
EV-070,256,2,8,35,0,35,1,even,119,,even_char; semisimple,defect_a_even_char,BLUEPRINT A.7.1 even q-grid x n-grid
EV-070,256,2,8,35,0,35,1,even,120,,even_char; semisimple,defect_a_even_char,BLUEPRINT A.7.1 even q-grid x n-grid
EV-070,256,2,8,35,0,35,1,even,121,,even_char; semisimple,defect_a_even_char,BLUEPRINT A.7.1 even q-grid x n-grid
EV-070,256,2,8,35,0,35,1,even,122,,even_char; semisimple,defect_a_even_char,BLUEPRINT A.7.1 even q-grid x n-grid
EV-070,256,2,8,35,0,35,1,even,123,,even_char; semisimple,defect_a_even_char,BLUEPRINT A.7.1 even q-grid x n-grid
EV-070,256,2,8,35,0,35,1,even,124,,even_char; semisimple,defect_a_even_char,BLUEPRINT A.7.1 even q-grid x n-grid
EV-070,256,2,8,35,0,35,1,even,125,,even_char; semisimple,defect_a_even_char,BLUEPRINT A.7.1 even q-grid x n-grid
EV-070,256,2,8,35,0,35,1,even,126,,even_char; semisimple,defect_a_even_char,BLUEPRINT A.7.1 even q-grid x n-grid
EV-070,256,2,8,35,0,35,1,even,127,,even_char; semisimple,defect_a_even_char,BLUEPRINT A.7.1 even q-grid x n-grid
EV-070,256,2,8,35,0,35,1,even,128,,even_char; semisimple,defect_a_even_char,BLUEPRINT A.7.1 even q-grid x n-grid
EV-070,256,2,8,35,0,35,1,even,129,,even_char; semisimple,defect_a_even_char,BLUEPRINT A.7.1 even q-grid x n-grid
EV-070,256,2,8,35,0,35,1,even,130,,even_char; semisimple,defect_a_even_char,BLUEPRINT A.7.1 even q-grid x n-grid
EV-070,256,2,8,35,0,35,1,even,131,,even_char; semisimple,defect_a_even_char,BLUEPRINT A.7.1 even q-grid x n-grid
EV-070,256,2,8,35,0,35,1,even,132,,even_char; semisimple,defect_a_even_char,BLUEPRINT A.7.1 even q-grid x n-grid
EV-070,256,2,8,35,0,35,1,even,133,,even_char; semisimple,defect_a_even_char,BLUEPRINT A.7.1 even q-grid x n-grid
EV-070,256,2,8,35,0,35,1,even,134,,even_char; semisimple,defect_a_even_char,BLUEPRINT A.7.1 even q-grid x n-grid
EV-070,256,2,8,35,0,35,1,even,135,,even_char; semisimple,defect_a_even_char,BLUEPRINT A.7.1 even q-grid x n-grid
EV-070,256,2,8,35,0,35,1,even,136,,even_char; semisimple,defect_a_even_char,BLUEPRINT A.7.1 even q-grid x n-grid
EV-070,256,2,8,35,0,35,1,even,137,,even_char; semisimple,defect_a_even_char,BLUEPRINT A.7.1 even q-grid x n-grid
EV-070,256,2,8,35,0,35,1,even,138,,even_char; semisimple,defect_a_even_char,BLUEPRINT A.7.1 even q-grid x n-grid
EV-070,256,2,8,35,0,35,1,even,139,,even_char; semisimple,defect_a_even_char,BLUEPRINT A.7.1 even q-grid x n-grid
EV-070,256,2,8,35,0,35,1,even,140,,even_char; semisimple,defect_a_even_char,BLUEPRINT A.7.1 even q-grid x n-grid
EV-070,256,2,8,35,0,35,1,even,141,,even_char; semisimple,defect_a_even_char,BLUEPRINT A.7.1 even q-grid x n-grid
EV-070,256,2,8,35,0,35,1,even,142,,even_char; semisimple,defect_a_even_char,BLUEPRINT A.7.1 even q-grid x n-grid
EV-070,256,2,8,35,0,35,1,even,143,,even_char; semisimple,defect_a_even_char,BLUEPRINT A.7.1 even q-grid x n-grid
EV-070,256,2,8,35,0,35,1,even,144,,even_char; semisimple,defect_a_even_char,BLUEPRINT A.7.1 even q-grid x n-grid
EV-070,256,2,8,35,0,35,1,even,145,,even_char; semisimple,defect_a_even_char,BLUEPRINT A.7.1 even q-grid x n-grid
EV-070,256,2,8,35,0,35,1,even,146,,even_char; semisimple,defect_a_even_char,BLUEPRINT A.7.1 even q-grid x n-grid
EV-070,256,2,8,35,0,35,1,even,147,,even_char; semisimple,defect_a_even_char,BLUEPRINT A.7.1 even q-grid x n-grid
EV-070,256,2,8,35,0,35,1,even,148,,even_char; semisimple,defect_a_even_char,BLUEPRINT A.7.1 even q-grid x n-grid
EV-070,256,2,8,35,0,35,1,even,149,,even_char; semisimple,defect_a_even_char,BLUEPRINT A.7.1 even q-grid x n-grid
EV-070,256,2,8,35,0,35,1,even,150,,even_char; semisimple,defect_a_even_char,BLUEPRINT A.7.1 even q-grid x n-grid
EV-070,256,2,8,35,0,35,1,even,151,,even_char; semisimple,defect_a_even_char,BLUEPRINT A.7.1 even q-grid x n-grid
EV-070,256,2,8,35,0,35,1,even,152,,even_char; semisimple,defect_a_even_char,BLUEPRINT A.7.1 even q-grid x n-grid
EV-070,256,2,8,35,0,35,1,even,153,,even_char; semisimple,defect_a_even_char,BLUEPRINT A.7.1 even q-grid x n-grid
EV-070,256,2,8,35,0,35,1,even,154,,even_char; semisimple,defect_a_even_char,BLUEPRINT A.7.1 even q-grid x n-grid
EV-070,256,2,8,35,0,35,1,even,155,,even_char; semisimple,defect_a_even_char,BLUEPRINT A.7.1 even q-grid x n-grid
EV-070,256,2,8,35,0,35,1,even,156,,even_char; semisimple,defect_a_even_char,BLUEPRINT A.7.1 even q-grid x n-grid
EV-070,256,2,8,35,0,35,1,even,157,,even_char; semisimple,defect_a_even_char,BLUEPRINT A.7.1 even q-grid x n-grid
EV-070,256,2,8,35,0,35,1,even,158,,even_char; semisimple,defect_a_even_char,BLUEPRINT A.7.1 even q-grid x n-grid
EV-070,256,2,8,35,0,35,1,even,159,,even_char; semisimple,defect_a_even_char,BLUEPRINT A.7.1 even q-grid x n-grid
EV-070,256,2,8,35,0,35,1,even,160,,even_char; semisimple,defect_a_even_char,BLUEPRINT A.7.1 even q-grid x n-grid
EV-070,256,2,8,35,0,35,1,even,161,,even_char; semisimple,defect_a_even_char,BLUEPRINT A.7.1 even q-grid x n-grid
EV-070,256,2,8,35,0,35,1,even,162,,even_char; semisimple,defect_a_even_char,BLUEPRINT A.7.1 even q-grid x n-grid
EV-070,256,2,8,35,0,35,1,even,163,,even_char; semisimple,defect_a_even_char,BLUEPRINT A.7.1 even q-grid x n-grid
EV-070,256,2,8,35,0,35,1,even,164,,even_char; semisimple,defect_a_even_char,BLUEPRINT A.7.1 even q-grid x n-grid
EV-070,256,2,8,35,0,35,1,even,165,,even_char; semisimple,defect_a_even_char,BLUEPRINT A.7.1 even q-grid x n-grid
EV-070,256,2,8,35,0,35,1,even,166,,even_char; semisimple,defect_a_even_char,BLUEPRINT A.7.1 even q-grid x n-grid
EV-070,256,2,8,35,0,35,1,even,167,,even_char; semisimple,defect_a_even_char,BLUEPRINT A.7.1 even q-grid x n-grid
EV-070,256,2,8,35,0,35,1,even,168,,even_char; semisimple,defect_a_even_char,BLUEPRINT A.7.1 even q-grid x n-grid
EV-070,256,2,8,35,0,35,1,even,169,,even_char; semisimple,defect_a_even_char,BLUEPRINT A.7.1 even q-grid x n-grid
EV-070,256,2,8,35,0,35,1,even,170,,even_char; semisimple,defect_a_even_char,BLUEPRINT A.7.1 even q-grid x n-grid
EV-070,256,2,8,35,0,35,1,even,171,,even_char; semisimple,defect_a_even_char,BLUEPRINT A.7.1 even q-grid x n-grid
EV-070,256,2,8,35,0,35,1,even,172,,even_char; semisimple,defect_a_even_char,BLUEPRINT A.7.1 even q-grid x n-grid
EV-070,256,2,8,35,0,35,1,even,173,,even_char; semisimple,defect_a_even_char,BLUEPRINT A.7.1 even q-grid x n-grid
EV-070,256,2,8,35,0,35,1,even,174,,even_char; semisimple,defect_a_even_char,BLUEPRINT A.7.1 even q-grid x n-grid
EV-070,256,2,8,35,0,35,1,even,175,,even_char; semisimple,defect_a_even_char,BLUEPRINT A.7.1 even q-grid x n-grid
EV-070,256,2,8,35,0,35,1,even,176,,even_char; semisimple,defect_a_even_char,BLUEPRINT A.7.1 even q-grid x n-grid
EV-070,256,2,8,35,0,35,1,even,177,,even_char; semisimple,defect_a_even_char,BLUEPRINT A.7.1 even q-grid x n-grid
EV-070,256,2,8,35,0,35,1,even,178,,even_char; semisimple,defect_a_even_char,BLUEPRINT A.7.1 even q-grid x n-grid
EV-070,256,2,8,35,0,35,1,even,179,,even_char; semisimple,defect_a_even_char,BLUEPRINT A.7.1 even q-grid x n-grid
EV-070,256,2,8,35,0,35,1,even,180,,even_char; semisimple,defect_a_even_char,BLUEPRINT A.7.1 even q-grid x n-grid
EV-070,256,2,8,35,0,35,1,even,181,,even_char; semisimple,defect_a_even_char,BLUEPRINT A.7.1 even q-grid x n-grid
EV-070,256,2,8,35,0,35,1,even,182,,even_char; semisimple,defect_a_even_char,BLUEPRINT A.7.1 even q-grid x n-grid
EV-070,256,2,8,35,0,35,1,even,183,,even_char; semisimple,defect_a_even_char,BLUEPRINT A.7.1 even q-grid x n-grid
EV-070,256,2,8,35,0,35,1,even,184,,even_char; semisimple,defect_a_even_char,BLUEPRINT A.7.1 even q-grid x n-grid
EV-070,256,2,8,35,0,35,1,even,185,,even_char; semisimple,defect_a_even_char,BLUEPRINT A.7.1 even q-grid x n-grid
EV-070,256,2,8,35,0,35,1,even,186,,even_char; semisimple,defect_a_even_char,BLUEPRINT A.7.1 even q-grid x n-grid
EV-070,256,2,8,35,0,35,1,even,187,,even_char; semisimple,defect_a_even_char,BLUEPRINT A.7.1 even q-grid x n-grid
EV-070,256,2,8,35,0,35,1,even,188,,even_char; semisimple,defect_a_even_char,BLUEPRINT A.7.1 even q-grid x n-grid
EV-070,256,2,8,35,0,35,1,even,189,,even_char; semisimple,defect_a_even_char,BLUEPRINT A.7.1 even q-grid x n-grid
EV-070,256,2,8,35,0,35,1,even,190,,even_char; semisimple,defect_a_even_char,BLUEPRINT A.7.1 even q-grid x n-grid
EV-070,256,2,8,35,0,35,1,even,191,,even_char; semisimple,defect_a_even_char,BLUEPRINT A.7.1 even q-grid x n-grid
EV-070,256,2,8,35,0,35,1,even,192,,even_char; semisimple,defect_a_even_char,BLUEPRINT A.7.1 even q-grid x n-grid
EV-070,256,2,8,35,0,35,1,even,193,,even_char; semisimple,defect_a_even_char,BLUEPRINT A.7.1 even q-grid x n-grid
EV-070,256,2,8,35,0,35,1,even,194,,even_char; semisimple,defect_a_even_char,BLUEPRINT A.7.1 even q-grid x n-grid
EV-070,256,2,8,35,0,35,1,even,195,,even_char; semisimple,defect_a_even_char,BLUEPRINT A.7.1 even q-grid x n-grid
EV-070,256,2,8,35,0,35,1,even,196,,even_char; semisimple,defect_a_even_char,BLUEPRINT A.7.1 even q-grid x n-grid
EV-070,256,2,8,35,0,35,1,even,197,,even_char; semisimple,defect_a_even_char,BLUEPRINT A.7.1 even q-grid x n-grid
EV-070,256,2,8,35,0,35,1,even,198,,even_char; semisimple,defect_a_even_char,BLUEPRINT A.7.1 even q-grid x n-grid
EV-070,256,2,8,35,0,35,1,even,199,,even_char; semisimple,defect_a_even_char,BLUEPRINT A.7.1 even q-grid x n-grid
EV-070,256,2,8,35,0,35,1,even,200,,even_char; semisimple,defect_a_even_char,BLUEPRINT A.7.1 even q-grid x n-grid
EV-070,256,2,8,35,0,35,1,even,201,,even_char; semisimple,defect_a_even_char,BLUEPRINT A.7.1 even q-grid x n-grid
EV-070,256,2,8,35,0,35,1,even,202,,even_char; semisimple,defect_a_even_char,BLUEPRINT A.7.1 even q-grid x n-grid
EV-070,256,2,8,35,0,35,1,even,203,,even_char; semisimple,defect_a_even_char,BLUEPRINT A.7.1 even q-grid x n-grid
EV-070,256,2,8,35,0,35,1,even,204,,even_char; semisimple,defect_a_even_char,BLUEPRINT A.7.1 even q-grid x n-grid
EV-070,256,2,8,35,0,35,1,even,205,,even_char; semisimple,defect_a_even_char,BLUEPRINT A.7.1 even q-grid x n-grid
EV-070,256,2,8,35,0,35,1,even,206,,even_char; semisimple,defect_a_even_char,BLUEPRINT A.7.1 even q-grid x n-grid
EV-070,256,2,8,35,0,35,1,even,207,,even_char; semisimple,defect_a_even_char,BLUEPRINT A.7.1 even q-grid x n-grid
EV-070,256,2,8,35,0,35,1,even,208,,even_char; semisimple,defect_a_even_char,BLUEPRINT A.7.1 even q-grid x n-grid
EV-070,256,2,8,35,0,35,1,even,209,,even_char; semisimple,defect_a_even_char,BLUEPRINT A.7.1 even q-grid x n-grid
EV-070,256,2,8,35,0,35,1,even,210,,even_char; semisimple,defect_a_even_char,BLUEPRINT A.7.1 even q-grid x n-grid
EV-070,256,2,8,35,0,35,1,even,211,,even_char; semisimple,defect_a_even_char,BLUEPRINT A.7.1 even q-grid x n-grid
EV-070,256,2,8,35,0,35,1,even,212,,even_char; semisimple,defect_a_even_char,BLUEPRINT A.7.1 even q-grid x n-grid
EV-070,256,2,8,35,0,35,1,even,213,,even_char; semisimple,defect_a_even_char,BLUEPRINT A.7.1 even q-grid x n-grid
EV-070,256,2,8,35,0,35,1,even,214,,even_char; semisimple,defect_a_even_char,BLUEPRINT A.7.1 even q-grid x n-grid
EV-070,256,2,8,35,0,35,1,even,215,,even_char; semisimple,defect_a_even_char,BLUEPRINT A.7.1 even q-grid x n-grid
EV-070,256,2,8,35,0,35,1,even,216,,even_char; semisimple,defect_a_even_char,BLUEPRINT A.7.1 even q-grid x n-grid
EV-070,256,2,8,35,0,35,1,even,217,,even_char; semisimple,defect_a_even_char,BLUEPRINT A.7.1 even q-grid x n-grid
EV-070,256,2,8,35,0,35,1,even,218,,even_char; semisimple,defect_a_even_char,BLUEPRINT A.7.1 even q-grid x n-grid
EV-070,256,2,8,35,0,35,1,even,219,,even_char; semisimple,defect_a_even_char,BLUEPRINT A.7.1 even q-grid x n-grid
EV-070,256,2,8,35,0,35,1,even,220,,even_char; semisimple,defect_a_even_char,BLUEPRINT A.7.1 even q-grid x n-grid
EV-070,256,2,8,35,0,35,1,even,221,,even_char; semisimple,defect_a_even_char,BLUEPRINT A.7.1 even q-grid x n-grid
EV-070,256,2,8,35,0,35,1,even,222,,even_char; semisimple,defect_a_even_char,BLUEPRINT A.7.1 even q-grid x n-grid
EV-070,256,2,8,35,0,35,1,even,223,,even_char; semisimple,defect_a_even_char,BLUEPRINT A.7.1 even q-grid x n-grid
EV-070,256,2,8,35,0,35,1,even,224,,even_char; semisimple,defect_a_even_char,BLUEPRINT A.7.1 even q-grid x n-grid
EV-070,256,2,8,35,0,35,1,even,225,,even_char; semisimple,defect_a_even_char,BLUEPRINT A.7.1 even q-grid x n-grid
EV-070,256,2,8,35,0,35,1,even,226,,even_char; semisimple,defect_a_even_char,BLUEPRINT A.7.1 even q-grid x n-grid
EV-070,256,2,8,35,0,35,1,even,227,,even_char; semisimple,defect_a_even_char,BLUEPRINT A.7.1 even q-grid x n-grid
EV-070,256,2,8,35,0,35,1,even,228,,even_char; semisimple,defect_a_even_char,BLUEPRINT A.7.1 even q-grid x n-grid
EV-070,256,2,8,35,0,35,1,even,229,,even_char; semisimple,defect_a_even_char,BLUEPRINT A.7.1 even q-grid x n-grid
EV-070,256,2,8,35,0,35,1,even,230,,even_char; semisimple,defect_a_even_char,BLUEPRINT A.7.1 even q-grid x n-grid
EV-070,256,2,8,35,0,35,1,even,231,,even_char; semisimple,defect_a_even_char,BLUEPRINT A.7.1 even q-grid x n-grid
EV-070,256,2,8,35,0,35,1,even,232,,even_char; semisimple,defect_a_even_char,BLUEPRINT A.7.1 even q-grid x n-grid
EV-070,256,2,8,35,0,35,1,even,233,,even_char; semisimple,defect_a_even_char,BLUEPRINT A.7.1 even q-grid x n-grid
EV-070,256,2,8,35,0,35,1,even,234,,even_char; semisimple,defect_a_even_char,BLUEPRINT A.7.1 even q-grid x n-grid
EV-070,256,2,8,35,0,35,1,even,235,,even_char; semisimple,defect_a_even_char,BLUEPRINT A.7.1 even q-grid x n-grid
EV-070,256,2,8,35,0,35,1,even,236,,even_char; semisimple,defect_a_even_char,BLUEPRINT A.7.1 even q-grid x n-grid
EV-070,256,2,8,35,0,35,1,even,237,,even_char; semisimple,defect_a_even_char,BLUEPRINT A.7.1 even q-grid x n-grid
EV-070,256,2,8,35,0,35,1,even,238,,even_char; semisimple,defect_a_even_char,BLUEPRINT A.7.1 even q-grid x n-grid
EV-070,256,2,8,35,0,35,1,even,239,,even_char; semisimple,defect_a_even_char,BLUEPRINT A.7.1 even q-grid x n-grid
EV-070,256,2,8,35,0,35,1,even,240,,even_char; semisimple,defect_a_even_char,BLUEPRINT A.7.1 even q-grid x n-grid
EV-070,256,2,8,35,0,35,1,even,241,,even_char; semisimple,defect_a_even_char,BLUEPRINT A.7.1 even q-grid x n-grid
EV-070,256,2,8,35,0,35,1,even,242,,even_char; semisimple,defect_a_even_char,BLUEPRINT A.7.1 even q-grid x n-grid
EV-070,256,2,8,35,0,35,1,even,243,,even_char; semisimple,defect_a_even_char,BLUEPRINT A.7.1 even q-grid x n-grid
EV-070,256,2,8,35,0,35,1,even,244,,even_char; semisimple,defect_a_even_char,BLUEPRINT A.7.1 even q-grid x n-grid
EV-070,256,2,8,35,0,35,1,even,245,,even_char; semisimple,defect_a_even_char,BLUEPRINT A.7.1 even q-grid x n-grid
EV-070,256,2,8,35,0,35,1,even,246,,even_char; semisimple,defect_a_even_char,BLUEPRINT A.7.1 even q-grid x n-grid
EV-070,256,2,8,35,0,35,1,even,247,,even_char; semisimple,defect_a_even_char,BLUEPRINT A.7.1 even q-grid x n-grid
EV-070,256,2,8,35,0,35,1,even,248,,even_char; semisimple,defect_a_even_char,BLUEPRINT A.7.1 even q-grid x n-grid
EV-070,256,2,8,35,0,35,1,even,249,,even_char; semisimple,defect_a_even_char,BLUEPRINT A.7.1 even q-grid x n-grid
EV-070,256,2,8,35,0,35,1,even,250,,even_char; semisimple,defect_a_even_char,BLUEPRINT A.7.1 even q-grid x n-grid
EV-070,256,2,8,35,0,35,1,even,251,,even_char; semisimple,defect_a_even_char,BLUEPRINT A.7.1 even q-grid x n-grid
EV-070,256,2,8,35,0,35,1,even,252,,even_char; semisimple,defect_a_even_char,BLUEPRINT A.7.1 even q-grid x n-grid
EV-070,256,2,8,35,0,35,1,even,253,,even_char; semisimple,defect_a_even_char,BLUEPRINT A.7.1 even q-grid x n-grid
EV-070,256,2,8,35,0,35,1,even,254,,even_char; semisimple,defect_a_even_char,BLUEPRINT A.7.1 even q-grid x n-grid
OD-001,3,3,1,3,1,1,3,odd,0,,odd_char; repeated_root P=3,,ODD GRID NEWLY DEFINED (Blueprint records no odd q/n)
OD-001,3,3,1,3,1,1,3,odd,1,,odd_char; repeated_root P=3,,ODD GRID NEWLY DEFINED (Blueprint records no odd q/n)
OD-002,3,3,1,5,0,5,1,odd,0,,odd_char; semisimple,,ODD GRID NEWLY DEFINED (Blueprint records no odd q/n)
OD-002,3,3,1,5,0,5,1,odd,1,,odd_char; semisimple,,ODD GRID NEWLY DEFINED (Blueprint records no odd q/n)
OD-003,3,3,1,7,0,7,1,odd,0,,odd_char; semisimple,,ODD GRID NEWLY DEFINED (Blueprint records no odd q/n)
OD-003,3,3,1,7,0,7,1,odd,1,,odd_char; semisimple,,ODD GRID NEWLY DEFINED (Blueprint records no odd q/n)
OD-004,3,3,1,9,2,1,9,odd,0,,odd_char; repeated_root P=9; nu_gt_e,defect_b_nu_gt_e,"ODD GRID NEWLY DEFINED; nu>e case NAMED in BLUEPRINT A.7.1 ('e.g. q=3, n=9')"
OD-004,3,3,1,9,2,1,9,odd,1,,odd_char; repeated_root P=9; nu_gt_e,defect_b_nu_gt_e,"ODD GRID NEWLY DEFINED; nu>e case NAMED in BLUEPRINT A.7.1 ('e.g. q=3, n=9')"
OD-005,3,3,1,15,1,5,3,odd,0,,odd_char; repeated_root P=3,,ODD GRID NEWLY DEFINED (Blueprint records no odd q/n)
OD-005,3,3,1,15,1,5,3,odd,1,,odd_char; repeated_root P=3,,ODD GRID NEWLY DEFINED (Blueprint records no odd q/n)
OD-006,3,3,1,17,0,17,1,odd,0,,odd_char; semisimple,,ODD GRID NEWLY DEFINED (Blueprint records no odd q/n)
OD-006,3,3,1,17,0,17,1,odd,1,,odd_char; semisimple,,ODD GRID NEWLY DEFINED (Blueprint records no odd q/n)
OD-007,3,3,1,21,1,7,3,odd,0,,odd_char; repeated_root P=3,,ODD GRID NEWLY DEFINED (Blueprint records no odd q/n)
OD-007,3,3,1,21,1,7,3,odd,1,,odd_char; repeated_root P=3,,ODD GRID NEWLY DEFINED (Blueprint records no odd q/n)
OD-008,3,3,1,25,0,25,1,odd,0,,odd_char; semisimple,,ODD GRID NEWLY DEFINED (Blueprint records no odd q/n)
OD-008,3,3,1,25,0,25,1,odd,1,,odd_char; semisimple,,ODD GRID NEWLY DEFINED (Blueprint records no odd q/n)
OD-009,3,3,1,31,0,31,1,odd,0,,odd_char; semisimple,,ODD GRID NEWLY DEFINED (Blueprint records no odd q/n)
OD-009,3,3,1,31,0,31,1,odd,1,,odd_char; semisimple,,ODD GRID NEWLY DEFINED (Blueprint records no odd q/n)
OD-010,3,3,1,35,0,35,1,odd,0,,odd_char; semisimple,,ODD GRID NEWLY DEFINED (Blueprint records no odd q/n)
OD-010,3,3,1,35,0,35,1,odd,1,,odd_char; semisimple,,ODD GRID NEWLY DEFINED (Blueprint records no odd q/n)
OD-011,5,5,1,3,0,3,1,odd,0,,odd_char; semisimple,,ODD GRID NEWLY DEFINED (Blueprint records no odd q/n)
OD-011,5,5,1,3,0,3,1,odd,1,,odd_char; semisimple,,ODD GRID NEWLY DEFINED (Blueprint records no odd q/n)
OD-011,5,5,1,3,0,3,1,odd,2,,odd_char; semisimple,,ODD GRID NEWLY DEFINED (Blueprint records no odd q/n)
OD-011,5,5,1,3,0,3,1,odd,3,,odd_char; semisimple,,ODD GRID NEWLY DEFINED (Blueprint records no odd q/n)
OD-012,5,5,1,5,1,1,5,odd,0,,odd_char; repeated_root P=5,,ODD GRID NEWLY DEFINED (Blueprint records no odd q/n)
OD-012,5,5,1,5,1,1,5,odd,1,,odd_char; repeated_root P=5,,ODD GRID NEWLY DEFINED (Blueprint records no odd q/n)
OD-012,5,5,1,5,1,1,5,odd,2,,odd_char; repeated_root P=5,,ODD GRID NEWLY DEFINED (Blueprint records no odd q/n)
OD-012,5,5,1,5,1,1,5,odd,3,,odd_char; repeated_root P=5,,ODD GRID NEWLY DEFINED (Blueprint records no odd q/n)
OD-013,5,5,1,7,0,7,1,odd,0,,odd_char; semisimple,,ODD GRID NEWLY DEFINED (Blueprint records no odd q/n)
OD-013,5,5,1,7,0,7,1,odd,1,,odd_char; semisimple,,ODD GRID NEWLY DEFINED (Blueprint records no odd q/n)
OD-013,5,5,1,7,0,7,1,odd,2,,odd_char; semisimple,,ODD GRID NEWLY DEFINED (Blueprint records no odd q/n)
OD-013,5,5,1,7,0,7,1,odd,3,,odd_char; semisimple,,ODD GRID NEWLY DEFINED (Blueprint records no odd q/n)
OD-014,5,5,1,9,0,9,1,odd,0,,odd_char; semisimple,,ODD GRID NEWLY DEFINED (Blueprint records no odd q/n)
OD-014,5,5,1,9,0,9,1,odd,1,,odd_char; semisimple,,ODD GRID NEWLY DEFINED (Blueprint records no odd q/n)
OD-014,5,5,1,9,0,9,1,odd,2,,odd_char; semisimple,,ODD GRID NEWLY DEFINED (Blueprint records no odd q/n)
OD-014,5,5,1,9,0,9,1,odd,3,,odd_char; semisimple,,ODD GRID NEWLY DEFINED (Blueprint records no odd q/n)
OD-015,5,5,1,15,1,3,5,odd,0,,odd_char; repeated_root P=5,,ODD GRID NEWLY DEFINED (Blueprint records no odd q/n)
OD-015,5,5,1,15,1,3,5,odd,1,,odd_char; repeated_root P=5,,ODD GRID NEWLY DEFINED (Blueprint records no odd q/n)
OD-015,5,5,1,15,1,3,5,odd,2,,odd_char; repeated_root P=5,,ODD GRID NEWLY DEFINED (Blueprint records no odd q/n)
OD-015,5,5,1,15,1,3,5,odd,3,,odd_char; repeated_root P=5,,ODD GRID NEWLY DEFINED (Blueprint records no odd q/n)
OD-016,5,5,1,17,0,17,1,odd,0,,odd_char; semisimple,,ODD GRID NEWLY DEFINED (Blueprint records no odd q/n)
OD-016,5,5,1,17,0,17,1,odd,1,,odd_char; semisimple,,ODD GRID NEWLY DEFINED (Blueprint records no odd q/n)
OD-016,5,5,1,17,0,17,1,odd,2,,odd_char; semisimple,,ODD GRID NEWLY DEFINED (Blueprint records no odd q/n)
OD-016,5,5,1,17,0,17,1,odd,3,,odd_char; semisimple,,ODD GRID NEWLY DEFINED (Blueprint records no odd q/n)
OD-017,5,5,1,21,0,21,1,odd,0,,odd_char; semisimple,,ODD GRID NEWLY DEFINED (Blueprint records no odd q/n)
OD-017,5,5,1,21,0,21,1,odd,1,,odd_char; semisimple,,ODD GRID NEWLY DEFINED (Blueprint records no odd q/n)
OD-017,5,5,1,21,0,21,1,odd,2,,odd_char; semisimple,,ODD GRID NEWLY DEFINED (Blueprint records no odd q/n)
OD-017,5,5,1,21,0,21,1,odd,3,,odd_char; semisimple,,ODD GRID NEWLY DEFINED (Blueprint records no odd q/n)
OD-018,5,5,1,25,2,1,25,odd,0,,odd_char; repeated_root P=25; nu_gt_e,defect_b_nu_gt_e,ODD GRID NEWLY DEFINED; second nu>e case inside the recorded n-grid
OD-018,5,5,1,25,2,1,25,odd,1,,odd_char; repeated_root P=25; nu_gt_e,defect_b_nu_gt_e,ODD GRID NEWLY DEFINED; second nu>e case inside the recorded n-grid
OD-018,5,5,1,25,2,1,25,odd,2,,odd_char; repeated_root P=25; nu_gt_e,defect_b_nu_gt_e,ODD GRID NEWLY DEFINED; second nu>e case inside the recorded n-grid
OD-018,5,5,1,25,2,1,25,odd,3,,odd_char; repeated_root P=25; nu_gt_e,defect_b_nu_gt_e,ODD GRID NEWLY DEFINED; second nu>e case inside the recorded n-grid
OD-019,5,5,1,31,0,31,1,odd,0,,odd_char; semisimple,,ODD GRID NEWLY DEFINED (Blueprint records no odd q/n)
OD-019,5,5,1,31,0,31,1,odd,1,,odd_char; semisimple,,ODD GRID NEWLY DEFINED (Blueprint records no odd q/n)
OD-019,5,5,1,31,0,31,1,odd,2,,odd_char; semisimple,,ODD GRID NEWLY DEFINED (Blueprint records no odd q/n)
OD-019,5,5,1,31,0,31,1,odd,3,,odd_char; semisimple,,ODD GRID NEWLY DEFINED (Blueprint records no odd q/n)
OD-020,5,5,1,35,1,7,5,odd,0,,odd_char; repeated_root P=5,,ODD GRID NEWLY DEFINED (Blueprint records no odd q/n)
OD-020,5,5,1,35,1,7,5,odd,1,,odd_char; repeated_root P=5,,ODD GRID NEWLY DEFINED (Blueprint records no odd q/n)
OD-020,5,5,1,35,1,7,5,odd,2,,odd_char; repeated_root P=5,,ODD GRID NEWLY DEFINED (Blueprint records no odd q/n)
OD-020,5,5,1,35,1,7,5,odd,3,,odd_char; repeated_root P=5,,ODD GRID NEWLY DEFINED (Blueprint records no odd q/n)
OD-021,9,3,2,3,1,1,3,odd,0,,odd_char; repeated_root P=3,,ODD GRID NEWLY DEFINED (Blueprint records no odd q/n)
OD-021,9,3,2,3,1,1,3,odd,1,,odd_char; repeated_root P=3,,ODD GRID NEWLY DEFINED (Blueprint records no odd q/n)
OD-021,9,3,2,3,1,1,3,odd,2,,odd_char; repeated_root P=3,,ODD GRID NEWLY DEFINED (Blueprint records no odd q/n)
OD-021,9,3,2,3,1,1,3,odd,3,,odd_char; repeated_root P=3,,ODD GRID NEWLY DEFINED (Blueprint records no odd q/n)
OD-021,9,3,2,3,1,1,3,odd,4,,odd_char; repeated_root P=3,,ODD GRID NEWLY DEFINED (Blueprint records no odd q/n)
OD-021,9,3,2,3,1,1,3,odd,5,,odd_char; repeated_root P=3,,ODD GRID NEWLY DEFINED (Blueprint records no odd q/n)
OD-021,9,3,2,3,1,1,3,odd,6,,odd_char; repeated_root P=3,,ODD GRID NEWLY DEFINED (Blueprint records no odd q/n)
OD-021,9,3,2,3,1,1,3,odd,7,,odd_char; repeated_root P=3,,ODD GRID NEWLY DEFINED (Blueprint records no odd q/n)
OD-022,9,3,2,5,0,5,1,odd,0,,odd_char; semisimple,,ODD GRID NEWLY DEFINED (Blueprint records no odd q/n)
OD-022,9,3,2,5,0,5,1,odd,1,,odd_char; semisimple,,ODD GRID NEWLY DEFINED (Blueprint records no odd q/n)
OD-022,9,3,2,5,0,5,1,odd,2,,odd_char; semisimple,,ODD GRID NEWLY DEFINED (Blueprint records no odd q/n)
OD-022,9,3,2,5,0,5,1,odd,3,,odd_char; semisimple,,ODD GRID NEWLY DEFINED (Blueprint records no odd q/n)
OD-022,9,3,2,5,0,5,1,odd,4,,odd_char; semisimple,,ODD GRID NEWLY DEFINED (Blueprint records no odd q/n)
OD-022,9,3,2,5,0,5,1,odd,5,,odd_char; semisimple,,ODD GRID NEWLY DEFINED (Blueprint records no odd q/n)
OD-022,9,3,2,5,0,5,1,odd,6,,odd_char; semisimple,,ODD GRID NEWLY DEFINED (Blueprint records no odd q/n)
OD-022,9,3,2,5,0,5,1,odd,7,,odd_char; semisimple,,ODD GRID NEWLY DEFINED (Blueprint records no odd q/n)
OD-023,9,3,2,7,0,7,1,odd,0,,odd_char; semisimple,,ODD GRID NEWLY DEFINED (Blueprint records no odd q/n)
OD-023,9,3,2,7,0,7,1,odd,1,,odd_char; semisimple,,ODD GRID NEWLY DEFINED (Blueprint records no odd q/n)
OD-023,9,3,2,7,0,7,1,odd,2,,odd_char; semisimple,,ODD GRID NEWLY DEFINED (Blueprint records no odd q/n)
OD-023,9,3,2,7,0,7,1,odd,3,,odd_char; semisimple,,ODD GRID NEWLY DEFINED (Blueprint records no odd q/n)
OD-023,9,3,2,7,0,7,1,odd,4,,odd_char; semisimple,,ODD GRID NEWLY DEFINED (Blueprint records no odd q/n)
OD-023,9,3,2,7,0,7,1,odd,5,,odd_char; semisimple,,ODD GRID NEWLY DEFINED (Blueprint records no odd q/n)
OD-023,9,3,2,7,0,7,1,odd,6,,odd_char; semisimple,,ODD GRID NEWLY DEFINED (Blueprint records no odd q/n)
OD-023,9,3,2,7,0,7,1,odd,7,,odd_char; semisimple,,ODD GRID NEWLY DEFINED (Blueprint records no odd q/n)
OD-024,9,3,2,9,2,1,9,odd,0,,odd_char; repeated_root P=9,,ODD GRID NEWLY DEFINED (Blueprint records no odd q/n)
OD-024,9,3,2,9,2,1,9,odd,1,,odd_char; repeated_root P=9,,ODD GRID NEWLY DEFINED (Blueprint records no odd q/n)
OD-024,9,3,2,9,2,1,9,odd,2,,odd_char; repeated_root P=9,,ODD GRID NEWLY DEFINED (Blueprint records no odd q/n)
OD-024,9,3,2,9,2,1,9,odd,3,,odd_char; repeated_root P=9,,ODD GRID NEWLY DEFINED (Blueprint records no odd q/n)
OD-024,9,3,2,9,2,1,9,odd,4,,odd_char; repeated_root P=9,,ODD GRID NEWLY DEFINED (Blueprint records no odd q/n)
OD-024,9,3,2,9,2,1,9,odd,5,,odd_char; repeated_root P=9,,ODD GRID NEWLY DEFINED (Blueprint records no odd q/n)
OD-024,9,3,2,9,2,1,9,odd,6,,odd_char; repeated_root P=9,,ODD GRID NEWLY DEFINED (Blueprint records no odd q/n)
OD-024,9,3,2,9,2,1,9,odd,7,,odd_char; repeated_root P=9,,ODD GRID NEWLY DEFINED (Blueprint records no odd q/n)
OD-025,9,3,2,15,1,5,3,odd,0,,odd_char; repeated_root P=3,,ODD GRID NEWLY DEFINED (Blueprint records no odd q/n)
OD-025,9,3,2,15,1,5,3,odd,1,,odd_char; repeated_root P=3,,ODD GRID NEWLY DEFINED (Blueprint records no odd q/n)
OD-025,9,3,2,15,1,5,3,odd,2,,odd_char; repeated_root P=3,,ODD GRID NEWLY DEFINED (Blueprint records no odd q/n)
OD-025,9,3,2,15,1,5,3,odd,3,,odd_char; repeated_root P=3,,ODD GRID NEWLY DEFINED (Blueprint records no odd q/n)
OD-025,9,3,2,15,1,5,3,odd,4,,odd_char; repeated_root P=3,,ODD GRID NEWLY DEFINED (Blueprint records no odd q/n)
OD-025,9,3,2,15,1,5,3,odd,5,,odd_char; repeated_root P=3,,ODD GRID NEWLY DEFINED (Blueprint records no odd q/n)
OD-025,9,3,2,15,1,5,3,odd,6,,odd_char; repeated_root P=3,,ODD GRID NEWLY DEFINED (Blueprint records no odd q/n)
OD-025,9,3,2,15,1,5,3,odd,7,,odd_char; repeated_root P=3,,ODD GRID NEWLY DEFINED (Blueprint records no odd q/n)
OD-026,9,3,2,17,0,17,1,odd,0,,odd_char; semisimple,,ODD GRID NEWLY DEFINED (Blueprint records no odd q/n)
OD-026,9,3,2,17,0,17,1,odd,1,,odd_char; semisimple,,ODD GRID NEWLY DEFINED (Blueprint records no odd q/n)
OD-026,9,3,2,17,0,17,1,odd,2,,odd_char; semisimple,,ODD GRID NEWLY DEFINED (Blueprint records no odd q/n)
OD-026,9,3,2,17,0,17,1,odd,3,,odd_char; semisimple,,ODD GRID NEWLY DEFINED (Blueprint records no odd q/n)
OD-026,9,3,2,17,0,17,1,odd,4,,odd_char; semisimple,,ODD GRID NEWLY DEFINED (Blueprint records no odd q/n)
OD-026,9,3,2,17,0,17,1,odd,5,,odd_char; semisimple,,ODD GRID NEWLY DEFINED (Blueprint records no odd q/n)
OD-026,9,3,2,17,0,17,1,odd,6,,odd_char; semisimple,,ODD GRID NEWLY DEFINED (Blueprint records no odd q/n)
OD-026,9,3,2,17,0,17,1,odd,7,,odd_char; semisimple,,ODD GRID NEWLY DEFINED (Blueprint records no odd q/n)
OD-027,9,3,2,21,1,7,3,odd,0,,odd_char; repeated_root P=3,,ODD GRID NEWLY DEFINED (Blueprint records no odd q/n)
OD-027,9,3,2,21,1,7,3,odd,1,,odd_char; repeated_root P=3,,ODD GRID NEWLY DEFINED (Blueprint records no odd q/n)
OD-027,9,3,2,21,1,7,3,odd,2,,odd_char; repeated_root P=3,,ODD GRID NEWLY DEFINED (Blueprint records no odd q/n)
OD-027,9,3,2,21,1,7,3,odd,3,,odd_char; repeated_root P=3,,ODD GRID NEWLY DEFINED (Blueprint records no odd q/n)
OD-027,9,3,2,21,1,7,3,odd,4,,odd_char; repeated_root P=3,,ODD GRID NEWLY DEFINED (Blueprint records no odd q/n)
OD-027,9,3,2,21,1,7,3,odd,5,,odd_char; repeated_root P=3,,ODD GRID NEWLY DEFINED (Blueprint records no odd q/n)
OD-027,9,3,2,21,1,7,3,odd,6,,odd_char; repeated_root P=3,,ODD GRID NEWLY DEFINED (Blueprint records no odd q/n)
OD-027,9,3,2,21,1,7,3,odd,7,,odd_char; repeated_root P=3,,ODD GRID NEWLY DEFINED (Blueprint records no odd q/n)
OD-028,9,3,2,25,0,25,1,odd,0,,odd_char; semisimple,,ODD GRID NEWLY DEFINED (Blueprint records no odd q/n)
OD-028,9,3,2,25,0,25,1,odd,1,,odd_char; semisimple,,ODD GRID NEWLY DEFINED (Blueprint records no odd q/n)
OD-028,9,3,2,25,0,25,1,odd,2,,odd_char; semisimple,,ODD GRID NEWLY DEFINED (Blueprint records no odd q/n)
OD-028,9,3,2,25,0,25,1,odd,3,,odd_char; semisimple,,ODD GRID NEWLY DEFINED (Blueprint records no odd q/n)
OD-028,9,3,2,25,0,25,1,odd,4,,odd_char; semisimple,,ODD GRID NEWLY DEFINED (Blueprint records no odd q/n)
OD-028,9,3,2,25,0,25,1,odd,5,,odd_char; semisimple,,ODD GRID NEWLY DEFINED (Blueprint records no odd q/n)
OD-028,9,3,2,25,0,25,1,odd,6,,odd_char; semisimple,,ODD GRID NEWLY DEFINED (Blueprint records no odd q/n)
OD-028,9,3,2,25,0,25,1,odd,7,,odd_char; semisimple,,ODD GRID NEWLY DEFINED (Blueprint records no odd q/n)
OD-029,9,3,2,31,0,31,1,odd,0,,odd_char; semisimple,,ODD GRID NEWLY DEFINED (Blueprint records no odd q/n)
OD-029,9,3,2,31,0,31,1,odd,1,,odd_char; semisimple,,ODD GRID NEWLY DEFINED (Blueprint records no odd q/n)
OD-029,9,3,2,31,0,31,1,odd,2,,odd_char; semisimple,,ODD GRID NEWLY DEFINED (Blueprint records no odd q/n)
OD-029,9,3,2,31,0,31,1,odd,3,,odd_char; semisimple,,ODD GRID NEWLY DEFINED (Blueprint records no odd q/n)
OD-029,9,3,2,31,0,31,1,odd,4,,odd_char; semisimple,,ODD GRID NEWLY DEFINED (Blueprint records no odd q/n)
OD-029,9,3,2,31,0,31,1,odd,5,,odd_char; semisimple,,ODD GRID NEWLY DEFINED (Blueprint records no odd q/n)
OD-029,9,3,2,31,0,31,1,odd,6,,odd_char; semisimple,,ODD GRID NEWLY DEFINED (Blueprint records no odd q/n)
OD-029,9,3,2,31,0,31,1,odd,7,,odd_char; semisimple,,ODD GRID NEWLY DEFINED (Blueprint records no odd q/n)
OD-030,9,3,2,35,0,35,1,odd,0,,odd_char; semisimple,,ODD GRID NEWLY DEFINED (Blueprint records no odd q/n)
OD-030,9,3,2,35,0,35,1,odd,1,,odd_char; semisimple,,ODD GRID NEWLY DEFINED (Blueprint records no odd q/n)
OD-030,9,3,2,35,0,35,1,odd,2,,odd_char; semisimple,,ODD GRID NEWLY DEFINED (Blueprint records no odd q/n)
OD-030,9,3,2,35,0,35,1,odd,3,,odd_char; semisimple,,ODD GRID NEWLY DEFINED (Blueprint records no odd q/n)
OD-030,9,3,2,35,0,35,1,odd,4,,odd_char; semisimple,,ODD GRID NEWLY DEFINED (Blueprint records no odd q/n)
OD-030,9,3,2,35,0,35,1,odd,5,,odd_char; semisimple,,ODD GRID NEWLY DEFINED (Blueprint records no odd q/n)
OD-030,9,3,2,35,0,35,1,odd,6,,odd_char; semisimple,,ODD GRID NEWLY DEFINED (Blueprint records no odd q/n)
OD-030,9,3,2,35,0,35,1,odd,7,,odd_char; semisimple,,ODD GRID NEWLY DEFINED (Blueprint records no odd q/n)
OD-031,25,5,2,3,0,3,1,odd,0,,odd_char; semisimple,,ODD GRID NEWLY DEFINED (Blueprint records no odd q/n)
OD-031,25,5,2,3,0,3,1,odd,1,,odd_char; semisimple,,ODD GRID NEWLY DEFINED (Blueprint records no odd q/n)
OD-031,25,5,2,3,0,3,1,odd,2,,odd_char; semisimple,,ODD GRID NEWLY DEFINED (Blueprint records no odd q/n)
OD-031,25,5,2,3,0,3,1,odd,3,,odd_char; semisimple,,ODD GRID NEWLY DEFINED (Blueprint records no odd q/n)
OD-031,25,5,2,3,0,3,1,odd,4,,odd_char; semisimple,,ODD GRID NEWLY DEFINED (Blueprint records no odd q/n)
OD-031,25,5,2,3,0,3,1,odd,5,,odd_char; semisimple,,ODD GRID NEWLY DEFINED (Blueprint records no odd q/n)
OD-031,25,5,2,3,0,3,1,odd,6,,odd_char; semisimple,,ODD GRID NEWLY DEFINED (Blueprint records no odd q/n)
OD-031,25,5,2,3,0,3,1,odd,7,,odd_char; semisimple,,ODD GRID NEWLY DEFINED (Blueprint records no odd q/n)
OD-031,25,5,2,3,0,3,1,odd,8,,odd_char; semisimple,,ODD GRID NEWLY DEFINED (Blueprint records no odd q/n)
OD-031,25,5,2,3,0,3,1,odd,9,,odd_char; semisimple,,ODD GRID NEWLY DEFINED (Blueprint records no odd q/n)
OD-031,25,5,2,3,0,3,1,odd,10,,odd_char; semisimple,,ODD GRID NEWLY DEFINED (Blueprint records no odd q/n)
OD-031,25,5,2,3,0,3,1,odd,11,,odd_char; semisimple,,ODD GRID NEWLY DEFINED (Blueprint records no odd q/n)
OD-031,25,5,2,3,0,3,1,odd,12,,odd_char; semisimple,,ODD GRID NEWLY DEFINED (Blueprint records no odd q/n)
OD-031,25,5,2,3,0,3,1,odd,13,,odd_char; semisimple,,ODD GRID NEWLY DEFINED (Blueprint records no odd q/n)
OD-031,25,5,2,3,0,3,1,odd,14,,odd_char; semisimple,,ODD GRID NEWLY DEFINED (Blueprint records no odd q/n)
OD-031,25,5,2,3,0,3,1,odd,15,,odd_char; semisimple,,ODD GRID NEWLY DEFINED (Blueprint records no odd q/n)
OD-031,25,5,2,3,0,3,1,odd,16,,odd_char; semisimple,,ODD GRID NEWLY DEFINED (Blueprint records no odd q/n)
OD-031,25,5,2,3,0,3,1,odd,17,,odd_char; semisimple,,ODD GRID NEWLY DEFINED (Blueprint records no odd q/n)
OD-031,25,5,2,3,0,3,1,odd,18,,odd_char; semisimple,,ODD GRID NEWLY DEFINED (Blueprint records no odd q/n)
OD-031,25,5,2,3,0,3,1,odd,19,,odd_char; semisimple,,ODD GRID NEWLY DEFINED (Blueprint records no odd q/n)
OD-031,25,5,2,3,0,3,1,odd,20,,odd_char; semisimple,,ODD GRID NEWLY DEFINED (Blueprint records no odd q/n)
OD-031,25,5,2,3,0,3,1,odd,21,,odd_char; semisimple,,ODD GRID NEWLY DEFINED (Blueprint records no odd q/n)
OD-031,25,5,2,3,0,3,1,odd,22,,odd_char; semisimple,,ODD GRID NEWLY DEFINED (Blueprint records no odd q/n)
OD-031,25,5,2,3,0,3,1,odd,23,,odd_char; semisimple,,ODD GRID NEWLY DEFINED (Blueprint records no odd q/n)
OD-032,25,5,2,5,1,1,5,odd,0,,odd_char; repeated_root P=5,,ODD GRID NEWLY DEFINED (Blueprint records no odd q/n)
OD-032,25,5,2,5,1,1,5,odd,1,,odd_char; repeated_root P=5,,ODD GRID NEWLY DEFINED (Blueprint records no odd q/n)
OD-032,25,5,2,5,1,1,5,odd,2,,odd_char; repeated_root P=5,,ODD GRID NEWLY DEFINED (Blueprint records no odd q/n)
OD-032,25,5,2,5,1,1,5,odd,3,,odd_char; repeated_root P=5,,ODD GRID NEWLY DEFINED (Blueprint records no odd q/n)
OD-032,25,5,2,5,1,1,5,odd,4,,odd_char; repeated_root P=5,,ODD GRID NEWLY DEFINED (Blueprint records no odd q/n)
OD-032,25,5,2,5,1,1,5,odd,5,,odd_char; repeated_root P=5,,ODD GRID NEWLY DEFINED (Blueprint records no odd q/n)
OD-032,25,5,2,5,1,1,5,odd,6,,odd_char; repeated_root P=5,,ODD GRID NEWLY DEFINED (Blueprint records no odd q/n)
OD-032,25,5,2,5,1,1,5,odd,7,,odd_char; repeated_root P=5,,ODD GRID NEWLY DEFINED (Blueprint records no odd q/n)
OD-032,25,5,2,5,1,1,5,odd,8,,odd_char; repeated_root P=5,,ODD GRID NEWLY DEFINED (Blueprint records no odd q/n)
OD-032,25,5,2,5,1,1,5,odd,9,,odd_char; repeated_root P=5,,ODD GRID NEWLY DEFINED (Blueprint records no odd q/n)
OD-032,25,5,2,5,1,1,5,odd,10,,odd_char; repeated_root P=5,,ODD GRID NEWLY DEFINED (Blueprint records no odd q/n)
OD-032,25,5,2,5,1,1,5,odd,11,,odd_char; repeated_root P=5,,ODD GRID NEWLY DEFINED (Blueprint records no odd q/n)
OD-032,25,5,2,5,1,1,5,odd,12,,odd_char; repeated_root P=5,,ODD GRID NEWLY DEFINED (Blueprint records no odd q/n)
OD-032,25,5,2,5,1,1,5,odd,13,,odd_char; repeated_root P=5,,ODD GRID NEWLY DEFINED (Blueprint records no odd q/n)
OD-032,25,5,2,5,1,1,5,odd,14,,odd_char; repeated_root P=5,,ODD GRID NEWLY DEFINED (Blueprint records no odd q/n)
OD-032,25,5,2,5,1,1,5,odd,15,,odd_char; repeated_root P=5,,ODD GRID NEWLY DEFINED (Blueprint records no odd q/n)
OD-032,25,5,2,5,1,1,5,odd,16,,odd_char; repeated_root P=5,,ODD GRID NEWLY DEFINED (Blueprint records no odd q/n)
OD-032,25,5,2,5,1,1,5,odd,17,,odd_char; repeated_root P=5,,ODD GRID NEWLY DEFINED (Blueprint records no odd q/n)
OD-032,25,5,2,5,1,1,5,odd,18,,odd_char; repeated_root P=5,,ODD GRID NEWLY DEFINED (Blueprint records no odd q/n)
OD-032,25,5,2,5,1,1,5,odd,19,,odd_char; repeated_root P=5,,ODD GRID NEWLY DEFINED (Blueprint records no odd q/n)
OD-032,25,5,2,5,1,1,5,odd,20,,odd_char; repeated_root P=5,,ODD GRID NEWLY DEFINED (Blueprint records no odd q/n)
OD-032,25,5,2,5,1,1,5,odd,21,,odd_char; repeated_root P=5,,ODD GRID NEWLY DEFINED (Blueprint records no odd q/n)
OD-032,25,5,2,5,1,1,5,odd,22,,odd_char; repeated_root P=5,,ODD GRID NEWLY DEFINED (Blueprint records no odd q/n)
OD-032,25,5,2,5,1,1,5,odd,23,,odd_char; repeated_root P=5,,ODD GRID NEWLY DEFINED (Blueprint records no odd q/n)
OD-033,25,5,2,7,0,7,1,odd,0,,odd_char; semisimple,,ODD GRID NEWLY DEFINED (Blueprint records no odd q/n)
OD-033,25,5,2,7,0,7,1,odd,1,,odd_char; semisimple,,ODD GRID NEWLY DEFINED (Blueprint records no odd q/n)
OD-033,25,5,2,7,0,7,1,odd,2,,odd_char; semisimple,,ODD GRID NEWLY DEFINED (Blueprint records no odd q/n)
OD-033,25,5,2,7,0,7,1,odd,3,,odd_char; semisimple,,ODD GRID NEWLY DEFINED (Blueprint records no odd q/n)
OD-033,25,5,2,7,0,7,1,odd,4,,odd_char; semisimple,,ODD GRID NEWLY DEFINED (Blueprint records no odd q/n)
OD-033,25,5,2,7,0,7,1,odd,5,,odd_char; semisimple,,ODD GRID NEWLY DEFINED (Blueprint records no odd q/n)
OD-033,25,5,2,7,0,7,1,odd,6,,odd_char; semisimple,,ODD GRID NEWLY DEFINED (Blueprint records no odd q/n)
OD-033,25,5,2,7,0,7,1,odd,7,,odd_char; semisimple,,ODD GRID NEWLY DEFINED (Blueprint records no odd q/n)
OD-033,25,5,2,7,0,7,1,odd,8,,odd_char; semisimple,,ODD GRID NEWLY DEFINED (Blueprint records no odd q/n)
OD-033,25,5,2,7,0,7,1,odd,9,,odd_char; semisimple,,ODD GRID NEWLY DEFINED (Blueprint records no odd q/n)
OD-033,25,5,2,7,0,7,1,odd,10,,odd_char; semisimple,,ODD GRID NEWLY DEFINED (Blueprint records no odd q/n)
OD-033,25,5,2,7,0,7,1,odd,11,,odd_char; semisimple,,ODD GRID NEWLY DEFINED (Blueprint records no odd q/n)
OD-033,25,5,2,7,0,7,1,odd,12,,odd_char; semisimple,,ODD GRID NEWLY DEFINED (Blueprint records no odd q/n)
OD-033,25,5,2,7,0,7,1,odd,13,,odd_char; semisimple,,ODD GRID NEWLY DEFINED (Blueprint records no odd q/n)
OD-033,25,5,2,7,0,7,1,odd,14,,odd_char; semisimple,,ODD GRID NEWLY DEFINED (Blueprint records no odd q/n)
OD-033,25,5,2,7,0,7,1,odd,15,,odd_char; semisimple,,ODD GRID NEWLY DEFINED (Blueprint records no odd q/n)
OD-033,25,5,2,7,0,7,1,odd,16,,odd_char; semisimple,,ODD GRID NEWLY DEFINED (Blueprint records no odd q/n)
OD-033,25,5,2,7,0,7,1,odd,17,,odd_char; semisimple,,ODD GRID NEWLY DEFINED (Blueprint records no odd q/n)
OD-033,25,5,2,7,0,7,1,odd,18,,odd_char; semisimple,,ODD GRID NEWLY DEFINED (Blueprint records no odd q/n)
OD-033,25,5,2,7,0,7,1,odd,19,,odd_char; semisimple,,ODD GRID NEWLY DEFINED (Blueprint records no odd q/n)
OD-033,25,5,2,7,0,7,1,odd,20,,odd_char; semisimple,,ODD GRID NEWLY DEFINED (Blueprint records no odd q/n)
OD-033,25,5,2,7,0,7,1,odd,21,,odd_char; semisimple,,ODD GRID NEWLY DEFINED (Blueprint records no odd q/n)
OD-033,25,5,2,7,0,7,1,odd,22,,odd_char; semisimple,,ODD GRID NEWLY DEFINED (Blueprint records no odd q/n)
OD-033,25,5,2,7,0,7,1,odd,23,,odd_char; semisimple,,ODD GRID NEWLY DEFINED (Blueprint records no odd q/n)
OD-034,25,5,2,9,0,9,1,odd,0,,odd_char; semisimple,,ODD GRID NEWLY DEFINED (Blueprint records no odd q/n)
OD-034,25,5,2,9,0,9,1,odd,1,,odd_char; semisimple,,ODD GRID NEWLY DEFINED (Blueprint records no odd q/n)
OD-034,25,5,2,9,0,9,1,odd,2,,odd_char; semisimple,,ODD GRID NEWLY DEFINED (Blueprint records no odd q/n)
OD-034,25,5,2,9,0,9,1,odd,3,,odd_char; semisimple,,ODD GRID NEWLY DEFINED (Blueprint records no odd q/n)
OD-034,25,5,2,9,0,9,1,odd,4,,odd_char; semisimple,,ODD GRID NEWLY DEFINED (Blueprint records no odd q/n)
OD-034,25,5,2,9,0,9,1,odd,5,,odd_char; semisimple,,ODD GRID NEWLY DEFINED (Blueprint records no odd q/n)
OD-034,25,5,2,9,0,9,1,odd,6,,odd_char; semisimple,,ODD GRID NEWLY DEFINED (Blueprint records no odd q/n)
OD-034,25,5,2,9,0,9,1,odd,7,,odd_char; semisimple,,ODD GRID NEWLY DEFINED (Blueprint records no odd q/n)
OD-034,25,5,2,9,0,9,1,odd,8,,odd_char; semisimple,,ODD GRID NEWLY DEFINED (Blueprint records no odd q/n)
OD-034,25,5,2,9,0,9,1,odd,9,,odd_char; semisimple,,ODD GRID NEWLY DEFINED (Blueprint records no odd q/n)
OD-034,25,5,2,9,0,9,1,odd,10,,odd_char; semisimple,,ODD GRID NEWLY DEFINED (Blueprint records no odd q/n)
OD-034,25,5,2,9,0,9,1,odd,11,,odd_char; semisimple,,ODD GRID NEWLY DEFINED (Blueprint records no odd q/n)
OD-034,25,5,2,9,0,9,1,odd,12,,odd_char; semisimple,,ODD GRID NEWLY DEFINED (Blueprint records no odd q/n)
OD-034,25,5,2,9,0,9,1,odd,13,,odd_char; semisimple,,ODD GRID NEWLY DEFINED (Blueprint records no odd q/n)
OD-034,25,5,2,9,0,9,1,odd,14,,odd_char; semisimple,,ODD GRID NEWLY DEFINED (Blueprint records no odd q/n)
OD-034,25,5,2,9,0,9,1,odd,15,,odd_char; semisimple,,ODD GRID NEWLY DEFINED (Blueprint records no odd q/n)
OD-034,25,5,2,9,0,9,1,odd,16,,odd_char; semisimple,,ODD GRID NEWLY DEFINED (Blueprint records no odd q/n)
OD-034,25,5,2,9,0,9,1,odd,17,,odd_char; semisimple,,ODD GRID NEWLY DEFINED (Blueprint records no odd q/n)
OD-034,25,5,2,9,0,9,1,odd,18,,odd_char; semisimple,,ODD GRID NEWLY DEFINED (Blueprint records no odd q/n)
OD-034,25,5,2,9,0,9,1,odd,19,,odd_char; semisimple,,ODD GRID NEWLY DEFINED (Blueprint records no odd q/n)
OD-034,25,5,2,9,0,9,1,odd,20,,odd_char; semisimple,,ODD GRID NEWLY DEFINED (Blueprint records no odd q/n)
OD-034,25,5,2,9,0,9,1,odd,21,,odd_char; semisimple,,ODD GRID NEWLY DEFINED (Blueprint records no odd q/n)
OD-034,25,5,2,9,0,9,1,odd,22,,odd_char; semisimple,,ODD GRID NEWLY DEFINED (Blueprint records no odd q/n)
OD-034,25,5,2,9,0,9,1,odd,23,,odd_char; semisimple,,ODD GRID NEWLY DEFINED (Blueprint records no odd q/n)
OD-035,25,5,2,15,1,3,5,odd,0,,odd_char; repeated_root P=5,,ODD GRID NEWLY DEFINED (Blueprint records no odd q/n)
OD-035,25,5,2,15,1,3,5,odd,1,,odd_char; repeated_root P=5,,ODD GRID NEWLY DEFINED (Blueprint records no odd q/n)
OD-035,25,5,2,15,1,3,5,odd,2,,odd_char; repeated_root P=5,,ODD GRID NEWLY DEFINED (Blueprint records no odd q/n)
OD-035,25,5,2,15,1,3,5,odd,3,,odd_char; repeated_root P=5,,ODD GRID NEWLY DEFINED (Blueprint records no odd q/n)
OD-035,25,5,2,15,1,3,5,odd,4,,odd_char; repeated_root P=5,,ODD GRID NEWLY DEFINED (Blueprint records no odd q/n)
OD-035,25,5,2,15,1,3,5,odd,5,,odd_char; repeated_root P=5,,ODD GRID NEWLY DEFINED (Blueprint records no odd q/n)
OD-035,25,5,2,15,1,3,5,odd,6,,odd_char; repeated_root P=5,,ODD GRID NEWLY DEFINED (Blueprint records no odd q/n)
OD-035,25,5,2,15,1,3,5,odd,7,,odd_char; repeated_root P=5,,ODD GRID NEWLY DEFINED (Blueprint records no odd q/n)
OD-035,25,5,2,15,1,3,5,odd,8,,odd_char; repeated_root P=5,,ODD GRID NEWLY DEFINED (Blueprint records no odd q/n)
OD-035,25,5,2,15,1,3,5,odd,9,,odd_char; repeated_root P=5,,ODD GRID NEWLY DEFINED (Blueprint records no odd q/n)
OD-035,25,5,2,15,1,3,5,odd,10,,odd_char; repeated_root P=5,,ODD GRID NEWLY DEFINED (Blueprint records no odd q/n)
OD-035,25,5,2,15,1,3,5,odd,11,,odd_char; repeated_root P=5,,ODD GRID NEWLY DEFINED (Blueprint records no odd q/n)
OD-035,25,5,2,15,1,3,5,odd,12,,odd_char; repeated_root P=5,,ODD GRID NEWLY DEFINED (Blueprint records no odd q/n)
OD-035,25,5,2,15,1,3,5,odd,13,,odd_char; repeated_root P=5,,ODD GRID NEWLY DEFINED (Blueprint records no odd q/n)
OD-035,25,5,2,15,1,3,5,odd,14,,odd_char; repeated_root P=5,,ODD GRID NEWLY DEFINED (Blueprint records no odd q/n)
OD-035,25,5,2,15,1,3,5,odd,15,,odd_char; repeated_root P=5,,ODD GRID NEWLY DEFINED (Blueprint records no odd q/n)
OD-035,25,5,2,15,1,3,5,odd,16,,odd_char; repeated_root P=5,,ODD GRID NEWLY DEFINED (Blueprint records no odd q/n)
OD-035,25,5,2,15,1,3,5,odd,17,,odd_char; repeated_root P=5,,ODD GRID NEWLY DEFINED (Blueprint records no odd q/n)
OD-035,25,5,2,15,1,3,5,odd,18,,odd_char; repeated_root P=5,,ODD GRID NEWLY DEFINED (Blueprint records no odd q/n)
OD-035,25,5,2,15,1,3,5,odd,19,,odd_char; repeated_root P=5,,ODD GRID NEWLY DEFINED (Blueprint records no odd q/n)
OD-035,25,5,2,15,1,3,5,odd,20,,odd_char; repeated_root P=5,,ODD GRID NEWLY DEFINED (Blueprint records no odd q/n)
OD-035,25,5,2,15,1,3,5,odd,21,,odd_char; repeated_root P=5,,ODD GRID NEWLY DEFINED (Blueprint records no odd q/n)
OD-035,25,5,2,15,1,3,5,odd,22,,odd_char; repeated_root P=5,,ODD GRID NEWLY DEFINED (Blueprint records no odd q/n)
OD-035,25,5,2,15,1,3,5,odd,23,,odd_char; repeated_root P=5,,ODD GRID NEWLY DEFINED (Blueprint records no odd q/n)
OD-036,25,5,2,17,0,17,1,odd,0,,odd_char; semisimple,,ODD GRID NEWLY DEFINED (Blueprint records no odd q/n)
OD-036,25,5,2,17,0,17,1,odd,1,,odd_char; semisimple,,ODD GRID NEWLY DEFINED (Blueprint records no odd q/n)
OD-036,25,5,2,17,0,17,1,odd,2,,odd_char; semisimple,,ODD GRID NEWLY DEFINED (Blueprint records no odd q/n)
OD-036,25,5,2,17,0,17,1,odd,3,,odd_char; semisimple,,ODD GRID NEWLY DEFINED (Blueprint records no odd q/n)
OD-036,25,5,2,17,0,17,1,odd,4,,odd_char; semisimple,,ODD GRID NEWLY DEFINED (Blueprint records no odd q/n)
OD-036,25,5,2,17,0,17,1,odd,5,,odd_char; semisimple,,ODD GRID NEWLY DEFINED (Blueprint records no odd q/n)
OD-036,25,5,2,17,0,17,1,odd,6,,odd_char; semisimple,,ODD GRID NEWLY DEFINED (Blueprint records no odd q/n)
OD-036,25,5,2,17,0,17,1,odd,7,,odd_char; semisimple,,ODD GRID NEWLY DEFINED (Blueprint records no odd q/n)
OD-036,25,5,2,17,0,17,1,odd,8,,odd_char; semisimple,,ODD GRID NEWLY DEFINED (Blueprint records no odd q/n)
OD-036,25,5,2,17,0,17,1,odd,9,,odd_char; semisimple,,ODD GRID NEWLY DEFINED (Blueprint records no odd q/n)
OD-036,25,5,2,17,0,17,1,odd,10,,odd_char; semisimple,,ODD GRID NEWLY DEFINED (Blueprint records no odd q/n)
OD-036,25,5,2,17,0,17,1,odd,11,,odd_char; semisimple,,ODD GRID NEWLY DEFINED (Blueprint records no odd q/n)
OD-036,25,5,2,17,0,17,1,odd,12,,odd_char; semisimple,,ODD GRID NEWLY DEFINED (Blueprint records no odd q/n)
OD-036,25,5,2,17,0,17,1,odd,13,,odd_char; semisimple,,ODD GRID NEWLY DEFINED (Blueprint records no odd q/n)
OD-036,25,5,2,17,0,17,1,odd,14,,odd_char; semisimple,,ODD GRID NEWLY DEFINED (Blueprint records no odd q/n)
OD-036,25,5,2,17,0,17,1,odd,15,,odd_char; semisimple,,ODD GRID NEWLY DEFINED (Blueprint records no odd q/n)
OD-036,25,5,2,17,0,17,1,odd,16,,odd_char; semisimple,,ODD GRID NEWLY DEFINED (Blueprint records no odd q/n)
OD-036,25,5,2,17,0,17,1,odd,17,,odd_char; semisimple,,ODD GRID NEWLY DEFINED (Blueprint records no odd q/n)
OD-036,25,5,2,17,0,17,1,odd,18,,odd_char; semisimple,,ODD GRID NEWLY DEFINED (Blueprint records no odd q/n)
OD-036,25,5,2,17,0,17,1,odd,19,,odd_char; semisimple,,ODD GRID NEWLY DEFINED (Blueprint records no odd q/n)
OD-036,25,5,2,17,0,17,1,odd,20,,odd_char; semisimple,,ODD GRID NEWLY DEFINED (Blueprint records no odd q/n)
OD-036,25,5,2,17,0,17,1,odd,21,,odd_char; semisimple,,ODD GRID NEWLY DEFINED (Blueprint records no odd q/n)
OD-036,25,5,2,17,0,17,1,odd,22,,odd_char; semisimple,,ODD GRID NEWLY DEFINED (Blueprint records no odd q/n)
OD-036,25,5,2,17,0,17,1,odd,23,,odd_char; semisimple,,ODD GRID NEWLY DEFINED (Blueprint records no odd q/n)
OD-037,25,5,2,21,0,21,1,odd,0,,odd_char; semisimple,,ODD GRID NEWLY DEFINED (Blueprint records no odd q/n)
OD-037,25,5,2,21,0,21,1,odd,1,,odd_char; semisimple,,ODD GRID NEWLY DEFINED (Blueprint records no odd q/n)
OD-037,25,5,2,21,0,21,1,odd,2,,odd_char; semisimple,,ODD GRID NEWLY DEFINED (Blueprint records no odd q/n)
OD-037,25,5,2,21,0,21,1,odd,3,,odd_char; semisimple,,ODD GRID NEWLY DEFINED (Blueprint records no odd q/n)
OD-037,25,5,2,21,0,21,1,odd,4,,odd_char; semisimple,,ODD GRID NEWLY DEFINED (Blueprint records no odd q/n)
OD-037,25,5,2,21,0,21,1,odd,5,,odd_char; semisimple,,ODD GRID NEWLY DEFINED (Blueprint records no odd q/n)
OD-037,25,5,2,21,0,21,1,odd,6,,odd_char; semisimple,,ODD GRID NEWLY DEFINED (Blueprint records no odd q/n)
OD-037,25,5,2,21,0,21,1,odd,7,,odd_char; semisimple,,ODD GRID NEWLY DEFINED (Blueprint records no odd q/n)
OD-037,25,5,2,21,0,21,1,odd,8,,odd_char; semisimple,,ODD GRID NEWLY DEFINED (Blueprint records no odd q/n)
OD-037,25,5,2,21,0,21,1,odd,9,,odd_char; semisimple,,ODD GRID NEWLY DEFINED (Blueprint records no odd q/n)
OD-037,25,5,2,21,0,21,1,odd,10,,odd_char; semisimple,,ODD GRID NEWLY DEFINED (Blueprint records no odd q/n)
OD-037,25,5,2,21,0,21,1,odd,11,,odd_char; semisimple,,ODD GRID NEWLY DEFINED (Blueprint records no odd q/n)
OD-037,25,5,2,21,0,21,1,odd,12,,odd_char; semisimple,,ODD GRID NEWLY DEFINED (Blueprint records no odd q/n)
OD-037,25,5,2,21,0,21,1,odd,13,,odd_char; semisimple,,ODD GRID NEWLY DEFINED (Blueprint records no odd q/n)
OD-037,25,5,2,21,0,21,1,odd,14,,odd_char; semisimple,,ODD GRID NEWLY DEFINED (Blueprint records no odd q/n)
OD-037,25,5,2,21,0,21,1,odd,15,,odd_char; semisimple,,ODD GRID NEWLY DEFINED (Blueprint records no odd q/n)
OD-037,25,5,2,21,0,21,1,odd,16,,odd_char; semisimple,,ODD GRID NEWLY DEFINED (Blueprint records no odd q/n)
OD-037,25,5,2,21,0,21,1,odd,17,,odd_char; semisimple,,ODD GRID NEWLY DEFINED (Blueprint records no odd q/n)
OD-037,25,5,2,21,0,21,1,odd,18,,odd_char; semisimple,,ODD GRID NEWLY DEFINED (Blueprint records no odd q/n)
OD-037,25,5,2,21,0,21,1,odd,19,,odd_char; semisimple,,ODD GRID NEWLY DEFINED (Blueprint records no odd q/n)
OD-037,25,5,2,21,0,21,1,odd,20,,odd_char; semisimple,,ODD GRID NEWLY DEFINED (Blueprint records no odd q/n)
OD-037,25,5,2,21,0,21,1,odd,21,,odd_char; semisimple,,ODD GRID NEWLY DEFINED (Blueprint records no odd q/n)
OD-037,25,5,2,21,0,21,1,odd,22,,odd_char; semisimple,,ODD GRID NEWLY DEFINED (Blueprint records no odd q/n)
OD-037,25,5,2,21,0,21,1,odd,23,,odd_char; semisimple,,ODD GRID NEWLY DEFINED (Blueprint records no odd q/n)
OD-038,25,5,2,25,2,1,25,odd,0,,odd_char; repeated_root P=25,,ODD GRID NEWLY DEFINED (Blueprint records no odd q/n)
OD-038,25,5,2,25,2,1,25,odd,1,,odd_char; repeated_root P=25,,ODD GRID NEWLY DEFINED (Blueprint records no odd q/n)
OD-038,25,5,2,25,2,1,25,odd,2,,odd_char; repeated_root P=25,,ODD GRID NEWLY DEFINED (Blueprint records no odd q/n)
OD-038,25,5,2,25,2,1,25,odd,3,,odd_char; repeated_root P=25,,ODD GRID NEWLY DEFINED (Blueprint records no odd q/n)
OD-038,25,5,2,25,2,1,25,odd,4,,odd_char; repeated_root P=25,,ODD GRID NEWLY DEFINED (Blueprint records no odd q/n)
OD-038,25,5,2,25,2,1,25,odd,5,,odd_char; repeated_root P=25,,ODD GRID NEWLY DEFINED (Blueprint records no odd q/n)
OD-038,25,5,2,25,2,1,25,odd,6,,odd_char; repeated_root P=25,,ODD GRID NEWLY DEFINED (Blueprint records no odd q/n)
OD-038,25,5,2,25,2,1,25,odd,7,,odd_char; repeated_root P=25,,ODD GRID NEWLY DEFINED (Blueprint records no odd q/n)
OD-038,25,5,2,25,2,1,25,odd,8,,odd_char; repeated_root P=25,,ODD GRID NEWLY DEFINED (Blueprint records no odd q/n)
OD-038,25,5,2,25,2,1,25,odd,9,,odd_char; repeated_root P=25,,ODD GRID NEWLY DEFINED (Blueprint records no odd q/n)
OD-038,25,5,2,25,2,1,25,odd,10,,odd_char; repeated_root P=25,,ODD GRID NEWLY DEFINED (Blueprint records no odd q/n)
OD-038,25,5,2,25,2,1,25,odd,11,,odd_char; repeated_root P=25,,ODD GRID NEWLY DEFINED (Blueprint records no odd q/n)
OD-038,25,5,2,25,2,1,25,odd,12,,odd_char; repeated_root P=25,,ODD GRID NEWLY DEFINED (Blueprint records no odd q/n)
OD-038,25,5,2,25,2,1,25,odd,13,,odd_char; repeated_root P=25,,ODD GRID NEWLY DEFINED (Blueprint records no odd q/n)
OD-038,25,5,2,25,2,1,25,odd,14,,odd_char; repeated_root P=25,,ODD GRID NEWLY DEFINED (Blueprint records no odd q/n)
OD-038,25,5,2,25,2,1,25,odd,15,,odd_char; repeated_root P=25,,ODD GRID NEWLY DEFINED (Blueprint records no odd q/n)
OD-038,25,5,2,25,2,1,25,odd,16,,odd_char; repeated_root P=25,,ODD GRID NEWLY DEFINED (Blueprint records no odd q/n)
OD-038,25,5,2,25,2,1,25,odd,17,,odd_char; repeated_root P=25,,ODD GRID NEWLY DEFINED (Blueprint records no odd q/n)
OD-038,25,5,2,25,2,1,25,odd,18,,odd_char; repeated_root P=25,,ODD GRID NEWLY DEFINED (Blueprint records no odd q/n)
OD-038,25,5,2,25,2,1,25,odd,19,,odd_char; repeated_root P=25,,ODD GRID NEWLY DEFINED (Blueprint records no odd q/n)
OD-038,25,5,2,25,2,1,25,odd,20,,odd_char; repeated_root P=25,,ODD GRID NEWLY DEFINED (Blueprint records no odd q/n)
OD-038,25,5,2,25,2,1,25,odd,21,,odd_char; repeated_root P=25,,ODD GRID NEWLY DEFINED (Blueprint records no odd q/n)
OD-038,25,5,2,25,2,1,25,odd,22,,odd_char; repeated_root P=25,,ODD GRID NEWLY DEFINED (Blueprint records no odd q/n)
OD-038,25,5,2,25,2,1,25,odd,23,,odd_char; repeated_root P=25,,ODD GRID NEWLY DEFINED (Blueprint records no odd q/n)
OD-039,25,5,2,31,0,31,1,odd,0,,odd_char; semisimple,,ODD GRID NEWLY DEFINED (Blueprint records no odd q/n)
OD-039,25,5,2,31,0,31,1,odd,1,,odd_char; semisimple,,ODD GRID NEWLY DEFINED (Blueprint records no odd q/n)
OD-039,25,5,2,31,0,31,1,odd,2,,odd_char; semisimple,,ODD GRID NEWLY DEFINED (Blueprint records no odd q/n)
OD-039,25,5,2,31,0,31,1,odd,3,,odd_char; semisimple,,ODD GRID NEWLY DEFINED (Blueprint records no odd q/n)
OD-039,25,5,2,31,0,31,1,odd,4,,odd_char; semisimple,,ODD GRID NEWLY DEFINED (Blueprint records no odd q/n)
OD-039,25,5,2,31,0,31,1,odd,5,,odd_char; semisimple,,ODD GRID NEWLY DEFINED (Blueprint records no odd q/n)
OD-039,25,5,2,31,0,31,1,odd,6,,odd_char; semisimple,,ODD GRID NEWLY DEFINED (Blueprint records no odd q/n)
OD-039,25,5,2,31,0,31,1,odd,7,,odd_char; semisimple,,ODD GRID NEWLY DEFINED (Blueprint records no odd q/n)
OD-039,25,5,2,31,0,31,1,odd,8,,odd_char; semisimple,,ODD GRID NEWLY DEFINED (Blueprint records no odd q/n)
OD-039,25,5,2,31,0,31,1,odd,9,,odd_char; semisimple,,ODD GRID NEWLY DEFINED (Blueprint records no odd q/n)
OD-039,25,5,2,31,0,31,1,odd,10,,odd_char; semisimple,,ODD GRID NEWLY DEFINED (Blueprint records no odd q/n)
OD-039,25,5,2,31,0,31,1,odd,11,,odd_char; semisimple,,ODD GRID NEWLY DEFINED (Blueprint records no odd q/n)
OD-039,25,5,2,31,0,31,1,odd,12,,odd_char; semisimple,,ODD GRID NEWLY DEFINED (Blueprint records no odd q/n)
OD-039,25,5,2,31,0,31,1,odd,13,,odd_char; semisimple,,ODD GRID NEWLY DEFINED (Blueprint records no odd q/n)
OD-039,25,5,2,31,0,31,1,odd,14,,odd_char; semisimple,,ODD GRID NEWLY DEFINED (Blueprint records no odd q/n)
OD-039,25,5,2,31,0,31,1,odd,15,,odd_char; semisimple,,ODD GRID NEWLY DEFINED (Blueprint records no odd q/n)
OD-039,25,5,2,31,0,31,1,odd,16,,odd_char; semisimple,,ODD GRID NEWLY DEFINED (Blueprint records no odd q/n)
OD-039,25,5,2,31,0,31,1,odd,17,,odd_char; semisimple,,ODD GRID NEWLY DEFINED (Blueprint records no odd q/n)
OD-039,25,5,2,31,0,31,1,odd,18,,odd_char; semisimple,,ODD GRID NEWLY DEFINED (Blueprint records no odd q/n)
OD-039,25,5,2,31,0,31,1,odd,19,,odd_char; semisimple,,ODD GRID NEWLY DEFINED (Blueprint records no odd q/n)
OD-039,25,5,2,31,0,31,1,odd,20,,odd_char; semisimple,,ODD GRID NEWLY DEFINED (Blueprint records no odd q/n)
OD-039,25,5,2,31,0,31,1,odd,21,,odd_char; semisimple,,ODD GRID NEWLY DEFINED (Blueprint records no odd q/n)
OD-039,25,5,2,31,0,31,1,odd,22,,odd_char; semisimple,,ODD GRID NEWLY DEFINED (Blueprint records no odd q/n)
OD-039,25,5,2,31,0,31,1,odd,23,,odd_char; semisimple,,ODD GRID NEWLY DEFINED (Blueprint records no odd q/n)
OD-040,25,5,2,35,1,7,5,odd,0,,odd_char; repeated_root P=5,,ODD GRID NEWLY DEFINED (Blueprint records no odd q/n)
OD-040,25,5,2,35,1,7,5,odd,1,,odd_char; repeated_root P=5,,ODD GRID NEWLY DEFINED (Blueprint records no odd q/n)
OD-040,25,5,2,35,1,7,5,odd,2,,odd_char; repeated_root P=5,,ODD GRID NEWLY DEFINED (Blueprint records no odd q/n)
OD-040,25,5,2,35,1,7,5,odd,3,,odd_char; repeated_root P=5,,ODD GRID NEWLY DEFINED (Blueprint records no odd q/n)
OD-040,25,5,2,35,1,7,5,odd,4,,odd_char; repeated_root P=5,,ODD GRID NEWLY DEFINED (Blueprint records no odd q/n)
OD-040,25,5,2,35,1,7,5,odd,5,,odd_char; repeated_root P=5,,ODD GRID NEWLY DEFINED (Blueprint records no odd q/n)
OD-040,25,5,2,35,1,7,5,odd,6,,odd_char; repeated_root P=5,,ODD GRID NEWLY DEFINED (Blueprint records no odd q/n)
OD-040,25,5,2,35,1,7,5,odd,7,,odd_char; repeated_root P=5,,ODD GRID NEWLY DEFINED (Blueprint records no odd q/n)
OD-040,25,5,2,35,1,7,5,odd,8,,odd_char; repeated_root P=5,,ODD GRID NEWLY DEFINED (Blueprint records no odd q/n)
OD-040,25,5,2,35,1,7,5,odd,9,,odd_char; repeated_root P=5,,ODD GRID NEWLY DEFINED (Blueprint records no odd q/n)
OD-040,25,5,2,35,1,7,5,odd,10,,odd_char; repeated_root P=5,,ODD GRID NEWLY DEFINED (Blueprint records no odd q/n)
OD-040,25,5,2,35,1,7,5,odd,11,,odd_char; repeated_root P=5,,ODD GRID NEWLY DEFINED (Blueprint records no odd q/n)
OD-040,25,5,2,35,1,7,5,odd,12,,odd_char; repeated_root P=5,,ODD GRID NEWLY DEFINED (Blueprint records no odd q/n)
OD-040,25,5,2,35,1,7,5,odd,13,,odd_char; repeated_root P=5,,ODD GRID NEWLY DEFINED (Blueprint records no odd q/n)
OD-040,25,5,2,35,1,7,5,odd,14,,odd_char; repeated_root P=5,,ODD GRID NEWLY DEFINED (Blueprint records no odd q/n)
OD-040,25,5,2,35,1,7,5,odd,15,,odd_char; repeated_root P=5,,ODD GRID NEWLY DEFINED (Blueprint records no odd q/n)
OD-040,25,5,2,35,1,7,5,odd,16,,odd_char; repeated_root P=5,,ODD GRID NEWLY DEFINED (Blueprint records no odd q/n)
OD-040,25,5,2,35,1,7,5,odd,17,,odd_char; repeated_root P=5,,ODD GRID NEWLY DEFINED (Blueprint records no odd q/n)
OD-040,25,5,2,35,1,7,5,odd,18,,odd_char; repeated_root P=5,,ODD GRID NEWLY DEFINED (Blueprint records no odd q/n)
OD-040,25,5,2,35,1,7,5,odd,19,,odd_char; repeated_root P=5,,ODD GRID NEWLY DEFINED (Blueprint records no odd q/n)
OD-040,25,5,2,35,1,7,5,odd,20,,odd_char; repeated_root P=5,,ODD GRID NEWLY DEFINED (Blueprint records no odd q/n)
OD-040,25,5,2,35,1,7,5,odd,21,,odd_char; repeated_root P=5,,ODD GRID NEWLY DEFINED (Blueprint records no odd q/n)
OD-040,25,5,2,35,1,7,5,odd,22,,odd_char; repeated_root P=5,,ODD GRID NEWLY DEFINED (Blueprint records no odd q/n)
OD-040,25,5,2,35,1,7,5,odd,23,,odd_char; repeated_root P=5,,ODD GRID NEWLY DEFINED (Blueprint records no odd q/n)
OD-041,27,3,3,3,1,1,3,odd,0,,odd_char; repeated_root P=3,,ODD GRID NEWLY DEFINED (Blueprint records no odd q/n)
OD-041,27,3,3,3,1,1,3,odd,1,,odd_char; repeated_root P=3,,ODD GRID NEWLY DEFINED (Blueprint records no odd q/n)
OD-041,27,3,3,3,1,1,3,odd,2,,odd_char; repeated_root P=3,,ODD GRID NEWLY DEFINED (Blueprint records no odd q/n)
OD-041,27,3,3,3,1,1,3,odd,3,,odd_char; repeated_root P=3,,ODD GRID NEWLY DEFINED (Blueprint records no odd q/n)
OD-041,27,3,3,3,1,1,3,odd,4,,odd_char; repeated_root P=3,,ODD GRID NEWLY DEFINED (Blueprint records no odd q/n)
OD-041,27,3,3,3,1,1,3,odd,5,,odd_char; repeated_root P=3,,ODD GRID NEWLY DEFINED (Blueprint records no odd q/n)
OD-041,27,3,3,3,1,1,3,odd,6,,odd_char; repeated_root P=3,,ODD GRID NEWLY DEFINED (Blueprint records no odd q/n)
OD-041,27,3,3,3,1,1,3,odd,7,,odd_char; repeated_root P=3,,ODD GRID NEWLY DEFINED (Blueprint records no odd q/n)
OD-041,27,3,3,3,1,1,3,odd,8,,odd_char; repeated_root P=3,,ODD GRID NEWLY DEFINED (Blueprint records no odd q/n)
OD-041,27,3,3,3,1,1,3,odd,9,,odd_char; repeated_root P=3,,ODD GRID NEWLY DEFINED (Blueprint records no odd q/n)
OD-041,27,3,3,3,1,1,3,odd,10,,odd_char; repeated_root P=3,,ODD GRID NEWLY DEFINED (Blueprint records no odd q/n)
OD-041,27,3,3,3,1,1,3,odd,11,,odd_char; repeated_root P=3,,ODD GRID NEWLY DEFINED (Blueprint records no odd q/n)
OD-041,27,3,3,3,1,1,3,odd,12,,odd_char; repeated_root P=3,,ODD GRID NEWLY DEFINED (Blueprint records no odd q/n)
OD-041,27,3,3,3,1,1,3,odd,13,,odd_char; repeated_root P=3,,ODD GRID NEWLY DEFINED (Blueprint records no odd q/n)
OD-041,27,3,3,3,1,1,3,odd,14,,odd_char; repeated_root P=3,,ODD GRID NEWLY DEFINED (Blueprint records no odd q/n)
OD-041,27,3,3,3,1,1,3,odd,15,,odd_char; repeated_root P=3,,ODD GRID NEWLY DEFINED (Blueprint records no odd q/n)
OD-041,27,3,3,3,1,1,3,odd,16,,odd_char; repeated_root P=3,,ODD GRID NEWLY DEFINED (Blueprint records no odd q/n)
OD-041,27,3,3,3,1,1,3,odd,17,,odd_char; repeated_root P=3,,ODD GRID NEWLY DEFINED (Blueprint records no odd q/n)
OD-041,27,3,3,3,1,1,3,odd,18,,odd_char; repeated_root P=3,,ODD GRID NEWLY DEFINED (Blueprint records no odd q/n)
OD-041,27,3,3,3,1,1,3,odd,19,,odd_char; repeated_root P=3,,ODD GRID NEWLY DEFINED (Blueprint records no odd q/n)
OD-041,27,3,3,3,1,1,3,odd,20,,odd_char; repeated_root P=3,,ODD GRID NEWLY DEFINED (Blueprint records no odd q/n)
OD-041,27,3,3,3,1,1,3,odd,21,,odd_char; repeated_root P=3,,ODD GRID NEWLY DEFINED (Blueprint records no odd q/n)
OD-041,27,3,3,3,1,1,3,odd,22,,odd_char; repeated_root P=3,,ODD GRID NEWLY DEFINED (Blueprint records no odd q/n)
OD-041,27,3,3,3,1,1,3,odd,23,,odd_char; repeated_root P=3,,ODD GRID NEWLY DEFINED (Blueprint records no odd q/n)
OD-041,27,3,3,3,1,1,3,odd,24,,odd_char; repeated_root P=3,,ODD GRID NEWLY DEFINED (Blueprint records no odd q/n)
OD-041,27,3,3,3,1,1,3,odd,25,,odd_char; repeated_root P=3,,ODD GRID NEWLY DEFINED (Blueprint records no odd q/n)
OD-042,27,3,3,5,0,5,1,odd,0,,odd_char; semisimple,,ODD GRID NEWLY DEFINED (Blueprint records no odd q/n)
OD-042,27,3,3,5,0,5,1,odd,1,,odd_char; semisimple,,ODD GRID NEWLY DEFINED (Blueprint records no odd q/n)
OD-042,27,3,3,5,0,5,1,odd,2,,odd_char; semisimple,,ODD GRID NEWLY DEFINED (Blueprint records no odd q/n)
OD-042,27,3,3,5,0,5,1,odd,3,,odd_char; semisimple,,ODD GRID NEWLY DEFINED (Blueprint records no odd q/n)
OD-042,27,3,3,5,0,5,1,odd,4,,odd_char; semisimple,,ODD GRID NEWLY DEFINED (Blueprint records no odd q/n)
OD-042,27,3,3,5,0,5,1,odd,5,,odd_char; semisimple,,ODD GRID NEWLY DEFINED (Blueprint records no odd q/n)
OD-042,27,3,3,5,0,5,1,odd,6,,odd_char; semisimple,,ODD GRID NEWLY DEFINED (Blueprint records no odd q/n)
OD-042,27,3,3,5,0,5,1,odd,7,,odd_char; semisimple,,ODD GRID NEWLY DEFINED (Blueprint records no odd q/n)
OD-042,27,3,3,5,0,5,1,odd,8,,odd_char; semisimple,,ODD GRID NEWLY DEFINED (Blueprint records no odd q/n)
OD-042,27,3,3,5,0,5,1,odd,9,,odd_char; semisimple,,ODD GRID NEWLY DEFINED (Blueprint records no odd q/n)
OD-042,27,3,3,5,0,5,1,odd,10,,odd_char; semisimple,,ODD GRID NEWLY DEFINED (Blueprint records no odd q/n)
OD-042,27,3,3,5,0,5,1,odd,11,,odd_char; semisimple,,ODD GRID NEWLY DEFINED (Blueprint records no odd q/n)
OD-042,27,3,3,5,0,5,1,odd,12,,odd_char; semisimple,,ODD GRID NEWLY DEFINED (Blueprint records no odd q/n)
OD-042,27,3,3,5,0,5,1,odd,13,,odd_char; semisimple,,ODD GRID NEWLY DEFINED (Blueprint records no odd q/n)
OD-042,27,3,3,5,0,5,1,odd,14,,odd_char; semisimple,,ODD GRID NEWLY DEFINED (Blueprint records no odd q/n)
OD-042,27,3,3,5,0,5,1,odd,15,,odd_char; semisimple,,ODD GRID NEWLY DEFINED (Blueprint records no odd q/n)
OD-042,27,3,3,5,0,5,1,odd,16,,odd_char; semisimple,,ODD GRID NEWLY DEFINED (Blueprint records no odd q/n)
OD-042,27,3,3,5,0,5,1,odd,17,,odd_char; semisimple,,ODD GRID NEWLY DEFINED (Blueprint records no odd q/n)
OD-042,27,3,3,5,0,5,1,odd,18,,odd_char; semisimple,,ODD GRID NEWLY DEFINED (Blueprint records no odd q/n)
OD-042,27,3,3,5,0,5,1,odd,19,,odd_char; semisimple,,ODD GRID NEWLY DEFINED (Blueprint records no odd q/n)
OD-042,27,3,3,5,0,5,1,odd,20,,odd_char; semisimple,,ODD GRID NEWLY DEFINED (Blueprint records no odd q/n)
OD-042,27,3,3,5,0,5,1,odd,21,,odd_char; semisimple,,ODD GRID NEWLY DEFINED (Blueprint records no odd q/n)
OD-042,27,3,3,5,0,5,1,odd,22,,odd_char; semisimple,,ODD GRID NEWLY DEFINED (Blueprint records no odd q/n)
OD-042,27,3,3,5,0,5,1,odd,23,,odd_char; semisimple,,ODD GRID NEWLY DEFINED (Blueprint records no odd q/n)
OD-042,27,3,3,5,0,5,1,odd,24,,odd_char; semisimple,,ODD GRID NEWLY DEFINED (Blueprint records no odd q/n)
OD-042,27,3,3,5,0,5,1,odd,25,,odd_char; semisimple,,ODD GRID NEWLY DEFINED (Blueprint records no odd q/n)
OD-043,27,3,3,7,0,7,1,odd,0,,odd_char; semisimple,,ODD GRID NEWLY DEFINED (Blueprint records no odd q/n)
OD-043,27,3,3,7,0,7,1,odd,1,,odd_char; semisimple,,ODD GRID NEWLY DEFINED (Blueprint records no odd q/n)
OD-043,27,3,3,7,0,7,1,odd,2,,odd_char; semisimple,,ODD GRID NEWLY DEFINED (Blueprint records no odd q/n)
OD-043,27,3,3,7,0,7,1,odd,3,,odd_char; semisimple,,ODD GRID NEWLY DEFINED (Blueprint records no odd q/n)
OD-043,27,3,3,7,0,7,1,odd,4,,odd_char; semisimple,,ODD GRID NEWLY DEFINED (Blueprint records no odd q/n)
OD-043,27,3,3,7,0,7,1,odd,5,,odd_char; semisimple,,ODD GRID NEWLY DEFINED (Blueprint records no odd q/n)
OD-043,27,3,3,7,0,7,1,odd,6,,odd_char; semisimple,,ODD GRID NEWLY DEFINED (Blueprint records no odd q/n)
OD-043,27,3,3,7,0,7,1,odd,7,,odd_char; semisimple,,ODD GRID NEWLY DEFINED (Blueprint records no odd q/n)
OD-043,27,3,3,7,0,7,1,odd,8,,odd_char; semisimple,,ODD GRID NEWLY DEFINED (Blueprint records no odd q/n)
OD-043,27,3,3,7,0,7,1,odd,9,,odd_char; semisimple,,ODD GRID NEWLY DEFINED (Blueprint records no odd q/n)
OD-043,27,3,3,7,0,7,1,odd,10,,odd_char; semisimple,,ODD GRID NEWLY DEFINED (Blueprint records no odd q/n)
OD-043,27,3,3,7,0,7,1,odd,11,,odd_char; semisimple,,ODD GRID NEWLY DEFINED (Blueprint records no odd q/n)
OD-043,27,3,3,7,0,7,1,odd,12,,odd_char; semisimple,,ODD GRID NEWLY DEFINED (Blueprint records no odd q/n)
OD-043,27,3,3,7,0,7,1,odd,13,,odd_char; semisimple,,ODD GRID NEWLY DEFINED (Blueprint records no odd q/n)
OD-043,27,3,3,7,0,7,1,odd,14,,odd_char; semisimple,,ODD GRID NEWLY DEFINED (Blueprint records no odd q/n)
OD-043,27,3,3,7,0,7,1,odd,15,,odd_char; semisimple,,ODD GRID NEWLY DEFINED (Blueprint records no odd q/n)
OD-043,27,3,3,7,0,7,1,odd,16,,odd_char; semisimple,,ODD GRID NEWLY DEFINED (Blueprint records no odd q/n)
OD-043,27,3,3,7,0,7,1,odd,17,,odd_char; semisimple,,ODD GRID NEWLY DEFINED (Blueprint records no odd q/n)
OD-043,27,3,3,7,0,7,1,odd,18,,odd_char; semisimple,,ODD GRID NEWLY DEFINED (Blueprint records no odd q/n)
OD-043,27,3,3,7,0,7,1,odd,19,,odd_char; semisimple,,ODD GRID NEWLY DEFINED (Blueprint records no odd q/n)
OD-043,27,3,3,7,0,7,1,odd,20,,odd_char; semisimple,,ODD GRID NEWLY DEFINED (Blueprint records no odd q/n)
OD-043,27,3,3,7,0,7,1,odd,21,,odd_char; semisimple,,ODD GRID NEWLY DEFINED (Blueprint records no odd q/n)
OD-043,27,3,3,7,0,7,1,odd,22,,odd_char; semisimple,,ODD GRID NEWLY DEFINED (Blueprint records no odd q/n)
OD-043,27,3,3,7,0,7,1,odd,23,,odd_char; semisimple,,ODD GRID NEWLY DEFINED (Blueprint records no odd q/n)
OD-043,27,3,3,7,0,7,1,odd,24,,odd_char; semisimple,,ODD GRID NEWLY DEFINED (Blueprint records no odd q/n)
OD-043,27,3,3,7,0,7,1,odd,25,,odd_char; semisimple,,ODD GRID NEWLY DEFINED (Blueprint records no odd q/n)
OD-044,27,3,3,9,2,1,9,odd,0,,odd_char; repeated_root P=9,,ODD GRID NEWLY DEFINED (Blueprint records no odd q/n)
OD-044,27,3,3,9,2,1,9,odd,1,,odd_char; repeated_root P=9,,ODD GRID NEWLY DEFINED (Blueprint records no odd q/n)
OD-044,27,3,3,9,2,1,9,odd,2,,odd_char; repeated_root P=9,,ODD GRID NEWLY DEFINED (Blueprint records no odd q/n)
OD-044,27,3,3,9,2,1,9,odd,3,,odd_char; repeated_root P=9,,ODD GRID NEWLY DEFINED (Blueprint records no odd q/n)
OD-044,27,3,3,9,2,1,9,odd,4,,odd_char; repeated_root P=9,,ODD GRID NEWLY DEFINED (Blueprint records no odd q/n)
OD-044,27,3,3,9,2,1,9,odd,5,,odd_char; repeated_root P=9,,ODD GRID NEWLY DEFINED (Blueprint records no odd q/n)
OD-044,27,3,3,9,2,1,9,odd,6,,odd_char; repeated_root P=9,,ODD GRID NEWLY DEFINED (Blueprint records no odd q/n)
OD-044,27,3,3,9,2,1,9,odd,7,,odd_char; repeated_root P=9,,ODD GRID NEWLY DEFINED (Blueprint records no odd q/n)
OD-044,27,3,3,9,2,1,9,odd,8,,odd_char; repeated_root P=9,,ODD GRID NEWLY DEFINED (Blueprint records no odd q/n)
OD-044,27,3,3,9,2,1,9,odd,9,,odd_char; repeated_root P=9,,ODD GRID NEWLY DEFINED (Blueprint records no odd q/n)
OD-044,27,3,3,9,2,1,9,odd,10,,odd_char; repeated_root P=9,,ODD GRID NEWLY DEFINED (Blueprint records no odd q/n)
OD-044,27,3,3,9,2,1,9,odd,11,,odd_char; repeated_root P=9,,ODD GRID NEWLY DEFINED (Blueprint records no odd q/n)
OD-044,27,3,3,9,2,1,9,odd,12,,odd_char; repeated_root P=9,,ODD GRID NEWLY DEFINED (Blueprint records no odd q/n)
OD-044,27,3,3,9,2,1,9,odd,13,,odd_char; repeated_root P=9,,ODD GRID NEWLY DEFINED (Blueprint records no odd q/n)
OD-044,27,3,3,9,2,1,9,odd,14,,odd_char; repeated_root P=9,,ODD GRID NEWLY DEFINED (Blueprint records no odd q/n)
OD-044,27,3,3,9,2,1,9,odd,15,,odd_char; repeated_root P=9,,ODD GRID NEWLY DEFINED (Blueprint records no odd q/n)
OD-044,27,3,3,9,2,1,9,odd,16,,odd_char; repeated_root P=9,,ODD GRID NEWLY DEFINED (Blueprint records no odd q/n)
OD-044,27,3,3,9,2,1,9,odd,17,,odd_char; repeated_root P=9,,ODD GRID NEWLY DEFINED (Blueprint records no odd q/n)
OD-044,27,3,3,9,2,1,9,odd,18,,odd_char; repeated_root P=9,,ODD GRID NEWLY DEFINED (Blueprint records no odd q/n)
OD-044,27,3,3,9,2,1,9,odd,19,,odd_char; repeated_root P=9,,ODD GRID NEWLY DEFINED (Blueprint records no odd q/n)
OD-044,27,3,3,9,2,1,9,odd,20,,odd_char; repeated_root P=9,,ODD GRID NEWLY DEFINED (Blueprint records no odd q/n)
OD-044,27,3,3,9,2,1,9,odd,21,,odd_char; repeated_root P=9,,ODD GRID NEWLY DEFINED (Blueprint records no odd q/n)
OD-044,27,3,3,9,2,1,9,odd,22,,odd_char; repeated_root P=9,,ODD GRID NEWLY DEFINED (Blueprint records no odd q/n)
OD-044,27,3,3,9,2,1,9,odd,23,,odd_char; repeated_root P=9,,ODD GRID NEWLY DEFINED (Blueprint records no odd q/n)
OD-044,27,3,3,9,2,1,9,odd,24,,odd_char; repeated_root P=9,,ODD GRID NEWLY DEFINED (Blueprint records no odd q/n)
OD-044,27,3,3,9,2,1,9,odd,25,,odd_char; repeated_root P=9,,ODD GRID NEWLY DEFINED (Blueprint records no odd q/n)
OD-045,27,3,3,15,1,5,3,odd,0,,odd_char; repeated_root P=3,,ODD GRID NEWLY DEFINED (Blueprint records no odd q/n)
OD-045,27,3,3,15,1,5,3,odd,1,,odd_char; repeated_root P=3,,ODD GRID NEWLY DEFINED (Blueprint records no odd q/n)
OD-045,27,3,3,15,1,5,3,odd,2,,odd_char; repeated_root P=3,,ODD GRID NEWLY DEFINED (Blueprint records no odd q/n)
OD-045,27,3,3,15,1,5,3,odd,3,,odd_char; repeated_root P=3,,ODD GRID NEWLY DEFINED (Blueprint records no odd q/n)
OD-045,27,3,3,15,1,5,3,odd,4,,odd_char; repeated_root P=3,,ODD GRID NEWLY DEFINED (Blueprint records no odd q/n)
OD-045,27,3,3,15,1,5,3,odd,5,,odd_char; repeated_root P=3,,ODD GRID NEWLY DEFINED (Blueprint records no odd q/n)
OD-045,27,3,3,15,1,5,3,odd,6,,odd_char; repeated_root P=3,,ODD GRID NEWLY DEFINED (Blueprint records no odd q/n)
OD-045,27,3,3,15,1,5,3,odd,7,,odd_char; repeated_root P=3,,ODD GRID NEWLY DEFINED (Blueprint records no odd q/n)
OD-045,27,3,3,15,1,5,3,odd,8,,odd_char; repeated_root P=3,,ODD GRID NEWLY DEFINED (Blueprint records no odd q/n)
OD-045,27,3,3,15,1,5,3,odd,9,,odd_char; repeated_root P=3,,ODD GRID NEWLY DEFINED (Blueprint records no odd q/n)
OD-045,27,3,3,15,1,5,3,odd,10,,odd_char; repeated_root P=3,,ODD GRID NEWLY DEFINED (Blueprint records no odd q/n)
OD-045,27,3,3,15,1,5,3,odd,11,,odd_char; repeated_root P=3,,ODD GRID NEWLY DEFINED (Blueprint records no odd q/n)
OD-045,27,3,3,15,1,5,3,odd,12,,odd_char; repeated_root P=3,,ODD GRID NEWLY DEFINED (Blueprint records no odd q/n)
OD-045,27,3,3,15,1,5,3,odd,13,,odd_char; repeated_root P=3,,ODD GRID NEWLY DEFINED (Blueprint records no odd q/n)
OD-045,27,3,3,15,1,5,3,odd,14,,odd_char; repeated_root P=3,,ODD GRID NEWLY DEFINED (Blueprint records no odd q/n)
OD-045,27,3,3,15,1,5,3,odd,15,,odd_char; repeated_root P=3,,ODD GRID NEWLY DEFINED (Blueprint records no odd q/n)
OD-045,27,3,3,15,1,5,3,odd,16,,odd_char; repeated_root P=3,,ODD GRID NEWLY DEFINED (Blueprint records no odd q/n)
OD-045,27,3,3,15,1,5,3,odd,17,,odd_char; repeated_root P=3,,ODD GRID NEWLY DEFINED (Blueprint records no odd q/n)
OD-045,27,3,3,15,1,5,3,odd,18,,odd_char; repeated_root P=3,,ODD GRID NEWLY DEFINED (Blueprint records no odd q/n)
OD-045,27,3,3,15,1,5,3,odd,19,,odd_char; repeated_root P=3,,ODD GRID NEWLY DEFINED (Blueprint records no odd q/n)
OD-045,27,3,3,15,1,5,3,odd,20,,odd_char; repeated_root P=3,,ODD GRID NEWLY DEFINED (Blueprint records no odd q/n)
OD-045,27,3,3,15,1,5,3,odd,21,,odd_char; repeated_root P=3,,ODD GRID NEWLY DEFINED (Blueprint records no odd q/n)
OD-045,27,3,3,15,1,5,3,odd,22,,odd_char; repeated_root P=3,,ODD GRID NEWLY DEFINED (Blueprint records no odd q/n)
OD-045,27,3,3,15,1,5,3,odd,23,,odd_char; repeated_root P=3,,ODD GRID NEWLY DEFINED (Blueprint records no odd q/n)
OD-045,27,3,3,15,1,5,3,odd,24,,odd_char; repeated_root P=3,,ODD GRID NEWLY DEFINED (Blueprint records no odd q/n)
OD-045,27,3,3,15,1,5,3,odd,25,,odd_char; repeated_root P=3,,ODD GRID NEWLY DEFINED (Blueprint records no odd q/n)
OD-046,27,3,3,17,0,17,1,odd,0,,odd_char; semisimple,,ODD GRID NEWLY DEFINED (Blueprint records no odd q/n)
OD-046,27,3,3,17,0,17,1,odd,1,,odd_char; semisimple,,ODD GRID NEWLY DEFINED (Blueprint records no odd q/n)
OD-046,27,3,3,17,0,17,1,odd,2,,odd_char; semisimple,,ODD GRID NEWLY DEFINED (Blueprint records no odd q/n)
OD-046,27,3,3,17,0,17,1,odd,3,,odd_char; semisimple,,ODD GRID NEWLY DEFINED (Blueprint records no odd q/n)
OD-046,27,3,3,17,0,17,1,odd,4,,odd_char; semisimple,,ODD GRID NEWLY DEFINED (Blueprint records no odd q/n)
OD-046,27,3,3,17,0,17,1,odd,5,,odd_char; semisimple,,ODD GRID NEWLY DEFINED (Blueprint records no odd q/n)
OD-046,27,3,3,17,0,17,1,odd,6,,odd_char; semisimple,,ODD GRID NEWLY DEFINED (Blueprint records no odd q/n)
OD-046,27,3,3,17,0,17,1,odd,7,,odd_char; semisimple,,ODD GRID NEWLY DEFINED (Blueprint records no odd q/n)
OD-046,27,3,3,17,0,17,1,odd,8,,odd_char; semisimple,,ODD GRID NEWLY DEFINED (Blueprint records no odd q/n)
OD-046,27,3,3,17,0,17,1,odd,9,,odd_char; semisimple,,ODD GRID NEWLY DEFINED (Blueprint records no odd q/n)
OD-046,27,3,3,17,0,17,1,odd,10,,odd_char; semisimple,,ODD GRID NEWLY DEFINED (Blueprint records no odd q/n)
OD-046,27,3,3,17,0,17,1,odd,11,,odd_char; semisimple,,ODD GRID NEWLY DEFINED (Blueprint records no odd q/n)
OD-046,27,3,3,17,0,17,1,odd,12,,odd_char; semisimple,,ODD GRID NEWLY DEFINED (Blueprint records no odd q/n)
OD-046,27,3,3,17,0,17,1,odd,13,,odd_char; semisimple,,ODD GRID NEWLY DEFINED (Blueprint records no odd q/n)
OD-046,27,3,3,17,0,17,1,odd,14,,odd_char; semisimple,,ODD GRID NEWLY DEFINED (Blueprint records no odd q/n)
OD-046,27,3,3,17,0,17,1,odd,15,,odd_char; semisimple,,ODD GRID NEWLY DEFINED (Blueprint records no odd q/n)
OD-046,27,3,3,17,0,17,1,odd,16,,odd_char; semisimple,,ODD GRID NEWLY DEFINED (Blueprint records no odd q/n)
OD-046,27,3,3,17,0,17,1,odd,17,,odd_char; semisimple,,ODD GRID NEWLY DEFINED (Blueprint records no odd q/n)
OD-046,27,3,3,17,0,17,1,odd,18,,odd_char; semisimple,,ODD GRID NEWLY DEFINED (Blueprint records no odd q/n)
OD-046,27,3,3,17,0,17,1,odd,19,,odd_char; semisimple,,ODD GRID NEWLY DEFINED (Blueprint records no odd q/n)
OD-046,27,3,3,17,0,17,1,odd,20,,odd_char; semisimple,,ODD GRID NEWLY DEFINED (Blueprint records no odd q/n)
OD-046,27,3,3,17,0,17,1,odd,21,,odd_char; semisimple,,ODD GRID NEWLY DEFINED (Blueprint records no odd q/n)
OD-046,27,3,3,17,0,17,1,odd,22,,odd_char; semisimple,,ODD GRID NEWLY DEFINED (Blueprint records no odd q/n)
OD-046,27,3,3,17,0,17,1,odd,23,,odd_char; semisimple,,ODD GRID NEWLY DEFINED (Blueprint records no odd q/n)
OD-046,27,3,3,17,0,17,1,odd,24,,odd_char; semisimple,,ODD GRID NEWLY DEFINED (Blueprint records no odd q/n)
OD-046,27,3,3,17,0,17,1,odd,25,,odd_char; semisimple,,ODD GRID NEWLY DEFINED (Blueprint records no odd q/n)
OD-047,27,3,3,21,1,7,3,odd,0,,odd_char; repeated_root P=3,,ODD GRID NEWLY DEFINED (Blueprint records no odd q/n)
OD-047,27,3,3,21,1,7,3,odd,1,,odd_char; repeated_root P=3,,ODD GRID NEWLY DEFINED (Blueprint records no odd q/n)
OD-047,27,3,3,21,1,7,3,odd,2,,odd_char; repeated_root P=3,,ODD GRID NEWLY DEFINED (Blueprint records no odd q/n)
OD-047,27,3,3,21,1,7,3,odd,3,,odd_char; repeated_root P=3,,ODD GRID NEWLY DEFINED (Blueprint records no odd q/n)
OD-047,27,3,3,21,1,7,3,odd,4,,odd_char; repeated_root P=3,,ODD GRID NEWLY DEFINED (Blueprint records no odd q/n)
OD-047,27,3,3,21,1,7,3,odd,5,,odd_char; repeated_root P=3,,ODD GRID NEWLY DEFINED (Blueprint records no odd q/n)
OD-047,27,3,3,21,1,7,3,odd,6,,odd_char; repeated_root P=3,,ODD GRID NEWLY DEFINED (Blueprint records no odd q/n)
OD-047,27,3,3,21,1,7,3,odd,7,,odd_char; repeated_root P=3,,ODD GRID NEWLY DEFINED (Blueprint records no odd q/n)
OD-047,27,3,3,21,1,7,3,odd,8,,odd_char; repeated_root P=3,,ODD GRID NEWLY DEFINED (Blueprint records no odd q/n)
OD-047,27,3,3,21,1,7,3,odd,9,,odd_char; repeated_root P=3,,ODD GRID NEWLY DEFINED (Blueprint records no odd q/n)
OD-047,27,3,3,21,1,7,3,odd,10,,odd_char; repeated_root P=3,,ODD GRID NEWLY DEFINED (Blueprint records no odd q/n)
OD-047,27,3,3,21,1,7,3,odd,11,,odd_char; repeated_root P=3,,ODD GRID NEWLY DEFINED (Blueprint records no odd q/n)
OD-047,27,3,3,21,1,7,3,odd,12,,odd_char; repeated_root P=3,,ODD GRID NEWLY DEFINED (Blueprint records no odd q/n)
OD-047,27,3,3,21,1,7,3,odd,13,,odd_char; repeated_root P=3,,ODD GRID NEWLY DEFINED (Blueprint records no odd q/n)
OD-047,27,3,3,21,1,7,3,odd,14,,odd_char; repeated_root P=3,,ODD GRID NEWLY DEFINED (Blueprint records no odd q/n)
OD-047,27,3,3,21,1,7,3,odd,15,,odd_char; repeated_root P=3,,ODD GRID NEWLY DEFINED (Blueprint records no odd q/n)
OD-047,27,3,3,21,1,7,3,odd,16,,odd_char; repeated_root P=3,,ODD GRID NEWLY DEFINED (Blueprint records no odd q/n)
OD-047,27,3,3,21,1,7,3,odd,17,,odd_char; repeated_root P=3,,ODD GRID NEWLY DEFINED (Blueprint records no odd q/n)
OD-047,27,3,3,21,1,7,3,odd,18,,odd_char; repeated_root P=3,,ODD GRID NEWLY DEFINED (Blueprint records no odd q/n)
OD-047,27,3,3,21,1,7,3,odd,19,,odd_char; repeated_root P=3,,ODD GRID NEWLY DEFINED (Blueprint records no odd q/n)
OD-047,27,3,3,21,1,7,3,odd,20,,odd_char; repeated_root P=3,,ODD GRID NEWLY DEFINED (Blueprint records no odd q/n)
OD-047,27,3,3,21,1,7,3,odd,21,,odd_char; repeated_root P=3,,ODD GRID NEWLY DEFINED (Blueprint records no odd q/n)
OD-047,27,3,3,21,1,7,3,odd,22,,odd_char; repeated_root P=3,,ODD GRID NEWLY DEFINED (Blueprint records no odd q/n)
OD-047,27,3,3,21,1,7,3,odd,23,,odd_char; repeated_root P=3,,ODD GRID NEWLY DEFINED (Blueprint records no odd q/n)
OD-047,27,3,3,21,1,7,3,odd,24,,odd_char; repeated_root P=3,,ODD GRID NEWLY DEFINED (Blueprint records no odd q/n)
OD-047,27,3,3,21,1,7,3,odd,25,,odd_char; repeated_root P=3,,ODD GRID NEWLY DEFINED (Blueprint records no odd q/n)
OD-048,27,3,3,25,0,25,1,odd,0,,odd_char; semisimple,,ODD GRID NEWLY DEFINED (Blueprint records no odd q/n)
OD-048,27,3,3,25,0,25,1,odd,1,,odd_char; semisimple,,ODD GRID NEWLY DEFINED (Blueprint records no odd q/n)
OD-048,27,3,3,25,0,25,1,odd,2,,odd_char; semisimple,,ODD GRID NEWLY DEFINED (Blueprint records no odd q/n)
OD-048,27,3,3,25,0,25,1,odd,3,,odd_char; semisimple,,ODD GRID NEWLY DEFINED (Blueprint records no odd q/n)
OD-048,27,3,3,25,0,25,1,odd,4,,odd_char; semisimple,,ODD GRID NEWLY DEFINED (Blueprint records no odd q/n)
OD-048,27,3,3,25,0,25,1,odd,5,,odd_char; semisimple,,ODD GRID NEWLY DEFINED (Blueprint records no odd q/n)
OD-048,27,3,3,25,0,25,1,odd,6,,odd_char; semisimple,,ODD GRID NEWLY DEFINED (Blueprint records no odd q/n)
OD-048,27,3,3,25,0,25,1,odd,7,,odd_char; semisimple,,ODD GRID NEWLY DEFINED (Blueprint records no odd q/n)
OD-048,27,3,3,25,0,25,1,odd,8,,odd_char; semisimple,,ODD GRID NEWLY DEFINED (Blueprint records no odd q/n)
OD-048,27,3,3,25,0,25,1,odd,9,,odd_char; semisimple,,ODD GRID NEWLY DEFINED (Blueprint records no odd q/n)
OD-048,27,3,3,25,0,25,1,odd,10,,odd_char; semisimple,,ODD GRID NEWLY DEFINED (Blueprint records no odd q/n)
OD-048,27,3,3,25,0,25,1,odd,11,,odd_char; semisimple,,ODD GRID NEWLY DEFINED (Blueprint records no odd q/n)
OD-048,27,3,3,25,0,25,1,odd,12,,odd_char; semisimple,,ODD GRID NEWLY DEFINED (Blueprint records no odd q/n)
OD-048,27,3,3,25,0,25,1,odd,13,,odd_char; semisimple,,ODD GRID NEWLY DEFINED (Blueprint records no odd q/n)
OD-048,27,3,3,25,0,25,1,odd,14,,odd_char; semisimple,,ODD GRID NEWLY DEFINED (Blueprint records no odd q/n)
OD-048,27,3,3,25,0,25,1,odd,15,,odd_char; semisimple,,ODD GRID NEWLY DEFINED (Blueprint records no odd q/n)
OD-048,27,3,3,25,0,25,1,odd,16,,odd_char; semisimple,,ODD GRID NEWLY DEFINED (Blueprint records no odd q/n)
OD-048,27,3,3,25,0,25,1,odd,17,,odd_char; semisimple,,ODD GRID NEWLY DEFINED (Blueprint records no odd q/n)
OD-048,27,3,3,25,0,25,1,odd,18,,odd_char; semisimple,,ODD GRID NEWLY DEFINED (Blueprint records no odd q/n)
OD-048,27,3,3,25,0,25,1,odd,19,,odd_char; semisimple,,ODD GRID NEWLY DEFINED (Blueprint records no odd q/n)
OD-048,27,3,3,25,0,25,1,odd,20,,odd_char; semisimple,,ODD GRID NEWLY DEFINED (Blueprint records no odd q/n)
OD-048,27,3,3,25,0,25,1,odd,21,,odd_char; semisimple,,ODD GRID NEWLY DEFINED (Blueprint records no odd q/n)
OD-048,27,3,3,25,0,25,1,odd,22,,odd_char; semisimple,,ODD GRID NEWLY DEFINED (Blueprint records no odd q/n)
OD-048,27,3,3,25,0,25,1,odd,23,,odd_char; semisimple,,ODD GRID NEWLY DEFINED (Blueprint records no odd q/n)
OD-048,27,3,3,25,0,25,1,odd,24,,odd_char; semisimple,,ODD GRID NEWLY DEFINED (Blueprint records no odd q/n)
OD-048,27,3,3,25,0,25,1,odd,25,,odd_char; semisimple,,ODD GRID NEWLY DEFINED (Blueprint records no odd q/n)
OD-049,27,3,3,31,0,31,1,odd,0,,odd_char; semisimple,,ODD GRID NEWLY DEFINED (Blueprint records no odd q/n)
OD-049,27,3,3,31,0,31,1,odd,1,,odd_char; semisimple,,ODD GRID NEWLY DEFINED (Blueprint records no odd q/n)
OD-049,27,3,3,31,0,31,1,odd,2,,odd_char; semisimple,,ODD GRID NEWLY DEFINED (Blueprint records no odd q/n)
OD-049,27,3,3,31,0,31,1,odd,3,,odd_char; semisimple,,ODD GRID NEWLY DEFINED (Blueprint records no odd q/n)
OD-049,27,3,3,31,0,31,1,odd,4,,odd_char; semisimple,,ODD GRID NEWLY DEFINED (Blueprint records no odd q/n)
OD-049,27,3,3,31,0,31,1,odd,5,,odd_char; semisimple,,ODD GRID NEWLY DEFINED (Blueprint records no odd q/n)
OD-049,27,3,3,31,0,31,1,odd,6,,odd_char; semisimple,,ODD GRID NEWLY DEFINED (Blueprint records no odd q/n)
OD-049,27,3,3,31,0,31,1,odd,7,,odd_char; semisimple,,ODD GRID NEWLY DEFINED (Blueprint records no odd q/n)
OD-049,27,3,3,31,0,31,1,odd,8,,odd_char; semisimple,,ODD GRID NEWLY DEFINED (Blueprint records no odd q/n)
OD-049,27,3,3,31,0,31,1,odd,9,,odd_char; semisimple,,ODD GRID NEWLY DEFINED (Blueprint records no odd q/n)
OD-049,27,3,3,31,0,31,1,odd,10,,odd_char; semisimple,,ODD GRID NEWLY DEFINED (Blueprint records no odd q/n)
OD-049,27,3,3,31,0,31,1,odd,11,,odd_char; semisimple,,ODD GRID NEWLY DEFINED (Blueprint records no odd q/n)
OD-049,27,3,3,31,0,31,1,odd,12,,odd_char; semisimple,,ODD GRID NEWLY DEFINED (Blueprint records no odd q/n)
OD-049,27,3,3,31,0,31,1,odd,13,,odd_char; semisimple,,ODD GRID NEWLY DEFINED (Blueprint records no odd q/n)
OD-049,27,3,3,31,0,31,1,odd,14,,odd_char; semisimple,,ODD GRID NEWLY DEFINED (Blueprint records no odd q/n)
OD-049,27,3,3,31,0,31,1,odd,15,,odd_char; semisimple,,ODD GRID NEWLY DEFINED (Blueprint records no odd q/n)
OD-049,27,3,3,31,0,31,1,odd,16,,odd_char; semisimple,,ODD GRID NEWLY DEFINED (Blueprint records no odd q/n)
OD-049,27,3,3,31,0,31,1,odd,17,,odd_char; semisimple,,ODD GRID NEWLY DEFINED (Blueprint records no odd q/n)
OD-049,27,3,3,31,0,31,1,odd,18,,odd_char; semisimple,,ODD GRID NEWLY DEFINED (Blueprint records no odd q/n)
OD-049,27,3,3,31,0,31,1,odd,19,,odd_char; semisimple,,ODD GRID NEWLY DEFINED (Blueprint records no odd q/n)
OD-049,27,3,3,31,0,31,1,odd,20,,odd_char; semisimple,,ODD GRID NEWLY DEFINED (Blueprint records no odd q/n)
OD-049,27,3,3,31,0,31,1,odd,21,,odd_char; semisimple,,ODD GRID NEWLY DEFINED (Blueprint records no odd q/n)
OD-049,27,3,3,31,0,31,1,odd,22,,odd_char; semisimple,,ODD GRID NEWLY DEFINED (Blueprint records no odd q/n)
OD-049,27,3,3,31,0,31,1,odd,23,,odd_char; semisimple,,ODD GRID NEWLY DEFINED (Blueprint records no odd q/n)
OD-049,27,3,3,31,0,31,1,odd,24,,odd_char; semisimple,,ODD GRID NEWLY DEFINED (Blueprint records no odd q/n)
OD-049,27,3,3,31,0,31,1,odd,25,,odd_char; semisimple,,ODD GRID NEWLY DEFINED (Blueprint records no odd q/n)
OD-050,27,3,3,35,0,35,1,odd,0,,odd_char; semisimple,,ODD GRID NEWLY DEFINED (Blueprint records no odd q/n)
OD-050,27,3,3,35,0,35,1,odd,1,,odd_char; semisimple,,ODD GRID NEWLY DEFINED (Blueprint records no odd q/n)
OD-050,27,3,3,35,0,35,1,odd,2,,odd_char; semisimple,,ODD GRID NEWLY DEFINED (Blueprint records no odd q/n)
OD-050,27,3,3,35,0,35,1,odd,3,,odd_char; semisimple,,ODD GRID NEWLY DEFINED (Blueprint records no odd q/n)
OD-050,27,3,3,35,0,35,1,odd,4,,odd_char; semisimple,,ODD GRID NEWLY DEFINED (Blueprint records no odd q/n)
OD-050,27,3,3,35,0,35,1,odd,5,,odd_char; semisimple,,ODD GRID NEWLY DEFINED (Blueprint records no odd q/n)
OD-050,27,3,3,35,0,35,1,odd,6,,odd_char; semisimple,,ODD GRID NEWLY DEFINED (Blueprint records no odd q/n)
OD-050,27,3,3,35,0,35,1,odd,7,,odd_char; semisimple,,ODD GRID NEWLY DEFINED (Blueprint records no odd q/n)
OD-050,27,3,3,35,0,35,1,odd,8,,odd_char; semisimple,,ODD GRID NEWLY DEFINED (Blueprint records no odd q/n)
OD-050,27,3,3,35,0,35,1,odd,9,,odd_char; semisimple,,ODD GRID NEWLY DEFINED (Blueprint records no odd q/n)
OD-050,27,3,3,35,0,35,1,odd,10,,odd_char; semisimple,,ODD GRID NEWLY DEFINED (Blueprint records no odd q/n)
OD-050,27,3,3,35,0,35,1,odd,11,,odd_char; semisimple,,ODD GRID NEWLY DEFINED (Blueprint records no odd q/n)
OD-050,27,3,3,35,0,35,1,odd,12,,odd_char; semisimple,,ODD GRID NEWLY DEFINED (Blueprint records no odd q/n)
OD-050,27,3,3,35,0,35,1,odd,13,,odd_char; semisimple,,ODD GRID NEWLY DEFINED (Blueprint records no odd q/n)
OD-050,27,3,3,35,0,35,1,odd,14,,odd_char; semisimple,,ODD GRID NEWLY DEFINED (Blueprint records no odd q/n)
OD-050,27,3,3,35,0,35,1,odd,15,,odd_char; semisimple,,ODD GRID NEWLY DEFINED (Blueprint records no odd q/n)
OD-050,27,3,3,35,0,35,1,odd,16,,odd_char; semisimple,,ODD GRID NEWLY DEFINED (Blueprint records no odd q/n)
OD-050,27,3,3,35,0,35,1,odd,17,,odd_char; semisimple,,ODD GRID NEWLY DEFINED (Blueprint records no odd q/n)
OD-050,27,3,3,35,0,35,1,odd,18,,odd_char; semisimple,,ODD GRID NEWLY DEFINED (Blueprint records no odd q/n)
OD-050,27,3,3,35,0,35,1,odd,19,,odd_char; semisimple,,ODD GRID NEWLY DEFINED (Blueprint records no odd q/n)
OD-050,27,3,3,35,0,35,1,odd,20,,odd_char; semisimple,,ODD GRID NEWLY DEFINED (Blueprint records no odd q/n)
OD-050,27,3,3,35,0,35,1,odd,21,,odd_char; semisimple,,ODD GRID NEWLY DEFINED (Blueprint records no odd q/n)
OD-050,27,3,3,35,0,35,1,odd,22,,odd_char; semisimple,,ODD GRID NEWLY DEFINED (Blueprint records no odd q/n)
OD-050,27,3,3,35,0,35,1,odd,23,,odd_char; semisimple,,ODD GRID NEWLY DEFINED (Blueprint records no odd q/n)
OD-050,27,3,3,35,0,35,1,odd,24,,odd_char; semisimple,,ODD GRID NEWLY DEFINED (Blueprint records no odd q/n)
OD-050,27,3,3,35,0,35,1,odd,25,,odd_char; semisimple,,ODD GRID NEWLY DEFINED (Blueprint records no odd q/n)
OD-051,49,7,2,3,0,3,1,odd,0,,odd_char; semisimple,,ODD GRID NEWLY DEFINED (Blueprint records no odd q/n)
OD-051,49,7,2,3,0,3,1,odd,1,,odd_char; semisimple,,ODD GRID NEWLY DEFINED (Blueprint records no odd q/n)
OD-051,49,7,2,3,0,3,1,odd,2,,odd_char; semisimple,,ODD GRID NEWLY DEFINED (Blueprint records no odd q/n)
OD-051,49,7,2,3,0,3,1,odd,3,,odd_char; semisimple,,ODD GRID NEWLY DEFINED (Blueprint records no odd q/n)
OD-051,49,7,2,3,0,3,1,odd,4,,odd_char; semisimple,,ODD GRID NEWLY DEFINED (Blueprint records no odd q/n)
OD-051,49,7,2,3,0,3,1,odd,5,,odd_char; semisimple,,ODD GRID NEWLY DEFINED (Blueprint records no odd q/n)
OD-051,49,7,2,3,0,3,1,odd,6,,odd_char; semisimple,,ODD GRID NEWLY DEFINED (Blueprint records no odd q/n)
OD-051,49,7,2,3,0,3,1,odd,7,,odd_char; semisimple,,ODD GRID NEWLY DEFINED (Blueprint records no odd q/n)
OD-051,49,7,2,3,0,3,1,odd,8,,odd_char; semisimple,,ODD GRID NEWLY DEFINED (Blueprint records no odd q/n)
OD-051,49,7,2,3,0,3,1,odd,9,,odd_char; semisimple,,ODD GRID NEWLY DEFINED (Blueprint records no odd q/n)
OD-051,49,7,2,3,0,3,1,odd,10,,odd_char; semisimple,,ODD GRID NEWLY DEFINED (Blueprint records no odd q/n)
OD-051,49,7,2,3,0,3,1,odd,11,,odd_char; semisimple,,ODD GRID NEWLY DEFINED (Blueprint records no odd q/n)
OD-051,49,7,2,3,0,3,1,odd,12,,odd_char; semisimple,,ODD GRID NEWLY DEFINED (Blueprint records no odd q/n)
OD-051,49,7,2,3,0,3,1,odd,13,,odd_char; semisimple,,ODD GRID NEWLY DEFINED (Blueprint records no odd q/n)
OD-051,49,7,2,3,0,3,1,odd,14,,odd_char; semisimple,,ODD GRID NEWLY DEFINED (Blueprint records no odd q/n)
OD-051,49,7,2,3,0,3,1,odd,15,,odd_char; semisimple,,ODD GRID NEWLY DEFINED (Blueprint records no odd q/n)
OD-051,49,7,2,3,0,3,1,odd,16,,odd_char; semisimple,,ODD GRID NEWLY DEFINED (Blueprint records no odd q/n)
OD-051,49,7,2,3,0,3,1,odd,17,,odd_char; semisimple,,ODD GRID NEWLY DEFINED (Blueprint records no odd q/n)
OD-051,49,7,2,3,0,3,1,odd,18,,odd_char; semisimple,,ODD GRID NEWLY DEFINED (Blueprint records no odd q/n)
OD-051,49,7,2,3,0,3,1,odd,19,,odd_char; semisimple,,ODD GRID NEWLY DEFINED (Blueprint records no odd q/n)
OD-051,49,7,2,3,0,3,1,odd,20,,odd_char; semisimple,,ODD GRID NEWLY DEFINED (Blueprint records no odd q/n)
OD-051,49,7,2,3,0,3,1,odd,21,,odd_char; semisimple,,ODD GRID NEWLY DEFINED (Blueprint records no odd q/n)
OD-051,49,7,2,3,0,3,1,odd,22,,odd_char; semisimple,,ODD GRID NEWLY DEFINED (Blueprint records no odd q/n)
OD-051,49,7,2,3,0,3,1,odd,23,,odd_char; semisimple,,ODD GRID NEWLY DEFINED (Blueprint records no odd q/n)
OD-051,49,7,2,3,0,3,1,odd,24,,odd_char; semisimple,,ODD GRID NEWLY DEFINED (Blueprint records no odd q/n)
OD-051,49,7,2,3,0,3,1,odd,25,,odd_char; semisimple,,ODD GRID NEWLY DEFINED (Blueprint records no odd q/n)
OD-051,49,7,2,3,0,3,1,odd,26,,odd_char; semisimple,,ODD GRID NEWLY DEFINED (Blueprint records no odd q/n)
OD-051,49,7,2,3,0,3,1,odd,27,,odd_char; semisimple,,ODD GRID NEWLY DEFINED (Blueprint records no odd q/n)
OD-051,49,7,2,3,0,3,1,odd,28,,odd_char; semisimple,,ODD GRID NEWLY DEFINED (Blueprint records no odd q/n)
OD-051,49,7,2,3,0,3,1,odd,29,,odd_char; semisimple,,ODD GRID NEWLY DEFINED (Blueprint records no odd q/n)
OD-051,49,7,2,3,0,3,1,odd,30,,odd_char; semisimple,,ODD GRID NEWLY DEFINED (Blueprint records no odd q/n)
OD-051,49,7,2,3,0,3,1,odd,31,,odd_char; semisimple,,ODD GRID NEWLY DEFINED (Blueprint records no odd q/n)
OD-051,49,7,2,3,0,3,1,odd,32,,odd_char; semisimple,,ODD GRID NEWLY DEFINED (Blueprint records no odd q/n)
OD-051,49,7,2,3,0,3,1,odd,33,,odd_char; semisimple,,ODD GRID NEWLY DEFINED (Blueprint records no odd q/n)
OD-051,49,7,2,3,0,3,1,odd,34,,odd_char; semisimple,,ODD GRID NEWLY DEFINED (Blueprint records no odd q/n)
OD-051,49,7,2,3,0,3,1,odd,35,,odd_char; semisimple,,ODD GRID NEWLY DEFINED (Blueprint records no odd q/n)
OD-051,49,7,2,3,0,3,1,odd,36,,odd_char; semisimple,,ODD GRID NEWLY DEFINED (Blueprint records no odd q/n)
OD-051,49,7,2,3,0,3,1,odd,37,,odd_char; semisimple,,ODD GRID NEWLY DEFINED (Blueprint records no odd q/n)
OD-051,49,7,2,3,0,3,1,odd,38,,odd_char; semisimple,,ODD GRID NEWLY DEFINED (Blueprint records no odd q/n)
OD-051,49,7,2,3,0,3,1,odd,39,,odd_char; semisimple,,ODD GRID NEWLY DEFINED (Blueprint records no odd q/n)
OD-051,49,7,2,3,0,3,1,odd,40,,odd_char; semisimple,,ODD GRID NEWLY DEFINED (Blueprint records no odd q/n)
OD-051,49,7,2,3,0,3,1,odd,41,,odd_char; semisimple,,ODD GRID NEWLY DEFINED (Blueprint records no odd q/n)
OD-051,49,7,2,3,0,3,1,odd,42,,odd_char; semisimple,,ODD GRID NEWLY DEFINED (Blueprint records no odd q/n)
OD-051,49,7,2,3,0,3,1,odd,43,,odd_char; semisimple,,ODD GRID NEWLY DEFINED (Blueprint records no odd q/n)
OD-051,49,7,2,3,0,3,1,odd,44,,odd_char; semisimple,,ODD GRID NEWLY DEFINED (Blueprint records no odd q/n)
OD-051,49,7,2,3,0,3,1,odd,45,,odd_char; semisimple,,ODD GRID NEWLY DEFINED (Blueprint records no odd q/n)
OD-051,49,7,2,3,0,3,1,odd,46,,odd_char; semisimple,,ODD GRID NEWLY DEFINED (Blueprint records no odd q/n)
OD-051,49,7,2,3,0,3,1,odd,47,,odd_char; semisimple,,ODD GRID NEWLY DEFINED (Blueprint records no odd q/n)
OD-052,49,7,2,5,0,5,1,odd,0,,odd_char; semisimple,,ODD GRID NEWLY DEFINED (Blueprint records no odd q/n)
OD-052,49,7,2,5,0,5,1,odd,1,,odd_char; semisimple,,ODD GRID NEWLY DEFINED (Blueprint records no odd q/n)
OD-052,49,7,2,5,0,5,1,odd,2,,odd_char; semisimple,,ODD GRID NEWLY DEFINED (Blueprint records no odd q/n)
OD-052,49,7,2,5,0,5,1,odd,3,,odd_char; semisimple,,ODD GRID NEWLY DEFINED (Blueprint records no odd q/n)
OD-052,49,7,2,5,0,5,1,odd,4,,odd_char; semisimple,,ODD GRID NEWLY DEFINED (Blueprint records no odd q/n)
OD-052,49,7,2,5,0,5,1,odd,5,,odd_char; semisimple,,ODD GRID NEWLY DEFINED (Blueprint records no odd q/n)
OD-052,49,7,2,5,0,5,1,odd,6,,odd_char; semisimple,,ODD GRID NEWLY DEFINED (Blueprint records no odd q/n)
OD-052,49,7,2,5,0,5,1,odd,7,,odd_char; semisimple,,ODD GRID NEWLY DEFINED (Blueprint records no odd q/n)
OD-052,49,7,2,5,0,5,1,odd,8,,odd_char; semisimple,,ODD GRID NEWLY DEFINED (Blueprint records no odd q/n)
OD-052,49,7,2,5,0,5,1,odd,9,,odd_char; semisimple,,ODD GRID NEWLY DEFINED (Blueprint records no odd q/n)
OD-052,49,7,2,5,0,5,1,odd,10,,odd_char; semisimple,,ODD GRID NEWLY DEFINED (Blueprint records no odd q/n)
OD-052,49,7,2,5,0,5,1,odd,11,,odd_char; semisimple,,ODD GRID NEWLY DEFINED (Blueprint records no odd q/n)
OD-052,49,7,2,5,0,5,1,odd,12,,odd_char; semisimple,,ODD GRID NEWLY DEFINED (Blueprint records no odd q/n)
OD-052,49,7,2,5,0,5,1,odd,13,,odd_char; semisimple,,ODD GRID NEWLY DEFINED (Blueprint records no odd q/n)
OD-052,49,7,2,5,0,5,1,odd,14,,odd_char; semisimple,,ODD GRID NEWLY DEFINED (Blueprint records no odd q/n)
OD-052,49,7,2,5,0,5,1,odd,15,,odd_char; semisimple,,ODD GRID NEWLY DEFINED (Blueprint records no odd q/n)
OD-052,49,7,2,5,0,5,1,odd,16,,odd_char; semisimple,,ODD GRID NEWLY DEFINED (Blueprint records no odd q/n)
OD-052,49,7,2,5,0,5,1,odd,17,,odd_char; semisimple,,ODD GRID NEWLY DEFINED (Blueprint records no odd q/n)
OD-052,49,7,2,5,0,5,1,odd,18,,odd_char; semisimple,,ODD GRID NEWLY DEFINED (Blueprint records no odd q/n)
OD-052,49,7,2,5,0,5,1,odd,19,,odd_char; semisimple,,ODD GRID NEWLY DEFINED (Blueprint records no odd q/n)
OD-052,49,7,2,5,0,5,1,odd,20,,odd_char; semisimple,,ODD GRID NEWLY DEFINED (Blueprint records no odd q/n)
OD-052,49,7,2,5,0,5,1,odd,21,,odd_char; semisimple,,ODD GRID NEWLY DEFINED (Blueprint records no odd q/n)
OD-052,49,7,2,5,0,5,1,odd,22,,odd_char; semisimple,,ODD GRID NEWLY DEFINED (Blueprint records no odd q/n)
OD-052,49,7,2,5,0,5,1,odd,23,,odd_char; semisimple,,ODD GRID NEWLY DEFINED (Blueprint records no odd q/n)
OD-052,49,7,2,5,0,5,1,odd,24,,odd_char; semisimple,,ODD GRID NEWLY DEFINED (Blueprint records no odd q/n)
OD-052,49,7,2,5,0,5,1,odd,25,,odd_char; semisimple,,ODD GRID NEWLY DEFINED (Blueprint records no odd q/n)
OD-052,49,7,2,5,0,5,1,odd,26,,odd_char; semisimple,,ODD GRID NEWLY DEFINED (Blueprint records no odd q/n)
OD-052,49,7,2,5,0,5,1,odd,27,,odd_char; semisimple,,ODD GRID NEWLY DEFINED (Blueprint records no odd q/n)
OD-052,49,7,2,5,0,5,1,odd,28,,odd_char; semisimple,,ODD GRID NEWLY DEFINED (Blueprint records no odd q/n)
OD-052,49,7,2,5,0,5,1,odd,29,,odd_char; semisimple,,ODD GRID NEWLY DEFINED (Blueprint records no odd q/n)
OD-052,49,7,2,5,0,5,1,odd,30,,odd_char; semisimple,,ODD GRID NEWLY DEFINED (Blueprint records no odd q/n)
OD-052,49,7,2,5,0,5,1,odd,31,,odd_char; semisimple,,ODD GRID NEWLY DEFINED (Blueprint records no odd q/n)
OD-052,49,7,2,5,0,5,1,odd,32,,odd_char; semisimple,,ODD GRID NEWLY DEFINED (Blueprint records no odd q/n)
OD-052,49,7,2,5,0,5,1,odd,33,,odd_char; semisimple,,ODD GRID NEWLY DEFINED (Blueprint records no odd q/n)
OD-052,49,7,2,5,0,5,1,odd,34,,odd_char; semisimple,,ODD GRID NEWLY DEFINED (Blueprint records no odd q/n)
OD-052,49,7,2,5,0,5,1,odd,35,,odd_char; semisimple,,ODD GRID NEWLY DEFINED (Blueprint records no odd q/n)
OD-052,49,7,2,5,0,5,1,odd,36,,odd_char; semisimple,,ODD GRID NEWLY DEFINED (Blueprint records no odd q/n)
OD-052,49,7,2,5,0,5,1,odd,37,,odd_char; semisimple,,ODD GRID NEWLY DEFINED (Blueprint records no odd q/n)
OD-052,49,7,2,5,0,5,1,odd,38,,odd_char; semisimple,,ODD GRID NEWLY DEFINED (Blueprint records no odd q/n)
OD-052,49,7,2,5,0,5,1,odd,39,,odd_char; semisimple,,ODD GRID NEWLY DEFINED (Blueprint records no odd q/n)
OD-052,49,7,2,5,0,5,1,odd,40,,odd_char; semisimple,,ODD GRID NEWLY DEFINED (Blueprint records no odd q/n)
OD-052,49,7,2,5,0,5,1,odd,41,,odd_char; semisimple,,ODD GRID NEWLY DEFINED (Blueprint records no odd q/n)
OD-052,49,7,2,5,0,5,1,odd,42,,odd_char; semisimple,,ODD GRID NEWLY DEFINED (Blueprint records no odd q/n)
OD-052,49,7,2,5,0,5,1,odd,43,,odd_char; semisimple,,ODD GRID NEWLY DEFINED (Blueprint records no odd q/n)
OD-052,49,7,2,5,0,5,1,odd,44,,odd_char; semisimple,,ODD GRID NEWLY DEFINED (Blueprint records no odd q/n)
OD-052,49,7,2,5,0,5,1,odd,45,,odd_char; semisimple,,ODD GRID NEWLY DEFINED (Blueprint records no odd q/n)
OD-052,49,7,2,5,0,5,1,odd,46,,odd_char; semisimple,,ODD GRID NEWLY DEFINED (Blueprint records no odd q/n)
OD-052,49,7,2,5,0,5,1,odd,47,,odd_char; semisimple,,ODD GRID NEWLY DEFINED (Blueprint records no odd q/n)
OD-053,49,7,2,7,1,1,7,odd,0,,odd_char; repeated_root P=7,,ODD GRID NEWLY DEFINED (Blueprint records no odd q/n)
OD-053,49,7,2,7,1,1,7,odd,1,,odd_char; repeated_root P=7,,ODD GRID NEWLY DEFINED (Blueprint records no odd q/n)
OD-053,49,7,2,7,1,1,7,odd,2,,odd_char; repeated_root P=7,,ODD GRID NEWLY DEFINED (Blueprint records no odd q/n)
OD-053,49,7,2,7,1,1,7,odd,3,,odd_char; repeated_root P=7,,ODD GRID NEWLY DEFINED (Blueprint records no odd q/n)
OD-053,49,7,2,7,1,1,7,odd,4,,odd_char; repeated_root P=7,,ODD GRID NEWLY DEFINED (Blueprint records no odd q/n)
OD-053,49,7,2,7,1,1,7,odd,5,,odd_char; repeated_root P=7,,ODD GRID NEWLY DEFINED (Blueprint records no odd q/n)
OD-053,49,7,2,7,1,1,7,odd,6,,odd_char; repeated_root P=7,,ODD GRID NEWLY DEFINED (Blueprint records no odd q/n)
OD-053,49,7,2,7,1,1,7,odd,7,,odd_char; repeated_root P=7,,ODD GRID NEWLY DEFINED (Blueprint records no odd q/n)
OD-053,49,7,2,7,1,1,7,odd,8,,odd_char; repeated_root P=7,,ODD GRID NEWLY DEFINED (Blueprint records no odd q/n)
OD-053,49,7,2,7,1,1,7,odd,9,,odd_char; repeated_root P=7,,ODD GRID NEWLY DEFINED (Blueprint records no odd q/n)
OD-053,49,7,2,7,1,1,7,odd,10,,odd_char; repeated_root P=7,,ODD GRID NEWLY DEFINED (Blueprint records no odd q/n)
OD-053,49,7,2,7,1,1,7,odd,11,,odd_char; repeated_root P=7,,ODD GRID NEWLY DEFINED (Blueprint records no odd q/n)
OD-053,49,7,2,7,1,1,7,odd,12,,odd_char; repeated_root P=7,,ODD GRID NEWLY DEFINED (Blueprint records no odd q/n)
OD-053,49,7,2,7,1,1,7,odd,13,,odd_char; repeated_root P=7,,ODD GRID NEWLY DEFINED (Blueprint records no odd q/n)
OD-053,49,7,2,7,1,1,7,odd,14,,odd_char; repeated_root P=7,,ODD GRID NEWLY DEFINED (Blueprint records no odd q/n)
OD-053,49,7,2,7,1,1,7,odd,15,,odd_char; repeated_root P=7,,ODD GRID NEWLY DEFINED (Blueprint records no odd q/n)
OD-053,49,7,2,7,1,1,7,odd,16,,odd_char; repeated_root P=7,,ODD GRID NEWLY DEFINED (Blueprint records no odd q/n)
OD-053,49,7,2,7,1,1,7,odd,17,,odd_char; repeated_root P=7,,ODD GRID NEWLY DEFINED (Blueprint records no odd q/n)
OD-053,49,7,2,7,1,1,7,odd,18,,odd_char; repeated_root P=7,,ODD GRID NEWLY DEFINED (Blueprint records no odd q/n)
OD-053,49,7,2,7,1,1,7,odd,19,,odd_char; repeated_root P=7,,ODD GRID NEWLY DEFINED (Blueprint records no odd q/n)
OD-053,49,7,2,7,1,1,7,odd,20,,odd_char; repeated_root P=7,,ODD GRID NEWLY DEFINED (Blueprint records no odd q/n)
OD-053,49,7,2,7,1,1,7,odd,21,,odd_char; repeated_root P=7,,ODD GRID NEWLY DEFINED (Blueprint records no odd q/n)
OD-053,49,7,2,7,1,1,7,odd,22,,odd_char; repeated_root P=7,,ODD GRID NEWLY DEFINED (Blueprint records no odd q/n)
OD-053,49,7,2,7,1,1,7,odd,23,,odd_char; repeated_root P=7,,ODD GRID NEWLY DEFINED (Blueprint records no odd q/n)
OD-053,49,7,2,7,1,1,7,odd,24,,odd_char; repeated_root P=7,,ODD GRID NEWLY DEFINED (Blueprint records no odd q/n)
OD-053,49,7,2,7,1,1,7,odd,25,,odd_char; repeated_root P=7,,ODD GRID NEWLY DEFINED (Blueprint records no odd q/n)
OD-053,49,7,2,7,1,1,7,odd,26,,odd_char; repeated_root P=7,,ODD GRID NEWLY DEFINED (Blueprint records no odd q/n)
OD-053,49,7,2,7,1,1,7,odd,27,,odd_char; repeated_root P=7,,ODD GRID NEWLY DEFINED (Blueprint records no odd q/n)
OD-053,49,7,2,7,1,1,7,odd,28,,odd_char; repeated_root P=7,,ODD GRID NEWLY DEFINED (Blueprint records no odd q/n)
OD-053,49,7,2,7,1,1,7,odd,29,,odd_char; repeated_root P=7,,ODD GRID NEWLY DEFINED (Blueprint records no odd q/n)
OD-053,49,7,2,7,1,1,7,odd,30,,odd_char; repeated_root P=7,,ODD GRID NEWLY DEFINED (Blueprint records no odd q/n)
OD-053,49,7,2,7,1,1,7,odd,31,,odd_char; repeated_root P=7,,ODD GRID NEWLY DEFINED (Blueprint records no odd q/n)
OD-053,49,7,2,7,1,1,7,odd,32,,odd_char; repeated_root P=7,,ODD GRID NEWLY DEFINED (Blueprint records no odd q/n)
OD-053,49,7,2,7,1,1,7,odd,33,,odd_char; repeated_root P=7,,ODD GRID NEWLY DEFINED (Blueprint records no odd q/n)
OD-053,49,7,2,7,1,1,7,odd,34,,odd_char; repeated_root P=7,,ODD GRID NEWLY DEFINED (Blueprint records no odd q/n)
OD-053,49,7,2,7,1,1,7,odd,35,,odd_char; repeated_root P=7,,ODD GRID NEWLY DEFINED (Blueprint records no odd q/n)
OD-053,49,7,2,7,1,1,7,odd,36,,odd_char; repeated_root P=7,,ODD GRID NEWLY DEFINED (Blueprint records no odd q/n)
OD-053,49,7,2,7,1,1,7,odd,37,,odd_char; repeated_root P=7,,ODD GRID NEWLY DEFINED (Blueprint records no odd q/n)
OD-053,49,7,2,7,1,1,7,odd,38,,odd_char; repeated_root P=7,,ODD GRID NEWLY DEFINED (Blueprint records no odd q/n)
OD-053,49,7,2,7,1,1,7,odd,39,,odd_char; repeated_root P=7,,ODD GRID NEWLY DEFINED (Blueprint records no odd q/n)
OD-053,49,7,2,7,1,1,7,odd,40,,odd_char; repeated_root P=7,,ODD GRID NEWLY DEFINED (Blueprint records no odd q/n)
OD-053,49,7,2,7,1,1,7,odd,41,,odd_char; repeated_root P=7,,ODD GRID NEWLY DEFINED (Blueprint records no odd q/n)
OD-053,49,7,2,7,1,1,7,odd,42,,odd_char; repeated_root P=7,,ODD GRID NEWLY DEFINED (Blueprint records no odd q/n)
OD-053,49,7,2,7,1,1,7,odd,43,,odd_char; repeated_root P=7,,ODD GRID NEWLY DEFINED (Blueprint records no odd q/n)
OD-053,49,7,2,7,1,1,7,odd,44,,odd_char; repeated_root P=7,,ODD GRID NEWLY DEFINED (Blueprint records no odd q/n)
OD-053,49,7,2,7,1,1,7,odd,45,,odd_char; repeated_root P=7,,ODD GRID NEWLY DEFINED (Blueprint records no odd q/n)
OD-053,49,7,2,7,1,1,7,odd,46,,odd_char; repeated_root P=7,,ODD GRID NEWLY DEFINED (Blueprint records no odd q/n)
OD-053,49,7,2,7,1,1,7,odd,47,,odd_char; repeated_root P=7,,ODD GRID NEWLY DEFINED (Blueprint records no odd q/n)
OD-054,49,7,2,9,0,9,1,odd,0,,odd_char; semisimple,,ODD GRID NEWLY DEFINED (Blueprint records no odd q/n)
OD-054,49,7,2,9,0,9,1,odd,1,,odd_char; semisimple,,ODD GRID NEWLY DEFINED (Blueprint records no odd q/n)
OD-054,49,7,2,9,0,9,1,odd,2,,odd_char; semisimple,,ODD GRID NEWLY DEFINED (Blueprint records no odd q/n)
OD-054,49,7,2,9,0,9,1,odd,3,,odd_char; semisimple,,ODD GRID NEWLY DEFINED (Blueprint records no odd q/n)
OD-054,49,7,2,9,0,9,1,odd,4,,odd_char; semisimple,,ODD GRID NEWLY DEFINED (Blueprint records no odd q/n)
OD-054,49,7,2,9,0,9,1,odd,5,,odd_char; semisimple,,ODD GRID NEWLY DEFINED (Blueprint records no odd q/n)
OD-054,49,7,2,9,0,9,1,odd,6,,odd_char; semisimple,,ODD GRID NEWLY DEFINED (Blueprint records no odd q/n)
OD-054,49,7,2,9,0,9,1,odd,7,,odd_char; semisimple,,ODD GRID NEWLY DEFINED (Blueprint records no odd q/n)
OD-054,49,7,2,9,0,9,1,odd,8,,odd_char; semisimple,,ODD GRID NEWLY DEFINED (Blueprint records no odd q/n)
OD-054,49,7,2,9,0,9,1,odd,9,,odd_char; semisimple,,ODD GRID NEWLY DEFINED (Blueprint records no odd q/n)
OD-054,49,7,2,9,0,9,1,odd,10,,odd_char; semisimple,,ODD GRID NEWLY DEFINED (Blueprint records no odd q/n)
OD-054,49,7,2,9,0,9,1,odd,11,,odd_char; semisimple,,ODD GRID NEWLY DEFINED (Blueprint records no odd q/n)
OD-054,49,7,2,9,0,9,1,odd,12,,odd_char; semisimple,,ODD GRID NEWLY DEFINED (Blueprint records no odd q/n)
OD-054,49,7,2,9,0,9,1,odd,13,,odd_char; semisimple,,ODD GRID NEWLY DEFINED (Blueprint records no odd q/n)
OD-054,49,7,2,9,0,9,1,odd,14,,odd_char; semisimple,,ODD GRID NEWLY DEFINED (Blueprint records no odd q/n)
OD-054,49,7,2,9,0,9,1,odd,15,,odd_char; semisimple,,ODD GRID NEWLY DEFINED (Blueprint records no odd q/n)
OD-054,49,7,2,9,0,9,1,odd,16,,odd_char; semisimple,,ODD GRID NEWLY DEFINED (Blueprint records no odd q/n)
OD-054,49,7,2,9,0,9,1,odd,17,,odd_char; semisimple,,ODD GRID NEWLY DEFINED (Blueprint records no odd q/n)
OD-054,49,7,2,9,0,9,1,odd,18,,odd_char; semisimple,,ODD GRID NEWLY DEFINED (Blueprint records no odd q/n)
OD-054,49,7,2,9,0,9,1,odd,19,,odd_char; semisimple,,ODD GRID NEWLY DEFINED (Blueprint records no odd q/n)
OD-054,49,7,2,9,0,9,1,odd,20,,odd_char; semisimple,,ODD GRID NEWLY DEFINED (Blueprint records no odd q/n)
OD-054,49,7,2,9,0,9,1,odd,21,,odd_char; semisimple,,ODD GRID NEWLY DEFINED (Blueprint records no odd q/n)
OD-054,49,7,2,9,0,9,1,odd,22,,odd_char; semisimple,,ODD GRID NEWLY DEFINED (Blueprint records no odd q/n)
OD-054,49,7,2,9,0,9,1,odd,23,,odd_char; semisimple,,ODD GRID NEWLY DEFINED (Blueprint records no odd q/n)
OD-054,49,7,2,9,0,9,1,odd,24,,odd_char; semisimple,,ODD GRID NEWLY DEFINED (Blueprint records no odd q/n)
OD-054,49,7,2,9,0,9,1,odd,25,,odd_char; semisimple,,ODD GRID NEWLY DEFINED (Blueprint records no odd q/n)
OD-054,49,7,2,9,0,9,1,odd,26,,odd_char; semisimple,,ODD GRID NEWLY DEFINED (Blueprint records no odd q/n)
OD-054,49,7,2,9,0,9,1,odd,27,,odd_char; semisimple,,ODD GRID NEWLY DEFINED (Blueprint records no odd q/n)
OD-054,49,7,2,9,0,9,1,odd,28,,odd_char; semisimple,,ODD GRID NEWLY DEFINED (Blueprint records no odd q/n)
OD-054,49,7,2,9,0,9,1,odd,29,,odd_char; semisimple,,ODD GRID NEWLY DEFINED (Blueprint records no odd q/n)
OD-054,49,7,2,9,0,9,1,odd,30,,odd_char; semisimple,,ODD GRID NEWLY DEFINED (Blueprint records no odd q/n)
OD-054,49,7,2,9,0,9,1,odd,31,,odd_char; semisimple,,ODD GRID NEWLY DEFINED (Blueprint records no odd q/n)
OD-054,49,7,2,9,0,9,1,odd,32,,odd_char; semisimple,,ODD GRID NEWLY DEFINED (Blueprint records no odd q/n)
OD-054,49,7,2,9,0,9,1,odd,33,,odd_char; semisimple,,ODD GRID NEWLY DEFINED (Blueprint records no odd q/n)
OD-054,49,7,2,9,0,9,1,odd,34,,odd_char; semisimple,,ODD GRID NEWLY DEFINED (Blueprint records no odd q/n)
OD-054,49,7,2,9,0,9,1,odd,35,,odd_char; semisimple,,ODD GRID NEWLY DEFINED (Blueprint records no odd q/n)
OD-054,49,7,2,9,0,9,1,odd,36,,odd_char; semisimple,,ODD GRID NEWLY DEFINED (Blueprint records no odd q/n)
OD-054,49,7,2,9,0,9,1,odd,37,,odd_char; semisimple,,ODD GRID NEWLY DEFINED (Blueprint records no odd q/n)
OD-054,49,7,2,9,0,9,1,odd,38,,odd_char; semisimple,,ODD GRID NEWLY DEFINED (Blueprint records no odd q/n)
OD-054,49,7,2,9,0,9,1,odd,39,,odd_char; semisimple,,ODD GRID NEWLY DEFINED (Blueprint records no odd q/n)
OD-054,49,7,2,9,0,9,1,odd,40,,odd_char; semisimple,,ODD GRID NEWLY DEFINED (Blueprint records no odd q/n)
OD-054,49,7,2,9,0,9,1,odd,41,,odd_char; semisimple,,ODD GRID NEWLY DEFINED (Blueprint records no odd q/n)
OD-054,49,7,2,9,0,9,1,odd,42,,odd_char; semisimple,,ODD GRID NEWLY DEFINED (Blueprint records no odd q/n)
OD-054,49,7,2,9,0,9,1,odd,43,,odd_char; semisimple,,ODD GRID NEWLY DEFINED (Blueprint records no odd q/n)
OD-054,49,7,2,9,0,9,1,odd,44,,odd_char; semisimple,,ODD GRID NEWLY DEFINED (Blueprint records no odd q/n)
OD-054,49,7,2,9,0,9,1,odd,45,,odd_char; semisimple,,ODD GRID NEWLY DEFINED (Blueprint records no odd q/n)
OD-054,49,7,2,9,0,9,1,odd,46,,odd_char; semisimple,,ODD GRID NEWLY DEFINED (Blueprint records no odd q/n)
OD-054,49,7,2,9,0,9,1,odd,47,,odd_char; semisimple,,ODD GRID NEWLY DEFINED (Blueprint records no odd q/n)
OD-055,49,7,2,15,0,15,1,odd,0,,odd_char; semisimple,,ODD GRID NEWLY DEFINED (Blueprint records no odd q/n)
OD-055,49,7,2,15,0,15,1,odd,1,,odd_char; semisimple,,ODD GRID NEWLY DEFINED (Blueprint records no odd q/n)
OD-055,49,7,2,15,0,15,1,odd,2,,odd_char; semisimple,,ODD GRID NEWLY DEFINED (Blueprint records no odd q/n)
OD-055,49,7,2,15,0,15,1,odd,3,,odd_char; semisimple,,ODD GRID NEWLY DEFINED (Blueprint records no odd q/n)
OD-055,49,7,2,15,0,15,1,odd,4,,odd_char; semisimple,,ODD GRID NEWLY DEFINED (Blueprint records no odd q/n)
OD-055,49,7,2,15,0,15,1,odd,5,,odd_char; semisimple,,ODD GRID NEWLY DEFINED (Blueprint records no odd q/n)
OD-055,49,7,2,15,0,15,1,odd,6,,odd_char; semisimple,,ODD GRID NEWLY DEFINED (Blueprint records no odd q/n)
OD-055,49,7,2,15,0,15,1,odd,7,,odd_char; semisimple,,ODD GRID NEWLY DEFINED (Blueprint records no odd q/n)
OD-055,49,7,2,15,0,15,1,odd,8,,odd_char; semisimple,,ODD GRID NEWLY DEFINED (Blueprint records no odd q/n)
OD-055,49,7,2,15,0,15,1,odd,9,,odd_char; semisimple,,ODD GRID NEWLY DEFINED (Blueprint records no odd q/n)
OD-055,49,7,2,15,0,15,1,odd,10,,odd_char; semisimple,,ODD GRID NEWLY DEFINED (Blueprint records no odd q/n)
OD-055,49,7,2,15,0,15,1,odd,11,,odd_char; semisimple,,ODD GRID NEWLY DEFINED (Blueprint records no odd q/n)
OD-055,49,7,2,15,0,15,1,odd,12,,odd_char; semisimple,,ODD GRID NEWLY DEFINED (Blueprint records no odd q/n)
OD-055,49,7,2,15,0,15,1,odd,13,,odd_char; semisimple,,ODD GRID NEWLY DEFINED (Blueprint records no odd q/n)
OD-055,49,7,2,15,0,15,1,odd,14,,odd_char; semisimple,,ODD GRID NEWLY DEFINED (Blueprint records no odd q/n)
OD-055,49,7,2,15,0,15,1,odd,15,,odd_char; semisimple,,ODD GRID NEWLY DEFINED (Blueprint records no odd q/n)
OD-055,49,7,2,15,0,15,1,odd,16,,odd_char; semisimple,,ODD GRID NEWLY DEFINED (Blueprint records no odd q/n)
OD-055,49,7,2,15,0,15,1,odd,17,,odd_char; semisimple,,ODD GRID NEWLY DEFINED (Blueprint records no odd q/n)
OD-055,49,7,2,15,0,15,1,odd,18,,odd_char; semisimple,,ODD GRID NEWLY DEFINED (Blueprint records no odd q/n)
OD-055,49,7,2,15,0,15,1,odd,19,,odd_char; semisimple,,ODD GRID NEWLY DEFINED (Blueprint records no odd q/n)
OD-055,49,7,2,15,0,15,1,odd,20,,odd_char; semisimple,,ODD GRID NEWLY DEFINED (Blueprint records no odd q/n)
OD-055,49,7,2,15,0,15,1,odd,21,,odd_char; semisimple,,ODD GRID NEWLY DEFINED (Blueprint records no odd q/n)
OD-055,49,7,2,15,0,15,1,odd,22,,odd_char; semisimple,,ODD GRID NEWLY DEFINED (Blueprint records no odd q/n)
OD-055,49,7,2,15,0,15,1,odd,23,,odd_char; semisimple,,ODD GRID NEWLY DEFINED (Blueprint records no odd q/n)
OD-055,49,7,2,15,0,15,1,odd,24,,odd_char; semisimple,,ODD GRID NEWLY DEFINED (Blueprint records no odd q/n)
OD-055,49,7,2,15,0,15,1,odd,25,,odd_char; semisimple,,ODD GRID NEWLY DEFINED (Blueprint records no odd q/n)
OD-055,49,7,2,15,0,15,1,odd,26,,odd_char; semisimple,,ODD GRID NEWLY DEFINED (Blueprint records no odd q/n)
OD-055,49,7,2,15,0,15,1,odd,27,,odd_char; semisimple,,ODD GRID NEWLY DEFINED (Blueprint records no odd q/n)
OD-055,49,7,2,15,0,15,1,odd,28,,odd_char; semisimple,,ODD GRID NEWLY DEFINED (Blueprint records no odd q/n)
OD-055,49,7,2,15,0,15,1,odd,29,,odd_char; semisimple,,ODD GRID NEWLY DEFINED (Blueprint records no odd q/n)
OD-055,49,7,2,15,0,15,1,odd,30,,odd_char; semisimple,,ODD GRID NEWLY DEFINED (Blueprint records no odd q/n)
OD-055,49,7,2,15,0,15,1,odd,31,,odd_char; semisimple,,ODD GRID NEWLY DEFINED (Blueprint records no odd q/n)
OD-055,49,7,2,15,0,15,1,odd,32,,odd_char; semisimple,,ODD GRID NEWLY DEFINED (Blueprint records no odd q/n)
OD-055,49,7,2,15,0,15,1,odd,33,,odd_char; semisimple,,ODD GRID NEWLY DEFINED (Blueprint records no odd q/n)
OD-055,49,7,2,15,0,15,1,odd,34,,odd_char; semisimple,,ODD GRID NEWLY DEFINED (Blueprint records no odd q/n)
OD-055,49,7,2,15,0,15,1,odd,35,,odd_char; semisimple,,ODD GRID NEWLY DEFINED (Blueprint records no odd q/n)
OD-055,49,7,2,15,0,15,1,odd,36,,odd_char; semisimple,,ODD GRID NEWLY DEFINED (Blueprint records no odd q/n)
OD-055,49,7,2,15,0,15,1,odd,37,,odd_char; semisimple,,ODD GRID NEWLY DEFINED (Blueprint records no odd q/n)
OD-055,49,7,2,15,0,15,1,odd,38,,odd_char; semisimple,,ODD GRID NEWLY DEFINED (Blueprint records no odd q/n)
OD-055,49,7,2,15,0,15,1,odd,39,,odd_char; semisimple,,ODD GRID NEWLY DEFINED (Blueprint records no odd q/n)
OD-055,49,7,2,15,0,15,1,odd,40,,odd_char; semisimple,,ODD GRID NEWLY DEFINED (Blueprint records no odd q/n)
OD-055,49,7,2,15,0,15,1,odd,41,,odd_char; semisimple,,ODD GRID NEWLY DEFINED (Blueprint records no odd q/n)
OD-055,49,7,2,15,0,15,1,odd,42,,odd_char; semisimple,,ODD GRID NEWLY DEFINED (Blueprint records no odd q/n)
OD-055,49,7,2,15,0,15,1,odd,43,,odd_char; semisimple,,ODD GRID NEWLY DEFINED (Blueprint records no odd q/n)
OD-055,49,7,2,15,0,15,1,odd,44,,odd_char; semisimple,,ODD GRID NEWLY DEFINED (Blueprint records no odd q/n)
OD-055,49,7,2,15,0,15,1,odd,45,,odd_char; semisimple,,ODD GRID NEWLY DEFINED (Blueprint records no odd q/n)
OD-055,49,7,2,15,0,15,1,odd,46,,odd_char; semisimple,,ODD GRID NEWLY DEFINED (Blueprint records no odd q/n)
OD-055,49,7,2,15,0,15,1,odd,47,,odd_char; semisimple,,ODD GRID NEWLY DEFINED (Blueprint records no odd q/n)
OD-056,49,7,2,17,0,17,1,odd,0,,odd_char; semisimple,,ODD GRID NEWLY DEFINED (Blueprint records no odd q/n)
OD-056,49,7,2,17,0,17,1,odd,1,,odd_char; semisimple,,ODD GRID NEWLY DEFINED (Blueprint records no odd q/n)
OD-056,49,7,2,17,0,17,1,odd,2,,odd_char; semisimple,,ODD GRID NEWLY DEFINED (Blueprint records no odd q/n)
OD-056,49,7,2,17,0,17,1,odd,3,,odd_char; semisimple,,ODD GRID NEWLY DEFINED (Blueprint records no odd q/n)
OD-056,49,7,2,17,0,17,1,odd,4,,odd_char; semisimple,,ODD GRID NEWLY DEFINED (Blueprint records no odd q/n)
OD-056,49,7,2,17,0,17,1,odd,5,,odd_char; semisimple,,ODD GRID NEWLY DEFINED (Blueprint records no odd q/n)
OD-056,49,7,2,17,0,17,1,odd,6,,odd_char; semisimple,,ODD GRID NEWLY DEFINED (Blueprint records no odd q/n)
OD-056,49,7,2,17,0,17,1,odd,7,,odd_char; semisimple,,ODD GRID NEWLY DEFINED (Blueprint records no odd q/n)
OD-056,49,7,2,17,0,17,1,odd,8,,odd_char; semisimple,,ODD GRID NEWLY DEFINED (Blueprint records no odd q/n)
OD-056,49,7,2,17,0,17,1,odd,9,,odd_char; semisimple,,ODD GRID NEWLY DEFINED (Blueprint records no odd q/n)
OD-056,49,7,2,17,0,17,1,odd,10,,odd_char; semisimple,,ODD GRID NEWLY DEFINED (Blueprint records no odd q/n)
OD-056,49,7,2,17,0,17,1,odd,11,,odd_char; semisimple,,ODD GRID NEWLY DEFINED (Blueprint records no odd q/n)
OD-056,49,7,2,17,0,17,1,odd,12,,odd_char; semisimple,,ODD GRID NEWLY DEFINED (Blueprint records no odd q/n)
OD-056,49,7,2,17,0,17,1,odd,13,,odd_char; semisimple,,ODD GRID NEWLY DEFINED (Blueprint records no odd q/n)
OD-056,49,7,2,17,0,17,1,odd,14,,odd_char; semisimple,,ODD GRID NEWLY DEFINED (Blueprint records no odd q/n)
OD-056,49,7,2,17,0,17,1,odd,15,,odd_char; semisimple,,ODD GRID NEWLY DEFINED (Blueprint records no odd q/n)
OD-056,49,7,2,17,0,17,1,odd,16,,odd_char; semisimple,,ODD GRID NEWLY DEFINED (Blueprint records no odd q/n)
OD-056,49,7,2,17,0,17,1,odd,17,,odd_char; semisimple,,ODD GRID NEWLY DEFINED (Blueprint records no odd q/n)
OD-056,49,7,2,17,0,17,1,odd,18,,odd_char; semisimple,,ODD GRID NEWLY DEFINED (Blueprint records no odd q/n)
OD-056,49,7,2,17,0,17,1,odd,19,,odd_char; semisimple,,ODD GRID NEWLY DEFINED (Blueprint records no odd q/n)
OD-056,49,7,2,17,0,17,1,odd,20,,odd_char; semisimple,,ODD GRID NEWLY DEFINED (Blueprint records no odd q/n)
OD-056,49,7,2,17,0,17,1,odd,21,,odd_char; semisimple,,ODD GRID NEWLY DEFINED (Blueprint records no odd q/n)
OD-056,49,7,2,17,0,17,1,odd,22,,odd_char; semisimple,,ODD GRID NEWLY DEFINED (Blueprint records no odd q/n)
OD-056,49,7,2,17,0,17,1,odd,23,,odd_char; semisimple,,ODD GRID NEWLY DEFINED (Blueprint records no odd q/n)
OD-056,49,7,2,17,0,17,1,odd,24,,odd_char; semisimple,,ODD GRID NEWLY DEFINED (Blueprint records no odd q/n)
OD-056,49,7,2,17,0,17,1,odd,25,,odd_char; semisimple,,ODD GRID NEWLY DEFINED (Blueprint records no odd q/n)
OD-056,49,7,2,17,0,17,1,odd,26,,odd_char; semisimple,,ODD GRID NEWLY DEFINED (Blueprint records no odd q/n)
OD-056,49,7,2,17,0,17,1,odd,27,,odd_char; semisimple,,ODD GRID NEWLY DEFINED (Blueprint records no odd q/n)
OD-056,49,7,2,17,0,17,1,odd,28,,odd_char; semisimple,,ODD GRID NEWLY DEFINED (Blueprint records no odd q/n)
OD-056,49,7,2,17,0,17,1,odd,29,,odd_char; semisimple,,ODD GRID NEWLY DEFINED (Blueprint records no odd q/n)
OD-056,49,7,2,17,0,17,1,odd,30,,odd_char; semisimple,,ODD GRID NEWLY DEFINED (Blueprint records no odd q/n)
OD-056,49,7,2,17,0,17,1,odd,31,,odd_char; semisimple,,ODD GRID NEWLY DEFINED (Blueprint records no odd q/n)
OD-056,49,7,2,17,0,17,1,odd,32,,odd_char; semisimple,,ODD GRID NEWLY DEFINED (Blueprint records no odd q/n)
OD-056,49,7,2,17,0,17,1,odd,33,,odd_char; semisimple,,ODD GRID NEWLY DEFINED (Blueprint records no odd q/n)
OD-056,49,7,2,17,0,17,1,odd,34,,odd_char; semisimple,,ODD GRID NEWLY DEFINED (Blueprint records no odd q/n)
OD-056,49,7,2,17,0,17,1,odd,35,,odd_char; semisimple,,ODD GRID NEWLY DEFINED (Blueprint records no odd q/n)
OD-056,49,7,2,17,0,17,1,odd,36,,odd_char; semisimple,,ODD GRID NEWLY DEFINED (Blueprint records no odd q/n)
OD-056,49,7,2,17,0,17,1,odd,37,,odd_char; semisimple,,ODD GRID NEWLY DEFINED (Blueprint records no odd q/n)
OD-056,49,7,2,17,0,17,1,odd,38,,odd_char; semisimple,,ODD GRID NEWLY DEFINED (Blueprint records no odd q/n)
OD-056,49,7,2,17,0,17,1,odd,39,,odd_char; semisimple,,ODD GRID NEWLY DEFINED (Blueprint records no odd q/n)
OD-056,49,7,2,17,0,17,1,odd,40,,odd_char; semisimple,,ODD GRID NEWLY DEFINED (Blueprint records no odd q/n)
OD-056,49,7,2,17,0,17,1,odd,41,,odd_char; semisimple,,ODD GRID NEWLY DEFINED (Blueprint records no odd q/n)
OD-056,49,7,2,17,0,17,1,odd,42,,odd_char; semisimple,,ODD GRID NEWLY DEFINED (Blueprint records no odd q/n)
OD-056,49,7,2,17,0,17,1,odd,43,,odd_char; semisimple,,ODD GRID NEWLY DEFINED (Blueprint records no odd q/n)
OD-056,49,7,2,17,0,17,1,odd,44,,odd_char; semisimple,,ODD GRID NEWLY DEFINED (Blueprint records no odd q/n)
OD-056,49,7,2,17,0,17,1,odd,45,,odd_char; semisimple,,ODD GRID NEWLY DEFINED (Blueprint records no odd q/n)
OD-056,49,7,2,17,0,17,1,odd,46,,odd_char; semisimple,,ODD GRID NEWLY DEFINED (Blueprint records no odd q/n)
OD-056,49,7,2,17,0,17,1,odd,47,,odd_char; semisimple,,ODD GRID NEWLY DEFINED (Blueprint records no odd q/n)
OD-057,49,7,2,21,1,3,7,odd,0,,odd_char; repeated_root P=7,,ODD GRID NEWLY DEFINED (Blueprint records no odd q/n)
OD-057,49,7,2,21,1,3,7,odd,1,,odd_char; repeated_root P=7,,ODD GRID NEWLY DEFINED (Blueprint records no odd q/n)
OD-057,49,7,2,21,1,3,7,odd,2,,odd_char; repeated_root P=7,,ODD GRID NEWLY DEFINED (Blueprint records no odd q/n)
OD-057,49,7,2,21,1,3,7,odd,3,,odd_char; repeated_root P=7,,ODD GRID NEWLY DEFINED (Blueprint records no odd q/n)
OD-057,49,7,2,21,1,3,7,odd,4,,odd_char; repeated_root P=7,,ODD GRID NEWLY DEFINED (Blueprint records no odd q/n)
OD-057,49,7,2,21,1,3,7,odd,5,,odd_char; repeated_root P=7,,ODD GRID NEWLY DEFINED (Blueprint records no odd q/n)
OD-057,49,7,2,21,1,3,7,odd,6,,odd_char; repeated_root P=7,,ODD GRID NEWLY DEFINED (Blueprint records no odd q/n)
OD-057,49,7,2,21,1,3,7,odd,7,,odd_char; repeated_root P=7,,ODD GRID NEWLY DEFINED (Blueprint records no odd q/n)
OD-057,49,7,2,21,1,3,7,odd,8,,odd_char; repeated_root P=7,,ODD GRID NEWLY DEFINED (Blueprint records no odd q/n)
OD-057,49,7,2,21,1,3,7,odd,9,,odd_char; repeated_root P=7,,ODD GRID NEWLY DEFINED (Blueprint records no odd q/n)
OD-057,49,7,2,21,1,3,7,odd,10,,odd_char; repeated_root P=7,,ODD GRID NEWLY DEFINED (Blueprint records no odd q/n)
OD-057,49,7,2,21,1,3,7,odd,11,,odd_char; repeated_root P=7,,ODD GRID NEWLY DEFINED (Blueprint records no odd q/n)
OD-057,49,7,2,21,1,3,7,odd,12,,odd_char; repeated_root P=7,,ODD GRID NEWLY DEFINED (Blueprint records no odd q/n)
OD-057,49,7,2,21,1,3,7,odd,13,,odd_char; repeated_root P=7,,ODD GRID NEWLY DEFINED (Blueprint records no odd q/n)
OD-057,49,7,2,21,1,3,7,odd,14,,odd_char; repeated_root P=7,,ODD GRID NEWLY DEFINED (Blueprint records no odd q/n)
OD-057,49,7,2,21,1,3,7,odd,15,,odd_char; repeated_root P=7,,ODD GRID NEWLY DEFINED (Blueprint records no odd q/n)
OD-057,49,7,2,21,1,3,7,odd,16,,odd_char; repeated_root P=7,,ODD GRID NEWLY DEFINED (Blueprint records no odd q/n)
OD-057,49,7,2,21,1,3,7,odd,17,,odd_char; repeated_root P=7,,ODD GRID NEWLY DEFINED (Blueprint records no odd q/n)
OD-057,49,7,2,21,1,3,7,odd,18,,odd_char; repeated_root P=7,,ODD GRID NEWLY DEFINED (Blueprint records no odd q/n)
OD-057,49,7,2,21,1,3,7,odd,19,,odd_char; repeated_root P=7,,ODD GRID NEWLY DEFINED (Blueprint records no odd q/n)
OD-057,49,7,2,21,1,3,7,odd,20,,odd_char; repeated_root P=7,,ODD GRID NEWLY DEFINED (Blueprint records no odd q/n)
OD-057,49,7,2,21,1,3,7,odd,21,,odd_char; repeated_root P=7,,ODD GRID NEWLY DEFINED (Blueprint records no odd q/n)
OD-057,49,7,2,21,1,3,7,odd,22,,odd_char; repeated_root P=7,,ODD GRID NEWLY DEFINED (Blueprint records no odd q/n)
OD-057,49,7,2,21,1,3,7,odd,23,,odd_char; repeated_root P=7,,ODD GRID NEWLY DEFINED (Blueprint records no odd q/n)
OD-057,49,7,2,21,1,3,7,odd,24,,odd_char; repeated_root P=7,,ODD GRID NEWLY DEFINED (Blueprint records no odd q/n)
OD-057,49,7,2,21,1,3,7,odd,25,,odd_char; repeated_root P=7,,ODD GRID NEWLY DEFINED (Blueprint records no odd q/n)
OD-057,49,7,2,21,1,3,7,odd,26,,odd_char; repeated_root P=7,,ODD GRID NEWLY DEFINED (Blueprint records no odd q/n)
OD-057,49,7,2,21,1,3,7,odd,27,,odd_char; repeated_root P=7,,ODD GRID NEWLY DEFINED (Blueprint records no odd q/n)
OD-057,49,7,2,21,1,3,7,odd,28,,odd_char; repeated_root P=7,,ODD GRID NEWLY DEFINED (Blueprint records no odd q/n)
OD-057,49,7,2,21,1,3,7,odd,29,,odd_char; repeated_root P=7,,ODD GRID NEWLY DEFINED (Blueprint records no odd q/n)
OD-057,49,7,2,21,1,3,7,odd,30,,odd_char; repeated_root P=7,,ODD GRID NEWLY DEFINED (Blueprint records no odd q/n)
OD-057,49,7,2,21,1,3,7,odd,31,,odd_char; repeated_root P=7,,ODD GRID NEWLY DEFINED (Blueprint records no odd q/n)
OD-057,49,7,2,21,1,3,7,odd,32,,odd_char; repeated_root P=7,,ODD GRID NEWLY DEFINED (Blueprint records no odd q/n)
OD-057,49,7,2,21,1,3,7,odd,33,,odd_char; repeated_root P=7,,ODD GRID NEWLY DEFINED (Blueprint records no odd q/n)
OD-057,49,7,2,21,1,3,7,odd,34,,odd_char; repeated_root P=7,,ODD GRID NEWLY DEFINED (Blueprint records no odd q/n)
OD-057,49,7,2,21,1,3,7,odd,35,,odd_char; repeated_root P=7,,ODD GRID NEWLY DEFINED (Blueprint records no odd q/n)
OD-057,49,7,2,21,1,3,7,odd,36,,odd_char; repeated_root P=7,,ODD GRID NEWLY DEFINED (Blueprint records no odd q/n)
OD-057,49,7,2,21,1,3,7,odd,37,,odd_char; repeated_root P=7,,ODD GRID NEWLY DEFINED (Blueprint records no odd q/n)
OD-057,49,7,2,21,1,3,7,odd,38,,odd_char; repeated_root P=7,,ODD GRID NEWLY DEFINED (Blueprint records no odd q/n)
OD-057,49,7,2,21,1,3,7,odd,39,,odd_char; repeated_root P=7,,ODD GRID NEWLY DEFINED (Blueprint records no odd q/n)
OD-057,49,7,2,21,1,3,7,odd,40,,odd_char; repeated_root P=7,,ODD GRID NEWLY DEFINED (Blueprint records no odd q/n)
OD-057,49,7,2,21,1,3,7,odd,41,,odd_char; repeated_root P=7,,ODD GRID NEWLY DEFINED (Blueprint records no odd q/n)
OD-057,49,7,2,21,1,3,7,odd,42,,odd_char; repeated_root P=7,,ODD GRID NEWLY DEFINED (Blueprint records no odd q/n)
OD-057,49,7,2,21,1,3,7,odd,43,,odd_char; repeated_root P=7,,ODD GRID NEWLY DEFINED (Blueprint records no odd q/n)
OD-057,49,7,2,21,1,3,7,odd,44,,odd_char; repeated_root P=7,,ODD GRID NEWLY DEFINED (Blueprint records no odd q/n)
OD-057,49,7,2,21,1,3,7,odd,45,,odd_char; repeated_root P=7,,ODD GRID NEWLY DEFINED (Blueprint records no odd q/n)
OD-057,49,7,2,21,1,3,7,odd,46,,odd_char; repeated_root P=7,,ODD GRID NEWLY DEFINED (Blueprint records no odd q/n)
OD-057,49,7,2,21,1,3,7,odd,47,,odd_char; repeated_root P=7,,ODD GRID NEWLY DEFINED (Blueprint records no odd q/n)
OD-058,49,7,2,25,0,25,1,odd,0,,odd_char; semisimple,,ODD GRID NEWLY DEFINED (Blueprint records no odd q/n)
OD-058,49,7,2,25,0,25,1,odd,1,,odd_char; semisimple,,ODD GRID NEWLY DEFINED (Blueprint records no odd q/n)
OD-058,49,7,2,25,0,25,1,odd,2,,odd_char; semisimple,,ODD GRID NEWLY DEFINED (Blueprint records no odd q/n)
OD-058,49,7,2,25,0,25,1,odd,3,,odd_char; semisimple,,ODD GRID NEWLY DEFINED (Blueprint records no odd q/n)
OD-058,49,7,2,25,0,25,1,odd,4,,odd_char; semisimple,,ODD GRID NEWLY DEFINED (Blueprint records no odd q/n)
OD-058,49,7,2,25,0,25,1,odd,5,,odd_char; semisimple,,ODD GRID NEWLY DEFINED (Blueprint records no odd q/n)
OD-058,49,7,2,25,0,25,1,odd,6,,odd_char; semisimple,,ODD GRID NEWLY DEFINED (Blueprint records no odd q/n)
OD-058,49,7,2,25,0,25,1,odd,7,,odd_char; semisimple,,ODD GRID NEWLY DEFINED (Blueprint records no odd q/n)
OD-058,49,7,2,25,0,25,1,odd,8,,odd_char; semisimple,,ODD GRID NEWLY DEFINED (Blueprint records no odd q/n)
OD-058,49,7,2,25,0,25,1,odd,9,,odd_char; semisimple,,ODD GRID NEWLY DEFINED (Blueprint records no odd q/n)
OD-058,49,7,2,25,0,25,1,odd,10,,odd_char; semisimple,,ODD GRID NEWLY DEFINED (Blueprint records no odd q/n)
OD-058,49,7,2,25,0,25,1,odd,11,,odd_char; semisimple,,ODD GRID NEWLY DEFINED (Blueprint records no odd q/n)
OD-058,49,7,2,25,0,25,1,odd,12,,odd_char; semisimple,,ODD GRID NEWLY DEFINED (Blueprint records no odd q/n)
OD-058,49,7,2,25,0,25,1,odd,13,,odd_char; semisimple,,ODD GRID NEWLY DEFINED (Blueprint records no odd q/n)
OD-058,49,7,2,25,0,25,1,odd,14,,odd_char; semisimple,,ODD GRID NEWLY DEFINED (Blueprint records no odd q/n)
OD-058,49,7,2,25,0,25,1,odd,15,,odd_char; semisimple,,ODD GRID NEWLY DEFINED (Blueprint records no odd q/n)
OD-058,49,7,2,25,0,25,1,odd,16,,odd_char; semisimple,,ODD GRID NEWLY DEFINED (Blueprint records no odd q/n)
OD-058,49,7,2,25,0,25,1,odd,17,,odd_char; semisimple,,ODD GRID NEWLY DEFINED (Blueprint records no odd q/n)
OD-058,49,7,2,25,0,25,1,odd,18,,odd_char; semisimple,,ODD GRID NEWLY DEFINED (Blueprint records no odd q/n)
OD-058,49,7,2,25,0,25,1,odd,19,,odd_char; semisimple,,ODD GRID NEWLY DEFINED (Blueprint records no odd q/n)
OD-058,49,7,2,25,0,25,1,odd,20,,odd_char; semisimple,,ODD GRID NEWLY DEFINED (Blueprint records no odd q/n)
OD-058,49,7,2,25,0,25,1,odd,21,,odd_char; semisimple,,ODD GRID NEWLY DEFINED (Blueprint records no odd q/n)
OD-058,49,7,2,25,0,25,1,odd,22,,odd_char; semisimple,,ODD GRID NEWLY DEFINED (Blueprint records no odd q/n)
OD-058,49,7,2,25,0,25,1,odd,23,,odd_char; semisimple,,ODD GRID NEWLY DEFINED (Blueprint records no odd q/n)
OD-058,49,7,2,25,0,25,1,odd,24,,odd_char; semisimple,,ODD GRID NEWLY DEFINED (Blueprint records no odd q/n)
OD-058,49,7,2,25,0,25,1,odd,25,,odd_char; semisimple,,ODD GRID NEWLY DEFINED (Blueprint records no odd q/n)
OD-058,49,7,2,25,0,25,1,odd,26,,odd_char; semisimple,,ODD GRID NEWLY DEFINED (Blueprint records no odd q/n)
OD-058,49,7,2,25,0,25,1,odd,27,,odd_char; semisimple,,ODD GRID NEWLY DEFINED (Blueprint records no odd q/n)
OD-058,49,7,2,25,0,25,1,odd,28,,odd_char; semisimple,,ODD GRID NEWLY DEFINED (Blueprint records no odd q/n)
OD-058,49,7,2,25,0,25,1,odd,29,,odd_char; semisimple,,ODD GRID NEWLY DEFINED (Blueprint records no odd q/n)
OD-058,49,7,2,25,0,25,1,odd,30,,odd_char; semisimple,,ODD GRID NEWLY DEFINED (Blueprint records no odd q/n)
OD-058,49,7,2,25,0,25,1,odd,31,,odd_char; semisimple,,ODD GRID NEWLY DEFINED (Blueprint records no odd q/n)
OD-058,49,7,2,25,0,25,1,odd,32,,odd_char; semisimple,,ODD GRID NEWLY DEFINED (Blueprint records no odd q/n)
OD-058,49,7,2,25,0,25,1,odd,33,,odd_char; semisimple,,ODD GRID NEWLY DEFINED (Blueprint records no odd q/n)
OD-058,49,7,2,25,0,25,1,odd,34,,odd_char; semisimple,,ODD GRID NEWLY DEFINED (Blueprint records no odd q/n)
OD-058,49,7,2,25,0,25,1,odd,35,,odd_char; semisimple,,ODD GRID NEWLY DEFINED (Blueprint records no odd q/n)
OD-058,49,7,2,25,0,25,1,odd,36,,odd_char; semisimple,,ODD GRID NEWLY DEFINED (Blueprint records no odd q/n)
OD-058,49,7,2,25,0,25,1,odd,37,,odd_char; semisimple,,ODD GRID NEWLY DEFINED (Blueprint records no odd q/n)
OD-058,49,7,2,25,0,25,1,odd,38,,odd_char; semisimple,,ODD GRID NEWLY DEFINED (Blueprint records no odd q/n)
OD-058,49,7,2,25,0,25,1,odd,39,,odd_char; semisimple,,ODD GRID NEWLY DEFINED (Blueprint records no odd q/n)
OD-058,49,7,2,25,0,25,1,odd,40,,odd_char; semisimple,,ODD GRID NEWLY DEFINED (Blueprint records no odd q/n)
OD-058,49,7,2,25,0,25,1,odd,41,,odd_char; semisimple,,ODD GRID NEWLY DEFINED (Blueprint records no odd q/n)
OD-058,49,7,2,25,0,25,1,odd,42,,odd_char; semisimple,,ODD GRID NEWLY DEFINED (Blueprint records no odd q/n)
OD-058,49,7,2,25,0,25,1,odd,43,,odd_char; semisimple,,ODD GRID NEWLY DEFINED (Blueprint records no odd q/n)
OD-058,49,7,2,25,0,25,1,odd,44,,odd_char; semisimple,,ODD GRID NEWLY DEFINED (Blueprint records no odd q/n)
OD-058,49,7,2,25,0,25,1,odd,45,,odd_char; semisimple,,ODD GRID NEWLY DEFINED (Blueprint records no odd q/n)
OD-058,49,7,2,25,0,25,1,odd,46,,odd_char; semisimple,,ODD GRID NEWLY DEFINED (Blueprint records no odd q/n)
OD-058,49,7,2,25,0,25,1,odd,47,,odd_char; semisimple,,ODD GRID NEWLY DEFINED (Blueprint records no odd q/n)
OD-059,49,7,2,31,0,31,1,odd,0,,odd_char; semisimple,,ODD GRID NEWLY DEFINED (Blueprint records no odd q/n)
OD-059,49,7,2,31,0,31,1,odd,1,,odd_char; semisimple,,ODD GRID NEWLY DEFINED (Blueprint records no odd q/n)
OD-059,49,7,2,31,0,31,1,odd,2,,odd_char; semisimple,,ODD GRID NEWLY DEFINED (Blueprint records no odd q/n)
OD-059,49,7,2,31,0,31,1,odd,3,,odd_char; semisimple,,ODD GRID NEWLY DEFINED (Blueprint records no odd q/n)
OD-059,49,7,2,31,0,31,1,odd,4,,odd_char; semisimple,,ODD GRID NEWLY DEFINED (Blueprint records no odd q/n)
OD-059,49,7,2,31,0,31,1,odd,5,,odd_char; semisimple,,ODD GRID NEWLY DEFINED (Blueprint records no odd q/n)
OD-059,49,7,2,31,0,31,1,odd,6,,odd_char; semisimple,,ODD GRID NEWLY DEFINED (Blueprint records no odd q/n)
OD-059,49,7,2,31,0,31,1,odd,7,,odd_char; semisimple,,ODD GRID NEWLY DEFINED (Blueprint records no odd q/n)
OD-059,49,7,2,31,0,31,1,odd,8,,odd_char; semisimple,,ODD GRID NEWLY DEFINED (Blueprint records no odd q/n)
OD-059,49,7,2,31,0,31,1,odd,9,,odd_char; semisimple,,ODD GRID NEWLY DEFINED (Blueprint records no odd q/n)
OD-059,49,7,2,31,0,31,1,odd,10,,odd_char; semisimple,,ODD GRID NEWLY DEFINED (Blueprint records no odd q/n)
OD-059,49,7,2,31,0,31,1,odd,11,,odd_char; semisimple,,ODD GRID NEWLY DEFINED (Blueprint records no odd q/n)
OD-059,49,7,2,31,0,31,1,odd,12,,odd_char; semisimple,,ODD GRID NEWLY DEFINED (Blueprint records no odd q/n)
OD-059,49,7,2,31,0,31,1,odd,13,,odd_char; semisimple,,ODD GRID NEWLY DEFINED (Blueprint records no odd q/n)
OD-059,49,7,2,31,0,31,1,odd,14,,odd_char; semisimple,,ODD GRID NEWLY DEFINED (Blueprint records no odd q/n)
OD-059,49,7,2,31,0,31,1,odd,15,,odd_char; semisimple,,ODD GRID NEWLY DEFINED (Blueprint records no odd q/n)
OD-059,49,7,2,31,0,31,1,odd,16,,odd_char; semisimple,,ODD GRID NEWLY DEFINED (Blueprint records no odd q/n)
OD-059,49,7,2,31,0,31,1,odd,17,,odd_char; semisimple,,ODD GRID NEWLY DEFINED (Blueprint records no odd q/n)
OD-059,49,7,2,31,0,31,1,odd,18,,odd_char; semisimple,,ODD GRID NEWLY DEFINED (Blueprint records no odd q/n)
OD-059,49,7,2,31,0,31,1,odd,19,,odd_char; semisimple,,ODD GRID NEWLY DEFINED (Blueprint records no odd q/n)
OD-059,49,7,2,31,0,31,1,odd,20,,odd_char; semisimple,,ODD GRID NEWLY DEFINED (Blueprint records no odd q/n)
OD-059,49,7,2,31,0,31,1,odd,21,,odd_char; semisimple,,ODD GRID NEWLY DEFINED (Blueprint records no odd q/n)
OD-059,49,7,2,31,0,31,1,odd,22,,odd_char; semisimple,,ODD GRID NEWLY DEFINED (Blueprint records no odd q/n)
OD-059,49,7,2,31,0,31,1,odd,23,,odd_char; semisimple,,ODD GRID NEWLY DEFINED (Blueprint records no odd q/n)
OD-059,49,7,2,31,0,31,1,odd,24,,odd_char; semisimple,,ODD GRID NEWLY DEFINED (Blueprint records no odd q/n)
OD-059,49,7,2,31,0,31,1,odd,25,,odd_char; semisimple,,ODD GRID NEWLY DEFINED (Blueprint records no odd q/n)
OD-059,49,7,2,31,0,31,1,odd,26,,odd_char; semisimple,,ODD GRID NEWLY DEFINED (Blueprint records no odd q/n)
OD-059,49,7,2,31,0,31,1,odd,27,,odd_char; semisimple,,ODD GRID NEWLY DEFINED (Blueprint records no odd q/n)
OD-059,49,7,2,31,0,31,1,odd,28,,odd_char; semisimple,,ODD GRID NEWLY DEFINED (Blueprint records no odd q/n)
OD-059,49,7,2,31,0,31,1,odd,29,,odd_char; semisimple,,ODD GRID NEWLY DEFINED (Blueprint records no odd q/n)
OD-059,49,7,2,31,0,31,1,odd,30,,odd_char; semisimple,,ODD GRID NEWLY DEFINED (Blueprint records no odd q/n)
OD-059,49,7,2,31,0,31,1,odd,31,,odd_char; semisimple,,ODD GRID NEWLY DEFINED (Blueprint records no odd q/n)
OD-059,49,7,2,31,0,31,1,odd,32,,odd_char; semisimple,,ODD GRID NEWLY DEFINED (Blueprint records no odd q/n)
OD-059,49,7,2,31,0,31,1,odd,33,,odd_char; semisimple,,ODD GRID NEWLY DEFINED (Blueprint records no odd q/n)
OD-059,49,7,2,31,0,31,1,odd,34,,odd_char; semisimple,,ODD GRID NEWLY DEFINED (Blueprint records no odd q/n)
OD-059,49,7,2,31,0,31,1,odd,35,,odd_char; semisimple,,ODD GRID NEWLY DEFINED (Blueprint records no odd q/n)
OD-059,49,7,2,31,0,31,1,odd,36,,odd_char; semisimple,,ODD GRID NEWLY DEFINED (Blueprint records no odd q/n)
OD-059,49,7,2,31,0,31,1,odd,37,,odd_char; semisimple,,ODD GRID NEWLY DEFINED (Blueprint records no odd q/n)
OD-059,49,7,2,31,0,31,1,odd,38,,odd_char; semisimple,,ODD GRID NEWLY DEFINED (Blueprint records no odd q/n)
OD-059,49,7,2,31,0,31,1,odd,39,,odd_char; semisimple,,ODD GRID NEWLY DEFINED (Blueprint records no odd q/n)
OD-059,49,7,2,31,0,31,1,odd,40,,odd_char; semisimple,,ODD GRID NEWLY DEFINED (Blueprint records no odd q/n)
OD-059,49,7,2,31,0,31,1,odd,41,,odd_char; semisimple,,ODD GRID NEWLY DEFINED (Blueprint records no odd q/n)
OD-059,49,7,2,31,0,31,1,odd,42,,odd_char; semisimple,,ODD GRID NEWLY DEFINED (Blueprint records no odd q/n)
OD-059,49,7,2,31,0,31,1,odd,43,,odd_char; semisimple,,ODD GRID NEWLY DEFINED (Blueprint records no odd q/n)
OD-059,49,7,2,31,0,31,1,odd,44,,odd_char; semisimple,,ODD GRID NEWLY DEFINED (Blueprint records no odd q/n)
OD-059,49,7,2,31,0,31,1,odd,45,,odd_char; semisimple,,ODD GRID NEWLY DEFINED (Blueprint records no odd q/n)
OD-059,49,7,2,31,0,31,1,odd,46,,odd_char; semisimple,,ODD GRID NEWLY DEFINED (Blueprint records no odd q/n)
OD-059,49,7,2,31,0,31,1,odd,47,,odd_char; semisimple,,ODD GRID NEWLY DEFINED (Blueprint records no odd q/n)
OD-060,49,7,2,35,1,5,7,odd,0,,odd_char; repeated_root P=7,,ODD GRID NEWLY DEFINED (Blueprint records no odd q/n)
OD-060,49,7,2,35,1,5,7,odd,1,,odd_char; repeated_root P=7,,ODD GRID NEWLY DEFINED (Blueprint records no odd q/n)
OD-060,49,7,2,35,1,5,7,odd,2,,odd_char; repeated_root P=7,,ODD GRID NEWLY DEFINED (Blueprint records no odd q/n)
OD-060,49,7,2,35,1,5,7,odd,3,,odd_char; repeated_root P=7,,ODD GRID NEWLY DEFINED (Blueprint records no odd q/n)
OD-060,49,7,2,35,1,5,7,odd,4,,odd_char; repeated_root P=7,,ODD GRID NEWLY DEFINED (Blueprint records no odd q/n)
OD-060,49,7,2,35,1,5,7,odd,5,,odd_char; repeated_root P=7,,ODD GRID NEWLY DEFINED (Blueprint records no odd q/n)
OD-060,49,7,2,35,1,5,7,odd,6,,odd_char; repeated_root P=7,,ODD GRID NEWLY DEFINED (Blueprint records no odd q/n)
OD-060,49,7,2,35,1,5,7,odd,7,,odd_char; repeated_root P=7,,ODD GRID NEWLY DEFINED (Blueprint records no odd q/n)
OD-060,49,7,2,35,1,5,7,odd,8,,odd_char; repeated_root P=7,,ODD GRID NEWLY DEFINED (Blueprint records no odd q/n)
OD-060,49,7,2,35,1,5,7,odd,9,,odd_char; repeated_root P=7,,ODD GRID NEWLY DEFINED (Blueprint records no odd q/n)
OD-060,49,7,2,35,1,5,7,odd,10,,odd_char; repeated_root P=7,,ODD GRID NEWLY DEFINED (Blueprint records no odd q/n)
OD-060,49,7,2,35,1,5,7,odd,11,,odd_char; repeated_root P=7,,ODD GRID NEWLY DEFINED (Blueprint records no odd q/n)
OD-060,49,7,2,35,1,5,7,odd,12,,odd_char; repeated_root P=7,,ODD GRID NEWLY DEFINED (Blueprint records no odd q/n)
OD-060,49,7,2,35,1,5,7,odd,13,,odd_char; repeated_root P=7,,ODD GRID NEWLY DEFINED (Blueprint records no odd q/n)
OD-060,49,7,2,35,1,5,7,odd,14,,odd_char; repeated_root P=7,,ODD GRID NEWLY DEFINED (Blueprint records no odd q/n)
OD-060,49,7,2,35,1,5,7,odd,15,,odd_char; repeated_root P=7,,ODD GRID NEWLY DEFINED (Blueprint records no odd q/n)
OD-060,49,7,2,35,1,5,7,odd,16,,odd_char; repeated_root P=7,,ODD GRID NEWLY DEFINED (Blueprint records no odd q/n)
OD-060,49,7,2,35,1,5,7,odd,17,,odd_char; repeated_root P=7,,ODD GRID NEWLY DEFINED (Blueprint records no odd q/n)
OD-060,49,7,2,35,1,5,7,odd,18,,odd_char; repeated_root P=7,,ODD GRID NEWLY DEFINED (Blueprint records no odd q/n)
OD-060,49,7,2,35,1,5,7,odd,19,,odd_char; repeated_root P=7,,ODD GRID NEWLY DEFINED (Blueprint records no odd q/n)
OD-060,49,7,2,35,1,5,7,odd,20,,odd_char; repeated_root P=7,,ODD GRID NEWLY DEFINED (Blueprint records no odd q/n)
OD-060,49,7,2,35,1,5,7,odd,21,,odd_char; repeated_root P=7,,ODD GRID NEWLY DEFINED (Blueprint records no odd q/n)
OD-060,49,7,2,35,1,5,7,odd,22,,odd_char; repeated_root P=7,,ODD GRID NEWLY DEFINED (Blueprint records no odd q/n)
OD-060,49,7,2,35,1,5,7,odd,23,,odd_char; repeated_root P=7,,ODD GRID NEWLY DEFINED (Blueprint records no odd q/n)
OD-060,49,7,2,35,1,5,7,odd,24,,odd_char; repeated_root P=7,,ODD GRID NEWLY DEFINED (Blueprint records no odd q/n)
OD-060,49,7,2,35,1,5,7,odd,25,,odd_char; repeated_root P=7,,ODD GRID NEWLY DEFINED (Blueprint records no odd q/n)
OD-060,49,7,2,35,1,5,7,odd,26,,odd_char; repeated_root P=7,,ODD GRID NEWLY DEFINED (Blueprint records no odd q/n)
OD-060,49,7,2,35,1,5,7,odd,27,,odd_char; repeated_root P=7,,ODD GRID NEWLY DEFINED (Blueprint records no odd q/n)
OD-060,49,7,2,35,1,5,7,odd,28,,odd_char; repeated_root P=7,,ODD GRID NEWLY DEFINED (Blueprint records no odd q/n)
OD-060,49,7,2,35,1,5,7,odd,29,,odd_char; repeated_root P=7,,ODD GRID NEWLY DEFINED (Blueprint records no odd q/n)
OD-060,49,7,2,35,1,5,7,odd,30,,odd_char; repeated_root P=7,,ODD GRID NEWLY DEFINED (Blueprint records no odd q/n)
OD-060,49,7,2,35,1,5,7,odd,31,,odd_char; repeated_root P=7,,ODD GRID NEWLY DEFINED (Blueprint records no odd q/n)
OD-060,49,7,2,35,1,5,7,odd,32,,odd_char; repeated_root P=7,,ODD GRID NEWLY DEFINED (Blueprint records no odd q/n)
OD-060,49,7,2,35,1,5,7,odd,33,,odd_char; repeated_root P=7,,ODD GRID NEWLY DEFINED (Blueprint records no odd q/n)
OD-060,49,7,2,35,1,5,7,odd,34,,odd_char; repeated_root P=7,,ODD GRID NEWLY DEFINED (Blueprint records no odd q/n)
OD-060,49,7,2,35,1,5,7,odd,35,,odd_char; repeated_root P=7,,ODD GRID NEWLY DEFINED (Blueprint records no odd q/n)
OD-060,49,7,2,35,1,5,7,odd,36,,odd_char; repeated_root P=7,,ODD GRID NEWLY DEFINED (Blueprint records no odd q/n)
OD-060,49,7,2,35,1,5,7,odd,37,,odd_char; repeated_root P=7,,ODD GRID NEWLY DEFINED (Blueprint records no odd q/n)
OD-060,49,7,2,35,1,5,7,odd,38,,odd_char; repeated_root P=7,,ODD GRID NEWLY DEFINED (Blueprint records no odd q/n)
OD-060,49,7,2,35,1,5,7,odd,39,,odd_char; repeated_root P=7,,ODD GRID NEWLY DEFINED (Blueprint records no odd q/n)
OD-060,49,7,2,35,1,5,7,odd,40,,odd_char; repeated_root P=7,,ODD GRID NEWLY DEFINED (Blueprint records no odd q/n)
OD-060,49,7,2,35,1,5,7,odd,41,,odd_char; repeated_root P=7,,ODD GRID NEWLY DEFINED (Blueprint records no odd q/n)
OD-060,49,7,2,35,1,5,7,odd,42,,odd_char; repeated_root P=7,,ODD GRID NEWLY DEFINED (Blueprint records no odd q/n)
OD-060,49,7,2,35,1,5,7,odd,43,,odd_char; repeated_root P=7,,ODD GRID NEWLY DEFINED (Blueprint records no odd q/n)
OD-060,49,7,2,35,1,5,7,odd,44,,odd_char; repeated_root P=7,,ODD GRID NEWLY DEFINED (Blueprint records no odd q/n)
OD-060,49,7,2,35,1,5,7,odd,45,,odd_char; repeated_root P=7,,ODD GRID NEWLY DEFINED (Blueprint records no odd q/n)
OD-060,49,7,2,35,1,5,7,odd,46,,odd_char; repeated_root P=7,,ODD GRID NEWLY DEFINED (Blueprint records no odd q/n)
OD-060,49,7,2,35,1,5,7,odd,47,,odd_char; repeated_root P=7,,ODD GRID NEWLY DEFINED (Blueprint records no odd q/n)
OD-061,81,3,4,3,1,1,3,odd,0,,odd_char; repeated_root P=3,,ODD GRID NEWLY DEFINED (Blueprint records no odd q/n)
OD-061,81,3,4,3,1,1,3,odd,1,,odd_char; repeated_root P=3,,ODD GRID NEWLY DEFINED (Blueprint records no odd q/n)
OD-061,81,3,4,3,1,1,3,odd,2,,odd_char; repeated_root P=3,,ODD GRID NEWLY DEFINED (Blueprint records no odd q/n)
OD-061,81,3,4,3,1,1,3,odd,3,,odd_char; repeated_root P=3,,ODD GRID NEWLY DEFINED (Blueprint records no odd q/n)
OD-061,81,3,4,3,1,1,3,odd,4,,odd_char; repeated_root P=3,,ODD GRID NEWLY DEFINED (Blueprint records no odd q/n)
OD-061,81,3,4,3,1,1,3,odd,5,,odd_char; repeated_root P=3,,ODD GRID NEWLY DEFINED (Blueprint records no odd q/n)
OD-061,81,3,4,3,1,1,3,odd,6,,odd_char; repeated_root P=3,,ODD GRID NEWLY DEFINED (Blueprint records no odd q/n)
OD-061,81,3,4,3,1,1,3,odd,7,,odd_char; repeated_root P=3,,ODD GRID NEWLY DEFINED (Blueprint records no odd q/n)
OD-061,81,3,4,3,1,1,3,odd,8,,odd_char; repeated_root P=3,,ODD GRID NEWLY DEFINED (Blueprint records no odd q/n)
OD-061,81,3,4,3,1,1,3,odd,9,,odd_char; repeated_root P=3,,ODD GRID NEWLY DEFINED (Blueprint records no odd q/n)
OD-061,81,3,4,3,1,1,3,odd,10,,odd_char; repeated_root P=3,,ODD GRID NEWLY DEFINED (Blueprint records no odd q/n)
OD-061,81,3,4,3,1,1,3,odd,11,,odd_char; repeated_root P=3,,ODD GRID NEWLY DEFINED (Blueprint records no odd q/n)
OD-061,81,3,4,3,1,1,3,odd,12,,odd_char; repeated_root P=3,,ODD GRID NEWLY DEFINED (Blueprint records no odd q/n)
OD-061,81,3,4,3,1,1,3,odd,13,,odd_char; repeated_root P=3,,ODD GRID NEWLY DEFINED (Blueprint records no odd q/n)
OD-061,81,3,4,3,1,1,3,odd,14,,odd_char; repeated_root P=3,,ODD GRID NEWLY DEFINED (Blueprint records no odd q/n)
OD-061,81,3,4,3,1,1,3,odd,15,,odd_char; repeated_root P=3,,ODD GRID NEWLY DEFINED (Blueprint records no odd q/n)
OD-061,81,3,4,3,1,1,3,odd,16,,odd_char; repeated_root P=3,,ODD GRID NEWLY DEFINED (Blueprint records no odd q/n)
OD-061,81,3,4,3,1,1,3,odd,17,,odd_char; repeated_root P=3,,ODD GRID NEWLY DEFINED (Blueprint records no odd q/n)
OD-061,81,3,4,3,1,1,3,odd,18,,odd_char; repeated_root P=3,,ODD GRID NEWLY DEFINED (Blueprint records no odd q/n)
OD-061,81,3,4,3,1,1,3,odd,19,,odd_char; repeated_root P=3,,ODD GRID NEWLY DEFINED (Blueprint records no odd q/n)
OD-061,81,3,4,3,1,1,3,odd,20,,odd_char; repeated_root P=3,,ODD GRID NEWLY DEFINED (Blueprint records no odd q/n)
OD-061,81,3,4,3,1,1,3,odd,21,,odd_char; repeated_root P=3,,ODD GRID NEWLY DEFINED (Blueprint records no odd q/n)
OD-061,81,3,4,3,1,1,3,odd,22,,odd_char; repeated_root P=3,,ODD GRID NEWLY DEFINED (Blueprint records no odd q/n)
OD-061,81,3,4,3,1,1,3,odd,23,,odd_char; repeated_root P=3,,ODD GRID NEWLY DEFINED (Blueprint records no odd q/n)
OD-061,81,3,4,3,1,1,3,odd,24,,odd_char; repeated_root P=3,,ODD GRID NEWLY DEFINED (Blueprint records no odd q/n)
OD-061,81,3,4,3,1,1,3,odd,25,,odd_char; repeated_root P=3,,ODD GRID NEWLY DEFINED (Blueprint records no odd q/n)
OD-061,81,3,4,3,1,1,3,odd,26,,odd_char; repeated_root P=3,,ODD GRID NEWLY DEFINED (Blueprint records no odd q/n)
OD-061,81,3,4,3,1,1,3,odd,27,,odd_char; repeated_root P=3,,ODD GRID NEWLY DEFINED (Blueprint records no odd q/n)
OD-061,81,3,4,3,1,1,3,odd,28,,odd_char; repeated_root P=3,,ODD GRID NEWLY DEFINED (Blueprint records no odd q/n)
OD-061,81,3,4,3,1,1,3,odd,29,,odd_char; repeated_root P=3,,ODD GRID NEWLY DEFINED (Blueprint records no odd q/n)
OD-061,81,3,4,3,1,1,3,odd,30,,odd_char; repeated_root P=3,,ODD GRID NEWLY DEFINED (Blueprint records no odd q/n)
OD-061,81,3,4,3,1,1,3,odd,31,,odd_char; repeated_root P=3,,ODD GRID NEWLY DEFINED (Blueprint records no odd q/n)
OD-061,81,3,4,3,1,1,3,odd,32,,odd_char; repeated_root P=3,,ODD GRID NEWLY DEFINED (Blueprint records no odd q/n)
OD-061,81,3,4,3,1,1,3,odd,33,,odd_char; repeated_root P=3,,ODD GRID NEWLY DEFINED (Blueprint records no odd q/n)
OD-061,81,3,4,3,1,1,3,odd,34,,odd_char; repeated_root P=3,,ODD GRID NEWLY DEFINED (Blueprint records no odd q/n)
OD-061,81,3,4,3,1,1,3,odd,35,,odd_char; repeated_root P=3,,ODD GRID NEWLY DEFINED (Blueprint records no odd q/n)
OD-061,81,3,4,3,1,1,3,odd,36,,odd_char; repeated_root P=3,,ODD GRID NEWLY DEFINED (Blueprint records no odd q/n)
OD-061,81,3,4,3,1,1,3,odd,37,,odd_char; repeated_root P=3,,ODD GRID NEWLY DEFINED (Blueprint records no odd q/n)
OD-061,81,3,4,3,1,1,3,odd,38,,odd_char; repeated_root P=3,,ODD GRID NEWLY DEFINED (Blueprint records no odd q/n)
OD-061,81,3,4,3,1,1,3,odd,39,,odd_char; repeated_root P=3,,ODD GRID NEWLY DEFINED (Blueprint records no odd q/n)
OD-061,81,3,4,3,1,1,3,odd,40,,odd_char; repeated_root P=3,,ODD GRID NEWLY DEFINED (Blueprint records no odd q/n)
OD-061,81,3,4,3,1,1,3,odd,41,,odd_char; repeated_root P=3,,ODD GRID NEWLY DEFINED (Blueprint records no odd q/n)
OD-061,81,3,4,3,1,1,3,odd,42,,odd_char; repeated_root P=3,,ODD GRID NEWLY DEFINED (Blueprint records no odd q/n)
OD-061,81,3,4,3,1,1,3,odd,43,,odd_char; repeated_root P=3,,ODD GRID NEWLY DEFINED (Blueprint records no odd q/n)
OD-061,81,3,4,3,1,1,3,odd,44,,odd_char; repeated_root P=3,,ODD GRID NEWLY DEFINED (Blueprint records no odd q/n)
OD-061,81,3,4,3,1,1,3,odd,45,,odd_char; repeated_root P=3,,ODD GRID NEWLY DEFINED (Blueprint records no odd q/n)
OD-061,81,3,4,3,1,1,3,odd,46,,odd_char; repeated_root P=3,,ODD GRID NEWLY DEFINED (Blueprint records no odd q/n)
OD-061,81,3,4,3,1,1,3,odd,47,,odd_char; repeated_root P=3,,ODD GRID NEWLY DEFINED (Blueprint records no odd q/n)
OD-061,81,3,4,3,1,1,3,odd,48,,odd_char; repeated_root P=3,,ODD GRID NEWLY DEFINED (Blueprint records no odd q/n)
OD-061,81,3,4,3,1,1,3,odd,49,,odd_char; repeated_root P=3,,ODD GRID NEWLY DEFINED (Blueprint records no odd q/n)
OD-061,81,3,4,3,1,1,3,odd,50,,odd_char; repeated_root P=3,,ODD GRID NEWLY DEFINED (Blueprint records no odd q/n)
OD-061,81,3,4,3,1,1,3,odd,51,,odd_char; repeated_root P=3,,ODD GRID NEWLY DEFINED (Blueprint records no odd q/n)
OD-061,81,3,4,3,1,1,3,odd,52,,odd_char; repeated_root P=3,,ODD GRID NEWLY DEFINED (Blueprint records no odd q/n)
OD-061,81,3,4,3,1,1,3,odd,53,,odd_char; repeated_root P=3,,ODD GRID NEWLY DEFINED (Blueprint records no odd q/n)
OD-061,81,3,4,3,1,1,3,odd,54,,odd_char; repeated_root P=3,,ODD GRID NEWLY DEFINED (Blueprint records no odd q/n)
OD-061,81,3,4,3,1,1,3,odd,55,,odd_char; repeated_root P=3,,ODD GRID NEWLY DEFINED (Blueprint records no odd q/n)
OD-061,81,3,4,3,1,1,3,odd,56,,odd_char; repeated_root P=3,,ODD GRID NEWLY DEFINED (Blueprint records no odd q/n)
OD-061,81,3,4,3,1,1,3,odd,57,,odd_char; repeated_root P=3,,ODD GRID NEWLY DEFINED (Blueprint records no odd q/n)
OD-061,81,3,4,3,1,1,3,odd,58,,odd_char; repeated_root P=3,,ODD GRID NEWLY DEFINED (Blueprint records no odd q/n)
OD-061,81,3,4,3,1,1,3,odd,59,,odd_char; repeated_root P=3,,ODD GRID NEWLY DEFINED (Blueprint records no odd q/n)
OD-061,81,3,4,3,1,1,3,odd,60,,odd_char; repeated_root P=3,,ODD GRID NEWLY DEFINED (Blueprint records no odd q/n)
OD-061,81,3,4,3,1,1,3,odd,61,,odd_char; repeated_root P=3,,ODD GRID NEWLY DEFINED (Blueprint records no odd q/n)
OD-061,81,3,4,3,1,1,3,odd,62,,odd_char; repeated_root P=3,,ODD GRID NEWLY DEFINED (Blueprint records no odd q/n)
OD-061,81,3,4,3,1,1,3,odd,63,,odd_char; repeated_root P=3,,ODD GRID NEWLY DEFINED (Blueprint records no odd q/n)
OD-061,81,3,4,3,1,1,3,odd,64,,odd_char; repeated_root P=3,,ODD GRID NEWLY DEFINED (Blueprint records no odd q/n)
OD-061,81,3,4,3,1,1,3,odd,65,,odd_char; repeated_root P=3,,ODD GRID NEWLY DEFINED (Blueprint records no odd q/n)
OD-061,81,3,4,3,1,1,3,odd,66,,odd_char; repeated_root P=3,,ODD GRID NEWLY DEFINED (Blueprint records no odd q/n)
OD-061,81,3,4,3,1,1,3,odd,67,,odd_char; repeated_root P=3,,ODD GRID NEWLY DEFINED (Blueprint records no odd q/n)
OD-061,81,3,4,3,1,1,3,odd,68,,odd_char; repeated_root P=3,,ODD GRID NEWLY DEFINED (Blueprint records no odd q/n)
OD-061,81,3,4,3,1,1,3,odd,69,,odd_char; repeated_root P=3,,ODD GRID NEWLY DEFINED (Blueprint records no odd q/n)
OD-061,81,3,4,3,1,1,3,odd,70,,odd_char; repeated_root P=3,,ODD GRID NEWLY DEFINED (Blueprint records no odd q/n)
OD-061,81,3,4,3,1,1,3,odd,71,,odd_char; repeated_root P=3,,ODD GRID NEWLY DEFINED (Blueprint records no odd q/n)
OD-061,81,3,4,3,1,1,3,odd,72,,odd_char; repeated_root P=3,,ODD GRID NEWLY DEFINED (Blueprint records no odd q/n)
OD-061,81,3,4,3,1,1,3,odd,73,,odd_char; repeated_root P=3,,ODD GRID NEWLY DEFINED (Blueprint records no odd q/n)
OD-061,81,3,4,3,1,1,3,odd,74,,odd_char; repeated_root P=3,,ODD GRID NEWLY DEFINED (Blueprint records no odd q/n)
OD-061,81,3,4,3,1,1,3,odd,75,,odd_char; repeated_root P=3,,ODD GRID NEWLY DEFINED (Blueprint records no odd q/n)
OD-061,81,3,4,3,1,1,3,odd,76,,odd_char; repeated_root P=3,,ODD GRID NEWLY DEFINED (Blueprint records no odd q/n)
OD-061,81,3,4,3,1,1,3,odd,77,,odd_char; repeated_root P=3,,ODD GRID NEWLY DEFINED (Blueprint records no odd q/n)
OD-061,81,3,4,3,1,1,3,odd,78,,odd_char; repeated_root P=3,,ODD GRID NEWLY DEFINED (Blueprint records no odd q/n)
OD-061,81,3,4,3,1,1,3,odd,79,,odd_char; repeated_root P=3,,ODD GRID NEWLY DEFINED (Blueprint records no odd q/n)
OD-062,81,3,4,5,0,5,1,odd,0,,odd_char; semisimple,,ODD GRID NEWLY DEFINED (Blueprint records no odd q/n)
OD-062,81,3,4,5,0,5,1,odd,1,,odd_char; semisimple,,ODD GRID NEWLY DEFINED (Blueprint records no odd q/n)
OD-062,81,3,4,5,0,5,1,odd,2,,odd_char; semisimple,,ODD GRID NEWLY DEFINED (Blueprint records no odd q/n)
OD-062,81,3,4,5,0,5,1,odd,3,,odd_char; semisimple,,ODD GRID NEWLY DEFINED (Blueprint records no odd q/n)
OD-062,81,3,4,5,0,5,1,odd,4,,odd_char; semisimple,,ODD GRID NEWLY DEFINED (Blueprint records no odd q/n)
OD-062,81,3,4,5,0,5,1,odd,5,,odd_char; semisimple,,ODD GRID NEWLY DEFINED (Blueprint records no odd q/n)
OD-062,81,3,4,5,0,5,1,odd,6,,odd_char; semisimple,,ODD GRID NEWLY DEFINED (Blueprint records no odd q/n)
OD-062,81,3,4,5,0,5,1,odd,7,,odd_char; semisimple,,ODD GRID NEWLY DEFINED (Blueprint records no odd q/n)
OD-062,81,3,4,5,0,5,1,odd,8,,odd_char; semisimple,,ODD GRID NEWLY DEFINED (Blueprint records no odd q/n)
OD-062,81,3,4,5,0,5,1,odd,9,,odd_char; semisimple,,ODD GRID NEWLY DEFINED (Blueprint records no odd q/n)
OD-062,81,3,4,5,0,5,1,odd,10,,odd_char; semisimple,,ODD GRID NEWLY DEFINED (Blueprint records no odd q/n)
OD-062,81,3,4,5,0,5,1,odd,11,,odd_char; semisimple,,ODD GRID NEWLY DEFINED (Blueprint records no odd q/n)
OD-062,81,3,4,5,0,5,1,odd,12,,odd_char; semisimple,,ODD GRID NEWLY DEFINED (Blueprint records no odd q/n)
OD-062,81,3,4,5,0,5,1,odd,13,,odd_char; semisimple,,ODD GRID NEWLY DEFINED (Blueprint records no odd q/n)
OD-062,81,3,4,5,0,5,1,odd,14,,odd_char; semisimple,,ODD GRID NEWLY DEFINED (Blueprint records no odd q/n)
OD-062,81,3,4,5,0,5,1,odd,15,,odd_char; semisimple,,ODD GRID NEWLY DEFINED (Blueprint records no odd q/n)
OD-062,81,3,4,5,0,5,1,odd,16,,odd_char; semisimple,,ODD GRID NEWLY DEFINED (Blueprint records no odd q/n)
OD-062,81,3,4,5,0,5,1,odd,17,,odd_char; semisimple,,ODD GRID NEWLY DEFINED (Blueprint records no odd q/n)
OD-062,81,3,4,5,0,5,1,odd,18,,odd_char; semisimple,,ODD GRID NEWLY DEFINED (Blueprint records no odd q/n)
OD-062,81,3,4,5,0,5,1,odd,19,,odd_char; semisimple,,ODD GRID NEWLY DEFINED (Blueprint records no odd q/n)
OD-062,81,3,4,5,0,5,1,odd,20,,odd_char; semisimple,,ODD GRID NEWLY DEFINED (Blueprint records no odd q/n)
OD-062,81,3,4,5,0,5,1,odd,21,,odd_char; semisimple,,ODD GRID NEWLY DEFINED (Blueprint records no odd q/n)
OD-062,81,3,4,5,0,5,1,odd,22,,odd_char; semisimple,,ODD GRID NEWLY DEFINED (Blueprint records no odd q/n)
OD-062,81,3,4,5,0,5,1,odd,23,,odd_char; semisimple,,ODD GRID NEWLY DEFINED (Blueprint records no odd q/n)
OD-062,81,3,4,5,0,5,1,odd,24,,odd_char; semisimple,,ODD GRID NEWLY DEFINED (Blueprint records no odd q/n)
OD-062,81,3,4,5,0,5,1,odd,25,,odd_char; semisimple,,ODD GRID NEWLY DEFINED (Blueprint records no odd q/n)
OD-062,81,3,4,5,0,5,1,odd,26,,odd_char; semisimple,,ODD GRID NEWLY DEFINED (Blueprint records no odd q/n)
OD-062,81,3,4,5,0,5,1,odd,27,,odd_char; semisimple,,ODD GRID NEWLY DEFINED (Blueprint records no odd q/n)
OD-062,81,3,4,5,0,5,1,odd,28,,odd_char; semisimple,,ODD GRID NEWLY DEFINED (Blueprint records no odd q/n)
OD-062,81,3,4,5,0,5,1,odd,29,,odd_char; semisimple,,ODD GRID NEWLY DEFINED (Blueprint records no odd q/n)
OD-062,81,3,4,5,0,5,1,odd,30,,odd_char; semisimple,,ODD GRID NEWLY DEFINED (Blueprint records no odd q/n)
OD-062,81,3,4,5,0,5,1,odd,31,,odd_char; semisimple,,ODD GRID NEWLY DEFINED (Blueprint records no odd q/n)
OD-062,81,3,4,5,0,5,1,odd,32,,odd_char; semisimple,,ODD GRID NEWLY DEFINED (Blueprint records no odd q/n)
OD-062,81,3,4,5,0,5,1,odd,33,,odd_char; semisimple,,ODD GRID NEWLY DEFINED (Blueprint records no odd q/n)
OD-062,81,3,4,5,0,5,1,odd,34,,odd_char; semisimple,,ODD GRID NEWLY DEFINED (Blueprint records no odd q/n)
OD-062,81,3,4,5,0,5,1,odd,35,,odd_char; semisimple,,ODD GRID NEWLY DEFINED (Blueprint records no odd q/n)
OD-062,81,3,4,5,0,5,1,odd,36,,odd_char; semisimple,,ODD GRID NEWLY DEFINED (Blueprint records no odd q/n)
OD-062,81,3,4,5,0,5,1,odd,37,,odd_char; semisimple,,ODD GRID NEWLY DEFINED (Blueprint records no odd q/n)
OD-062,81,3,4,5,0,5,1,odd,38,,odd_char; semisimple,,ODD GRID NEWLY DEFINED (Blueprint records no odd q/n)
OD-062,81,3,4,5,0,5,1,odd,39,,odd_char; semisimple,,ODD GRID NEWLY DEFINED (Blueprint records no odd q/n)
OD-062,81,3,4,5,0,5,1,odd,40,,odd_char; semisimple,,ODD GRID NEWLY DEFINED (Blueprint records no odd q/n)
OD-062,81,3,4,5,0,5,1,odd,41,,odd_char; semisimple,,ODD GRID NEWLY DEFINED (Blueprint records no odd q/n)
OD-062,81,3,4,5,0,5,1,odd,42,,odd_char; semisimple,,ODD GRID NEWLY DEFINED (Blueprint records no odd q/n)
OD-062,81,3,4,5,0,5,1,odd,43,,odd_char; semisimple,,ODD GRID NEWLY DEFINED (Blueprint records no odd q/n)
OD-062,81,3,4,5,0,5,1,odd,44,,odd_char; semisimple,,ODD GRID NEWLY DEFINED (Blueprint records no odd q/n)
OD-062,81,3,4,5,0,5,1,odd,45,,odd_char; semisimple,,ODD GRID NEWLY DEFINED (Blueprint records no odd q/n)
OD-062,81,3,4,5,0,5,1,odd,46,,odd_char; semisimple,,ODD GRID NEWLY DEFINED (Blueprint records no odd q/n)
OD-062,81,3,4,5,0,5,1,odd,47,,odd_char; semisimple,,ODD GRID NEWLY DEFINED (Blueprint records no odd q/n)
OD-062,81,3,4,5,0,5,1,odd,48,,odd_char; semisimple,,ODD GRID NEWLY DEFINED (Blueprint records no odd q/n)
OD-062,81,3,4,5,0,5,1,odd,49,,odd_char; semisimple,,ODD GRID NEWLY DEFINED (Blueprint records no odd q/n)
OD-062,81,3,4,5,0,5,1,odd,50,,odd_char; semisimple,,ODD GRID NEWLY DEFINED (Blueprint records no odd q/n)
OD-062,81,3,4,5,0,5,1,odd,51,,odd_char; semisimple,,ODD GRID NEWLY DEFINED (Blueprint records no odd q/n)
OD-062,81,3,4,5,0,5,1,odd,52,,odd_char; semisimple,,ODD GRID NEWLY DEFINED (Blueprint records no odd q/n)
OD-062,81,3,4,5,0,5,1,odd,53,,odd_char; semisimple,,ODD GRID NEWLY DEFINED (Blueprint records no odd q/n)
OD-062,81,3,4,5,0,5,1,odd,54,,odd_char; semisimple,,ODD GRID NEWLY DEFINED (Blueprint records no odd q/n)
OD-062,81,3,4,5,0,5,1,odd,55,,odd_char; semisimple,,ODD GRID NEWLY DEFINED (Blueprint records no odd q/n)
OD-062,81,3,4,5,0,5,1,odd,56,,odd_char; semisimple,,ODD GRID NEWLY DEFINED (Blueprint records no odd q/n)
OD-062,81,3,4,5,0,5,1,odd,57,,odd_char; semisimple,,ODD GRID NEWLY DEFINED (Blueprint records no odd q/n)
OD-062,81,3,4,5,0,5,1,odd,58,,odd_char; semisimple,,ODD GRID NEWLY DEFINED (Blueprint records no odd q/n)
OD-062,81,3,4,5,0,5,1,odd,59,,odd_char; semisimple,,ODD GRID NEWLY DEFINED (Blueprint records no odd q/n)
OD-062,81,3,4,5,0,5,1,odd,60,,odd_char; semisimple,,ODD GRID NEWLY DEFINED (Blueprint records no odd q/n)
OD-062,81,3,4,5,0,5,1,odd,61,,odd_char; semisimple,,ODD GRID NEWLY DEFINED (Blueprint records no odd q/n)
OD-062,81,3,4,5,0,5,1,odd,62,,odd_char; semisimple,,ODD GRID NEWLY DEFINED (Blueprint records no odd q/n)
OD-062,81,3,4,5,0,5,1,odd,63,,odd_char; semisimple,,ODD GRID NEWLY DEFINED (Blueprint records no odd q/n)
OD-062,81,3,4,5,0,5,1,odd,64,,odd_char; semisimple,,ODD GRID NEWLY DEFINED (Blueprint records no odd q/n)
OD-062,81,3,4,5,0,5,1,odd,65,,odd_char; semisimple,,ODD GRID NEWLY DEFINED (Blueprint records no odd q/n)
OD-062,81,3,4,5,0,5,1,odd,66,,odd_char; semisimple,,ODD GRID NEWLY DEFINED (Blueprint records no odd q/n)
OD-062,81,3,4,5,0,5,1,odd,67,,odd_char; semisimple,,ODD GRID NEWLY DEFINED (Blueprint records no odd q/n)
OD-062,81,3,4,5,0,5,1,odd,68,,odd_char; semisimple,,ODD GRID NEWLY DEFINED (Blueprint records no odd q/n)
OD-062,81,3,4,5,0,5,1,odd,69,,odd_char; semisimple,,ODD GRID NEWLY DEFINED (Blueprint records no odd q/n)
OD-062,81,3,4,5,0,5,1,odd,70,,odd_char; semisimple,,ODD GRID NEWLY DEFINED (Blueprint records no odd q/n)
OD-062,81,3,4,5,0,5,1,odd,71,,odd_char; semisimple,,ODD GRID NEWLY DEFINED (Blueprint records no odd q/n)
OD-062,81,3,4,5,0,5,1,odd,72,,odd_char; semisimple,,ODD GRID NEWLY DEFINED (Blueprint records no odd q/n)
OD-062,81,3,4,5,0,5,1,odd,73,,odd_char; semisimple,,ODD GRID NEWLY DEFINED (Blueprint records no odd q/n)
OD-062,81,3,4,5,0,5,1,odd,74,,odd_char; semisimple,,ODD GRID NEWLY DEFINED (Blueprint records no odd q/n)
OD-062,81,3,4,5,0,5,1,odd,75,,odd_char; semisimple,,ODD GRID NEWLY DEFINED (Blueprint records no odd q/n)
OD-062,81,3,4,5,0,5,1,odd,76,,odd_char; semisimple,,ODD GRID NEWLY DEFINED (Blueprint records no odd q/n)
OD-062,81,3,4,5,0,5,1,odd,77,,odd_char; semisimple,,ODD GRID NEWLY DEFINED (Blueprint records no odd q/n)
OD-062,81,3,4,5,0,5,1,odd,78,,odd_char; semisimple,,ODD GRID NEWLY DEFINED (Blueprint records no odd q/n)
OD-062,81,3,4,5,0,5,1,odd,79,,odd_char; semisimple,,ODD GRID NEWLY DEFINED (Blueprint records no odd q/n)
OD-063,81,3,4,7,0,7,1,odd,0,,odd_char; semisimple,,ODD GRID NEWLY DEFINED (Blueprint records no odd q/n)
OD-063,81,3,4,7,0,7,1,odd,1,,odd_char; semisimple,,ODD GRID NEWLY DEFINED (Blueprint records no odd q/n)
OD-063,81,3,4,7,0,7,1,odd,2,,odd_char; semisimple,,ODD GRID NEWLY DEFINED (Blueprint records no odd q/n)
OD-063,81,3,4,7,0,7,1,odd,3,,odd_char; semisimple,,ODD GRID NEWLY DEFINED (Blueprint records no odd q/n)
OD-063,81,3,4,7,0,7,1,odd,4,,odd_char; semisimple,,ODD GRID NEWLY DEFINED (Blueprint records no odd q/n)
OD-063,81,3,4,7,0,7,1,odd,5,,odd_char; semisimple,,ODD GRID NEWLY DEFINED (Blueprint records no odd q/n)
OD-063,81,3,4,7,0,7,1,odd,6,,odd_char; semisimple,,ODD GRID NEWLY DEFINED (Blueprint records no odd q/n)
OD-063,81,3,4,7,0,7,1,odd,7,,odd_char; semisimple,,ODD GRID NEWLY DEFINED (Blueprint records no odd q/n)
OD-063,81,3,4,7,0,7,1,odd,8,,odd_char; semisimple,,ODD GRID NEWLY DEFINED (Blueprint records no odd q/n)
OD-063,81,3,4,7,0,7,1,odd,9,,odd_char; semisimple,,ODD GRID NEWLY DEFINED (Blueprint records no odd q/n)
OD-063,81,3,4,7,0,7,1,odd,10,,odd_char; semisimple,,ODD GRID NEWLY DEFINED (Blueprint records no odd q/n)
OD-063,81,3,4,7,0,7,1,odd,11,,odd_char; semisimple,,ODD GRID NEWLY DEFINED (Blueprint records no odd q/n)
OD-063,81,3,4,7,0,7,1,odd,12,,odd_char; semisimple,,ODD GRID NEWLY DEFINED (Blueprint records no odd q/n)
OD-063,81,3,4,7,0,7,1,odd,13,,odd_char; semisimple,,ODD GRID NEWLY DEFINED (Blueprint records no odd q/n)
OD-063,81,3,4,7,0,7,1,odd,14,,odd_char; semisimple,,ODD GRID NEWLY DEFINED (Blueprint records no odd q/n)
OD-063,81,3,4,7,0,7,1,odd,15,,odd_char; semisimple,,ODD GRID NEWLY DEFINED (Blueprint records no odd q/n)
OD-063,81,3,4,7,0,7,1,odd,16,,odd_char; semisimple,,ODD GRID NEWLY DEFINED (Blueprint records no odd q/n)
OD-063,81,3,4,7,0,7,1,odd,17,,odd_char; semisimple,,ODD GRID NEWLY DEFINED (Blueprint records no odd q/n)
OD-063,81,3,4,7,0,7,1,odd,18,,odd_char; semisimple,,ODD GRID NEWLY DEFINED (Blueprint records no odd q/n)
OD-063,81,3,4,7,0,7,1,odd,19,,odd_char; semisimple,,ODD GRID NEWLY DEFINED (Blueprint records no odd q/n)
OD-063,81,3,4,7,0,7,1,odd,20,,odd_char; semisimple,,ODD GRID NEWLY DEFINED (Blueprint records no odd q/n)
OD-063,81,3,4,7,0,7,1,odd,21,,odd_char; semisimple,,ODD GRID NEWLY DEFINED (Blueprint records no odd q/n)
OD-063,81,3,4,7,0,7,1,odd,22,,odd_char; semisimple,,ODD GRID NEWLY DEFINED (Blueprint records no odd q/n)
OD-063,81,3,4,7,0,7,1,odd,23,,odd_char; semisimple,,ODD GRID NEWLY DEFINED (Blueprint records no odd q/n)
OD-063,81,3,4,7,0,7,1,odd,24,,odd_char; semisimple,,ODD GRID NEWLY DEFINED (Blueprint records no odd q/n)
OD-063,81,3,4,7,0,7,1,odd,25,,odd_char; semisimple,,ODD GRID NEWLY DEFINED (Blueprint records no odd q/n)
OD-063,81,3,4,7,0,7,1,odd,26,,odd_char; semisimple,,ODD GRID NEWLY DEFINED (Blueprint records no odd q/n)
OD-063,81,3,4,7,0,7,1,odd,27,,odd_char; semisimple,,ODD GRID NEWLY DEFINED (Blueprint records no odd q/n)
OD-063,81,3,4,7,0,7,1,odd,28,,odd_char; semisimple,,ODD GRID NEWLY DEFINED (Blueprint records no odd q/n)
OD-063,81,3,4,7,0,7,1,odd,29,,odd_char; semisimple,,ODD GRID NEWLY DEFINED (Blueprint records no odd q/n)
OD-063,81,3,4,7,0,7,1,odd,30,,odd_char; semisimple,,ODD GRID NEWLY DEFINED (Blueprint records no odd q/n)
OD-063,81,3,4,7,0,7,1,odd,31,,odd_char; semisimple,,ODD GRID NEWLY DEFINED (Blueprint records no odd q/n)
OD-063,81,3,4,7,0,7,1,odd,32,,odd_char; semisimple,,ODD GRID NEWLY DEFINED (Blueprint records no odd q/n)
OD-063,81,3,4,7,0,7,1,odd,33,,odd_char; semisimple,,ODD GRID NEWLY DEFINED (Blueprint records no odd q/n)
OD-063,81,3,4,7,0,7,1,odd,34,,odd_char; semisimple,,ODD GRID NEWLY DEFINED (Blueprint records no odd q/n)
OD-063,81,3,4,7,0,7,1,odd,35,,odd_char; semisimple,,ODD GRID NEWLY DEFINED (Blueprint records no odd q/n)
OD-063,81,3,4,7,0,7,1,odd,36,,odd_char; semisimple,,ODD GRID NEWLY DEFINED (Blueprint records no odd q/n)
OD-063,81,3,4,7,0,7,1,odd,37,,odd_char; semisimple,,ODD GRID NEWLY DEFINED (Blueprint records no odd q/n)
OD-063,81,3,4,7,0,7,1,odd,38,,odd_char; semisimple,,ODD GRID NEWLY DEFINED (Blueprint records no odd q/n)
OD-063,81,3,4,7,0,7,1,odd,39,,odd_char; semisimple,,ODD GRID NEWLY DEFINED (Blueprint records no odd q/n)
OD-063,81,3,4,7,0,7,1,odd,40,,odd_char; semisimple,,ODD GRID NEWLY DEFINED (Blueprint records no odd q/n)
OD-063,81,3,4,7,0,7,1,odd,41,,odd_char; semisimple,,ODD GRID NEWLY DEFINED (Blueprint records no odd q/n)
OD-063,81,3,4,7,0,7,1,odd,42,,odd_char; semisimple,,ODD GRID NEWLY DEFINED (Blueprint records no odd q/n)
OD-063,81,3,4,7,0,7,1,odd,43,,odd_char; semisimple,,ODD GRID NEWLY DEFINED (Blueprint records no odd q/n)
OD-063,81,3,4,7,0,7,1,odd,44,,odd_char; semisimple,,ODD GRID NEWLY DEFINED (Blueprint records no odd q/n)
OD-063,81,3,4,7,0,7,1,odd,45,,odd_char; semisimple,,ODD GRID NEWLY DEFINED (Blueprint records no odd q/n)
OD-063,81,3,4,7,0,7,1,odd,46,,odd_char; semisimple,,ODD GRID NEWLY DEFINED (Blueprint records no odd q/n)
OD-063,81,3,4,7,0,7,1,odd,47,,odd_char; semisimple,,ODD GRID NEWLY DEFINED (Blueprint records no odd q/n)
OD-063,81,3,4,7,0,7,1,odd,48,,odd_char; semisimple,,ODD GRID NEWLY DEFINED (Blueprint records no odd q/n)
OD-063,81,3,4,7,0,7,1,odd,49,,odd_char; semisimple,,ODD GRID NEWLY DEFINED (Blueprint records no odd q/n)
OD-063,81,3,4,7,0,7,1,odd,50,,odd_char; semisimple,,ODD GRID NEWLY DEFINED (Blueprint records no odd q/n)
OD-063,81,3,4,7,0,7,1,odd,51,,odd_char; semisimple,,ODD GRID NEWLY DEFINED (Blueprint records no odd q/n)
OD-063,81,3,4,7,0,7,1,odd,52,,odd_char; semisimple,,ODD GRID NEWLY DEFINED (Blueprint records no odd q/n)
OD-063,81,3,4,7,0,7,1,odd,53,,odd_char; semisimple,,ODD GRID NEWLY DEFINED (Blueprint records no odd q/n)
OD-063,81,3,4,7,0,7,1,odd,54,,odd_char; semisimple,,ODD GRID NEWLY DEFINED (Blueprint records no odd q/n)
OD-063,81,3,4,7,0,7,1,odd,55,,odd_char; semisimple,,ODD GRID NEWLY DEFINED (Blueprint records no odd q/n)
OD-063,81,3,4,7,0,7,1,odd,56,,odd_char; semisimple,,ODD GRID NEWLY DEFINED (Blueprint records no odd q/n)
OD-063,81,3,4,7,0,7,1,odd,57,,odd_char; semisimple,,ODD GRID NEWLY DEFINED (Blueprint records no odd q/n)
OD-063,81,3,4,7,0,7,1,odd,58,,odd_char; semisimple,,ODD GRID NEWLY DEFINED (Blueprint records no odd q/n)
OD-063,81,3,4,7,0,7,1,odd,59,,odd_char; semisimple,,ODD GRID NEWLY DEFINED (Blueprint records no odd q/n)
OD-063,81,3,4,7,0,7,1,odd,60,,odd_char; semisimple,,ODD GRID NEWLY DEFINED (Blueprint records no odd q/n)
OD-063,81,3,4,7,0,7,1,odd,61,,odd_char; semisimple,,ODD GRID NEWLY DEFINED (Blueprint records no odd q/n)
OD-063,81,3,4,7,0,7,1,odd,62,,odd_char; semisimple,,ODD GRID NEWLY DEFINED (Blueprint records no odd q/n)
OD-063,81,3,4,7,0,7,1,odd,63,,odd_char; semisimple,,ODD GRID NEWLY DEFINED (Blueprint records no odd q/n)
OD-063,81,3,4,7,0,7,1,odd,64,,odd_char; semisimple,,ODD GRID NEWLY DEFINED (Blueprint records no odd q/n)
OD-063,81,3,4,7,0,7,1,odd,65,,odd_char; semisimple,,ODD GRID NEWLY DEFINED (Blueprint records no odd q/n)
OD-063,81,3,4,7,0,7,1,odd,66,,odd_char; semisimple,,ODD GRID NEWLY DEFINED (Blueprint records no odd q/n)
OD-063,81,3,4,7,0,7,1,odd,67,,odd_char; semisimple,,ODD GRID NEWLY DEFINED (Blueprint records no odd q/n)
OD-063,81,3,4,7,0,7,1,odd,68,,odd_char; semisimple,,ODD GRID NEWLY DEFINED (Blueprint records no odd q/n)
OD-063,81,3,4,7,0,7,1,odd,69,,odd_char; semisimple,,ODD GRID NEWLY DEFINED (Blueprint records no odd q/n)
OD-063,81,3,4,7,0,7,1,odd,70,,odd_char; semisimple,,ODD GRID NEWLY DEFINED (Blueprint records no odd q/n)
OD-063,81,3,4,7,0,7,1,odd,71,,odd_char; semisimple,,ODD GRID NEWLY DEFINED (Blueprint records no odd q/n)
OD-063,81,3,4,7,0,7,1,odd,72,,odd_char; semisimple,,ODD GRID NEWLY DEFINED (Blueprint records no odd q/n)
OD-063,81,3,4,7,0,7,1,odd,73,,odd_char; semisimple,,ODD GRID NEWLY DEFINED (Blueprint records no odd q/n)
OD-063,81,3,4,7,0,7,1,odd,74,,odd_char; semisimple,,ODD GRID NEWLY DEFINED (Blueprint records no odd q/n)
OD-063,81,3,4,7,0,7,1,odd,75,,odd_char; semisimple,,ODD GRID NEWLY DEFINED (Blueprint records no odd q/n)
OD-063,81,3,4,7,0,7,1,odd,76,,odd_char; semisimple,,ODD GRID NEWLY DEFINED (Blueprint records no odd q/n)
OD-063,81,3,4,7,0,7,1,odd,77,,odd_char; semisimple,,ODD GRID NEWLY DEFINED (Blueprint records no odd q/n)
OD-063,81,3,4,7,0,7,1,odd,78,,odd_char; semisimple,,ODD GRID NEWLY DEFINED (Blueprint records no odd q/n)
OD-063,81,3,4,7,0,7,1,odd,79,,odd_char; semisimple,,ODD GRID NEWLY DEFINED (Blueprint records no odd q/n)
OD-064,81,3,4,9,2,1,9,odd,0,,odd_char; repeated_root P=9,,ODD GRID NEWLY DEFINED (Blueprint records no odd q/n)
OD-064,81,3,4,9,2,1,9,odd,1,,odd_char; repeated_root P=9,,ODD GRID NEWLY DEFINED (Blueprint records no odd q/n)
OD-064,81,3,4,9,2,1,9,odd,2,,odd_char; repeated_root P=9,,ODD GRID NEWLY DEFINED (Blueprint records no odd q/n)
OD-064,81,3,4,9,2,1,9,odd,3,,odd_char; repeated_root P=9,,ODD GRID NEWLY DEFINED (Blueprint records no odd q/n)
OD-064,81,3,4,9,2,1,9,odd,4,,odd_char; repeated_root P=9,,ODD GRID NEWLY DEFINED (Blueprint records no odd q/n)
OD-064,81,3,4,9,2,1,9,odd,5,,odd_char; repeated_root P=9,,ODD GRID NEWLY DEFINED (Blueprint records no odd q/n)
OD-064,81,3,4,9,2,1,9,odd,6,,odd_char; repeated_root P=9,,ODD GRID NEWLY DEFINED (Blueprint records no odd q/n)
OD-064,81,3,4,9,2,1,9,odd,7,,odd_char; repeated_root P=9,,ODD GRID NEWLY DEFINED (Blueprint records no odd q/n)
OD-064,81,3,4,9,2,1,9,odd,8,,odd_char; repeated_root P=9,,ODD GRID NEWLY DEFINED (Blueprint records no odd q/n)
OD-064,81,3,4,9,2,1,9,odd,9,,odd_char; repeated_root P=9,,ODD GRID NEWLY DEFINED (Blueprint records no odd q/n)
OD-064,81,3,4,9,2,1,9,odd,10,,odd_char; repeated_root P=9,,ODD GRID NEWLY DEFINED (Blueprint records no odd q/n)
OD-064,81,3,4,9,2,1,9,odd,11,,odd_char; repeated_root P=9,,ODD GRID NEWLY DEFINED (Blueprint records no odd q/n)
OD-064,81,3,4,9,2,1,9,odd,12,,odd_char; repeated_root P=9,,ODD GRID NEWLY DEFINED (Blueprint records no odd q/n)
OD-064,81,3,4,9,2,1,9,odd,13,,odd_char; repeated_root P=9,,ODD GRID NEWLY DEFINED (Blueprint records no odd q/n)
OD-064,81,3,4,9,2,1,9,odd,14,,odd_char; repeated_root P=9,,ODD GRID NEWLY DEFINED (Blueprint records no odd q/n)
OD-064,81,3,4,9,2,1,9,odd,15,,odd_char; repeated_root P=9,,ODD GRID NEWLY DEFINED (Blueprint records no odd q/n)
OD-064,81,3,4,9,2,1,9,odd,16,,odd_char; repeated_root P=9,,ODD GRID NEWLY DEFINED (Blueprint records no odd q/n)
OD-064,81,3,4,9,2,1,9,odd,17,,odd_char; repeated_root P=9,,ODD GRID NEWLY DEFINED (Blueprint records no odd q/n)
OD-064,81,3,4,9,2,1,9,odd,18,,odd_char; repeated_root P=9,,ODD GRID NEWLY DEFINED (Blueprint records no odd q/n)
OD-064,81,3,4,9,2,1,9,odd,19,,odd_char; repeated_root P=9,,ODD GRID NEWLY DEFINED (Blueprint records no odd q/n)
OD-064,81,3,4,9,2,1,9,odd,20,,odd_char; repeated_root P=9,,ODD GRID NEWLY DEFINED (Blueprint records no odd q/n)
OD-064,81,3,4,9,2,1,9,odd,21,,odd_char; repeated_root P=9,,ODD GRID NEWLY DEFINED (Blueprint records no odd q/n)
OD-064,81,3,4,9,2,1,9,odd,22,,odd_char; repeated_root P=9,,ODD GRID NEWLY DEFINED (Blueprint records no odd q/n)
OD-064,81,3,4,9,2,1,9,odd,23,,odd_char; repeated_root P=9,,ODD GRID NEWLY DEFINED (Blueprint records no odd q/n)
OD-064,81,3,4,9,2,1,9,odd,24,,odd_char; repeated_root P=9,,ODD GRID NEWLY DEFINED (Blueprint records no odd q/n)
OD-064,81,3,4,9,2,1,9,odd,25,,odd_char; repeated_root P=9,,ODD GRID NEWLY DEFINED (Blueprint records no odd q/n)
OD-064,81,3,4,9,2,1,9,odd,26,,odd_char; repeated_root P=9,,ODD GRID NEWLY DEFINED (Blueprint records no odd q/n)
OD-064,81,3,4,9,2,1,9,odd,27,,odd_char; repeated_root P=9,,ODD GRID NEWLY DEFINED (Blueprint records no odd q/n)
OD-064,81,3,4,9,2,1,9,odd,28,,odd_char; repeated_root P=9,,ODD GRID NEWLY DEFINED (Blueprint records no odd q/n)
OD-064,81,3,4,9,2,1,9,odd,29,,odd_char; repeated_root P=9,,ODD GRID NEWLY DEFINED (Blueprint records no odd q/n)
OD-064,81,3,4,9,2,1,9,odd,30,,odd_char; repeated_root P=9,,ODD GRID NEWLY DEFINED (Blueprint records no odd q/n)
OD-064,81,3,4,9,2,1,9,odd,31,,odd_char; repeated_root P=9,,ODD GRID NEWLY DEFINED (Blueprint records no odd q/n)
OD-064,81,3,4,9,2,1,9,odd,32,,odd_char; repeated_root P=9,,ODD GRID NEWLY DEFINED (Blueprint records no odd q/n)
OD-064,81,3,4,9,2,1,9,odd,33,,odd_char; repeated_root P=9,,ODD GRID NEWLY DEFINED (Blueprint records no odd q/n)
OD-064,81,3,4,9,2,1,9,odd,34,,odd_char; repeated_root P=9,,ODD GRID NEWLY DEFINED (Blueprint records no odd q/n)
OD-064,81,3,4,9,2,1,9,odd,35,,odd_char; repeated_root P=9,,ODD GRID NEWLY DEFINED (Blueprint records no odd q/n)
OD-064,81,3,4,9,2,1,9,odd,36,,odd_char; repeated_root P=9,,ODD GRID NEWLY DEFINED (Blueprint records no odd q/n)
OD-064,81,3,4,9,2,1,9,odd,37,,odd_char; repeated_root P=9,,ODD GRID NEWLY DEFINED (Blueprint records no odd q/n)
OD-064,81,3,4,9,2,1,9,odd,38,,odd_char; repeated_root P=9,,ODD GRID NEWLY DEFINED (Blueprint records no odd q/n)
OD-064,81,3,4,9,2,1,9,odd,39,,odd_char; repeated_root P=9,,ODD GRID NEWLY DEFINED (Blueprint records no odd q/n)
OD-064,81,3,4,9,2,1,9,odd,40,,odd_char; repeated_root P=9,,ODD GRID NEWLY DEFINED (Blueprint records no odd q/n)
OD-064,81,3,4,9,2,1,9,odd,41,,odd_char; repeated_root P=9,,ODD GRID NEWLY DEFINED (Blueprint records no odd q/n)
OD-064,81,3,4,9,2,1,9,odd,42,,odd_char; repeated_root P=9,,ODD GRID NEWLY DEFINED (Blueprint records no odd q/n)
OD-064,81,3,4,9,2,1,9,odd,43,,odd_char; repeated_root P=9,,ODD GRID NEWLY DEFINED (Blueprint records no odd q/n)
OD-064,81,3,4,9,2,1,9,odd,44,,odd_char; repeated_root P=9,,ODD GRID NEWLY DEFINED (Blueprint records no odd q/n)
OD-064,81,3,4,9,2,1,9,odd,45,,odd_char; repeated_root P=9,,ODD GRID NEWLY DEFINED (Blueprint records no odd q/n)
OD-064,81,3,4,9,2,1,9,odd,46,,odd_char; repeated_root P=9,,ODD GRID NEWLY DEFINED (Blueprint records no odd q/n)
OD-064,81,3,4,9,2,1,9,odd,47,,odd_char; repeated_root P=9,,ODD GRID NEWLY DEFINED (Blueprint records no odd q/n)
OD-064,81,3,4,9,2,1,9,odd,48,,odd_char; repeated_root P=9,,ODD GRID NEWLY DEFINED (Blueprint records no odd q/n)
OD-064,81,3,4,9,2,1,9,odd,49,,odd_char; repeated_root P=9,,ODD GRID NEWLY DEFINED (Blueprint records no odd q/n)
OD-064,81,3,4,9,2,1,9,odd,50,,odd_char; repeated_root P=9,,ODD GRID NEWLY DEFINED (Blueprint records no odd q/n)
OD-064,81,3,4,9,2,1,9,odd,51,,odd_char; repeated_root P=9,,ODD GRID NEWLY DEFINED (Blueprint records no odd q/n)
OD-064,81,3,4,9,2,1,9,odd,52,,odd_char; repeated_root P=9,,ODD GRID NEWLY DEFINED (Blueprint records no odd q/n)
OD-064,81,3,4,9,2,1,9,odd,53,,odd_char; repeated_root P=9,,ODD GRID NEWLY DEFINED (Blueprint records no odd q/n)
OD-064,81,3,4,9,2,1,9,odd,54,,odd_char; repeated_root P=9,,ODD GRID NEWLY DEFINED (Blueprint records no odd q/n)
OD-064,81,3,4,9,2,1,9,odd,55,,odd_char; repeated_root P=9,,ODD GRID NEWLY DEFINED (Blueprint records no odd q/n)
OD-064,81,3,4,9,2,1,9,odd,56,,odd_char; repeated_root P=9,,ODD GRID NEWLY DEFINED (Blueprint records no odd q/n)
OD-064,81,3,4,9,2,1,9,odd,57,,odd_char; repeated_root P=9,,ODD GRID NEWLY DEFINED (Blueprint records no odd q/n)
OD-064,81,3,4,9,2,1,9,odd,58,,odd_char; repeated_root P=9,,ODD GRID NEWLY DEFINED (Blueprint records no odd q/n)
OD-064,81,3,4,9,2,1,9,odd,59,,odd_char; repeated_root P=9,,ODD GRID NEWLY DEFINED (Blueprint records no odd q/n)
OD-064,81,3,4,9,2,1,9,odd,60,,odd_char; repeated_root P=9,,ODD GRID NEWLY DEFINED (Blueprint records no odd q/n)
OD-064,81,3,4,9,2,1,9,odd,61,,odd_char; repeated_root P=9,,ODD GRID NEWLY DEFINED (Blueprint records no odd q/n)
OD-064,81,3,4,9,2,1,9,odd,62,,odd_char; repeated_root P=9,,ODD GRID NEWLY DEFINED (Blueprint records no odd q/n)
OD-064,81,3,4,9,2,1,9,odd,63,,odd_char; repeated_root P=9,,ODD GRID NEWLY DEFINED (Blueprint records no odd q/n)
OD-064,81,3,4,9,2,1,9,odd,64,,odd_char; repeated_root P=9,,ODD GRID NEWLY DEFINED (Blueprint records no odd q/n)
OD-064,81,3,4,9,2,1,9,odd,65,,odd_char; repeated_root P=9,,ODD GRID NEWLY DEFINED (Blueprint records no odd q/n)
OD-064,81,3,4,9,2,1,9,odd,66,,odd_char; repeated_root P=9,,ODD GRID NEWLY DEFINED (Blueprint records no odd q/n)
OD-064,81,3,4,9,2,1,9,odd,67,,odd_char; repeated_root P=9,,ODD GRID NEWLY DEFINED (Blueprint records no odd q/n)
OD-064,81,3,4,9,2,1,9,odd,68,,odd_char; repeated_root P=9,,ODD GRID NEWLY DEFINED (Blueprint records no odd q/n)
OD-064,81,3,4,9,2,1,9,odd,69,,odd_char; repeated_root P=9,,ODD GRID NEWLY DEFINED (Blueprint records no odd q/n)
OD-064,81,3,4,9,2,1,9,odd,70,,odd_char; repeated_root P=9,,ODD GRID NEWLY DEFINED (Blueprint records no odd q/n)
OD-064,81,3,4,9,2,1,9,odd,71,,odd_char; repeated_root P=9,,ODD GRID NEWLY DEFINED (Blueprint records no odd q/n)
OD-064,81,3,4,9,2,1,9,odd,72,,odd_char; repeated_root P=9,,ODD GRID NEWLY DEFINED (Blueprint records no odd q/n)
OD-064,81,3,4,9,2,1,9,odd,73,,odd_char; repeated_root P=9,,ODD GRID NEWLY DEFINED (Blueprint records no odd q/n)
OD-064,81,3,4,9,2,1,9,odd,74,,odd_char; repeated_root P=9,,ODD GRID NEWLY DEFINED (Blueprint records no odd q/n)
OD-064,81,3,4,9,2,1,9,odd,75,,odd_char; repeated_root P=9,,ODD GRID NEWLY DEFINED (Blueprint records no odd q/n)
OD-064,81,3,4,9,2,1,9,odd,76,,odd_char; repeated_root P=9,,ODD GRID NEWLY DEFINED (Blueprint records no odd q/n)
OD-064,81,3,4,9,2,1,9,odd,77,,odd_char; repeated_root P=9,,ODD GRID NEWLY DEFINED (Blueprint records no odd q/n)
OD-064,81,3,4,9,2,1,9,odd,78,,odd_char; repeated_root P=9,,ODD GRID NEWLY DEFINED (Blueprint records no odd q/n)
OD-064,81,3,4,9,2,1,9,odd,79,,odd_char; repeated_root P=9,,ODD GRID NEWLY DEFINED (Blueprint records no odd q/n)
OD-065,81,3,4,15,1,5,3,odd,0,,odd_char; repeated_root P=3,,ODD GRID NEWLY DEFINED (Blueprint records no odd q/n)
OD-065,81,3,4,15,1,5,3,odd,1,,odd_char; repeated_root P=3,,ODD GRID NEWLY DEFINED (Blueprint records no odd q/n)
OD-065,81,3,4,15,1,5,3,odd,2,,odd_char; repeated_root P=3,,ODD GRID NEWLY DEFINED (Blueprint records no odd q/n)
OD-065,81,3,4,15,1,5,3,odd,3,,odd_char; repeated_root P=3,,ODD GRID NEWLY DEFINED (Blueprint records no odd q/n)
OD-065,81,3,4,15,1,5,3,odd,4,,odd_char; repeated_root P=3,,ODD GRID NEWLY DEFINED (Blueprint records no odd q/n)
OD-065,81,3,4,15,1,5,3,odd,5,,odd_char; repeated_root P=3,,ODD GRID NEWLY DEFINED (Blueprint records no odd q/n)
OD-065,81,3,4,15,1,5,3,odd,6,,odd_char; repeated_root P=3,,ODD GRID NEWLY DEFINED (Blueprint records no odd q/n)
OD-065,81,3,4,15,1,5,3,odd,7,,odd_char; repeated_root P=3,,ODD GRID NEWLY DEFINED (Blueprint records no odd q/n)
OD-065,81,3,4,15,1,5,3,odd,8,,odd_char; repeated_root P=3,,ODD GRID NEWLY DEFINED (Blueprint records no odd q/n)
OD-065,81,3,4,15,1,5,3,odd,9,,odd_char; repeated_root P=3,,ODD GRID NEWLY DEFINED (Blueprint records no odd q/n)
OD-065,81,3,4,15,1,5,3,odd,10,,odd_char; repeated_root P=3,,ODD GRID NEWLY DEFINED (Blueprint records no odd q/n)
OD-065,81,3,4,15,1,5,3,odd,11,,odd_char; repeated_root P=3,,ODD GRID NEWLY DEFINED (Blueprint records no odd q/n)
OD-065,81,3,4,15,1,5,3,odd,12,,odd_char; repeated_root P=3,,ODD GRID NEWLY DEFINED (Blueprint records no odd q/n)
OD-065,81,3,4,15,1,5,3,odd,13,,odd_char; repeated_root P=3,,ODD GRID NEWLY DEFINED (Blueprint records no odd q/n)
OD-065,81,3,4,15,1,5,3,odd,14,,odd_char; repeated_root P=3,,ODD GRID NEWLY DEFINED (Blueprint records no odd q/n)
OD-065,81,3,4,15,1,5,3,odd,15,,odd_char; repeated_root P=3,,ODD GRID NEWLY DEFINED (Blueprint records no odd q/n)
OD-065,81,3,4,15,1,5,3,odd,16,,odd_char; repeated_root P=3,,ODD GRID NEWLY DEFINED (Blueprint records no odd q/n)
OD-065,81,3,4,15,1,5,3,odd,17,,odd_char; repeated_root P=3,,ODD GRID NEWLY DEFINED (Blueprint records no odd q/n)
OD-065,81,3,4,15,1,5,3,odd,18,,odd_char; repeated_root P=3,,ODD GRID NEWLY DEFINED (Blueprint records no odd q/n)
OD-065,81,3,4,15,1,5,3,odd,19,,odd_char; repeated_root P=3,,ODD GRID NEWLY DEFINED (Blueprint records no odd q/n)
OD-065,81,3,4,15,1,5,3,odd,20,,odd_char; repeated_root P=3,,ODD GRID NEWLY DEFINED (Blueprint records no odd q/n)
OD-065,81,3,4,15,1,5,3,odd,21,,odd_char; repeated_root P=3,,ODD GRID NEWLY DEFINED (Blueprint records no odd q/n)
OD-065,81,3,4,15,1,5,3,odd,22,,odd_char; repeated_root P=3,,ODD GRID NEWLY DEFINED (Blueprint records no odd q/n)
OD-065,81,3,4,15,1,5,3,odd,23,,odd_char; repeated_root P=3,,ODD GRID NEWLY DEFINED (Blueprint records no odd q/n)
OD-065,81,3,4,15,1,5,3,odd,24,,odd_char; repeated_root P=3,,ODD GRID NEWLY DEFINED (Blueprint records no odd q/n)
OD-065,81,3,4,15,1,5,3,odd,25,,odd_char; repeated_root P=3,,ODD GRID NEWLY DEFINED (Blueprint records no odd q/n)
OD-065,81,3,4,15,1,5,3,odd,26,,odd_char; repeated_root P=3,,ODD GRID NEWLY DEFINED (Blueprint records no odd q/n)
OD-065,81,3,4,15,1,5,3,odd,27,,odd_char; repeated_root P=3,,ODD GRID NEWLY DEFINED (Blueprint records no odd q/n)
OD-065,81,3,4,15,1,5,3,odd,28,,odd_char; repeated_root P=3,,ODD GRID NEWLY DEFINED (Blueprint records no odd q/n)
OD-065,81,3,4,15,1,5,3,odd,29,,odd_char; repeated_root P=3,,ODD GRID NEWLY DEFINED (Blueprint records no odd q/n)
OD-065,81,3,4,15,1,5,3,odd,30,,odd_char; repeated_root P=3,,ODD GRID NEWLY DEFINED (Blueprint records no odd q/n)
OD-065,81,3,4,15,1,5,3,odd,31,,odd_char; repeated_root P=3,,ODD GRID NEWLY DEFINED (Blueprint records no odd q/n)
OD-065,81,3,4,15,1,5,3,odd,32,,odd_char; repeated_root P=3,,ODD GRID NEWLY DEFINED (Blueprint records no odd q/n)
OD-065,81,3,4,15,1,5,3,odd,33,,odd_char; repeated_root P=3,,ODD GRID NEWLY DEFINED (Blueprint records no odd q/n)
OD-065,81,3,4,15,1,5,3,odd,34,,odd_char; repeated_root P=3,,ODD GRID NEWLY DEFINED (Blueprint records no odd q/n)
OD-065,81,3,4,15,1,5,3,odd,35,,odd_char; repeated_root P=3,,ODD GRID NEWLY DEFINED (Blueprint records no odd q/n)
OD-065,81,3,4,15,1,5,3,odd,36,,odd_char; repeated_root P=3,,ODD GRID NEWLY DEFINED (Blueprint records no odd q/n)
OD-065,81,3,4,15,1,5,3,odd,37,,odd_char; repeated_root P=3,,ODD GRID NEWLY DEFINED (Blueprint records no odd q/n)
OD-065,81,3,4,15,1,5,3,odd,38,,odd_char; repeated_root P=3,,ODD GRID NEWLY DEFINED (Blueprint records no odd q/n)
OD-065,81,3,4,15,1,5,3,odd,39,,odd_char; repeated_root P=3,,ODD GRID NEWLY DEFINED (Blueprint records no odd q/n)
OD-065,81,3,4,15,1,5,3,odd,40,,odd_char; repeated_root P=3,,ODD GRID NEWLY DEFINED (Blueprint records no odd q/n)
OD-065,81,3,4,15,1,5,3,odd,41,,odd_char; repeated_root P=3,,ODD GRID NEWLY DEFINED (Blueprint records no odd q/n)
OD-065,81,3,4,15,1,5,3,odd,42,,odd_char; repeated_root P=3,,ODD GRID NEWLY DEFINED (Blueprint records no odd q/n)
OD-065,81,3,4,15,1,5,3,odd,43,,odd_char; repeated_root P=3,,ODD GRID NEWLY DEFINED (Blueprint records no odd q/n)
OD-065,81,3,4,15,1,5,3,odd,44,,odd_char; repeated_root P=3,,ODD GRID NEWLY DEFINED (Blueprint records no odd q/n)
OD-065,81,3,4,15,1,5,3,odd,45,,odd_char; repeated_root P=3,,ODD GRID NEWLY DEFINED (Blueprint records no odd q/n)
OD-065,81,3,4,15,1,5,3,odd,46,,odd_char; repeated_root P=3,,ODD GRID NEWLY DEFINED (Blueprint records no odd q/n)
OD-065,81,3,4,15,1,5,3,odd,47,,odd_char; repeated_root P=3,,ODD GRID NEWLY DEFINED (Blueprint records no odd q/n)
OD-065,81,3,4,15,1,5,3,odd,48,,odd_char; repeated_root P=3,,ODD GRID NEWLY DEFINED (Blueprint records no odd q/n)
OD-065,81,3,4,15,1,5,3,odd,49,,odd_char; repeated_root P=3,,ODD GRID NEWLY DEFINED (Blueprint records no odd q/n)
OD-065,81,3,4,15,1,5,3,odd,50,,odd_char; repeated_root P=3,,ODD GRID NEWLY DEFINED (Blueprint records no odd q/n)
OD-065,81,3,4,15,1,5,3,odd,51,,odd_char; repeated_root P=3,,ODD GRID NEWLY DEFINED (Blueprint records no odd q/n)
OD-065,81,3,4,15,1,5,3,odd,52,,odd_char; repeated_root P=3,,ODD GRID NEWLY DEFINED (Blueprint records no odd q/n)
OD-065,81,3,4,15,1,5,3,odd,53,,odd_char; repeated_root P=3,,ODD GRID NEWLY DEFINED (Blueprint records no odd q/n)
OD-065,81,3,4,15,1,5,3,odd,54,,odd_char; repeated_root P=3,,ODD GRID NEWLY DEFINED (Blueprint records no odd q/n)
OD-065,81,3,4,15,1,5,3,odd,55,,odd_char; repeated_root P=3,,ODD GRID NEWLY DEFINED (Blueprint records no odd q/n)
OD-065,81,3,4,15,1,5,3,odd,56,,odd_char; repeated_root P=3,,ODD GRID NEWLY DEFINED (Blueprint records no odd q/n)
OD-065,81,3,4,15,1,5,3,odd,57,,odd_char; repeated_root P=3,,ODD GRID NEWLY DEFINED (Blueprint records no odd q/n)
OD-065,81,3,4,15,1,5,3,odd,58,,odd_char; repeated_root P=3,,ODD GRID NEWLY DEFINED (Blueprint records no odd q/n)
OD-065,81,3,4,15,1,5,3,odd,59,,odd_char; repeated_root P=3,,ODD GRID NEWLY DEFINED (Blueprint records no odd q/n)
OD-065,81,3,4,15,1,5,3,odd,60,,odd_char; repeated_root P=3,,ODD GRID NEWLY DEFINED (Blueprint records no odd q/n)
OD-065,81,3,4,15,1,5,3,odd,61,,odd_char; repeated_root P=3,,ODD GRID NEWLY DEFINED (Blueprint records no odd q/n)
OD-065,81,3,4,15,1,5,3,odd,62,,odd_char; repeated_root P=3,,ODD GRID NEWLY DEFINED (Blueprint records no odd q/n)
OD-065,81,3,4,15,1,5,3,odd,63,,odd_char; repeated_root P=3,,ODD GRID NEWLY DEFINED (Blueprint records no odd q/n)
OD-065,81,3,4,15,1,5,3,odd,64,,odd_char; repeated_root P=3,,ODD GRID NEWLY DEFINED (Blueprint records no odd q/n)
OD-065,81,3,4,15,1,5,3,odd,65,,odd_char; repeated_root P=3,,ODD GRID NEWLY DEFINED (Blueprint records no odd q/n)
OD-065,81,3,4,15,1,5,3,odd,66,,odd_char; repeated_root P=3,,ODD GRID NEWLY DEFINED (Blueprint records no odd q/n)
OD-065,81,3,4,15,1,5,3,odd,67,,odd_char; repeated_root P=3,,ODD GRID NEWLY DEFINED (Blueprint records no odd q/n)
OD-065,81,3,4,15,1,5,3,odd,68,,odd_char; repeated_root P=3,,ODD GRID NEWLY DEFINED (Blueprint records no odd q/n)
OD-065,81,3,4,15,1,5,3,odd,69,,odd_char; repeated_root P=3,,ODD GRID NEWLY DEFINED (Blueprint records no odd q/n)
OD-065,81,3,4,15,1,5,3,odd,70,,odd_char; repeated_root P=3,,ODD GRID NEWLY DEFINED (Blueprint records no odd q/n)
OD-065,81,3,4,15,1,5,3,odd,71,,odd_char; repeated_root P=3,,ODD GRID NEWLY DEFINED (Blueprint records no odd q/n)
OD-065,81,3,4,15,1,5,3,odd,72,,odd_char; repeated_root P=3,,ODD GRID NEWLY DEFINED (Blueprint records no odd q/n)
OD-065,81,3,4,15,1,5,3,odd,73,,odd_char; repeated_root P=3,,ODD GRID NEWLY DEFINED (Blueprint records no odd q/n)
OD-065,81,3,4,15,1,5,3,odd,74,,odd_char; repeated_root P=3,,ODD GRID NEWLY DEFINED (Blueprint records no odd q/n)
OD-065,81,3,4,15,1,5,3,odd,75,,odd_char; repeated_root P=3,,ODD GRID NEWLY DEFINED (Blueprint records no odd q/n)
OD-065,81,3,4,15,1,5,3,odd,76,,odd_char; repeated_root P=3,,ODD GRID NEWLY DEFINED (Blueprint records no odd q/n)
OD-065,81,3,4,15,1,5,3,odd,77,,odd_char; repeated_root P=3,,ODD GRID NEWLY DEFINED (Blueprint records no odd q/n)
OD-065,81,3,4,15,1,5,3,odd,78,,odd_char; repeated_root P=3,,ODD GRID NEWLY DEFINED (Blueprint records no odd q/n)
OD-065,81,3,4,15,1,5,3,odd,79,,odd_char; repeated_root P=3,,ODD GRID NEWLY DEFINED (Blueprint records no odd q/n)
OD-066,81,3,4,17,0,17,1,odd,0,,odd_char; semisimple,,ODD GRID NEWLY DEFINED (Blueprint records no odd q/n)
OD-066,81,3,4,17,0,17,1,odd,1,,odd_char; semisimple,,ODD GRID NEWLY DEFINED (Blueprint records no odd q/n)
OD-066,81,3,4,17,0,17,1,odd,2,,odd_char; semisimple,,ODD GRID NEWLY DEFINED (Blueprint records no odd q/n)
OD-066,81,3,4,17,0,17,1,odd,3,,odd_char; semisimple,,ODD GRID NEWLY DEFINED (Blueprint records no odd q/n)
OD-066,81,3,4,17,0,17,1,odd,4,,odd_char; semisimple,,ODD GRID NEWLY DEFINED (Blueprint records no odd q/n)
OD-066,81,3,4,17,0,17,1,odd,5,,odd_char; semisimple,,ODD GRID NEWLY DEFINED (Blueprint records no odd q/n)
OD-066,81,3,4,17,0,17,1,odd,6,,odd_char; semisimple,,ODD GRID NEWLY DEFINED (Blueprint records no odd q/n)
OD-066,81,3,4,17,0,17,1,odd,7,,odd_char; semisimple,,ODD GRID NEWLY DEFINED (Blueprint records no odd q/n)
OD-066,81,3,4,17,0,17,1,odd,8,,odd_char; semisimple,,ODD GRID NEWLY DEFINED (Blueprint records no odd q/n)
OD-066,81,3,4,17,0,17,1,odd,9,,odd_char; semisimple,,ODD GRID NEWLY DEFINED (Blueprint records no odd q/n)
OD-066,81,3,4,17,0,17,1,odd,10,,odd_char; semisimple,,ODD GRID NEWLY DEFINED (Blueprint records no odd q/n)
OD-066,81,3,4,17,0,17,1,odd,11,,odd_char; semisimple,,ODD GRID NEWLY DEFINED (Blueprint records no odd q/n)
OD-066,81,3,4,17,0,17,1,odd,12,,odd_char; semisimple,,ODD GRID NEWLY DEFINED (Blueprint records no odd q/n)
OD-066,81,3,4,17,0,17,1,odd,13,,odd_char; semisimple,,ODD GRID NEWLY DEFINED (Blueprint records no odd q/n)
OD-066,81,3,4,17,0,17,1,odd,14,,odd_char; semisimple,,ODD GRID NEWLY DEFINED (Blueprint records no odd q/n)
OD-066,81,3,4,17,0,17,1,odd,15,,odd_char; semisimple,,ODD GRID NEWLY DEFINED (Blueprint records no odd q/n)
OD-066,81,3,4,17,0,17,1,odd,16,,odd_char; semisimple,,ODD GRID NEWLY DEFINED (Blueprint records no odd q/n)
OD-066,81,3,4,17,0,17,1,odd,17,,odd_char; semisimple,,ODD GRID NEWLY DEFINED (Blueprint records no odd q/n)
OD-066,81,3,4,17,0,17,1,odd,18,,odd_char; semisimple,,ODD GRID NEWLY DEFINED (Blueprint records no odd q/n)
OD-066,81,3,4,17,0,17,1,odd,19,,odd_char; semisimple,,ODD GRID NEWLY DEFINED (Blueprint records no odd q/n)
OD-066,81,3,4,17,0,17,1,odd,20,,odd_char; semisimple,,ODD GRID NEWLY DEFINED (Blueprint records no odd q/n)
OD-066,81,3,4,17,0,17,1,odd,21,,odd_char; semisimple,,ODD GRID NEWLY DEFINED (Blueprint records no odd q/n)
OD-066,81,3,4,17,0,17,1,odd,22,,odd_char; semisimple,,ODD GRID NEWLY DEFINED (Blueprint records no odd q/n)
OD-066,81,3,4,17,0,17,1,odd,23,,odd_char; semisimple,,ODD GRID NEWLY DEFINED (Blueprint records no odd q/n)
OD-066,81,3,4,17,0,17,1,odd,24,,odd_char; semisimple,,ODD GRID NEWLY DEFINED (Blueprint records no odd q/n)
OD-066,81,3,4,17,0,17,1,odd,25,,odd_char; semisimple,,ODD GRID NEWLY DEFINED (Blueprint records no odd q/n)
OD-066,81,3,4,17,0,17,1,odd,26,,odd_char; semisimple,,ODD GRID NEWLY DEFINED (Blueprint records no odd q/n)
OD-066,81,3,4,17,0,17,1,odd,27,,odd_char; semisimple,,ODD GRID NEWLY DEFINED (Blueprint records no odd q/n)
OD-066,81,3,4,17,0,17,1,odd,28,,odd_char; semisimple,,ODD GRID NEWLY DEFINED (Blueprint records no odd q/n)
OD-066,81,3,4,17,0,17,1,odd,29,,odd_char; semisimple,,ODD GRID NEWLY DEFINED (Blueprint records no odd q/n)
OD-066,81,3,4,17,0,17,1,odd,30,,odd_char; semisimple,,ODD GRID NEWLY DEFINED (Blueprint records no odd q/n)
OD-066,81,3,4,17,0,17,1,odd,31,,odd_char; semisimple,,ODD GRID NEWLY DEFINED (Blueprint records no odd q/n)
OD-066,81,3,4,17,0,17,1,odd,32,,odd_char; semisimple,,ODD GRID NEWLY DEFINED (Blueprint records no odd q/n)
OD-066,81,3,4,17,0,17,1,odd,33,,odd_char; semisimple,,ODD GRID NEWLY DEFINED (Blueprint records no odd q/n)
OD-066,81,3,4,17,0,17,1,odd,34,,odd_char; semisimple,,ODD GRID NEWLY DEFINED (Blueprint records no odd q/n)
OD-066,81,3,4,17,0,17,1,odd,35,,odd_char; semisimple,,ODD GRID NEWLY DEFINED (Blueprint records no odd q/n)
OD-066,81,3,4,17,0,17,1,odd,36,,odd_char; semisimple,,ODD GRID NEWLY DEFINED (Blueprint records no odd q/n)
OD-066,81,3,4,17,0,17,1,odd,37,,odd_char; semisimple,,ODD GRID NEWLY DEFINED (Blueprint records no odd q/n)
OD-066,81,3,4,17,0,17,1,odd,38,,odd_char; semisimple,,ODD GRID NEWLY DEFINED (Blueprint records no odd q/n)
OD-066,81,3,4,17,0,17,1,odd,39,,odd_char; semisimple,,ODD GRID NEWLY DEFINED (Blueprint records no odd q/n)
OD-066,81,3,4,17,0,17,1,odd,40,,odd_char; semisimple,,ODD GRID NEWLY DEFINED (Blueprint records no odd q/n)
OD-066,81,3,4,17,0,17,1,odd,41,,odd_char; semisimple,,ODD GRID NEWLY DEFINED (Blueprint records no odd q/n)
OD-066,81,3,4,17,0,17,1,odd,42,,odd_char; semisimple,,ODD GRID NEWLY DEFINED (Blueprint records no odd q/n)
OD-066,81,3,4,17,0,17,1,odd,43,,odd_char; semisimple,,ODD GRID NEWLY DEFINED (Blueprint records no odd q/n)
OD-066,81,3,4,17,0,17,1,odd,44,,odd_char; semisimple,,ODD GRID NEWLY DEFINED (Blueprint records no odd q/n)
OD-066,81,3,4,17,0,17,1,odd,45,,odd_char; semisimple,,ODD GRID NEWLY DEFINED (Blueprint records no odd q/n)
OD-066,81,3,4,17,0,17,1,odd,46,,odd_char; semisimple,,ODD GRID NEWLY DEFINED (Blueprint records no odd q/n)
OD-066,81,3,4,17,0,17,1,odd,47,,odd_char; semisimple,,ODD GRID NEWLY DEFINED (Blueprint records no odd q/n)
OD-066,81,3,4,17,0,17,1,odd,48,,odd_char; semisimple,,ODD GRID NEWLY DEFINED (Blueprint records no odd q/n)
OD-066,81,3,4,17,0,17,1,odd,49,,odd_char; semisimple,,ODD GRID NEWLY DEFINED (Blueprint records no odd q/n)
OD-066,81,3,4,17,0,17,1,odd,50,,odd_char; semisimple,,ODD GRID NEWLY DEFINED (Blueprint records no odd q/n)
OD-066,81,3,4,17,0,17,1,odd,51,,odd_char; semisimple,,ODD GRID NEWLY DEFINED (Blueprint records no odd q/n)
OD-066,81,3,4,17,0,17,1,odd,52,,odd_char; semisimple,,ODD GRID NEWLY DEFINED (Blueprint records no odd q/n)
OD-066,81,3,4,17,0,17,1,odd,53,,odd_char; semisimple,,ODD GRID NEWLY DEFINED (Blueprint records no odd q/n)
OD-066,81,3,4,17,0,17,1,odd,54,,odd_char; semisimple,,ODD GRID NEWLY DEFINED (Blueprint records no odd q/n)
OD-066,81,3,4,17,0,17,1,odd,55,,odd_char; semisimple,,ODD GRID NEWLY DEFINED (Blueprint records no odd q/n)
OD-066,81,3,4,17,0,17,1,odd,56,,odd_char; semisimple,,ODD GRID NEWLY DEFINED (Blueprint records no odd q/n)
OD-066,81,3,4,17,0,17,1,odd,57,,odd_char; semisimple,,ODD GRID NEWLY DEFINED (Blueprint records no odd q/n)
OD-066,81,3,4,17,0,17,1,odd,58,,odd_char; semisimple,,ODD GRID NEWLY DEFINED (Blueprint records no odd q/n)
OD-066,81,3,4,17,0,17,1,odd,59,,odd_char; semisimple,,ODD GRID NEWLY DEFINED (Blueprint records no odd q/n)
OD-066,81,3,4,17,0,17,1,odd,60,,odd_char; semisimple,,ODD GRID NEWLY DEFINED (Blueprint records no odd q/n)
OD-066,81,3,4,17,0,17,1,odd,61,,odd_char; semisimple,,ODD GRID NEWLY DEFINED (Blueprint records no odd q/n)
OD-066,81,3,4,17,0,17,1,odd,62,,odd_char; semisimple,,ODD GRID NEWLY DEFINED (Blueprint records no odd q/n)
OD-066,81,3,4,17,0,17,1,odd,63,,odd_char; semisimple,,ODD GRID NEWLY DEFINED (Blueprint records no odd q/n)
OD-066,81,3,4,17,0,17,1,odd,64,,odd_char; semisimple,,ODD GRID NEWLY DEFINED (Blueprint records no odd q/n)
OD-066,81,3,4,17,0,17,1,odd,65,,odd_char; semisimple,,ODD GRID NEWLY DEFINED (Blueprint records no odd q/n)
OD-066,81,3,4,17,0,17,1,odd,66,,odd_char; semisimple,,ODD GRID NEWLY DEFINED (Blueprint records no odd q/n)
OD-066,81,3,4,17,0,17,1,odd,67,,odd_char; semisimple,,ODD GRID NEWLY DEFINED (Blueprint records no odd q/n)
OD-066,81,3,4,17,0,17,1,odd,68,,odd_char; semisimple,,ODD GRID NEWLY DEFINED (Blueprint records no odd q/n)
OD-066,81,3,4,17,0,17,1,odd,69,,odd_char; semisimple,,ODD GRID NEWLY DEFINED (Blueprint records no odd q/n)
OD-066,81,3,4,17,0,17,1,odd,70,,odd_char; semisimple,,ODD GRID NEWLY DEFINED (Blueprint records no odd q/n)
OD-066,81,3,4,17,0,17,1,odd,71,,odd_char; semisimple,,ODD GRID NEWLY DEFINED (Blueprint records no odd q/n)
OD-066,81,3,4,17,0,17,1,odd,72,,odd_char; semisimple,,ODD GRID NEWLY DEFINED (Blueprint records no odd q/n)
OD-066,81,3,4,17,0,17,1,odd,73,,odd_char; semisimple,,ODD GRID NEWLY DEFINED (Blueprint records no odd q/n)
OD-066,81,3,4,17,0,17,1,odd,74,,odd_char; semisimple,,ODD GRID NEWLY DEFINED (Blueprint records no odd q/n)
OD-066,81,3,4,17,0,17,1,odd,75,,odd_char; semisimple,,ODD GRID NEWLY DEFINED (Blueprint records no odd q/n)
OD-066,81,3,4,17,0,17,1,odd,76,,odd_char; semisimple,,ODD GRID NEWLY DEFINED (Blueprint records no odd q/n)
OD-066,81,3,4,17,0,17,1,odd,77,,odd_char; semisimple,,ODD GRID NEWLY DEFINED (Blueprint records no odd q/n)
OD-066,81,3,4,17,0,17,1,odd,78,,odd_char; semisimple,,ODD GRID NEWLY DEFINED (Blueprint records no odd q/n)
OD-066,81,3,4,17,0,17,1,odd,79,,odd_char; semisimple,,ODD GRID NEWLY DEFINED (Blueprint records no odd q/n)
OD-067,81,3,4,21,1,7,3,odd,0,,odd_char; repeated_root P=3,,ODD GRID NEWLY DEFINED (Blueprint records no odd q/n)
OD-067,81,3,4,21,1,7,3,odd,1,,odd_char; repeated_root P=3,,ODD GRID NEWLY DEFINED (Blueprint records no odd q/n)
OD-067,81,3,4,21,1,7,3,odd,2,,odd_char; repeated_root P=3,,ODD GRID NEWLY DEFINED (Blueprint records no odd q/n)
OD-067,81,3,4,21,1,7,3,odd,3,,odd_char; repeated_root P=3,,ODD GRID NEWLY DEFINED (Blueprint records no odd q/n)
OD-067,81,3,4,21,1,7,3,odd,4,,odd_char; repeated_root P=3,,ODD GRID NEWLY DEFINED (Blueprint records no odd q/n)
OD-067,81,3,4,21,1,7,3,odd,5,,odd_char; repeated_root P=3,,ODD GRID NEWLY DEFINED (Blueprint records no odd q/n)
OD-067,81,3,4,21,1,7,3,odd,6,,odd_char; repeated_root P=3,,ODD GRID NEWLY DEFINED (Blueprint records no odd q/n)
OD-067,81,3,4,21,1,7,3,odd,7,,odd_char; repeated_root P=3,,ODD GRID NEWLY DEFINED (Blueprint records no odd q/n)
OD-067,81,3,4,21,1,7,3,odd,8,,odd_char; repeated_root P=3,,ODD GRID NEWLY DEFINED (Blueprint records no odd q/n)
OD-067,81,3,4,21,1,7,3,odd,9,,odd_char; repeated_root P=3,,ODD GRID NEWLY DEFINED (Blueprint records no odd q/n)
OD-067,81,3,4,21,1,7,3,odd,10,,odd_char; repeated_root P=3,,ODD GRID NEWLY DEFINED (Blueprint records no odd q/n)
OD-067,81,3,4,21,1,7,3,odd,11,,odd_char; repeated_root P=3,,ODD GRID NEWLY DEFINED (Blueprint records no odd q/n)
OD-067,81,3,4,21,1,7,3,odd,12,,odd_char; repeated_root P=3,,ODD GRID NEWLY DEFINED (Blueprint records no odd q/n)
OD-067,81,3,4,21,1,7,3,odd,13,,odd_char; repeated_root P=3,,ODD GRID NEWLY DEFINED (Blueprint records no odd q/n)
OD-067,81,3,4,21,1,7,3,odd,14,,odd_char; repeated_root P=3,,ODD GRID NEWLY DEFINED (Blueprint records no odd q/n)
OD-067,81,3,4,21,1,7,3,odd,15,,odd_char; repeated_root P=3,,ODD GRID NEWLY DEFINED (Blueprint records no odd q/n)
OD-067,81,3,4,21,1,7,3,odd,16,,odd_char; repeated_root P=3,,ODD GRID NEWLY DEFINED (Blueprint records no odd q/n)
OD-067,81,3,4,21,1,7,3,odd,17,,odd_char; repeated_root P=3,,ODD GRID NEWLY DEFINED (Blueprint records no odd q/n)
OD-067,81,3,4,21,1,7,3,odd,18,,odd_char; repeated_root P=3,,ODD GRID NEWLY DEFINED (Blueprint records no odd q/n)
OD-067,81,3,4,21,1,7,3,odd,19,,odd_char; repeated_root P=3,,ODD GRID NEWLY DEFINED (Blueprint records no odd q/n)
OD-067,81,3,4,21,1,7,3,odd,20,,odd_char; repeated_root P=3,,ODD GRID NEWLY DEFINED (Blueprint records no odd q/n)
OD-067,81,3,4,21,1,7,3,odd,21,,odd_char; repeated_root P=3,,ODD GRID NEWLY DEFINED (Blueprint records no odd q/n)
OD-067,81,3,4,21,1,7,3,odd,22,,odd_char; repeated_root P=3,,ODD GRID NEWLY DEFINED (Blueprint records no odd q/n)
OD-067,81,3,4,21,1,7,3,odd,23,,odd_char; repeated_root P=3,,ODD GRID NEWLY DEFINED (Blueprint records no odd q/n)
OD-067,81,3,4,21,1,7,3,odd,24,,odd_char; repeated_root P=3,,ODD GRID NEWLY DEFINED (Blueprint records no odd q/n)
OD-067,81,3,4,21,1,7,3,odd,25,,odd_char; repeated_root P=3,,ODD GRID NEWLY DEFINED (Blueprint records no odd q/n)
OD-067,81,3,4,21,1,7,3,odd,26,,odd_char; repeated_root P=3,,ODD GRID NEWLY DEFINED (Blueprint records no odd q/n)
OD-067,81,3,4,21,1,7,3,odd,27,,odd_char; repeated_root P=3,,ODD GRID NEWLY DEFINED (Blueprint records no odd q/n)
OD-067,81,3,4,21,1,7,3,odd,28,,odd_char; repeated_root P=3,,ODD GRID NEWLY DEFINED (Blueprint records no odd q/n)
OD-067,81,3,4,21,1,7,3,odd,29,,odd_char; repeated_root P=3,,ODD GRID NEWLY DEFINED (Blueprint records no odd q/n)
OD-067,81,3,4,21,1,7,3,odd,30,,odd_char; repeated_root P=3,,ODD GRID NEWLY DEFINED (Blueprint records no odd q/n)
OD-067,81,3,4,21,1,7,3,odd,31,,odd_char; repeated_root P=3,,ODD GRID NEWLY DEFINED (Blueprint records no odd q/n)
OD-067,81,3,4,21,1,7,3,odd,32,,odd_char; repeated_root P=3,,ODD GRID NEWLY DEFINED (Blueprint records no odd q/n)
OD-067,81,3,4,21,1,7,3,odd,33,,odd_char; repeated_root P=3,,ODD GRID NEWLY DEFINED (Blueprint records no odd q/n)
OD-067,81,3,4,21,1,7,3,odd,34,,odd_char; repeated_root P=3,,ODD GRID NEWLY DEFINED (Blueprint records no odd q/n)
OD-067,81,3,4,21,1,7,3,odd,35,,odd_char; repeated_root P=3,,ODD GRID NEWLY DEFINED (Blueprint records no odd q/n)
OD-067,81,3,4,21,1,7,3,odd,36,,odd_char; repeated_root P=3,,ODD GRID NEWLY DEFINED (Blueprint records no odd q/n)
OD-067,81,3,4,21,1,7,3,odd,37,,odd_char; repeated_root P=3,,ODD GRID NEWLY DEFINED (Blueprint records no odd q/n)
OD-067,81,3,4,21,1,7,3,odd,38,,odd_char; repeated_root P=3,,ODD GRID NEWLY DEFINED (Blueprint records no odd q/n)
OD-067,81,3,4,21,1,7,3,odd,39,,odd_char; repeated_root P=3,,ODD GRID NEWLY DEFINED (Blueprint records no odd q/n)
OD-067,81,3,4,21,1,7,3,odd,40,,odd_char; repeated_root P=3,,ODD GRID NEWLY DEFINED (Blueprint records no odd q/n)
OD-067,81,3,4,21,1,7,3,odd,41,,odd_char; repeated_root P=3,,ODD GRID NEWLY DEFINED (Blueprint records no odd q/n)
OD-067,81,3,4,21,1,7,3,odd,42,,odd_char; repeated_root P=3,,ODD GRID NEWLY DEFINED (Blueprint records no odd q/n)
OD-067,81,3,4,21,1,7,3,odd,43,,odd_char; repeated_root P=3,,ODD GRID NEWLY DEFINED (Blueprint records no odd q/n)
OD-067,81,3,4,21,1,7,3,odd,44,,odd_char; repeated_root P=3,,ODD GRID NEWLY DEFINED (Blueprint records no odd q/n)
OD-067,81,3,4,21,1,7,3,odd,45,,odd_char; repeated_root P=3,,ODD GRID NEWLY DEFINED (Blueprint records no odd q/n)
OD-067,81,3,4,21,1,7,3,odd,46,,odd_char; repeated_root P=3,,ODD GRID NEWLY DEFINED (Blueprint records no odd q/n)
OD-067,81,3,4,21,1,7,3,odd,47,,odd_char; repeated_root P=3,,ODD GRID NEWLY DEFINED (Blueprint records no odd q/n)
OD-067,81,3,4,21,1,7,3,odd,48,,odd_char; repeated_root P=3,,ODD GRID NEWLY DEFINED (Blueprint records no odd q/n)
OD-067,81,3,4,21,1,7,3,odd,49,,odd_char; repeated_root P=3,,ODD GRID NEWLY DEFINED (Blueprint records no odd q/n)
OD-067,81,3,4,21,1,7,3,odd,50,,odd_char; repeated_root P=3,,ODD GRID NEWLY DEFINED (Blueprint records no odd q/n)
OD-067,81,3,4,21,1,7,3,odd,51,,odd_char; repeated_root P=3,,ODD GRID NEWLY DEFINED (Blueprint records no odd q/n)
OD-067,81,3,4,21,1,7,3,odd,52,,odd_char; repeated_root P=3,,ODD GRID NEWLY DEFINED (Blueprint records no odd q/n)
OD-067,81,3,4,21,1,7,3,odd,53,,odd_char; repeated_root P=3,,ODD GRID NEWLY DEFINED (Blueprint records no odd q/n)
OD-067,81,3,4,21,1,7,3,odd,54,,odd_char; repeated_root P=3,,ODD GRID NEWLY DEFINED (Blueprint records no odd q/n)
OD-067,81,3,4,21,1,7,3,odd,55,,odd_char; repeated_root P=3,,ODD GRID NEWLY DEFINED (Blueprint records no odd q/n)
OD-067,81,3,4,21,1,7,3,odd,56,,odd_char; repeated_root P=3,,ODD GRID NEWLY DEFINED (Blueprint records no odd q/n)
OD-067,81,3,4,21,1,7,3,odd,57,,odd_char; repeated_root P=3,,ODD GRID NEWLY DEFINED (Blueprint records no odd q/n)
OD-067,81,3,4,21,1,7,3,odd,58,,odd_char; repeated_root P=3,,ODD GRID NEWLY DEFINED (Blueprint records no odd q/n)
OD-067,81,3,4,21,1,7,3,odd,59,,odd_char; repeated_root P=3,,ODD GRID NEWLY DEFINED (Blueprint records no odd q/n)
OD-067,81,3,4,21,1,7,3,odd,60,,odd_char; repeated_root P=3,,ODD GRID NEWLY DEFINED (Blueprint records no odd q/n)
OD-067,81,3,4,21,1,7,3,odd,61,,odd_char; repeated_root P=3,,ODD GRID NEWLY DEFINED (Blueprint records no odd q/n)
OD-067,81,3,4,21,1,7,3,odd,62,,odd_char; repeated_root P=3,,ODD GRID NEWLY DEFINED (Blueprint records no odd q/n)
OD-067,81,3,4,21,1,7,3,odd,63,,odd_char; repeated_root P=3,,ODD GRID NEWLY DEFINED (Blueprint records no odd q/n)
OD-067,81,3,4,21,1,7,3,odd,64,,odd_char; repeated_root P=3,,ODD GRID NEWLY DEFINED (Blueprint records no odd q/n)
OD-067,81,3,4,21,1,7,3,odd,65,,odd_char; repeated_root P=3,,ODD GRID NEWLY DEFINED (Blueprint records no odd q/n)
OD-067,81,3,4,21,1,7,3,odd,66,,odd_char; repeated_root P=3,,ODD GRID NEWLY DEFINED (Blueprint records no odd q/n)
OD-067,81,3,4,21,1,7,3,odd,67,,odd_char; repeated_root P=3,,ODD GRID NEWLY DEFINED (Blueprint records no odd q/n)
OD-067,81,3,4,21,1,7,3,odd,68,,odd_char; repeated_root P=3,,ODD GRID NEWLY DEFINED (Blueprint records no odd q/n)
OD-067,81,3,4,21,1,7,3,odd,69,,odd_char; repeated_root P=3,,ODD GRID NEWLY DEFINED (Blueprint records no odd q/n)
OD-067,81,3,4,21,1,7,3,odd,70,,odd_char; repeated_root P=3,,ODD GRID NEWLY DEFINED (Blueprint records no odd q/n)
OD-067,81,3,4,21,1,7,3,odd,71,,odd_char; repeated_root P=3,,ODD GRID NEWLY DEFINED (Blueprint records no odd q/n)
OD-067,81,3,4,21,1,7,3,odd,72,,odd_char; repeated_root P=3,,ODD GRID NEWLY DEFINED (Blueprint records no odd q/n)
OD-067,81,3,4,21,1,7,3,odd,73,,odd_char; repeated_root P=3,,ODD GRID NEWLY DEFINED (Blueprint records no odd q/n)
OD-067,81,3,4,21,1,7,3,odd,74,,odd_char; repeated_root P=3,,ODD GRID NEWLY DEFINED (Blueprint records no odd q/n)
OD-067,81,3,4,21,1,7,3,odd,75,,odd_char; repeated_root P=3,,ODD GRID NEWLY DEFINED (Blueprint records no odd q/n)
OD-067,81,3,4,21,1,7,3,odd,76,,odd_char; repeated_root P=3,,ODD GRID NEWLY DEFINED (Blueprint records no odd q/n)
OD-067,81,3,4,21,1,7,3,odd,77,,odd_char; repeated_root P=3,,ODD GRID NEWLY DEFINED (Blueprint records no odd q/n)
OD-067,81,3,4,21,1,7,3,odd,78,,odd_char; repeated_root P=3,,ODD GRID NEWLY DEFINED (Blueprint records no odd q/n)
OD-067,81,3,4,21,1,7,3,odd,79,,odd_char; repeated_root P=3,,ODD GRID NEWLY DEFINED (Blueprint records no odd q/n)
OD-068,81,3,4,25,0,25,1,odd,0,,odd_char; semisimple,,ODD GRID NEWLY DEFINED (Blueprint records no odd q/n)
OD-068,81,3,4,25,0,25,1,odd,1,,odd_char; semisimple,,ODD GRID NEWLY DEFINED (Blueprint records no odd q/n)
OD-068,81,3,4,25,0,25,1,odd,2,,odd_char; semisimple,,ODD GRID NEWLY DEFINED (Blueprint records no odd q/n)
OD-068,81,3,4,25,0,25,1,odd,3,,odd_char; semisimple,,ODD GRID NEWLY DEFINED (Blueprint records no odd q/n)
OD-068,81,3,4,25,0,25,1,odd,4,,odd_char; semisimple,,ODD GRID NEWLY DEFINED (Blueprint records no odd q/n)
OD-068,81,3,4,25,0,25,1,odd,5,,odd_char; semisimple,,ODD GRID NEWLY DEFINED (Blueprint records no odd q/n)
OD-068,81,3,4,25,0,25,1,odd,6,,odd_char; semisimple,,ODD GRID NEWLY DEFINED (Blueprint records no odd q/n)
OD-068,81,3,4,25,0,25,1,odd,7,,odd_char; semisimple,,ODD GRID NEWLY DEFINED (Blueprint records no odd q/n)
OD-068,81,3,4,25,0,25,1,odd,8,,odd_char; semisimple,,ODD GRID NEWLY DEFINED (Blueprint records no odd q/n)
OD-068,81,3,4,25,0,25,1,odd,9,,odd_char; semisimple,,ODD GRID NEWLY DEFINED (Blueprint records no odd q/n)
OD-068,81,3,4,25,0,25,1,odd,10,,odd_char; semisimple,,ODD GRID NEWLY DEFINED (Blueprint records no odd q/n)
OD-068,81,3,4,25,0,25,1,odd,11,,odd_char; semisimple,,ODD GRID NEWLY DEFINED (Blueprint records no odd q/n)
OD-068,81,3,4,25,0,25,1,odd,12,,odd_char; semisimple,,ODD GRID NEWLY DEFINED (Blueprint records no odd q/n)
OD-068,81,3,4,25,0,25,1,odd,13,,odd_char; semisimple,,ODD GRID NEWLY DEFINED (Blueprint records no odd q/n)
OD-068,81,3,4,25,0,25,1,odd,14,,odd_char; semisimple,,ODD GRID NEWLY DEFINED (Blueprint records no odd q/n)
OD-068,81,3,4,25,0,25,1,odd,15,,odd_char; semisimple,,ODD GRID NEWLY DEFINED (Blueprint records no odd q/n)
OD-068,81,3,4,25,0,25,1,odd,16,,odd_char; semisimple,,ODD GRID NEWLY DEFINED (Blueprint records no odd q/n)
OD-068,81,3,4,25,0,25,1,odd,17,,odd_char; semisimple,,ODD GRID NEWLY DEFINED (Blueprint records no odd q/n)
OD-068,81,3,4,25,0,25,1,odd,18,,odd_char; semisimple,,ODD GRID NEWLY DEFINED (Blueprint records no odd q/n)
OD-068,81,3,4,25,0,25,1,odd,19,,odd_char; semisimple,,ODD GRID NEWLY DEFINED (Blueprint records no odd q/n)
OD-068,81,3,4,25,0,25,1,odd,20,,odd_char; semisimple,,ODD GRID NEWLY DEFINED (Blueprint records no odd q/n)
OD-068,81,3,4,25,0,25,1,odd,21,,odd_char; semisimple,,ODD GRID NEWLY DEFINED (Blueprint records no odd q/n)
OD-068,81,3,4,25,0,25,1,odd,22,,odd_char; semisimple,,ODD GRID NEWLY DEFINED (Blueprint records no odd q/n)
OD-068,81,3,4,25,0,25,1,odd,23,,odd_char; semisimple,,ODD GRID NEWLY DEFINED (Blueprint records no odd q/n)
OD-068,81,3,4,25,0,25,1,odd,24,,odd_char; semisimple,,ODD GRID NEWLY DEFINED (Blueprint records no odd q/n)
OD-068,81,3,4,25,0,25,1,odd,25,,odd_char; semisimple,,ODD GRID NEWLY DEFINED (Blueprint records no odd q/n)
OD-068,81,3,4,25,0,25,1,odd,26,,odd_char; semisimple,,ODD GRID NEWLY DEFINED (Blueprint records no odd q/n)
OD-068,81,3,4,25,0,25,1,odd,27,,odd_char; semisimple,,ODD GRID NEWLY DEFINED (Blueprint records no odd q/n)
OD-068,81,3,4,25,0,25,1,odd,28,,odd_char; semisimple,,ODD GRID NEWLY DEFINED (Blueprint records no odd q/n)
OD-068,81,3,4,25,0,25,1,odd,29,,odd_char; semisimple,,ODD GRID NEWLY DEFINED (Blueprint records no odd q/n)
OD-068,81,3,4,25,0,25,1,odd,30,,odd_char; semisimple,,ODD GRID NEWLY DEFINED (Blueprint records no odd q/n)
OD-068,81,3,4,25,0,25,1,odd,31,,odd_char; semisimple,,ODD GRID NEWLY DEFINED (Blueprint records no odd q/n)
OD-068,81,3,4,25,0,25,1,odd,32,,odd_char; semisimple,,ODD GRID NEWLY DEFINED (Blueprint records no odd q/n)
OD-068,81,3,4,25,0,25,1,odd,33,,odd_char; semisimple,,ODD GRID NEWLY DEFINED (Blueprint records no odd q/n)
OD-068,81,3,4,25,0,25,1,odd,34,,odd_char; semisimple,,ODD GRID NEWLY DEFINED (Blueprint records no odd q/n)
OD-068,81,3,4,25,0,25,1,odd,35,,odd_char; semisimple,,ODD GRID NEWLY DEFINED (Blueprint records no odd q/n)
OD-068,81,3,4,25,0,25,1,odd,36,,odd_char; semisimple,,ODD GRID NEWLY DEFINED (Blueprint records no odd q/n)
OD-068,81,3,4,25,0,25,1,odd,37,,odd_char; semisimple,,ODD GRID NEWLY DEFINED (Blueprint records no odd q/n)
OD-068,81,3,4,25,0,25,1,odd,38,,odd_char; semisimple,,ODD GRID NEWLY DEFINED (Blueprint records no odd q/n)
OD-068,81,3,4,25,0,25,1,odd,39,,odd_char; semisimple,,ODD GRID NEWLY DEFINED (Blueprint records no odd q/n)
OD-068,81,3,4,25,0,25,1,odd,40,,odd_char; semisimple,,ODD GRID NEWLY DEFINED (Blueprint records no odd q/n)
OD-068,81,3,4,25,0,25,1,odd,41,,odd_char; semisimple,,ODD GRID NEWLY DEFINED (Blueprint records no odd q/n)
OD-068,81,3,4,25,0,25,1,odd,42,,odd_char; semisimple,,ODD GRID NEWLY DEFINED (Blueprint records no odd q/n)
OD-068,81,3,4,25,0,25,1,odd,43,,odd_char; semisimple,,ODD GRID NEWLY DEFINED (Blueprint records no odd q/n)
OD-068,81,3,4,25,0,25,1,odd,44,,odd_char; semisimple,,ODD GRID NEWLY DEFINED (Blueprint records no odd q/n)
OD-068,81,3,4,25,0,25,1,odd,45,,odd_char; semisimple,,ODD GRID NEWLY DEFINED (Blueprint records no odd q/n)
OD-068,81,3,4,25,0,25,1,odd,46,,odd_char; semisimple,,ODD GRID NEWLY DEFINED (Blueprint records no odd q/n)
OD-068,81,3,4,25,0,25,1,odd,47,,odd_char; semisimple,,ODD GRID NEWLY DEFINED (Blueprint records no odd q/n)
OD-068,81,3,4,25,0,25,1,odd,48,,odd_char; semisimple,,ODD GRID NEWLY DEFINED (Blueprint records no odd q/n)
OD-068,81,3,4,25,0,25,1,odd,49,,odd_char; semisimple,,ODD GRID NEWLY DEFINED (Blueprint records no odd q/n)
OD-068,81,3,4,25,0,25,1,odd,50,,odd_char; semisimple,,ODD GRID NEWLY DEFINED (Blueprint records no odd q/n)
OD-068,81,3,4,25,0,25,1,odd,51,,odd_char; semisimple,,ODD GRID NEWLY DEFINED (Blueprint records no odd q/n)
OD-068,81,3,4,25,0,25,1,odd,52,,odd_char; semisimple,,ODD GRID NEWLY DEFINED (Blueprint records no odd q/n)
OD-068,81,3,4,25,0,25,1,odd,53,,odd_char; semisimple,,ODD GRID NEWLY DEFINED (Blueprint records no odd q/n)
OD-068,81,3,4,25,0,25,1,odd,54,,odd_char; semisimple,,ODD GRID NEWLY DEFINED (Blueprint records no odd q/n)
OD-068,81,3,4,25,0,25,1,odd,55,,odd_char; semisimple,,ODD GRID NEWLY DEFINED (Blueprint records no odd q/n)
OD-068,81,3,4,25,0,25,1,odd,56,,odd_char; semisimple,,ODD GRID NEWLY DEFINED (Blueprint records no odd q/n)
OD-068,81,3,4,25,0,25,1,odd,57,,odd_char; semisimple,,ODD GRID NEWLY DEFINED (Blueprint records no odd q/n)
OD-068,81,3,4,25,0,25,1,odd,58,,odd_char; semisimple,,ODD GRID NEWLY DEFINED (Blueprint records no odd q/n)
OD-068,81,3,4,25,0,25,1,odd,59,,odd_char; semisimple,,ODD GRID NEWLY DEFINED (Blueprint records no odd q/n)
OD-068,81,3,4,25,0,25,1,odd,60,,odd_char; semisimple,,ODD GRID NEWLY DEFINED (Blueprint records no odd q/n)
OD-068,81,3,4,25,0,25,1,odd,61,,odd_char; semisimple,,ODD GRID NEWLY DEFINED (Blueprint records no odd q/n)
OD-068,81,3,4,25,0,25,1,odd,62,,odd_char; semisimple,,ODD GRID NEWLY DEFINED (Blueprint records no odd q/n)
OD-068,81,3,4,25,0,25,1,odd,63,,odd_char; semisimple,,ODD GRID NEWLY DEFINED (Blueprint records no odd q/n)
OD-068,81,3,4,25,0,25,1,odd,64,,odd_char; semisimple,,ODD GRID NEWLY DEFINED (Blueprint records no odd q/n)
OD-068,81,3,4,25,0,25,1,odd,65,,odd_char; semisimple,,ODD GRID NEWLY DEFINED (Blueprint records no odd q/n)
OD-068,81,3,4,25,0,25,1,odd,66,,odd_char; semisimple,,ODD GRID NEWLY DEFINED (Blueprint records no odd q/n)
OD-068,81,3,4,25,0,25,1,odd,67,,odd_char; semisimple,,ODD GRID NEWLY DEFINED (Blueprint records no odd q/n)
OD-068,81,3,4,25,0,25,1,odd,68,,odd_char; semisimple,,ODD GRID NEWLY DEFINED (Blueprint records no odd q/n)
OD-068,81,3,4,25,0,25,1,odd,69,,odd_char; semisimple,,ODD GRID NEWLY DEFINED (Blueprint records no odd q/n)
OD-068,81,3,4,25,0,25,1,odd,70,,odd_char; semisimple,,ODD GRID NEWLY DEFINED (Blueprint records no odd q/n)
OD-068,81,3,4,25,0,25,1,odd,71,,odd_char; semisimple,,ODD GRID NEWLY DEFINED (Blueprint records no odd q/n)
OD-068,81,3,4,25,0,25,1,odd,72,,odd_char; semisimple,,ODD GRID NEWLY DEFINED (Blueprint records no odd q/n)
OD-068,81,3,4,25,0,25,1,odd,73,,odd_char; semisimple,,ODD GRID NEWLY DEFINED (Blueprint records no odd q/n)
OD-068,81,3,4,25,0,25,1,odd,74,,odd_char; semisimple,,ODD GRID NEWLY DEFINED (Blueprint records no odd q/n)
OD-068,81,3,4,25,0,25,1,odd,75,,odd_char; semisimple,,ODD GRID NEWLY DEFINED (Blueprint records no odd q/n)
OD-068,81,3,4,25,0,25,1,odd,76,,odd_char; semisimple,,ODD GRID NEWLY DEFINED (Blueprint records no odd q/n)
OD-068,81,3,4,25,0,25,1,odd,77,,odd_char; semisimple,,ODD GRID NEWLY DEFINED (Blueprint records no odd q/n)
OD-068,81,3,4,25,0,25,1,odd,78,,odd_char; semisimple,,ODD GRID NEWLY DEFINED (Blueprint records no odd q/n)
OD-068,81,3,4,25,0,25,1,odd,79,,odd_char; semisimple,,ODD GRID NEWLY DEFINED (Blueprint records no odd q/n)
OD-069,81,3,4,31,0,31,1,odd,0,,odd_char; semisimple,,ODD GRID NEWLY DEFINED (Blueprint records no odd q/n)
OD-069,81,3,4,31,0,31,1,odd,1,,odd_char; semisimple,,ODD GRID NEWLY DEFINED (Blueprint records no odd q/n)
OD-069,81,3,4,31,0,31,1,odd,2,,odd_char; semisimple,,ODD GRID NEWLY DEFINED (Blueprint records no odd q/n)
OD-069,81,3,4,31,0,31,1,odd,3,,odd_char; semisimple,,ODD GRID NEWLY DEFINED (Blueprint records no odd q/n)
OD-069,81,3,4,31,0,31,1,odd,4,,odd_char; semisimple,,ODD GRID NEWLY DEFINED (Blueprint records no odd q/n)
OD-069,81,3,4,31,0,31,1,odd,5,,odd_char; semisimple,,ODD GRID NEWLY DEFINED (Blueprint records no odd q/n)
OD-069,81,3,4,31,0,31,1,odd,6,,odd_char; semisimple,,ODD GRID NEWLY DEFINED (Blueprint records no odd q/n)
OD-069,81,3,4,31,0,31,1,odd,7,,odd_char; semisimple,,ODD GRID NEWLY DEFINED (Blueprint records no odd q/n)
OD-069,81,3,4,31,0,31,1,odd,8,,odd_char; semisimple,,ODD GRID NEWLY DEFINED (Blueprint records no odd q/n)
OD-069,81,3,4,31,0,31,1,odd,9,,odd_char; semisimple,,ODD GRID NEWLY DEFINED (Blueprint records no odd q/n)
OD-069,81,3,4,31,0,31,1,odd,10,,odd_char; semisimple,,ODD GRID NEWLY DEFINED (Blueprint records no odd q/n)
OD-069,81,3,4,31,0,31,1,odd,11,,odd_char; semisimple,,ODD GRID NEWLY DEFINED (Blueprint records no odd q/n)
OD-069,81,3,4,31,0,31,1,odd,12,,odd_char; semisimple,,ODD GRID NEWLY DEFINED (Blueprint records no odd q/n)
OD-069,81,3,4,31,0,31,1,odd,13,,odd_char; semisimple,,ODD GRID NEWLY DEFINED (Blueprint records no odd q/n)
OD-069,81,3,4,31,0,31,1,odd,14,,odd_char; semisimple,,ODD GRID NEWLY DEFINED (Blueprint records no odd q/n)
OD-069,81,3,4,31,0,31,1,odd,15,,odd_char; semisimple,,ODD GRID NEWLY DEFINED (Blueprint records no odd q/n)
OD-069,81,3,4,31,0,31,1,odd,16,,odd_char; semisimple,,ODD GRID NEWLY DEFINED (Blueprint records no odd q/n)
OD-069,81,3,4,31,0,31,1,odd,17,,odd_char; semisimple,,ODD GRID NEWLY DEFINED (Blueprint records no odd q/n)
OD-069,81,3,4,31,0,31,1,odd,18,,odd_char; semisimple,,ODD GRID NEWLY DEFINED (Blueprint records no odd q/n)
OD-069,81,3,4,31,0,31,1,odd,19,,odd_char; semisimple,,ODD GRID NEWLY DEFINED (Blueprint records no odd q/n)
OD-069,81,3,4,31,0,31,1,odd,20,,odd_char; semisimple,,ODD GRID NEWLY DEFINED (Blueprint records no odd q/n)
OD-069,81,3,4,31,0,31,1,odd,21,,odd_char; semisimple,,ODD GRID NEWLY DEFINED (Blueprint records no odd q/n)
OD-069,81,3,4,31,0,31,1,odd,22,,odd_char; semisimple,,ODD GRID NEWLY DEFINED (Blueprint records no odd q/n)
OD-069,81,3,4,31,0,31,1,odd,23,,odd_char; semisimple,,ODD GRID NEWLY DEFINED (Blueprint records no odd q/n)
OD-069,81,3,4,31,0,31,1,odd,24,,odd_char; semisimple,,ODD GRID NEWLY DEFINED (Blueprint records no odd q/n)
OD-069,81,3,4,31,0,31,1,odd,25,,odd_char; semisimple,,ODD GRID NEWLY DEFINED (Blueprint records no odd q/n)
OD-069,81,3,4,31,0,31,1,odd,26,,odd_char; semisimple,,ODD GRID NEWLY DEFINED (Blueprint records no odd q/n)
OD-069,81,3,4,31,0,31,1,odd,27,,odd_char; semisimple,,ODD GRID NEWLY DEFINED (Blueprint records no odd q/n)
OD-069,81,3,4,31,0,31,1,odd,28,,odd_char; semisimple,,ODD GRID NEWLY DEFINED (Blueprint records no odd q/n)
OD-069,81,3,4,31,0,31,1,odd,29,,odd_char; semisimple,,ODD GRID NEWLY DEFINED (Blueprint records no odd q/n)
OD-069,81,3,4,31,0,31,1,odd,30,,odd_char; semisimple,,ODD GRID NEWLY DEFINED (Blueprint records no odd q/n)
OD-069,81,3,4,31,0,31,1,odd,31,,odd_char; semisimple,,ODD GRID NEWLY DEFINED (Blueprint records no odd q/n)
OD-069,81,3,4,31,0,31,1,odd,32,,odd_char; semisimple,,ODD GRID NEWLY DEFINED (Blueprint records no odd q/n)
OD-069,81,3,4,31,0,31,1,odd,33,,odd_char; semisimple,,ODD GRID NEWLY DEFINED (Blueprint records no odd q/n)
OD-069,81,3,4,31,0,31,1,odd,34,,odd_char; semisimple,,ODD GRID NEWLY DEFINED (Blueprint records no odd q/n)
OD-069,81,3,4,31,0,31,1,odd,35,,odd_char; semisimple,,ODD GRID NEWLY DEFINED (Blueprint records no odd q/n)
OD-069,81,3,4,31,0,31,1,odd,36,,odd_char; semisimple,,ODD GRID NEWLY DEFINED (Blueprint records no odd q/n)
OD-069,81,3,4,31,0,31,1,odd,37,,odd_char; semisimple,,ODD GRID NEWLY DEFINED (Blueprint records no odd q/n)
OD-069,81,3,4,31,0,31,1,odd,38,,odd_char; semisimple,,ODD GRID NEWLY DEFINED (Blueprint records no odd q/n)
OD-069,81,3,4,31,0,31,1,odd,39,,odd_char; semisimple,,ODD GRID NEWLY DEFINED (Blueprint records no odd q/n)
OD-069,81,3,4,31,0,31,1,odd,40,,odd_char; semisimple,,ODD GRID NEWLY DEFINED (Blueprint records no odd q/n)
OD-069,81,3,4,31,0,31,1,odd,41,,odd_char; semisimple,,ODD GRID NEWLY DEFINED (Blueprint records no odd q/n)
OD-069,81,3,4,31,0,31,1,odd,42,,odd_char; semisimple,,ODD GRID NEWLY DEFINED (Blueprint records no odd q/n)
OD-069,81,3,4,31,0,31,1,odd,43,,odd_char; semisimple,,ODD GRID NEWLY DEFINED (Blueprint records no odd q/n)
OD-069,81,3,4,31,0,31,1,odd,44,,odd_char; semisimple,,ODD GRID NEWLY DEFINED (Blueprint records no odd q/n)
OD-069,81,3,4,31,0,31,1,odd,45,,odd_char; semisimple,,ODD GRID NEWLY DEFINED (Blueprint records no odd q/n)
OD-069,81,3,4,31,0,31,1,odd,46,,odd_char; semisimple,,ODD GRID NEWLY DEFINED (Blueprint records no odd q/n)
OD-069,81,3,4,31,0,31,1,odd,47,,odd_char; semisimple,,ODD GRID NEWLY DEFINED (Blueprint records no odd q/n)
OD-069,81,3,4,31,0,31,1,odd,48,,odd_char; semisimple,,ODD GRID NEWLY DEFINED (Blueprint records no odd q/n)
OD-069,81,3,4,31,0,31,1,odd,49,,odd_char; semisimple,,ODD GRID NEWLY DEFINED (Blueprint records no odd q/n)
OD-069,81,3,4,31,0,31,1,odd,50,,odd_char; semisimple,,ODD GRID NEWLY DEFINED (Blueprint records no odd q/n)
OD-069,81,3,4,31,0,31,1,odd,51,,odd_char; semisimple,,ODD GRID NEWLY DEFINED (Blueprint records no odd q/n)
OD-069,81,3,4,31,0,31,1,odd,52,,odd_char; semisimple,,ODD GRID NEWLY DEFINED (Blueprint records no odd q/n)
OD-069,81,3,4,31,0,31,1,odd,53,,odd_char; semisimple,,ODD GRID NEWLY DEFINED (Blueprint records no odd q/n)
OD-069,81,3,4,31,0,31,1,odd,54,,odd_char; semisimple,,ODD GRID NEWLY DEFINED (Blueprint records no odd q/n)
OD-069,81,3,4,31,0,31,1,odd,55,,odd_char; semisimple,,ODD GRID NEWLY DEFINED (Blueprint records no odd q/n)
OD-069,81,3,4,31,0,31,1,odd,56,,odd_char; semisimple,,ODD GRID NEWLY DEFINED (Blueprint records no odd q/n)
OD-069,81,3,4,31,0,31,1,odd,57,,odd_char; semisimple,,ODD GRID NEWLY DEFINED (Blueprint records no odd q/n)
OD-069,81,3,4,31,0,31,1,odd,58,,odd_char; semisimple,,ODD GRID NEWLY DEFINED (Blueprint records no odd q/n)
OD-069,81,3,4,31,0,31,1,odd,59,,odd_char; semisimple,,ODD GRID NEWLY DEFINED (Blueprint records no odd q/n)
OD-069,81,3,4,31,0,31,1,odd,60,,odd_char; semisimple,,ODD GRID NEWLY DEFINED (Blueprint records no odd q/n)
OD-069,81,3,4,31,0,31,1,odd,61,,odd_char; semisimple,,ODD GRID NEWLY DEFINED (Blueprint records no odd q/n)
OD-069,81,3,4,31,0,31,1,odd,62,,odd_char; semisimple,,ODD GRID NEWLY DEFINED (Blueprint records no odd q/n)
OD-069,81,3,4,31,0,31,1,odd,63,,odd_char; semisimple,,ODD GRID NEWLY DEFINED (Blueprint records no odd q/n)
OD-069,81,3,4,31,0,31,1,odd,64,,odd_char; semisimple,,ODD GRID NEWLY DEFINED (Blueprint records no odd q/n)
OD-069,81,3,4,31,0,31,1,odd,65,,odd_char; semisimple,,ODD GRID NEWLY DEFINED (Blueprint records no odd q/n)
OD-069,81,3,4,31,0,31,1,odd,66,,odd_char; semisimple,,ODD GRID NEWLY DEFINED (Blueprint records no odd q/n)
OD-069,81,3,4,31,0,31,1,odd,67,,odd_char; semisimple,,ODD GRID NEWLY DEFINED (Blueprint records no odd q/n)
OD-069,81,3,4,31,0,31,1,odd,68,,odd_char; semisimple,,ODD GRID NEWLY DEFINED (Blueprint records no odd q/n)
OD-069,81,3,4,31,0,31,1,odd,69,,odd_char; semisimple,,ODD GRID NEWLY DEFINED (Blueprint records no odd q/n)
OD-069,81,3,4,31,0,31,1,odd,70,,odd_char; semisimple,,ODD GRID NEWLY DEFINED (Blueprint records no odd q/n)
OD-069,81,3,4,31,0,31,1,odd,71,,odd_char; semisimple,,ODD GRID NEWLY DEFINED (Blueprint records no odd q/n)
OD-069,81,3,4,31,0,31,1,odd,72,,odd_char; semisimple,,ODD GRID NEWLY DEFINED (Blueprint records no odd q/n)
OD-069,81,3,4,31,0,31,1,odd,73,,odd_char; semisimple,,ODD GRID NEWLY DEFINED (Blueprint records no odd q/n)
OD-069,81,3,4,31,0,31,1,odd,74,,odd_char; semisimple,,ODD GRID NEWLY DEFINED (Blueprint records no odd q/n)
OD-069,81,3,4,31,0,31,1,odd,75,,odd_char; semisimple,,ODD GRID NEWLY DEFINED (Blueprint records no odd q/n)
OD-069,81,3,4,31,0,31,1,odd,76,,odd_char; semisimple,,ODD GRID NEWLY DEFINED (Blueprint records no odd q/n)
OD-069,81,3,4,31,0,31,1,odd,77,,odd_char; semisimple,,ODD GRID NEWLY DEFINED (Blueprint records no odd q/n)
OD-069,81,3,4,31,0,31,1,odd,78,,odd_char; semisimple,,ODD GRID NEWLY DEFINED (Blueprint records no odd q/n)
OD-069,81,3,4,31,0,31,1,odd,79,,odd_char; semisimple,,ODD GRID NEWLY DEFINED (Blueprint records no odd q/n)
OD-070,81,3,4,35,0,35,1,odd,0,,odd_char; semisimple,,ODD GRID NEWLY DEFINED (Blueprint records no odd q/n)
OD-070,81,3,4,35,0,35,1,odd,1,,odd_char; semisimple,,ODD GRID NEWLY DEFINED (Blueprint records no odd q/n)
OD-070,81,3,4,35,0,35,1,odd,2,,odd_char; semisimple,,ODD GRID NEWLY DEFINED (Blueprint records no odd q/n)
OD-070,81,3,4,35,0,35,1,odd,3,,odd_char; semisimple,,ODD GRID NEWLY DEFINED (Blueprint records no odd q/n)
OD-070,81,3,4,35,0,35,1,odd,4,,odd_char; semisimple,,ODD GRID NEWLY DEFINED (Blueprint records no odd q/n)
OD-070,81,3,4,35,0,35,1,odd,5,,odd_char; semisimple,,ODD GRID NEWLY DEFINED (Blueprint records no odd q/n)
OD-070,81,3,4,35,0,35,1,odd,6,,odd_char; semisimple,,ODD GRID NEWLY DEFINED (Blueprint records no odd q/n)
OD-070,81,3,4,35,0,35,1,odd,7,,odd_char; semisimple,,ODD GRID NEWLY DEFINED (Blueprint records no odd q/n)
OD-070,81,3,4,35,0,35,1,odd,8,,odd_char; semisimple,,ODD GRID NEWLY DEFINED (Blueprint records no odd q/n)
OD-070,81,3,4,35,0,35,1,odd,9,,odd_char; semisimple,,ODD GRID NEWLY DEFINED (Blueprint records no odd q/n)
OD-070,81,3,4,35,0,35,1,odd,10,,odd_char; semisimple,,ODD GRID NEWLY DEFINED (Blueprint records no odd q/n)
OD-070,81,3,4,35,0,35,1,odd,11,,odd_char; semisimple,,ODD GRID NEWLY DEFINED (Blueprint records no odd q/n)
OD-070,81,3,4,35,0,35,1,odd,12,,odd_char; semisimple,,ODD GRID NEWLY DEFINED (Blueprint records no odd q/n)
OD-070,81,3,4,35,0,35,1,odd,13,,odd_char; semisimple,,ODD GRID NEWLY DEFINED (Blueprint records no odd q/n)
OD-070,81,3,4,35,0,35,1,odd,14,,odd_char; semisimple,,ODD GRID NEWLY DEFINED (Blueprint records no odd q/n)
OD-070,81,3,4,35,0,35,1,odd,15,,odd_char; semisimple,,ODD GRID NEWLY DEFINED (Blueprint records no odd q/n)
OD-070,81,3,4,35,0,35,1,odd,16,,odd_char; semisimple,,ODD GRID NEWLY DEFINED (Blueprint records no odd q/n)
OD-070,81,3,4,35,0,35,1,odd,17,,odd_char; semisimple,,ODD GRID NEWLY DEFINED (Blueprint records no odd q/n)
OD-070,81,3,4,35,0,35,1,odd,18,,odd_char; semisimple,,ODD GRID NEWLY DEFINED (Blueprint records no odd q/n)
OD-070,81,3,4,35,0,35,1,odd,19,,odd_char; semisimple,,ODD GRID NEWLY DEFINED (Blueprint records no odd q/n)
OD-070,81,3,4,35,0,35,1,odd,20,,odd_char; semisimple,,ODD GRID NEWLY DEFINED (Blueprint records no odd q/n)
OD-070,81,3,4,35,0,35,1,odd,21,,odd_char; semisimple,,ODD GRID NEWLY DEFINED (Blueprint records no odd q/n)
OD-070,81,3,4,35,0,35,1,odd,22,,odd_char; semisimple,,ODD GRID NEWLY DEFINED (Blueprint records no odd q/n)
OD-070,81,3,4,35,0,35,1,odd,23,,odd_char; semisimple,,ODD GRID NEWLY DEFINED (Blueprint records no odd q/n)
OD-070,81,3,4,35,0,35,1,odd,24,,odd_char; semisimple,,ODD GRID NEWLY DEFINED (Blueprint records no odd q/n)
OD-070,81,3,4,35,0,35,1,odd,25,,odd_char; semisimple,,ODD GRID NEWLY DEFINED (Blueprint records no odd q/n)
OD-070,81,3,4,35,0,35,1,odd,26,,odd_char; semisimple,,ODD GRID NEWLY DEFINED (Blueprint records no odd q/n)
OD-070,81,3,4,35,0,35,1,odd,27,,odd_char; semisimple,,ODD GRID NEWLY DEFINED (Blueprint records no odd q/n)
OD-070,81,3,4,35,0,35,1,odd,28,,odd_char; semisimple,,ODD GRID NEWLY DEFINED (Blueprint records no odd q/n)
OD-070,81,3,4,35,0,35,1,odd,29,,odd_char; semisimple,,ODD GRID NEWLY DEFINED (Blueprint records no odd q/n)
OD-070,81,3,4,35,0,35,1,odd,30,,odd_char; semisimple,,ODD GRID NEWLY DEFINED (Blueprint records no odd q/n)
OD-070,81,3,4,35,0,35,1,odd,31,,odd_char; semisimple,,ODD GRID NEWLY DEFINED (Blueprint records no odd q/n)
OD-070,81,3,4,35,0,35,1,odd,32,,odd_char; semisimple,,ODD GRID NEWLY DEFINED (Blueprint records no odd q/n)
OD-070,81,3,4,35,0,35,1,odd,33,,odd_char; semisimple,,ODD GRID NEWLY DEFINED (Blueprint records no odd q/n)
OD-070,81,3,4,35,0,35,1,odd,34,,odd_char; semisimple,,ODD GRID NEWLY DEFINED (Blueprint records no odd q/n)
OD-070,81,3,4,35,0,35,1,odd,35,,odd_char; semisimple,,ODD GRID NEWLY DEFINED (Blueprint records no odd q/n)
OD-070,81,3,4,35,0,35,1,odd,36,,odd_char; semisimple,,ODD GRID NEWLY DEFINED (Blueprint records no odd q/n)
OD-070,81,3,4,35,0,35,1,odd,37,,odd_char; semisimple,,ODD GRID NEWLY DEFINED (Blueprint records no odd q/n)
OD-070,81,3,4,35,0,35,1,odd,38,,odd_char; semisimple,,ODD GRID NEWLY DEFINED (Blueprint records no odd q/n)
OD-070,81,3,4,35,0,35,1,odd,39,,odd_char; semisimple,,ODD GRID NEWLY DEFINED (Blueprint records no odd q/n)
OD-070,81,3,4,35,0,35,1,odd,40,,odd_char; semisimple,,ODD GRID NEWLY DEFINED (Blueprint records no odd q/n)
OD-070,81,3,4,35,0,35,1,odd,41,,odd_char; semisimple,,ODD GRID NEWLY DEFINED (Blueprint records no odd q/n)
OD-070,81,3,4,35,0,35,1,odd,42,,odd_char; semisimple,,ODD GRID NEWLY DEFINED (Blueprint records no odd q/n)
OD-070,81,3,4,35,0,35,1,odd,43,,odd_char; semisimple,,ODD GRID NEWLY DEFINED (Blueprint records no odd q/n)
OD-070,81,3,4,35,0,35,1,odd,44,,odd_char; semisimple,,ODD GRID NEWLY DEFINED (Blueprint records no odd q/n)
OD-070,81,3,4,35,0,35,1,odd,45,,odd_char; semisimple,,ODD GRID NEWLY DEFINED (Blueprint records no odd q/n)
OD-070,81,3,4,35,0,35,1,odd,46,,odd_char; semisimple,,ODD GRID NEWLY DEFINED (Blueprint records no odd q/n)
OD-070,81,3,4,35,0,35,1,odd,47,,odd_char; semisimple,,ODD GRID NEWLY DEFINED (Blueprint records no odd q/n)
OD-070,81,3,4,35,0,35,1,odd,48,,odd_char; semisimple,,ODD GRID NEWLY DEFINED (Blueprint records no odd q/n)
OD-070,81,3,4,35,0,35,1,odd,49,,odd_char; semisimple,,ODD GRID NEWLY DEFINED (Blueprint records no odd q/n)
OD-070,81,3,4,35,0,35,1,odd,50,,odd_char; semisimple,,ODD GRID NEWLY DEFINED (Blueprint records no odd q/n)
OD-070,81,3,4,35,0,35,1,odd,51,,odd_char; semisimple,,ODD GRID NEWLY DEFINED (Blueprint records no odd q/n)
OD-070,81,3,4,35,0,35,1,odd,52,,odd_char; semisimple,,ODD GRID NEWLY DEFINED (Blueprint records no odd q/n)
OD-070,81,3,4,35,0,35,1,odd,53,,odd_char; semisimple,,ODD GRID NEWLY DEFINED (Blueprint records no odd q/n)
OD-070,81,3,4,35,0,35,1,odd,54,,odd_char; semisimple,,ODD GRID NEWLY DEFINED (Blueprint records no odd q/n)
OD-070,81,3,4,35,0,35,1,odd,55,,odd_char; semisimple,,ODD GRID NEWLY DEFINED (Blueprint records no odd q/n)
OD-070,81,3,4,35,0,35,1,odd,56,,odd_char; semisimple,,ODD GRID NEWLY DEFINED (Blueprint records no odd q/n)
OD-070,81,3,4,35,0,35,1,odd,57,,odd_char; semisimple,,ODD GRID NEWLY DEFINED (Blueprint records no odd q/n)
OD-070,81,3,4,35,0,35,1,odd,58,,odd_char; semisimple,,ODD GRID NEWLY DEFINED (Blueprint records no odd q/n)
OD-070,81,3,4,35,0,35,1,odd,59,,odd_char; semisimple,,ODD GRID NEWLY DEFINED (Blueprint records no odd q/n)
OD-070,81,3,4,35,0,35,1,odd,60,,odd_char; semisimple,,ODD GRID NEWLY DEFINED (Blueprint records no odd q/n)
OD-070,81,3,4,35,0,35,1,odd,61,,odd_char; semisimple,,ODD GRID NEWLY DEFINED (Blueprint records no odd q/n)
OD-070,81,3,4,35,0,35,1,odd,62,,odd_char; semisimple,,ODD GRID NEWLY DEFINED (Blueprint records no odd q/n)
OD-070,81,3,4,35,0,35,1,odd,63,,odd_char; semisimple,,ODD GRID NEWLY DEFINED (Blueprint records no odd q/n)
OD-070,81,3,4,35,0,35,1,odd,64,,odd_char; semisimple,,ODD GRID NEWLY DEFINED (Blueprint records no odd q/n)
OD-070,81,3,4,35,0,35,1,odd,65,,odd_char; semisimple,,ODD GRID NEWLY DEFINED (Blueprint records no odd q/n)
OD-070,81,3,4,35,0,35,1,odd,66,,odd_char; semisimple,,ODD GRID NEWLY DEFINED (Blueprint records no odd q/n)
OD-070,81,3,4,35,0,35,1,odd,67,,odd_char; semisimple,,ODD GRID NEWLY DEFINED (Blueprint records no odd q/n)
OD-070,81,3,4,35,0,35,1,odd,68,,odd_char; semisimple,,ODD GRID NEWLY DEFINED (Blueprint records no odd q/n)
OD-070,81,3,4,35,0,35,1,odd,69,,odd_char; semisimple,,ODD GRID NEWLY DEFINED (Blueprint records no odd q/n)
OD-070,81,3,4,35,0,35,1,odd,70,,odd_char; semisimple,,ODD GRID NEWLY DEFINED (Blueprint records no odd q/n)
OD-070,81,3,4,35,0,35,1,odd,71,,odd_char; semisimple,,ODD GRID NEWLY DEFINED (Blueprint records no odd q/n)
OD-070,81,3,4,35,0,35,1,odd,72,,odd_char; semisimple,,ODD GRID NEWLY DEFINED (Blueprint records no odd q/n)
OD-070,81,3,4,35,0,35,1,odd,73,,odd_char; semisimple,,ODD GRID NEWLY DEFINED (Blueprint records no odd q/n)
OD-070,81,3,4,35,0,35,1,odd,74,,odd_char; semisimple,,ODD GRID NEWLY DEFINED (Blueprint records no odd q/n)
OD-070,81,3,4,35,0,35,1,odd,75,,odd_char; semisimple,,ODD GRID NEWLY DEFINED (Blueprint records no odd q/n)
OD-070,81,3,4,35,0,35,1,odd,76,,odd_char; semisimple,,ODD GRID NEWLY DEFINED (Blueprint records no odd q/n)
OD-070,81,3,4,35,0,35,1,odd,77,,odd_char; semisimple,,ODD GRID NEWLY DEFINED (Blueprint records no odd q/n)
OD-070,81,3,4,35,0,35,1,odd,78,,odd_char; semisimple,,ODD GRID NEWLY DEFINED (Blueprint records no odd q/n)
OD-070,81,3,4,35,0,35,1,odd,79,,odd_char; semisimple,,ODD GRID NEWLY DEFINED (Blueprint records no odd q/n)
